{
  "type": "scene",
  "distance_m": 0.6,
  "num_objects": 9,
  "intrinsics": {
    "width": 640,
    "height": 480,
    "fx": 554.2562584220408,
    "fy": 554.2562584220408,
    "cx": 0.07726173637125888,
    "cy": -0.0869100432315625
  },
  "T_wc": [
    [
      0.999999999999,
      0.0,
      0.0,
      0.0
    ],
    [
      -0.0,
      0.9999999999973334,
      0.0,
      0.0
    ],
    [
      0.0,
      0.0,
      -0.9999999999983333,
      0.6150141660124063
    ],
    [
      0.0,
      0.0,
      0.0,
      1.0
    ]
  ],
  "bin_size": {
    "w": 0.25,
    "d": 0.25
  },
  "z_floor": 0.0,
  "piece_aabb": {
    "w": 0.0300283320248127,
    "d": 0.0300283320248127,
    "h": 0.0300283320248127
  },
  "poses": [
    {
      "R": [
        [
          0.45489000681765634,
          -0.42700624289256867,
          0.7814990404525173
        ],
        [
          0.26589701955268147,
          0.9026437455429096,
          0.3384273092190818
        ],
        [
          -0.8499257948141317,
          0.05385106464165554,
          0.5241433068794514
        ]
      ],
      "tx": 0.06783774447128912,
      "ty": -0.008040719162512977,
      "tz": 0.0
    },
    {
      "R": [
        [
          0.8355629321182605,
          0.41290469332584934,
          0.3624145426158027
        ],
        [
          0.4925789439621683,
          -0.2708898194769098,
          -0.827033669005611
        ],
        [
          -0.24331167344591226,
          0.8695564501130757,
          -0.42973364963858285
        ]
      ],
      "tx": -0.009147282620845285,
      "ty": 0.061184341972313344,
      "tz": 0.0
    },
    {
      "R": [
        [
          0.23840806035648532,
          0.5341106693733232,
          -0.8111025765084456
        ],
        [
          0.6482039820956865,
          -0.7094385839424717,
          -0.27663783763070976
        ],
        [
          -0.7231826839411692,
          -0.45980722969009596,
          -0.5153485395073569
        ]
      ],
      "tx": 0.08101757411025307,
      "ty": 0.0944218601713745,
      "tz": 0.0
    },
    {
      "R": [
        [
          -0.4658289391987944,
          -0.8151734207316572,
          0.3442320344441727
        ],
        [
          -0.1541078815395997,
          -0.30833537342832495,
          -0.938711914455224
        ],
        [
          0.8713519152743638,
          -0.49032804491020465,
          0.018006890965236666
        ]
      ],
      "tx": -0.07143718696119239,
      "ty": -0.05737953101815156,
      "tz": 0.0
    },
    {
      "R": [
        [
          0.3543886072820758,
          -0.3967018174284468,
          0.8467800086667363
        ],
        [
          -0.8134276783637807,
          0.3158859395174458,
          0.4884173269724268
        ],
        [
          -0.4612419398757885,
          -0.861883832812838,
          -0.21074186018793606
        ]
      ],
      "tx": -0.062137021937193115,
      "ty": 0.025739659463800718,
      "tz": 0.0
    },
    {
      "R": [
        [
          0.06882621073155659,
          0.9930992782256378,
          -0.09495670752533752
        ],
        [
          0.642300794875847,
          -0.11694181620171284,
          -0.7574789109442583
        ],
        [
          -0.763356169568433,
          -0.008856365572958158,
          -0.645917117880187
        ]
      ],
      "tx": 0.011266033434158607,
      "ty": -0.08110453538552642,
      "tz": 0.0
    },
    {
      "R": [
        [
          0.30144926658117677,
          -0.8504231242981085,
          0.4311714848371986
        ],
        [
          0.826137184936485,
          0.007180420891734096,
          -0.5634232806878302
        ],
        [
          0.47605219392718956,
          0.5260503314463946,
          0.7047306985240873
        ]
      ],
      "tx": -0.08191496259146548,
      "ty": 0.0947071208582547,
      "tz": 0.0
    },
    {
      "R": [
        [
          0.2121796392920191,
          0.4243215072660868,
          -0.8803016864355905
        ],
        [
          0.18922864596614625,
          -0.9016028638045079,
          -0.3889791710687459
        ],
        [
          -0.9587347496652697,
          -0.08404483595644674,
          -0.27159555470096763
        ]
      ],
      "tx": -0.017863019039428704,
      "ty": -0.030652667685353532,
      "tz": 0.0
    },
    {
      "R": [
        [
          0.11248896103175832,
          -0.1489838811438562,
          0.9824204989745019
        ],
        [
          0.4694675214800532,
          -0.8634171259835086,
          -0.18469194035949382
        ],
        [
          0.8757548058225954,
          0.4819903211867354,
          -0.02718180201782716
        ]
      ],
      "tx": 0.07726173637125888,
      "ty": -0.0869100432315625,
      "tz": 0.0
    }
  ],
  "points_N": 10398
}