{
  "type": "scene",
  "distance_m": 0.6,
  "num_objects": 11,
  "intrinsics": {
    "width": 640,
    "height": 480,
    "fx": 554.2562584220408,
    "fy": 554.2562584220408,
    "cx": 0.054125439327455754,
    "cy": 0.0519880487352542
  },
  "T_wc": [
    [
      0.999999999999,
      0.0,
      0.0,
      0.0
    ],
    [
      -0.0,
      0.9999999999973334,
      0.0,
      0.0
    ],
    [
      0.0,
      0.0,
      -0.9999999999983333,
      0.6150141660124063
    ],
    [
      0.0,
      0.0,
      0.0,
      1.0
    ]
  ],
  "bin_size": {
    "w": 0.25,
    "d": 0.25
  },
  "z_floor": 0.0,
  "piece_aabb": {
    "w": 0.0300283320248127,
    "d": 0.0300283320248127,
    "h": 0.0300283320248127
  },
  "poses": [
    {
      "R": [
        [
          0.38074253815249703,
          -0.3134901870169778,
          -0.8699189745517997
        ],
        [
          -0.8265802199706318,
          0.3063161920172005,
          -0.4721604922707783
        ],
        [
          0.41448794867220995,
          0.8988294015841616,
          -0.14249718331729144
        ]
      ],
      "tx": 0.009409415352132217,
      "ty": -0.08087992383691917,
      "tz": 0.0
    },
    {
      "R": [
        [
          -0.5518100348170758,
          0.8110308061388896,
          -0.19425425856047715
        ],
        [
          -0.8311008923501955,
          -0.5154819824774215,
          0.20868548697946457
        ],
        [
          0.06911578842700553,
          0.2765996334683949,
          0.9584965574039706
        ]
      ],
      "tx": -0.06965971949760087,
      "ty": 0.03228526093127837,
      "tz": 0.0
    },
    {
      "R": [
        [
          -0.7414698546887701,
          -0.5275298543192359,
          -0.41465010236311295
        ],
        [
          0.3127574509183178,
          -0.8184532985068393,
          0.4819927126610428
        ],
        [
          -0.5936372894983016,
          0.22769815757972278,
          0.7718473408336064
        ]
      ],
      "tx": 0.07340815271940829,
      "ty": -0.067380993453719,
      "tz": 0.0
    },
    {
      "R": [
        [
          -0.518519265849444,
          0.8508040347119651,
          0.0852658516687349
        ],
        [
          -0.25601280663797266,
          -0.05933062620271201,
          -0.9648509313006552
        ],
        [
          -0.815840188872981,
          -0.5221229465482582,
          0.2485808015665395
        ]
      ],
      "tx": 0.09845426012476682,
      "ty": 0.09733199545426877,
      "tz": 0.0
    },
    {
      "R": [
        [
          -0.4652308062903059,
          0.8072305554785018,
          -0.3632342593703705
        ],
        [
          0.47552281975930427,
          0.5740197756581044,
          0.6666178403265096
        ],
        [
          0.7466179376137652,
          0.13740497609362334,
          -0.6509082329930069
        ]
      ],
      "tx": -0.08170940689913346,
      "ty": -0.08889403047811098,
      "tz": 0.0
    },
    {
      "R": [
        [
          0.6526064974341352,
          -0.22618270824605669,
          0.723150151764645
        ],
        [
          -0.593169440050018,
          0.44132099317271145,
          0.6733392877114772
        ],
        [
          -0.47143904685282284,
          -0.8683761647325028,
          0.15384427719928706
        ]
      ],
      "tx": -0.00523800001664558,
      "ty": 0.06590183843891817,
      "tz": 0.0
    },
    {
      "R": [
        [
          -0.8458964100791346,
          0.3810980491685057,
          -0.3731267081504501
        ],
        [
          0.39086685399769633,
          -0.03303432944025175,
          -0.9198542468915258
        ],
        [
          -0.3628806496097242,
          -0.923944267798871,
          -0.12101497486027246
        ]
      ],
      "tx": 0.08462281343175826,
      "ty": -0.002158239014376534,
      "tz": 0.0
    },
    {
      "R": [
        [
          -0.7604176828750688,
          0.11827072650422804,
          0.6385741795774973
        ],
        [
          -0.6479017415735626,
          -0.0706436790968743,
          -0.7584410351962785
        ],
        [
          -0.044590142821660184,
          -0.9904652976534918,
          0.13034651244787476
        ]
      ],
      "tx": -0.0024523672991823703,
      "ty": -0.013071249193786091,
      "tz": 0.0
    },
    {
      "R": [
        [
          -0.28113987850048305,
          -0.4024550670537953,
          -0.8712004865238879
        ],
        [
          -0.4908769602442653,
          -0.7197590634122464,
          0.4909039626416518
        ],
        [
          -0.8246212334266466,
          0.5656649270006506,
          0.004797055687071339
        ]
      ],
      "tx": -0.055500397081775774,
      "ty": -0.03658810804322606,
      "tz": 0.0
    },
    {
      "R": [
        [
          0.45389026579378455,
          -0.738965093252504,
          -0.49790984884009437
        ],
        [
          -0.17300161062717362,
          0.4750697703069747,
          -0.8627741048854457
        ],
        [
          0.8741018643945633,
          0.4777439735829184,
          0.08778739298528215
        ]
      ],
      "tx": -0.05756951458360456,
      "ty": 0.09194227012982134,
      "tz": 0.0
    },
    {
      "R": [
        [
          0.4047062203902003,
          -0.8845507661347105,
          -0.23191122721415455
        ],
        [
          -0.5706832011787515,
          -0.046149304251510426,
          -0.8198725057040723
        ],
        [
          0.7145163112692748,
          0.46415534452120455,
          -0.5234751733201399
        ]
      ],
      "tx": 0.054125439327455754,
      "ty": 0.0519880487352542,
      "tz": 0.0
    }
  ],
  "points_N": 12405
}