{
  "type": "scene",
  "distance_m": 0.6,
  "num_objects": 12,
  "intrinsics": {
    "width": 640,
    "height": 480,
    "fx": 554.2562584220408,
    "fy": 554.2562584220408,
    "cx": 0.0922736083137527,
    "cy": -0.05707897235864504
  },
  "T_wc": [
    [
      0.999999999999,
      0.0,
      0.0,
      0.0
    ],
    [
      -0.0,
      0.9999999999973334,
      0.0,
      0.0
    ],
    [
      0.0,
      0.0,
      -0.9999999999983333,
      0.6150141660124063
    ],
    [
      0.0,
      0.0,
      0.0,
      1.0
    ]
  ],
  "bin_size": {
    "w": 0.25,
    "d": 0.25
  },
  "z_floor": 0.0,
  "piece_aabb": {
    "w": 0.0300283320248127,
    "d": 0.0300283320248127,
    "h": 0.0300283320248127
  },
  "poses": [
    {
      "R": [
        [
          -0.3527179545658037,
          -0.1866701432548854,
          -0.9169210991923546
        ],
        [
          -0.7250016216273687,
          -0.5649829360331691,
          0.3939123387620975
        ],
        [
          -0.591576447439045,
          0.8037092382252056,
          0.06394346899299652
        ]
      ],
      "tx": -0.025651601580759173,
      "ty": -0.02720579898161385,
      "tz": 0.0
    },
    {
      "R": [
        [
          0.6403371417273562,
          -0.35852165193618446,
          0.6792868098361613
        ],
        [
          -0.07758254449161214,
          0.8496671511800131,
          0.5215809438580437
        ],
        [
          -0.7641657501580705,
          -0.38668844991619555,
          0.5162584129936898
        ]
      ],
      "tx": -0.01588784372815398,
      "ty": 0.07765094177955068,
      "tz": 0.0
    },
    {
      "R": [
        [
          -0.8490280741827316,
          0.2501978908909299,
          0.4653518503705474
        ],
        [
          -0.5168832691841323,
          -0.5758152701016503,
          -0.6334575445562927
        ],
        [
          0.10946695979648771,
          -0.7783558248715647,
          0.6182064336460922
        ]
      ],
      "tx": -0.09584014193117636,
      "ty": 0.008479382659361406,
      "tz": 0.0
    },
    {
      "R": [
        [
          -0.32844772202650385,
          0.708081687244276,
          0.6250939274100329
        ],
        [
          0.7755129302276756,
          0.5799540181573563,
          -0.24946549234878404
        ],
        [
          -0.5391676816587623,
          0.40283205062710215,
          -0.7396110802592664
        ]
      ],
      "tx": -0.09654063810948395,
      "ty": -0.08281372337304302,
      "tz": 0.0
    },
    {
      "R": [
        [
          0.6420497498793899,
          0.4735448972598595,
          -0.6029322921845885
        ],
        [
          0.2676849933088491,
          0.5984759193236495,
          0.7550968933500879
        ],
        [
          0.7184127386377934,
          -0.646205698109249,
          0.25749045165614204
        ]
      ],
      "tx": 0.03940322554477496,
      "ty": -0.027294021802608204,
      "tz": 0.0
    },
    {
      "R": [
        [
          0.3131545394413886,
          -0.9138617607465651,
          -0.2584393868442644
        ],
        [
          -0.11779619962834026,
          -0.3074016093201699,
          0.9442607192616295
        ],
        [
          -0.9423684469358956,
          -0.26525635304843714,
          -0.20391365179180854
        ]
      ],
      "tx": 0.08798144663812318,
      "ty": 0.03134728534061679,
      "tz": 0.0
    },
    {
      "R": [
        [
          -0.7705529095896149,
          0.3866893096765681,
          0.5066750352097864
        ],
        [
          -0.6355557703019995,
          -0.526186739275422,
          -0.5649746704468541
        ],
        [
          0.048136019349456494,
          -0.7573631184528056,
          0.6512173450151879
        ]
      ],
      "tx": 0.08588235826440815,
      "ty": 0.09205355003237253,
      "tz": 0.0
    },
    {
      "R": [
        [
          -0.02810414184496013,
          0.9838288916805313,
          0.17689225281457532
        ],
        [
          0.15393568001356134,
          -0.17059160588816646,
          0.9732431918175739
        ],
        [
          0.9876811042183204,
          0.054582193938625345,
          -0.14665203876839028
        ]
      ],
      "tx": 0.043976459860034595,
      "ty": -0.08829057013605754,
      "tz": 0.0
    },
    {
      "R": [
        [
          0.20396258747959695,
          -0.20807568790206402,
          0.9566105639248976
        ],
        [
          0.6222174431465193,
          -0.7268438183484327,
          -0.2907636792532359
        ],
        [
          0.7558073275331723,
          0.6545246915378773,
          -0.01878062337652109
        ]
      ],
      "tx": -0.09891445239888624,
      "ty": 0.07400616170670785,
      "tz": 0.0
    },
    {
      "R": [
        [
          0.9212802979428424,
          0.3884031067871665,
          -0.019637699977961394
        ],
        [
          0.3887137933785162,
          -0.9212254595477098,
          0.015660125107893143
        ],
        [
          -0.01200830794207613,
          -0.02206080957688456,
          -0.9996845108438863
        ]
      ],
      "tx": -0.03294532742115354,
      "ty": -0.09772238817846599,
      "tz": 0.0
    },
    {
      "R": [
        [
          0.8003412569916653,
          -0.5957442633265233,
          -0.06739914740216868
        ],
        [
          -0.26021239691208453,
          -0.4464367602943917,
          0.8561446884441409
        ],
        [
          -0.540132743730899,
          -0.6676698224207721,
          -0.5123218006081189
        ]
      ],
      "tx": 0.03178385566649508,
      "ty": 0.044227441601068646,
      "tz": 0.0
    },
    {
      "R": [
        [
          0.6564591588533726,
          0.23238819322604487,
          -0.7176747873561233
        ],
        [
          0.7446286519021655,
          -0.04728784411020048,
          0.6658017952557447
        ],
        [
          0.12078718277982187,
          -0.9714728958898151,
          -0.2040854454084613
        ]
      ],
      "tx": 0.0922736083137527,
      "ty": -0.05707897235864504,
      "tz": 0.0
    }
  ],
  "points_N": 13575
}