{
  "type": "scene",
  "distance_m": 0.6,
  "num_objects": 11,
  "intrinsics": {
    "width": 640,
    "height": 480,
    "fx": 554.2562584220408,
    "fy": 554.2562584220408,
    "cx": -0.03546071114472127,
    "cy": -0.0960434524661628
  },
  "T_wc": [
    [
      0.999999999999,
      0.0,
      0.0,
      0.0
    ],
    [
      -0.0,
      0.9999999999973334,
      0.0,
      0.0
    ],
    [
      0.0,
      0.0,
      -0.9999999999983333,
      0.6150141660124063
    ],
    [
      0.0,
      0.0,
      0.0,
      1.0
    ]
  ],
  "bin_size": {
    "w": 0.25,
    "d": 0.25
  },
  "z_floor": 0.0,
  "piece_aabb": {
    "w": 0.0300283320248127,
    "d": 0.0300283320248127,
    "h": 0.0300283320248127
  },
  "poses": [
    {
      "R": [
        [
          0.6843340852500055,
          0.6143368530118091,
          0.3927812251070373
        ],
        [
          -0.31628644251542726,
          -0.23526438722385845,
          0.9190285928006361
        ],
        [
          0.6570005677668578,
          -0.7531539677487791,
          0.033306978522485764
        ]
      ],
      "tx": 0.0481021196816909,
      "ty": -0.0032431688731237446,
      "tz": 0.0
    },
    {
      "R": [
        [
          -0.5458448267524212,
          0.8059223681447483,
          0.22922164302608913
        ],
        [
          -0.7224475793348708,
          -0.3141173536901203,
          -0.615954367809744
        ],
        [
          -0.42440890685847366,
          -0.5018161263198669,
          0.7536959965029129
        ]
      ],
      "tx": -0.015717111137460757,
      "ty": 0.05150075960443501,
      "tz": 0.0
    },
    {
      "R": [
        [
          0.6401848923587604,
          -0.6760882676804955,
          0.3647848104025016
        ],
        [
          -0.26031918578919533,
          -0.6376666324031623,
          -0.7249932326785268
        ],
        [
          0.7227705203628969,
          0.3691692297908872,
          -0.5842232917900059
        ]
      ],
      "tx": -0.06060834851531688,
      "ty": -0.04403309996299782,
      "tz": 0.0
    },
    {
      "R": [
        [
          0.2587773136478153,
          0.6193677004562751,
          0.7412273292133298
        ],
        [
          -0.1966623786377065,
          -0.7175103634599569,
          0.668208640438089
        ],
        [
          0.9457051394434628,
          -0.31868876660319534,
          -0.06386907914753737
        ]
      ],
      "tx": 0.09456141528255757,
      "ty": 0.057555261466549656,
      "tz": 0.0
    },
    {
      "R": [
        [
          0.26573444444205885,
          0.9202541995325472,
          0.28725844335681683
        ],
        [
          -0.9001932275797412,
          0.3435017827578817,
          -0.2676913862299747
        ],
        [
          -0.34501790976214375,
          -0.18745328347315823,
          0.919686853477037
        ]
      ],
      "tx": 0.007889068832687376,
      "ty": -0.058419594128783996,
      "tz": 0.0
    },
    {
      "R": [
        [
          0.22580922932549496,
          0.30159396468416366,
          -0.9263105701747734
        ],
        [
          -0.6426065274313757,
          -0.6685385096713545,
          -0.3743168604123958
        ],
        [
          -0.7321659940573686,
          0.6797774205962506,
          0.0428440846966478
        ]
      ],
      "tx": 0.07919643721529851,
      "ty": -0.05503917692815528,
      "tz": 0.0
    },
    {
      "R": [
        [
          -0.48273267147477616,
          0.5630074196583261,
          0.6708142912166524
        ],
        [
          0.875767498929106,
          0.3097452631189759,
          0.3702555331049284
        ],
        [
          0.0006750631707522214,
          0.766211796688768,
          -0.6425877581347827
        ]
      ],
      "tx": -0.0929555844474141,
      "ty": -0.09797248859239543,
      "tz": 0.0
    },
    {
      "R": [
        [
          -0.059445883532491584,
          0.4257192751739501,
          -0.902900484924229
        ],
        [
          -0.9980696445241399,
          -0.009059000306822718,
          0.06144037103483391
        ],
        [
          0.017976974453409067,
          0.9048099431697286,
          0.42543600591709896
        ]
      ],
      "tx": -0.09751210243176073,
      "ty": 0.08841359479312932,
      "tz": 0.0
    },
    {
      "R": [
        [
          -0.7492625256358976,
          -0.4072454608450389,
          -0.5222612395141224
        ],
        [
          -0.5170927068707224,
          0.8524469434674733,
          0.07713197180204498
        ],
        [
          0.4137883519129373,
          0.3278495740336933,
          -0.8492902075422162
        ]
      ],
      "tx": 0.04631122577344926,
      "ty": 0.0985216693395316,
      "tz": 0.0
    },
    {
      "R": [
        [
          0.7066742062668959,
          -0.016786426990375802,
          0.7073399338832422
        ],
        [
          0.6710275320886779,
          0.3328986152092195,
          -0.662495708039503
        ],
        [
          -0.2243515486374697,
          0.9428131988154816,
          0.24651501934626263
        ]
      ],
      "tx": -0.08253560743791957,
      "ty": 0.011814396089304763,
      "tz": 0.0
    },
    {
      "R": [
        [
          0.6328972071406895,
          0.0770116996799177,
          0.77039621189744
        ],
        [
          -0.17966777502819528,
          -0.9532692741460864,
          0.24289335434591827
        ],
        [
          0.7531006677795028,
          -0.29214189888032865,
          -0.58948494052746
        ]
      ],
      "tx": -0.03546071114472127,
      "ty": -0.0960434524661628,
      "tz": 0.0
    }
  ],
  "points_N": 12864
}