{
  "type": "scene",
  "distance_m": 0.6,
  "num_objects": 10,
  "intrinsics": {
    "width": 640,
    "height": 480,
    "fx": 554.2562584220408,
    "fy": 554.2562584220408,
    "cx": -0.09880327989993237,
    "cy": -0.08188115033458883
  },
  "T_wc": [
    [
      0.999999999999,
      0.0,
      0.0,
      0.0
    ],
    [
      -0.0,
      0.9999999999973334,
      0.0,
      0.0
    ],
    [
      0.0,
      0.0,
      -0.9999999999983333,
      0.6150141660124063
    ],
    [
      0.0,
      0.0,
      0.0,
      1.0
    ]
  ],
  "bin_size": {
    "w": 0.25,
    "d": 0.25
  },
  "z_floor": 0.0,
  "piece_aabb": {
    "w": 0.0300283320248127,
    "d": 0.0300283320248127,
    "h": 0.0300283320248127
  },
  "poses": [
    {
      "R": [
        [
          -0.9137861845975004,
          -0.172791868112739,
          -0.3676109072822136
        ],
        [
          -0.21171638422229555,
          0.9749625838012884,
          0.06800097675293305
        ],
        [
          0.3466568641907726,
          0.1399676051864338,
          -0.927490209116945
        ]
      ],
      "tx": 0.08051137430230182,
      "ty": 0.033132409942626145,
      "tz": 0.0
    },
    {
      "R": [
        [
          0.3418200210556819,
          -0.6200536193415068,
          0.7061816921635612
        ],
        [
          -0.03541063068312589,
          -0.7594090838699905,
          -0.6496490826364374
        ],
        [
          0.9390980568823025,
          0.19705672400920263,
          -0.28153771875655376
        ]
      ],
      "tx": -0.01324137763552792,
      "ty": 0.013397377941227945,
      "tz": 0.0
    },
    {
      "R": [
        [
          0.19291666957818332,
          0.5892921963656567,
          -0.7845494668288306
        ],
        [
          -0.8108179559740393,
          0.5460343264360108,
          0.2107623225902887
        ],
        [
          0.5525915316659702,
          0.5954672297079936,
          0.5831478178600558
        ]
      ],
      "tx": -0.03737636492969255,
      "ty": -0.09727824574686213,
      "tz": 0.0
    },
    {
      "R": [
        [
          0.9540915026888939,
          0.18658640675500895,
          -0.2342966438323495
        ],
        [
          -0.262717461067534,
          0.8970018913726614,
          -0.3554815642534743
        ],
        [
          0.14383650491817868,
          0.40071575922107505,
          0.9048413895069125
        ]
      ],
      "tx": -0.06169956495991827,
      "ty": -0.017719070500022083,
      "tz": 0.0
    },
    {
      "R": [
        [
          0.27558508943125926,
          -0.6911304850280285,
          0.6681253708310193
        ],
        [
          0.2157923899930626,
          0.7217794674650508,
          0.657623026335719
        ],
        [
          -0.9367424955153081,
          -0.03705472993815773,
          0.34805235825226555
        ]
      ],
      "tx": 0.06980046376163451,
      "ty": -0.08270310965970107,
      "tz": 0.0
    },
    {
      "R": [
        [
          0.7809490833051995,
          0.5530612920975772,
          -0.29024427034504385
        ],
        [
          0.624588944645082,
          -0.6895089176989062,
          0.3666961993814845
        ],
        [
          0.0026794611232746623,
          -0.46765442326256385,
          -0.8839073259629922
        ]
      ],
      "tx": -0.061724817121377326,
      "ty": 0.09428193320780892,
      "tz": 0.0
    },
    {
      "R": [
        [
          -0.6987214803901505,
          -0.28001496156412387,
          -0.658315968317372
        ],
        [
          -0.015804341492497292,
          -0.9139483525800438,
          0.405522664725676
        ],
        [
          -0.7152192080973396,
          0.29375164700213463,
          0.634169893839299
        ]
      ],
      "tx": 0.03361983014897796,
      "ty": 0.07198982371544346,
      "tz": 0.0
    },
    {
      "R": [
        [
          -0.544935443262758,
          -0.46074672255537674,
          0.7005410911077954
        ],
        [
          0.14596920681840833,
          0.7706037049997992,
          0.6203732106574131
        ],
        [
          -0.8256744838838286,
          0.44032077795064484,
          -0.3526744379283997
        ]
      ],
      "tx": 0.030412498606082,
      "ty": -0.03063930748542497,
      "tz": 0.0
    },
    {
      "R": [
        [
          -0.5202181439183442,
          0.8163591421434792,
          -0.2508601877080461
        ],
        [
          0.49161307876315175,
          0.04605730413387188,
          -0.8695949088655794
        ],
        [
          -0.6983478098534915,
          -0.5757051986691479,
          -0.4252926765160068
        ]
      ],
      "tx": -0.08844648670783423,
      "ty": 0.038400430549555026,
      "tz": 0.0
    },
    {
      "R": [
        [
          -0.9276504520058706,
          -0.023022734873766798,
          0.3727393091320478
        ],
        [
          0.08301189628560274,
          0.9604153340420002,
          0.2659161732803431
        ],
        [
          -0.36410666564672,
          0.2776190552104184,
          -0.8890185578578786
        ]
      ],
      "tx": -0.09880327989993237,
      "ty": -0.08188115033458883,
      "tz": 0.0
    }
  ],
  "points_N": 11933
}