{
  "type": "scene",
  "distance_m": 0.6,
  "num_objects": 10,
  "intrinsics": {
    "width": 640,
    "height": 480,
    "fx": 554.2562584220408,
    "fy": 554.2562584220408,
    "cx": 0.054289465460768155,
    "cy": 0.03139857612382568
  },
  "T_wc": [
    [
      0.999999999999,
      0.0,
      0.0,
      0.0
    ],
    [
      -0.0,
      0.9999999999973334,
      0.0,
      0.0
    ],
    [
      0.0,
      0.0,
      -0.9999999999983333,
      0.6150141660124063
    ],
    [
      0.0,
      0.0,
      0.0,
      1.0
    ]
  ],
  "bin_size": {
    "w": 0.25,
    "d": 0.25
  },
  "z_floor": 0.0,
  "piece_aabb": {
    "w": 0.0300283320248127,
    "d": 0.0300283320248127,
    "h": 0.0300283320248127
  },
  "poses": [
    {
      "R": [
        [
          -0.6331118053767097,
          0.7582525962978116,
          0.15563560678800586
        ],
        [
          -0.6593545748240045,
          -0.6336059796068496,
          0.4047159587477376
        ],
        [
          0.405488577584251,
          0.1536114019663646,
          0.9011007438875127
        ]
      ],
      "tx": -0.01577242302211132,
      "ty": -0.0727646511344842,
      "tz": 0.0
    },
    {
      "R": [
        [
          0.6508660853784533,
          0.10753574182746689,
          0.7515380250750754
        ],
        [
          -0.7321190640767896,
          0.35090549278820693,
          0.583838172053174
        ],
        [
          -0.20093535009911495,
          -0.9302157810748442,
          0.3071214510903856
        ]
      ],
      "tx": -0.01973818792713368,
      "ty": 0.040217460492335405,
      "tz": 0.0
    },
    {
      "R": [
        [
          0.6543873364840596,
          0.6700824402623732,
          -0.3503808457968575
        ],
        [
          0.5610098873625599,
          -0.11955254363515411,
          0.8191306950614242
        ],
        [
          0.506996173684522,
          -0.7325958726080751,
          -0.45415654493452595
        ]
      ],
      "tx": 0.04886183036356659,
      "ty": 0.09158522979943978,
      "tz": 0.0
    },
    {
      "R": [
        [
          0.9869051766883868,
          0.0481296764983275,
          0.15395358542700552
        ],
        [
          0.12044611446072762,
          0.414955657185911,
          -0.901833984766998
        ],
        [
          -0.10728888915902358,
          0.9085677392520466,
          0.4037248536484318
        ]
      ],
      "tx": -0.07387780717743882,
      "ty": 0.08060239734983432,
      "tz": 0.0
    },
    {
      "R": [
        [
          -0.8715403437934235,
          -0.46931665154024294,
          -0.1419834839954844
        ],
        [
          -0.03191045522959132,
          0.34324705959913604,
          -0.9387029236790453
        ],
        [
          0.4892843263251767,
          -0.8135867112137473,
          -0.31412976832658956
        ]
      ],
      "tx": -0.06791780903372932,
      "ty": 0.0008032566435146743,
      "tz": 0.0
    },
    {
      "R": [
        [
          0.35497721154224415,
          0.785528217084531,
          0.5068891392106276
        ],
        [
          0.005433729113392793,
          -0.5439243937269218,
          0.8391166358121637
        ],
        [
          0.9348591625874003,
          -0.29511298526631935,
          -0.19734911211755235
        ]
      ],
      "tx": 0.05327701434560744,
      "ty": -0.06998675723278107,
      "tz": 0.0
    },
    {
      "R": [
        [
          -0.12726649483012586,
          0.9638649396727884,
          0.2340248221091641
        ],
        [
          0.6508528776772332,
          0.25919519323061335,
          -0.7135883851531006
        ],
        [
          -0.7484609347941404,
          0.06149983638772727,
          -0.6603211333975043
        ]
      ],
      "tx": 0.0205489875201902,
      "ty": -0.022033126206398246,
      "tz": 0.0
    },
    {
      "R": [
        [
          0.7736132824598916,
          -0.6292313602824275,
          0.07476887346187464
        ],
        [
          0.6333743466275614,
          0.7713953322478435,
          -0.06153193008795372
        ],
        [
          -0.018958539915873394,
          0.0949586047884281,
          0.9953006767509471
        ]
      ],
      "tx": 0.08813737023216489,
      "ty": -0.015541884947188694,
      "tz": 0.0
    },
    {
      "R": [
        [
          -0.8719690876878607,
          -0.48789247845605627,
          -0.04038365489658499
        ],
        [
          -0.13328511478759758,
          0.3159618667711055,
          -0.9393631762649497
        ],
        [
          0.47106792322642466,
          -0.8137131117368852,
          -0.3405377857075753
        ]
      ],
      "tx": -0.07985280414355198,
      "ty": -0.0771586042513568,
      "tz": 0.0
    },
    {
      "R": [
        [
          0.28209286627391383,
          0.4948814018446543,
          -0.8218978117172704
        ],
        [
          0.31392602506211026,
          -0.8571433522528087,
          -0.40835734899413945
        ],
        [
          -0.9065727028683752,
          -0.14282041799787557,
          -0.3971501764028833
        ]
      ],
      "tx": 0.054289465460768155,
      "ty": 0.03139857612382568,
      "tz": 0.0
    }
  ],
  "points_N": 11297
}