{
  "type": "scene",
  "distance_m": 0.6,
  "num_objects": 10,
  "intrinsics": {
    "width": 640,
    "height": 480,
    "fx": 554.2562584220408,
    "fy": 554.2562584220408,
    "cx": -0.09697387338157692,
    "cy": 0.09385653954425022
  },
  "T_wc": [
    [
      0.999999999999,
      0.0,
      0.0,
      0.0
    ],
    [
      -0.0,
      0.9999999999973334,
      0.0,
      0.0
    ],
    [
      0.0,
      0.0,
      -0.9999999999983333,
      0.6150141660124063
    ],
    [
      0.0,
      0.0,
      0.0,
      1.0
    ]
  ],
  "bin_size": {
    "w": 0.25,
    "d": 0.25
  },
  "z_floor": 0.0,
  "piece_aabb": {
    "w": 0.0300283320248127,
    "d": 0.0300283320248127,
    "h": 0.0300283320248127
  },
  "poses": [
    {
      "R": [
        [
          0.8597130471815078,
          0.40368116320796027,
          -0.3129456741623933
        ],
        [
          -0.009584298663378898,
          -0.5998278815685891,
          -0.8000716553609866
        ],
        [
          -0.5106873972647238,
          0.6908314056005316,
          -0.5118108550147951
        ]
      ],
      "tx": -0.07203504803248537,
      "ty": 0.04101337336119071,
      "tz": 0.0
    },
    {
      "R": [
        [
          0.5495789460623736,
          0.7993211493639432,
          -0.24299934614001661
        ],
        [
          -0.8346688011982852,
          0.5378404417748651,
          -0.11855653291841524
        ],
        [
          0.035930131521998074,
          0.2679801473447666,
          0.9627542086523897
        ]
      ],
      "tx": 0.05750549439221753,
      "ty": 0.0032175584483300906,
      "tz": 0.0
    },
    {
      "R": [
        [
          -0.700164673503201,
          0.5382253949608002,
          -0.46912989053933324
        ],
        [
          -0.5245229219211156,
          -0.8335375411003305,
          -0.17346720714806746
        ],
        [
          -0.4844018314968385,
          0.12461377048988542,
          0.865925097134159
        ]
      ],
      "tx": -0.07403629324999836,
      "ty": -0.06970427052197203,
      "tz": 0.0
    },
    {
      "R": [
        [
          0.06202156182944296,
          -0.23387955441928288,
          -0.9702853600322299
        ],
        [
          -0.7418942505379639,
          0.6395019064538952,
          -0.20156942392274257
        ],
        [
          0.6676423045965176,
          0.7323507804778194,
          -0.13385098971086995
        ]
      ],
      "tx": 0.00978871903606729,
      "ty": -0.08179006809757379,
      "tz": 0.0
    },
    {
      "R": [
        [
          -0.9495114165627343,
          -0.3080688217271311,
          0.059343667705035574
        ],
        [
          0.1018337950899983,
          -0.4815483094079722,
          -0.8704832588188537
        ],
        [
          0.296745594734946,
          -0.8204906012782719,
          0.48860743467473233
        ]
      ],
      "tx": 0.062273895107926636,
      "ty": 0.07772074506533419,
      "tz": 0.0
    },
    {
      "R": [
        [
          -0.6729881722857913,
          -0.6314260601686512,
          -0.38521169569903363
        ],
        [
          -0.6589336045722014,
          0.27523796091948804,
          0.7000361202354977
        ],
        [
          -0.3359961677295082,
          0.7249449602616582,
          -0.6012997421106274
        ]
      ],
      "tx": -0.007790641548587968,
      "ty": 0.0884575378037745,
      "tz": 0.0
    },
    {
      "R": [
        [
          -0.2726388756026725,
          0.5143562275242486,
          -0.8130840760444973
        ],
        [
          0.03617515889878781,
          -0.8390215376187609,
          -0.5428942966089234
        ],
        [
          -0.9614361140443799,
          -0.17742753624754443,
          0.21014297036153373
        ]
      ],
      "tx": 0.0791561888835122,
      "ty": -0.06890556902379044,
      "tz": 0.0
    },
    {
      "R": [
        [
          -0.7581692840779475,
          0.6357852119808234,
          0.1447636035308324
        ],
        [
          -0.08673407661239885,
          0.12170573684211328,
          -0.9887693935260703
        ],
        [
          -0.6462635194987623,
          -0.7622105206871771,
          -0.0371293080847892
        ]
      ],
      "tx": -0.09856430426302427,
      "ty": -0.00989579077122793,
      "tz": 0.0
    },
    {
      "R": [
        [
          0.9765703983691401,
          -0.14525725126539496,
          -0.15877842417646326
        ],
        [
          0.1266421402874895,
          0.9844540003390729,
          -0.1217049280834613
        ],
        [
          0.1739885781669096,
          0.09874539063277117,
          0.9797843244797493
        ]
      ],
      "tx": -0.022107888571685497,
      "ty": -0.0010805514449091086,
      "tz": 0.0
    },
    {
      "R": [
        [
          0.30893412216332417,
          0.6134716582691642,
          0.7267821081064517
        ],
        [
          0.9485905628151454,
          -0.2540389347730503,
          -0.18878602638283265
        ],
        [
          0.06881607589235239,
          0.7477410943099594,
          -0.6604147208981053
        ]
      ],
      "tx": -0.09697387338157692,
      "ty": 0.09385653954425022,
      "tz": 0.0
    }
  ],
  "points_N": 11483
}