{
  "type": "scene",
  "distance_m": 0.6,
  "num_objects": 11,
  "intrinsics": {
    "width": 640,
    "height": 480,
    "fx": 554.2562584220408,
    "fy": 554.2562584220408,
    "cx": -0.05556136401974534,
    "cy": 0.0942292070199223
  },
  "T_wc": [
    [
      0.999999999999,
      0.0,
      0.0,
      0.0
    ],
    [
      -0.0,
      0.9999999999973334,
      0.0,
      0.0
    ],
    [
      0.0,
      0.0,
      -0.9999999999983333,
      0.6150141660124063
    ],
    [
      0.0,
      0.0,
      0.0,
      1.0
    ]
  ],
  "bin_size": {
    "w": 0.25,
    "d": 0.25
  },
  "z_floor": 0.0,
  "piece_aabb": {
    "w": 0.0300283320248127,
    "d": 0.0300283320248127,
    "h": 0.0300283320248127
  },
  "poses": [
    {
      "R": [
        [
          0.6802563250996864,
          0.3802213016814331,
          0.6266443121177646
        ],
        [
          0.7329605306621991,
          -0.3476265584762175,
          -0.5847432225630051
        ],
        [
          -0.004493623622106702,
          0.8570808232539435,
          -0.5151623722255783
        ]
      ],
      "tx": 0.05332874893703235,
      "ty": -0.0907309998567266,
      "tz": 0.0
    },
    {
      "R": [
        [
          -0.1610865767542542,
          -0.9501372698052462,
          0.2670024032038456
        ],
        [
          0.5748424853460417,
          0.1295834358334702,
          0.8079382712799159
        ],
        [
          -0.8022513520280175,
          0.28363233540029603,
          0.5253051175122818
        ]
      ],
      "tx": -0.00098027841953853,
      "ty": 0.07689466884475857,
      "tz": 0.0
    },
    {
      "R": [
        [
          0.8500009186958853,
          0.47495923728344847,
          0.2278424041640972
        ],
        [
          -0.052206796873376815,
          0.5063413188374231,
          -0.8607513689784067
        ],
        [
          -0.5241878371122063,
          0.7197445322870498,
          0.4551866866094867
        ]
      ],
      "tx": 0.07292142781631733,
      "ty": 0.028867978322356547,
      "tz": 0.0
    },
    {
      "R": [
        [
          -0.08030191304314238,
          -0.9930400769249872,
          -0.08615688238572428
        ],
        [
          -0.2310738019106351,
          -0.06553522486218277,
          0.9707265487112362
        ],
        [
          -0.9696166772659062,
          0.09785979727691596,
          -0.2242029420965408
        ]
      ],
      "tx": -0.02164490098901492,
      "ty": 0.016417573606350377,
      "tz": 0.0
    },
    {
      "R": [
        [
          0.15949413748491725,
          0.016042675027525877,
          0.9870685146867485
        ],
        [
          -0.9735390954523032,
          -0.16320011419634461,
          0.15996047121777224
        ],
        [
          0.16365588817349008,
          -0.9864625463261449,
          -0.010411290116253413
        ]
      ],
      "tx": -0.08011830037526986,
      "ty": 0.03835691357948015,
      "tz": 0.0
    },
    {
      "R": [
        [
          0.10513330708178747,
          0.6510211417066982,
          -0.7517436137360621
        ],
        [
          0.9913565398101494,
          -0.1282674156808099,
          0.027562312134765843
        ],
        [
          -0.07848056267442605,
          -0.7481436647633084,
          -0.6588792439869631
        ]
      ],
      "tx": -0.07555758695654598,
      "ty": -0.06567025527611024,
      "tz": 0.0
    },
    {
      "R": [
        [
          -0.6284436526627728,
          0.45840429080537304,
          0.6284298541596312
        ],
        [
          -0.13521545950727878,
          0.7312220415461588,
          -0.6686038479303744
        ],
        [
          -0.7660126336674271,
          -0.5051532758760362,
          -0.39754850387544116
        ]
      ],
      "tx": 0.010413523684866713,
      "ty": -0.033676014754930955,
      "tz": 0.0
    },
    {
      "R": [
        [
          -0.6955521310070887,
          -0.6903980998958121,
          0.19889116800841203
        ],
        [
          -0.5098287795201284,
          0.279222269908489,
          -0.8137011365115372
        ],
        [
          0.5062428751345686,
          -0.6673720009465509,
          -0.5461984655123837
        ]
      ],
      "tx": 0.08540096108634723,
      "ty": -0.04139189496357272,
      "tz": 0.0
    },
    {
      "R": [
        [
          -0.5531127613003137,
          -0.014524347669536364,
          0.8329797816342944
        ],
        [
          0.28644218034333735,
          -0.9422067803738206,
          0.17377358929870382
        ],
        [
          0.7823152501433789,
          0.334716934651317,
          0.5253069798229685
        ]
      ],
      "tx": -0.008468787721808535,
      "ty": -0.08789123016093071,
      "tz": 0.0
    },
    {
      "R": [
        [
          -0.13274226350666507,
          0.7317407213857263,
          0.6685319798970158
        ],
        [
          0.06285569638482891,
          -0.666928361211222,
          0.7424659739301807
        ],
        [
          0.9891555251380367,
          0.14057765710812814,
          0.04253550764813152
        ]
      ],
      "tx": 0.08920524475829111,
      "ty": 0.08711533097107385,
      "tz": 0.0
    },
    {
      "R": [
        [
          0.014234179188481133,
          0.44367184126779546,
          0.8960762720934388
        ],
        [
          0.786920149563847,
          -0.5578637385073884,
          0.2637133433654293
        ],
        [
          0.6168906437556358,
          0.7013867310725262,
          -0.3570750441043913
        ]
      ],
      "tx": -0.05556136401974534,
      "ty": 0.0942292070199223,
      "tz": 0.0
    }
  ],
  "points_N": 12893
}