{
  "type": "scene",
  "distance_m": 0.6,
  "num_objects": 11,
  "intrinsics": {
    "width": 640,
    "height": 480,
    "fx": 554.2562584220408,
    "fy": 554.2562584220408,
    "cx": -0.05004451574689363,
    "cy": -0.013209809901615924
  },
  "T_wc": [
    [
      0.999999999999,
      0.0,
      0.0,
      0.0
    ],
    [
      -0.0,
      0.9999999999973334,
      0.0,
      0.0
    ],
    [
      0.0,
      0.0,
      -0.9999999999983333,
      0.6150141660124063
    ],
    [
      0.0,
      0.0,
      0.0,
      1.0
    ]
  ],
  "bin_size": {
    "w": 0.25,
    "d": 0.25
  },
  "z_floor": 0.0,
  "piece_aabb": {
    "w": 0.0300283320248127,
    "d": 0.0300283320248127,
    "h": 0.0300283320248127
  },
  "poses": [
    {
      "R": [
        [
          0.4364613044445752,
          0.0022297993503591074,
          -0.8997202663702741
        ],
        [
          -0.7252824813446672,
          -0.5908817141710438,
          -0.3533045741464602
        ],
        [
          -0.5324160515772063,
          0.8067551226073164,
          -0.25627976933381125
        ]
      ],
      "tx": 0.002413493828401239,
      "ty": -0.09505828062396167,
      "tz": 0.0
    },
    {
      "R": [
        [
          -0.8421270312879352,
          0.5379591468491332,
          0.03770967376577369
        ],
        [
          -0.5351867229926619,
          -0.8422889122606343,
          0.06422273596766846
        ],
        [
          0.06631164834736097,
          0.033901985253814784,
          0.9972228540749084
        ]
      ],
      "tx": -0.08315529372743648,
      "ty": -0.07993908936004009,
      "tz": 0.0
    },
    {
      "R": [
        [
          0.5186526512522391,
          -0.839833233059547,
          0.16024845708390317
        ],
        [
          0.4165791036562789,
          0.41190330689729726,
          0.8104304511579029
        ],
        [
          -0.7466332953638983,
          -0.35357574353428045,
          0.563491717630549
        ]
      ],
      "tx": 0.09461699616198735,
      "ty": -0.05559741198680975,
      "tz": 0.0
    },
    {
      "R": [
        [
          0.9227225397374468,
          -0.10181845516530678,
          -0.3717742821232076
        ],
        [
          0.33608331737596453,
          0.6848151758882746,
          0.6465881058716424
        ],
        [
          0.188762068334829,
          -0.7215685532649424,
          0.6661138825284272
        ]
      ],
      "tx": -0.0030034901910363093,
      "ty": 0.03859785871631319,
      "tz": 0.0
    },
    {
      "R": [
        [
          -0.16830860558105476,
          0.572029692075665,
          0.8027790758802706
        ],
        [
          0.7150274802085071,
          -0.4897449351434502,
          0.4988843563873408
        ],
        [
          0.6785336512171185,
          0.6579756301605388,
          -0.3265886622049332
        ]
      ],
      "tx": -0.0946264020254925,
      "ty": 0.03957176421060293,
      "tz": 0.0
    },
    {
      "R": [
        [
          -0.925599580790208,
          -0.29317664945859784,
          0.2394010615123115
        ],
        [
          0.3777038738406829,
          -0.7565312401769779,
          0.5338541620349373
        ],
        [
          0.024600807440663716,
          0.5845578969174174,
          0.8109789549826514
        ]
      ],
      "tx": 0.006409122284204316,
      "ty": -0.03388430253166061,
      "tz": 0.0
    },
    {
      "R": [
        [
          0.211283295327773,
          0.5582050957463367,
          0.8023505718813067
        ],
        [
          0.8154809059782269,
          0.3518702297879962,
          -0.4595413293425008
        ],
        [
          -0.538841591843435,
          0.7513949776727056,
          -0.3808612955235371
        ]
      ],
      "tx": 0.07182220438333234,
      "ty": 0.07221439314420133,
      "tz": 0.0
    },
    {
      "R": [
        [
          0.15477867244234123,
          0.6525509253341667,
          0.7417687324244052
        ],
        [
          0.7246413281467633,
          -0.58532395740393,
          0.3637180369884024
        ],
        [
          0.6715195515386586,
          0.4812204845333629,
          -0.5634610342932276
        ]
      ],
      "tx": 0.020819629729964484,
      "ty": 0.09842449281858687,
      "tz": 0.0
    },
    {
      "R": [
        [
          0.8774303698670801,
          0.17665870347470508,
          -0.44599063725772903
        ],
        [
          -0.4383257648563698,
          -0.08248495880845508,
          -0.8950233267538035
        ],
        [
          -0.19490117982710467,
          0.9808098358280282,
          0.005059253403311148
        ]
      ],
      "tx": 0.09032028627203786,
      "ty": 0.011604135068664118,
      "tz": 0.0
    },
    {
      "R": [
        [
          -0.8445427558792511,
          0.2415591792262291,
          -0.4779086695420264
        ],
        [
          0.4805501393624066,
          -0.051876284290089725,
          -0.8754315591107195
        ],
        [
          -0.23626065489338433,
          -0.9689984592659598,
          -0.07226955714230465
        ]
      ],
      "tx": -0.04639967978208822,
      "ty": 0.09046900761003712,
      "tz": 0.0
    },
    {
      "R": [
        [
          -0.07119036498116227,
          0.7480985333491584,
          -0.6597579225251389
        ],
        [
          0.5091066356329345,
          -0.5415410338674782,
          -0.6689871016635954
        ],
        [
          -0.8577542570505632,
          -0.383512572204069,
          -0.342309423582021
        ]
      ],
      "tx": -0.05004451574689363,
      "ty": -0.013209809901615924,
      "tz": 0.0
    }
  ],
  "points_N": 12870
}