{
  "type": "scene",
  "distance_m": 0.6,
  "num_objects": 12,
  "intrinsics": {
    "width": 640,
    "height": 480,
    "fx": 554.2562584220408,
    "fy": 554.2562584220408,
    "cx": -0.07263011179947444,
    "cy": 0.03964975661407788
  },
  "T_wc": [
    [
      0.999999999999,
      0.0,
      0.0,
      0.0
    ],
    [
      -0.0,
      0.9999999999973334,
      0.0,
      0.0
    ],
    [
      0.0,
      0.0,
      -0.9999999999983333,
      0.6150141660124063
    ],
    [
      0.0,
      0.0,
      0.0,
      1.0
    ]
  ],
  "bin_size": {
    "w": 0.25,
    "d": 0.25
  },
  "z_floor": 0.0,
  "piece_aabb": {
    "w": 0.0300283320248127,
    "d": 0.0300283320248127,
    "h": 0.0300283320248127
  },
  "poses": [
    {
      "R": [
        [
          0.45331285817931133,
          0.18949655318928105,
          -0.8709756075451742
        ],
        [
          -0.8315853131156791,
          0.4416894151322831,
          -0.33671401451439376
        ],
        [
          0.3208945615301097,
          0.8769273156251226,
          0.357806041719414
        ]
      ],
      "tx": -0.027966450659896266,
      "ty": -0.006800556990789047,
      "tz": 0.0
    },
    {
      "R": [
        [
          0.7877256333468496,
          -0.4599886686742543,
          0.4097545012072371
        ],
        [
          0.2508605152968552,
          -0.367979454629626,
          -0.895354746921844
        ],
        [
          0.5626342759140265,
          0.8080851104071712,
          -0.1744738545024127
        ]
      ],
      "tx": -0.020209161872414103,
      "ty": 0.0629547787345896,
      "tz": 0.0
    },
    {
      "R": [
        [
          -0.13247091421185964,
          -0.9343850778701281,
          0.3307204002499828
        ],
        [
          -0.880809570179703,
          0.2639909367408616,
          0.3930436189515477
        ],
        [
          -0.4545612807617045,
          -0.23923484606619727,
          -0.8579864395548229
        ]
      ],
      "tx": 0.06598514159853563,
      "ty": 0.0625919911961432,
      "tz": 0.0
    },
    {
      "R": [
        [
          0.8722649595108526,
          0.3881472666619808,
          0.2974819991064397
        ],
        [
          -0.44364381339363995,
          0.3721272708940091,
          0.8152922550193432
        ],
        [
          0.20575229584886723,
          -0.8431269143135035,
          0.4967927124194861
        ]
      ],
      "tx": 0.05212372363401435,
      "ty": -0.06004184638949024,
      "tz": 0.0
    },
    {
      "R": [
        [
          -0.294220364454713,
          0.9299604394546229,
          0.22047212565197596
        ],
        [
          0.8446960716267927,
          0.36094460496142466,
          -0.3952309941382448
        ],
        [
          -0.4471274132933477,
          0.06994693130227983,
          -0.8917311831953585
        ]
      ],
      "tx": 0.04063618043453571,
      "ty": 0.000629873211914253,
      "tz": 0.0
    },
    {
      "R": [
        [
          -0.049236223686851766,
          0.3725523037970335,
          -0.9267041465390026
        ],
        [
          0.8410426199225514,
          0.5159153715531567,
          0.1627225886869405
        ],
        [
          0.5387235893766572,
          -0.7713858375227609,
          -0.3387340902809157
        ]
      ],
      "tx": -0.09516912528969507,
      "ty": -0.013841680545993662,
      "tz": 0.0
    },
    {
      "R": [
        [
          -0.05737952525278245,
          0.030726050594341026,
          -0.9978795016917821
        ],
        [
          0.9769921587740524,
          0.2073812583423187,
          -0.049792925023274925
        ],
        [
          0.20541156680134232,
          -0.9777775429530127,
          -0.04191854865077271
        ]
      ],
      "tx": -0.08835025368966634,
      "ty": 0.09662303987918636,
      "tz": 0.0
    },
    {
      "R": [
        [
          0.5307675656000639,
          0.6283988752550795,
          0.5686832553233239
        ],
        [
          -0.7413010092400827,
          0.01897915533434069,
          0.6709043190816629
        ],
        [
          0.41080239167587207,
          -0.7776597232986583,
          0.4759062405058768
        ]
      ],
      "tx": -0.0602725454350971,
      "ty": -0.08597072190808522,
      "tz": 0.0
    },
    {
      "R": [
        [
          -0.5399191373476131,
          0.07811027091295897,
          0.838084787300016
        ],
        [
          -0.7349156383514203,
          0.4416642406929855,
          -0.5146180165905708
        ],
        [
          -0.4103490339117829,
          -0.8937737320323264,
          -0.18105851622244562
        ]
      ],
      "tx": 0.001136115097814444,
      "ty": -0.08606081983235099,
      "tz": 0.0
    },
    {
      "R": [
        [
          0.4978124578847768,
          0.8543618057141646,
          -0.14915985288122713
        ],
        [
          0.4240726642780315,
          -0.08976346420777825,
          0.9011686278968832
        ],
        [
          0.7565349510675957,
          -0.5118675858366605,
          -0.4069968579521219
        ]
      ],
      "tx": 0.09837488372792683,
      "ty": -0.09655667863977217,
      "tz": 0.0
    },
    {
      "R": [
        [
          -0.14644910988853166,
          0.13884403133115425,
          0.9794258487382136
        ],
        [
          0.8352200206961613,
          0.5478849917708178,
          0.0472181407998537
        ],
        [
          -0.5300567660554486,
          0.824951132344216,
          -0.1962025840880668
        ]
      ],
      "tx": 0.095259888856218,
      "ty": -0.01658968424593628,
      "tz": 0.0
    },
    {
      "R": [
        [
          -0.05995194565662043,
          -0.6950153846866782,
          -0.7164910182694645
        ],
        [
          0.7569991452969544,
          0.4362174259679117,
          -0.486483968185602
        ],
        [
          0.6506597100110517,
          -0.5715487488664096,
          0.49997396875995037
        ]
      ],
      "tx": -0.07263011179947444,
      "ty": 0.03964975661407788,
      "tz": 0.0
    }
  ],
  "points_N": 14255
}