{
  "type": "scene",
  "distance_m": 0.6,
  "num_objects": 8,
  "intrinsics": {
    "width": 640,
    "height": 480,
    "fx": 554.2562584220408,
    "fy": 554.2562584220408,
    "cx": 0.07113926938050832,
    "cy": -0.026377153929163233
  },
  "T_wc": [
    [
      0.999999999999,
      0.0,
      0.0,
      0.0
    ],
    [
      -0.0,
      0.9999999999973334,
      0.0,
      0.0
    ],
    [
      0.0,
      0.0,
      -0.9999999999983333,
      0.6150141660124063
    ],
    [
      0.0,
      0.0,
      0.0,
      1.0
    ]
  ],
  "bin_size": {
    "w": 0.25,
    "d": 0.25
  },
  "z_floor": 0.0,
  "piece_aabb": {
    "w": 0.0300283320248127,
    "d": 0.0300283320248127,
    "h": 0.0300283320248127
  },
  "poses": [
    {
      "R": [
        [
          -0.868849134551656,
          -0.326944367938631,
          -0.37176412099885014
        ],
        [
          0.12694778167651294,
          0.5786862251291777,
          -0.8056094050922911
        ],
        [
          0.4785242335726071,
          -0.7471476648688342,
          -0.461286163639012
        ]
      ],
      "tx": 0.053301325413608935,
      "ty": 0.030450448867721885,
      "tz": 0.0
    },
    {
      "R": [
        [
          -0.5230475236731125,
          0.660279253540273,
          -0.5389365410915512
        ],
        [
          0.401299431595438,
          -0.3670654026020448,
          -0.8391792159090794
        ],
        [
          -0.7519175846996822,
          -0.6552055384052389,
          -0.07297703928289812
        ]
      ],
      "tx": -0.09558575722954496,
      "ty": 0.07105324355022083,
      "tz": 0.0
    },
    {
      "R": [
        [
          -0.06642761092244553,
          0.44674923888442897,
          0.8921897164075137
        ],
        [
          0.9899141465149486,
          0.14164130442037814,
          0.0027791026743752
        ],
        [
          -0.12512935321784874,
          0.8833758307981248,
          -0.451652284977067
        ]
      ],
      "tx": -0.04818529956555995,
      "ty": 0.03177018908391552,
      "tz": 0.0
    },
    {
      "R": [
        [
          0.7176667199851492,
          -0.4446654943583769,
          0.5359357024427257
        ],
        [
          0.23481806964158633,
          -0.5700027585117757,
          -0.7873736911141782
        ],
        [
          0.6556027403813659,
          0.6909192814041207,
          -0.30465651706217756
        ]
      ],
      "tx": 0.029055092597833565,
      "ty": -0.07446486887362529,
      "tz": 0.0
    },
    {
      "R": [
        [
          0.2832418783340026,
          -0.9590427846301799,
          -0.0033129453083746707
        ],
        [
          -0.7628546130261609,
          -0.22320381211008544,
          -0.6068219653607073
        ],
        [
          0.58122876541215,
          0.17440468889429472,
          -0.7948308793379582
        ]
      ],
      "tx": -0.07059410194820015,
      "ty": -0.06122661739784631,
      "tz": 0.0
    },
    {
      "R": [
        [
          -0.5454319163727921,
          -0.7431038180603982,
          -0.38768639412025047
        ],
        [
          0.8091073287758934,
          -0.5875351234791233,
          -0.012157680679710625
        ],
        [
          -0.21874495450876524,
          -0.3203110898211771,
          0.9217111535695595
        ]
      ],
      "tx": 0.09380181845489488,
      "ty": -0.08848456215986109,
      "tz": 0.0
    },
    {
      "R": [
        [
          0.5973437544966529,
          0.33867783796818274,
          -0.7269647591410741
        ],
        [
          0.6682070067097361,
          0.29107800601314116,
          0.6846699866354801
        ],
        [
          0.44348600332801624,
          -0.8947462860971321,
          -0.05243327538435549
        ]
      ],
      "tx": 0.006592902889435953,
      "ty": 0.07222048149853103,
      "tz": 0.0
    },
    {
      "R": [
        [
          0.03956994779539291,
          0.9838940925294004,
          0.17431762365640935
        ],
        [
          0.9832704145896127,
          -0.06938395347212145,
          0.16841959147720734
        ],
        [
          0.17780188700978639,
          0.16473700764043922,
          -0.970179471690384
        ]
      ],
      "tx": 0.07113926938050832,
      "ty": -0.026377153929163233,
      "tz": 0.0
    }
  ],
  "points_N": 9031
}