{
  "type": "scene",
  "distance_m": 0.6,
  "num_objects": 11,
  "intrinsics": {
    "width": 640,
    "height": 480,
    "fx": 554.2562584220408,
    "fy": 554.2562584220408,
    "cx": -0.050657048429796236,
    "cy": 0.09720964582593253
  },
  "T_wc": [
    [
      0.999999999999,
      0.0,
      0.0,
      0.0
    ],
    [
      -0.0,
      0.9999999999973334,
      0.0,
      0.0
    ],
    [
      0.0,
      0.0,
      -0.9999999999983333,
      0.6150141660124063
    ],
    [
      0.0,
      0.0,
      0.0,
      1.0
    ]
  ],
  "bin_size": {
    "w": 0.25,
    "d": 0.25
  },
  "z_floor": 0.0,
  "piece_aabb": {
    "w": 0.0300283320248127,
    "d": 0.0300283320248127,
    "h": 0.0300283320248127
  },
  "poses": [
    {
      "R": [
        [
          -0.44729006629476675,
          -0.5271753937634331,
          0.7225079243886481
        ],
        [
          -0.2748945378405837,
          -0.6876881318697032,
          -0.671950910670541
        ],
        [
          0.8510961107063262,
          -0.499170449341632,
          0.16267843386459724
        ]
      ],
      "tx": 0.03973516392266532,
      "ty": 0.06910414517751845,
      "tz": 0.0
    },
    {
      "R": [
        [
          0.2327849331369759,
          0.10826054894224246,
          -0.966483744533315
        ],
        [
          -0.02176588766202104,
          0.9941157980312958,
          0.10611327079533499
        ],
        [
          0.9722846399273712,
          -0.0036651940363562896,
          0.23377156652163222
        ]
      ],
      "tx": -0.09485829707469164,
      "ty": -0.043408526650191064,
      "tz": 0.0
    },
    {
      "R": [
        [
          0.7426492607119182,
          0.663422541755947,
          0.09133787086482914
        ],
        [
          -0.6301205093568847,
          0.7384317906028643,
          -0.24013878136375177
        ],
        [
          -0.2267602682390848,
          0.12078502273513175,
          0.9664319733074915
        ]
      ],
      "tx": 0.08834471510990646,
      "ty": -0.09590199387730083,
      "tz": 0.0
    },
    {
      "R": [
        [
          0.4789136540966664,
          -0.08822487420541936,
          -0.8734174737725463
        ],
        [
          0.851803479632493,
          -0.1939145308858663,
          0.4866497578313294
        ],
        [
          -0.21230295336088856,
          -0.9770432571195364,
          -0.017718061730676027
        ]
      ],
      "tx": -0.03660979417528275,
      "ty": -0.03387029575691669,
      "tz": 0.0
    },
    {
      "R": [
        [
          -0.19449228897711346,
          0.2831113400361088,
          0.9391595810464808
        ],
        [
          0.8063326496626179,
          0.5913547319670216,
          -0.0112800296220259
        ],
        [
          -0.5585699666259407,
          0.7550811546603257,
          -0.3432958523785634
        ]
      ],
      "tx": 0.06501710318844922,
      "ty": -0.013214305977652482,
      "tz": 0.0
    },
    {
      "R": [
        [
          -0.9678288178395014,
          -0.06528861338971644,
          -0.2429913091471403
        ],
        [
          -0.23105146219022016,
          0.6129560059471644,
          0.7555793516190481
        ],
        [
          0.0996122541615951,
          0.7874149679393629,
          -0.6083215162115325
        ]
      ],
      "tx": -0.029198525685547996,
      "ty": 0.04297145505854982,
      "tz": 0.0
    },
    {
      "R": [
        [
          0.493068563357244,
          -0.8697692649894686,
          -0.01961676600520501
        ],
        [
          -0.034910368483077936,
          0.00274961327599621,
          -0.9993866648095763
        ],
        [
          0.8692897434119415,
          0.49345097558573336,
          -0.029008217668254677
        ]
      ],
      "tx": -0.09285700684443396,
      "ty": 0.05270103681399685,
      "tz": 0.0
    },
    {
      "R": [
        [
          0.5031599400008266,
          -0.6646652444212219,
          -0.5523134867417613
        ],
        [
          0.42713284243766914,
          -0.3643161829469257,
          0.827545318247949
        ],
        [
          -0.7512573525027769,
          -0.6522988821862713,
          0.10059104636625926
        ]
      ],
      "tx": 0.034210951620090774,
      "ty": -0.0670474480699377,
      "tz": 0.0
    },
    {
      "R": [
        [
          -0.8724865847620242,
          -0.42525190916876204,
          0.24068230753136333
        ],
        [
          0.4702033767040004,
          -0.8646787329453716,
          0.1767469188646372
        ],
        [
          0.13295090803170423,
          0.26737894932157563,
          0.9543754782648366
        ]
      ],
      "tx": -0.056986737658334875,
      "ty": -0.09573610108942507,
      "tz": 0.0
    },
    {
      "R": [
        [
          -0.9418888030344106,
          -0.07442702466352169,
          0.3275760991252877
        ],
        [
          -0.3305145229672292,
          0.031013970178440653,
          -0.94329119775471
        ],
        [
          0.060046921870731185,
          -0.9967440753039398,
          -0.0538109238012503
        ]
      ],
      "tx": 0.09685371821514857,
      "ty": 0.05148731999870432,
      "tz": 0.0
    },
    {
      "R": [
        [
          0.9441998018365697,
          0.001336684086550119,
          -0.3293705322086895
        ],
        [
          -0.17809478036500576,
          0.8432752562732114,
          -0.5071184194683626
        ],
        [
          0.2770721628358268,
          0.5374802837621139,
          0.7964583863256602
        ]
      ],
      "tx": -0.050657048429796236,
      "ty": 0.09720964582593253,
      "tz": 0.0
    }
  ],
  "points_N": 11928
}