{
  "type": "scene",
  "distance_m": 0.6,
  "num_objects": 3,
  "intrinsics": {
    "width": 640,
    "height": 480,
    "fx": 554.2562584220408,
    "fy": 554.2562584220408,
    "cx": -0.00017815422583503104,
    "cy": -0.075009862261602
  },
  "T_wc": [
    [
      0.999999999999,
      0.0,
      0.0,
      0.0
    ],
    [
      -0.0,
      0.9999999999973334,
      0.0,
      0.0
    ],
    [
      0.0,
      0.0,
      -0.9999999999983333,
      0.6150141660124063
    ],
    [
      0.0,
      0.0,
      0.0,
      1.0
    ]
  ],
  "bin_size": {
    "w": 0.25,
    "d": 0.25
  },
  "z_floor": 0.0,
  "piece_aabb": {
    "w": 0.0300283320248127,
    "d": 0.0300283320248127,
    "h": 0.0300283320248127
  },
  "poses": [
    {
      "R": [
        [
          -0.11242557379860352,
          -0.993544022646421,
          0.015190965065542905
        ],
        [
          -0.9449944290887989,
          0.1021811414554461,
          -0.3107161780821797
        ],
        [
          0.3071579713228836,
          -0.04928782196881881,
          -0.950381339914868
        ]
      ],
      "tx": 0.07857635425067885,
      "ty": -0.03626156637108166,
      "tz": 0.0
    },
    {
      "R": [
        [
          0.7316902814886588,
          -0.11259133368935947,
          -0.6722741431537423
        ],
        [
          0.6331328915201695,
          0.4776474788030334,
          0.6090941041156244
        ],
        [
          0.25253133201715083,
          -0.871307108642617,
          0.42077529487659615
        ]
      ],
      "tx": 0.017352766044912704,
      "ty": 0.0588233924690639,
      "tz": 0.0
    },
    {
      "R": [
        [
          0.7144797376002591,
          0.6320125219780756,
          0.30013143224523764
        ],
        [
          -0.6268515243773957,
          0.3877080494469196,
          0.6758251510411555
        ],
        [
          0.31076658595222295,
          -0.6710012223960384,
          0.6731875582619022
        ]
      ],
      "tx": -0.00017815422583503104,
      "ty": -0.075009862261602,
      "tz": 0.0
    }
  ],
  "points_N": 3371
}