{
  "type": "scene",
  "distance_m": 0.6,
  "num_objects": 5,
  "intrinsics": {
    "width": 640,
    "height": 480,
    "fx": 554.2562584220408,
    "fy": 554.2562584220408,
    "cx": -0.02676488165373038,
    "cy": -0.07783908128871053
  },
  "T_wc": [
    [
      0.999999999999,
      0.0,
      0.0,
      0.0
    ],
    [
      -0.0,
      0.9999999999973334,
      0.0,
      0.0
    ],
    [
      0.0,
      0.0,
      -0.9999999999983333,
      0.6150141660124063
    ],
    [
      0.0,
      0.0,
      0.0,
      1.0
    ]
  ],
  "bin_size": {
    "w": 0.25,
    "d": 0.25
  },
  "z_floor": 0.0,
  "piece_aabb": {
    "w": 0.0300283320248127,
    "d": 0.0300283320248127,
    "h": 0.0300283320248127
  },
  "poses": [
    {
      "R": [
        [
          0.917478736499602,
          0.0975092212225914,
          -0.3856484407431952
        ],
        [
          -0.11389749107272829,
          -0.86450264784553,
          -0.48955340198532504
        ],
        [
          -0.3811300691344515,
          0.49307922653933745,
          -0.7820567413921684
        ]
      ],
      "tx": 0.09591282380636632,
      "ty": 0.02891122780490049,
      "tz": 0.0
    },
    {
      "R": [
        [
          -0.2829381378971696,
          -0.35177233948133907,
          0.8923016481544273
        ],
        [
          0.9120584098764681,
          -0.386566149983123,
          0.13680668353861153
        ],
        [
          0.29680880562559175,
          0.8525390506381809,
          0.43021122723617844
        ]
      ],
      "tx": 0.07049188227768655,
      "ty": -0.08799989097552899,
      "tz": 0.0
    },
    {
      "R": [
        [
          -0.8723562475755593,
          0.4848500357097181,
          -0.06257012216845423
        ],
        [
          0.13740289314750287,
          0.12033970529045257,
          -0.9831779087659075
        ],
        [
          -0.46916417411241673,
          -0.8662787070007506,
          -0.1715988913907136
        ]
      ],
      "tx": -0.024921109904889868,
      "ty": 0.02831111523746488,
      "tz": 0.0
    },
    {
      "R": [
        [
          -0.0949236316434201,
          0.5384506138156537,
          -0.8372935211962229
        ],
        [
          -0.753799898809953,
          0.5104898004716001,
          0.413746149430506
        ],
        [
          0.6502116706963423,
          0.670426058634367,
          0.3574264724307077
        ]
      ],
      "tx": -0.08958905239988578,
      "ty": 0.08651039400780625,
      "tz": 0.0
    },
    {
      "R": [
        [
          0.5542024643628982,
          -0.014882545038571005,
          -0.8322488440047637
        ],
        [
          -0.6869441048525109,
          -0.5728180833971883,
          -0.44719932931697753
        ],
        [
          -0.47007172357255556,
          0.8195474075282936,
          -0.3276806700298023
        ]
      ],
      "tx": -0.02676488165373038,
      "ty": -0.07783908128871053,
      "tz": 0.0
    }
  ],
  "points_N": 6245
}