{
  "type": "scene",
  "distance_m": 0.6,
  "num_objects": 5,
  "intrinsics": {
    "width": 640,
    "height": 480,
    "fx": 554.2562584220408,
    "fy": 554.2562584220408,
    "cx": -0.09163558663344604,
    "cy": -0.08721978509487988
  },
  "T_wc": [
    [
      0.999999999999,
      0.0,
      0.0,
      0.0
    ],
    [
      -0.0,
      0.9999999999973334,
      0.0,
      0.0
    ],
    [
      0.0,
      0.0,
      -0.9999999999983333,
      0.6150141660124063
    ],
    [
      0.0,
      0.0,
      0.0,
      1.0
    ]
  ],
  "bin_size": {
    "w": 0.25,
    "d": 0.25
  },
  "z_floor": 0.0,
  "piece_aabb": {
    "w": 0.0300283320248127,
    "d": 0.0300283320248127,
    "h": 0.0300283320248127
  },
  "poses": [
    {
      "R": [
        [
          -0.8158873855000368,
          0.07241111005997267,
          0.5736587882372213
        ],
        [
          0.40423860821995383,
          0.78080894021617,
          0.4763701780158957
        ],
        [
          -0.41342341709959923,
          0.6205594492217357,
          -0.6663235311583307
        ]
      ],
      "tx": -0.08196095226743232,
      "ty": 0.037349481928515005,
      "tz": 0.0
    },
    {
      "R": [
        [
          0.9209054081400921,
          -0.1142743431672912,
          0.3726588302348605
        ],
        [
          -0.3076455464380916,
          0.3739786750055374,
          0.8749252358904221
        ],
        [
          -0.23934796221221194,
          -0.9203702109123192,
          0.30924299159410995
        ]
      ],
      "tx": 0.029224371301032642,
      "ty": -0.028750772047124534,
      "tz": 0.0
    },
    {
      "R": [
        [
          0.03699286301595839,
          0.8660569111102615,
          -0.4985749239623218
        ],
        [
          0.37404445493224403,
          0.45064885803344723,
          0.8105592837588071
        ],
        [
          0.9266726896916315,
          -0.2164740942267745,
          -0.3072729937830112
        ]
      ],
      "tx": 0.03897702391171978,
      "ty": 0.042267803663279535,
      "tz": 0.0
    },
    {
      "R": [
        [
          0.5983402287078513,
          0.3398525757931261,
          0.725595753458228
        ],
        [
          0.31896440276828053,
          -0.9317701479985125,
          0.17339579310209366
        ],
        [
          0.7350174695043039,
          0.12768953765131827,
          -0.6659164373236948
        ]
      ],
      "tx": -0.027051162857899935,
      "ty": -0.06058450866438906,
      "tz": 0.0
    },
    {
      "R": [
        [
          0.09420351917419367,
          -0.8340657443820341,
          0.5435623524708466
        ],
        [
          -0.9608492272277271,
          -0.21907358128060705,
          -0.16963351237526422
        ],
        [
          0.26056565297651363,
          -0.5063013924860694,
          -0.8220489282613235
        ]
      ],
      "tx": -0.09163558663344604,
      "ty": -0.08721978509487988,
      "tz": 0.0
    }
  ],
  "points_N": 5991
}