{
  "type": "scene",
  "distance_m": 0.6,
  "num_objects": 6,
  "intrinsics": {
    "width": 640,
    "height": 480,
    "fx": 554.2562584220408,
    "fy": 554.2562584220408,
    "cx": 0.09700731754253175,
    "cy": -0.06186300872462978
  },
  "T_wc": [
    [
      0.999999999999,
      0.0,
      0.0,
      0.0
    ],
    [
      -0.0,
      0.9999999999973334,
      0.0,
      0.0
    ],
    [
      0.0,
      0.0,
      -0.9999999999983333,
      0.6150141660124063
    ],
    [
      0.0,
      0.0,
      0.0,
      1.0
    ]
  ],
  "bin_size": {
    "w": 0.25,
    "d": 0.25
  },
  "z_floor": 0.0,
  "piece_aabb": {
    "w": 0.0300283320248127,
    "d": 0.0300283320248127,
    "h": 0.0300283320248127
  },
  "poses": [
    {
      "R": [
        [
          0.614145043301427,
          -0.7868774261948036,
          -0.06041342510841208
        ],
        [
          -0.3067940609558265,
          -0.3085744328088673,
          0.9003661608362001
        ],
        [
          -0.727119845658555,
          -0.5344209348086273,
          -0.4309187794558875
        ]
      ],
      "tx": -0.07055738063252363,
      "ty": -0.0009394335115779778,
      "tz": 0.0
    },
    {
      "R": [
        [
          -0.47566368898409817,
          0.8790128774183076,
          -0.03286968686839287
        ],
        [
          -0.6146347500432464,
          -0.35886710116488474,
          -0.7024517974500373
        ],
        [
          -0.6292600249668772,
          -0.3139279615362409,
          0.7109719093919151
        ]
      ],
      "tx": 0.0562076670741824,
      "ty": -0.013397672865651883,
      "tz": 0.0
    },
    {
      "R": [
        [
          -0.22616485363332806,
          0.29211170893344723,
          -0.9292578805073415
        ],
        [
          0.9698323755330565,
          -0.021560355975136947,
          -0.24281745081054995
        ],
        [
          -0.0909649512115725,
          -0.9561411509574339,
          -0.27842319784254665
        ]
      ],
      "tx": 0.004682426037017254,
      "ty": -0.09783922914103318,
      "tz": 0.0
    },
    {
      "R": [
        [
          0.8472122309979433,
          0.32149056454392316,
          0.4229364639715014
        ],
        [
          0.4537429180096762,
          -0.851957116849807,
          -0.26131673387869486
        ],
        [
          0.27631286615637685,
          0.4132951584015882,
          -0.8676625565496383
        ]
      ],
      "tx": 0.02466104297390402,
      "ty": 0.06130268826483229,
      "tz": 0.0
    },
    {
      "R": [
        [
          -0.5389869716185813,
          -0.15696168807334676,
          0.8275603137551949
        ],
        [
          0.4041692192170101,
          0.8137994249455132,
          0.4175856058293491
        ],
        [
          -0.7390130490478118,
          0.5595476069428923,
          -0.3751882046407369
        ]
      ],
      "tx": -0.05455222857300895,
      "ty": -0.09857055355350289,
      "tz": 0.0
    },
    {
      "R": [
        [
          0.2404836367501182,
          -0.5793268547447604,
          0.77881192583767
        ],
        [
          0.9676203870412942,
          0.07970496291131057,
          -0.23949510531399754
        ],
        [
          0.07667077042454545,
          0.8111889510211847,
          0.5797362147594859
        ]
      ],
      "tx": 0.09700731754253175,
      "ty": -0.06186300872462978,
      "tz": 0.0
    }
  ],
  "points_N": 7106
}