{
  "type": "scene",
  "distance_m": 0.6,
  "num_objects": 9,
  "intrinsics": {
    "width": 640,
    "height": 480,
    "fx": 554.2562584220408,
    "fy": 554.2562584220408,
    "cx": 0.024454482549865722,
    "cy": -0.09228745499366113
  },
  "T_wc": [
    [
      0.999999999999,
      0.0,
      0.0,
      0.0
    ],
    [
      -0.0,
      0.9999999999973334,
      0.0,
      0.0
    ],
    [
      0.0,
      0.0,
      -0.9999999999983333,
      0.6150141660124063
    ],
    [
      0.0,
      0.0,
      0.0,
      1.0
    ]
  ],
  "bin_size": {
    "w": 0.25,
    "d": 0.25
  },
  "z_floor": 0.0,
  "piece_aabb": {
    "w": 0.0300283320248127,
    "d": 0.0300283320248127,
    "h": 0.0300283320248127
  },
  "poses": [
    {
      "R": [
        [
          0.08676174488499133,
          -0.8720735300203193,
          -0.4816224225079344
        ],
        [
          -0.545422076255363,
          0.3629730703490257,
          -0.7554901117385259
        ],
        [
          0.8336588980859023,
          0.3282351419932069,
          -0.4441559784612821
        ]
      ],
      "tx": 0.008338096975821163,
      "ty": -0.03384067846033961,
      "tz": 0.0
    },
    {
      "R": [
        [
          -0.7305638066058604,
          0.2841707248747984,
          -0.6209054063234482
        ],
        [
          0.6444564266038042,
          -0.013645351926694804,
          -0.7645192728635767
        ],
        [
          -0.22572646873286728,
          -0.9586765896249517,
          -0.17316684965218254
        ]
      ],
      "tx": 0.08351750889033929,
      "ty": -0.07244139914071303,
      "tz": 0.0
    },
    {
      "R": [
        [
          0.6562311072083319,
          0.20394563323471657,
          0.7264756793015286
        ],
        [
          0.38472874598923723,
          0.7377970797149849,
          -0.5546523786783838
        ],
        [
          -0.6491105652673324,
          0.6434762216652071,
          0.4057016467920649
        ]
      ],
      "tx": -0.02917283762492981,
      "ty": 0.09217498771514906,
      "tz": 0.0
    },
    {
      "R": [
        [
          -0.6442010006347605,
          0.4319439144895986,
          -0.6312127418838883
        ],
        [
          0.6116591290383913,
          -0.20454988864507562,
          -0.7642201599796252
        ],
        [
          -0.4592147434971688,
          -0.878398427702765,
          -0.13243119558525507
        ]
      ],
      "tx": -0.05111786268740705,
      "ty": -0.03907403113393614,
      "tz": 0.0
    },
    {
      "R": [
        [
          -0.7022293904842487,
          0.7073106027568967,
          -0.08115167507695734
        ],
        [
          -0.6017797375707421,
          -0.6506035572395976,
          -0.46322365953874833
        ],
        [
          -0.38044057432062806,
          -0.27645383436454085,
          0.8825181283552954
        ]
      ],
      "tx": -0.08279560347573191,
      "ty": 0.038220314252696924,
      "tz": 0.0
    },
    {
      "R": [
        [
          0.22130736925820882,
          -0.7573337329895853,
          -0.6143847859347353
        ],
        [
          0.04848746696057071,
          -0.6206819639425478,
          0.7825617325068801
        ],
        [
          -0.9739979537246259,
          -0.2029766403123316,
          -0.10064029822968568
        ]
      ],
      "tx": 0.002662550637755598,
      "ty": 0.034273535363127106,
      "tz": 0.0
    },
    {
      "R": [
        [
          0.24824260678309273,
          0.7623521500344017,
          -0.5976577678868232
        ],
        [
          0.33295959646457596,
          -0.646529993057799,
          -0.6863941106964928
        ],
        [
          -0.9096776985832299,
          -0.028603625899655705,
          -0.4143287550794792
        ]
      ],
      "tx": 0.047870268998876336,
      "ty": 0.07725324188289492,
      "tz": 0.0
    },
    {
      "R": [
        [
          -0.7682436482964958,
          0.3328167142507624,
          -0.5468406820705795
        ],
        [
          0.0812058009828032,
          -0.7966613364669475,
          -0.5989460183233866
        ],
        [
          -0.6349860744448114,
          -0.5045431098469422,
          0.5850033637229319
        ]
      ],
      "tx": -0.08219687882385454,
      "ty": -0.09764290936934465,
      "tz": 0.0
    },
    {
      "R": [
        [
          -0.9003424078291822,
          0.21227433961288605,
          0.37989887260462346
        ],
        [
          0.08135108074167258,
          0.9396734131378909,
          -0.3322587520351398
        ],
        [
          -0.42751087743648425,
          -0.26824146097070783,
          -0.8632965702988677
        ]
      ],
      "tx": 0.024454482549865722,
      "ty": -0.09228745499366113,
      "tz": 0.0
    }
  ],
  "points_N": 10297
}