{
  "type": "scene",
  "distance_m": 0.6,
  "num_objects": 11,
  "intrinsics": {
    "width": 640,
    "height": 480,
    "fx": 554.2562584220408,
    "fy": 554.2562584220408,
    "cx": 0.00014967063328023833,
    "cy": 0.08973833551931418
  },
  "T_wc": [
    [
      0.999999999999,
      0.0,
      0.0,
      0.0
    ],
    [
      -0.0,
      0.9999999999973334,
      0.0,
      0.0
    ],
    [
      0.0,
      0.0,
      -0.9999999999983333,
      0.6150141660124063
    ],
    [
      0.0,
      0.0,
      0.0,
      1.0
    ]
  ],
  "bin_size": {
    "w": 0.25,
    "d": 0.25
  },
  "z_floor": 0.0,
  "piece_aabb": {
    "w": 0.0300283320248127,
    "d": 0.0300283320248127,
    "h": 0.0300283320248127
  },
  "poses": [
    {
      "R": [
        [
          0.1448254968254844,
          0.9893732694743181,
          0.012888332667561953
        ],
        [
          -0.4190181831717784,
          0.07312591272123758,
          -0.9050283769363852
        ],
        [
          -0.8963533553463574,
          0.12567073859249828,
          0.4251558864945215
        ]
      ],
      "tx": -0.054116125100578456,
      "ty": -0.041098582158473465,
      "tz": 0.0
    },
    {
      "R": [
        [
          -0.6060417661042239,
          -0.7784383952172538,
          0.16354523101839463
        ],
        [
          0.710477440343193,
          -0.437294884531239,
          0.5513574074284258
        ],
        [
          -0.3576802825159056,
          0.45034081406685433,
          0.8180818826284719
        ]
      ],
      "tx": 0.06040262832283261,
      "ty": 0.08298445470757668,
      "tz": 0.0
    },
    {
      "R": [
        [
          -0.6452602805781411,
          0.04269932507271762,
          -0.7627686005247943
        ],
        [
          0.4492095423422843,
          0.8288031806681779,
          -0.3336106634730779
        ],
        [
          0.6179400920614023,
          -0.5579086442713055,
          -0.5539747171762441
        ]
      ],
      "tx": -0.016401690724503204,
      "ty": 0.022624250998211096,
      "tz": 0.0
    },
    {
      "R": [
        [
          0.12858528180429696,
          0.36298083493399314,
          0.9228817577425239
        ],
        [
          0.6020159717299773,
          0.7109449575069271,
          -0.3635024582825882
        ],
        [
          -0.7880625578501497,
          0.6023306242140564,
          -0.12710320235377415
        ]
      ],
      "tx": 0.0374776018737594,
      "ty": -0.028658747160564074,
      "tz": 0.0
    },
    {
      "R": [
        [
          -0.288604376821159,
          0.5039703960857937,
          -0.8140769948529429
        ],
        [
          0.17643550981859812,
          0.8636894659138625,
          0.4721345330988596
        ],
        [
          0.941051552548914,
          -0.007371996917725943,
          -0.33818283384394787
        ]
      ],
      "tx": -0.018672013517367775,
      "ty": -0.08647089981951755,
      "tz": 0.0
    },
    {
      "R": [
        [
          0.4668542684783399,
          0.6319812475545523,
          -0.6185845089742755
        ],
        [
          0.8457069576140921,
          -0.1145844793346058,
          0.5212006705087144
        ],
        [
          0.2585088660890963,
          -0.7664659808726078,
          -0.5879651914172479
        ]
      ],
      "tx": 0.05719381426159578,
      "ty": -0.08310838461499732,
      "tz": 0.0
    },
    {
      "R": [
        [
          -0.7259135542438016,
          0.501635188966242,
          -0.4705439925829834
        ],
        [
          0.6302695259545865,
          0.7590460531615602,
          -0.16312392170628653
        ],
        [
          0.2753358611189486,
          -0.4149834049340534,
          -0.8671671910371306
        ]
      ],
      "tx": -0.07346302872436877,
      "ty": 0.0734084371365428,
      "tz": 0.0
    },
    {
      "R": [
        [
          0.5547798159440366,
          0.7990902757153583,
          -0.23167668652295037
        ],
        [
          0.8316124439297489,
          -0.524123260582845,
          0.18361794797131625
        ],
        [
          0.025300176329248983,
          -0.2945327468604456,
          -0.9553064231462849
        ]
      ],
      "tx": 0.08683447708485634,
      "ty": 0.010027124777645113,
      "tz": 0.0
    },
    {
      "R": [
        [
          -0.118474785023436,
          -0.4351375876256771,
          -0.8925351562537785
        ],
        [
          0.7687639984461572,
          -0.6091068009640968,
          0.19491233853289291
        ],
        [
          -0.6284629185614116,
          -0.6630566980693208,
          0.4066819090378647
        ]
      ],
      "tx": -0.08614633195845195,
      "ty": -0.09410886939836775,
      "tz": 0.0
    },
    {
      "R": [
        [
          -0.03642834444311838,
          0.9720851362067096,
          0.23178322563791498
        ],
        [
          0.6457924587551753,
          0.19990168871444425,
          -0.7368795119041229
        ],
        [
          -0.7626434789179533,
          0.12284055851019443,
          -0.6350473378015413
        ]
      ],
      "tx": -0.08257685495199227,
      "ty": 0.012565241192177709,
      "tz": 0.0
    },
    {
      "R": [
        [
          0.11861212943342359,
          0.4389519337297037,
          0.8906471594443126
        ],
        [
          -0.48197004967862894,
          0.8096754844529058,
          -0.3348588972817242
        ],
        [
          -0.8681221307880873,
          -0.3895469288171916,
          0.3075990186672335
        ]
      ],
      "tx": 0.00014967063328023833,
      "ty": 0.08973833551931418,
      "tz": 0.0
    }
  ],
  "points_N": 13120
}