{
  "type": "scene",
  "distance_m": 0.6,
  "num_objects": 11,
  "intrinsics": {
    "width": 640,
    "height": 480,
    "fx": 554.2562584220408,
    "fy": 554.2562584220408,
    "cx": 0.013084186538016948,
    "cy": 0.060269371677328265
  },
  "T_wc": [
    [
      0.999999999999,
      0.0,
      0.0,
      0.0
    ],
    [
      -0.0,
      0.9999999999973334,
      0.0,
      0.0
    ],
    [
      0.0,
      0.0,
      -0.9999999999983333,
      0.6150141660124063
    ],
    [
      0.0,
      0.0,
      0.0,
      1.0
    ]
  ],
  "bin_size": {
    "w": 0.25,
    "d": 0.25
  },
  "z_floor": 0.0,
  "piece_aabb": {
    "w": 0.0300283320248127,
    "d": 0.0300283320248127,
    "h": 0.0300283320248127
  },
  "poses": [
    {
      "R": [
        [
          -0.12736935844362418,
          -0.9903392326192947,
          0.05482016841169167
        ],
        [
          -0.9839879797154975,
          0.1331135195851787,
          0.11852614344126844
        ],
        [
          -0.12467839550248273,
          -0.03884578791417249,
          -0.991436484327793
        ]
      ],
      "tx": -0.03641086461558403,
      "ty": -0.06259359655407849,
      "tz": 0.0
    },
    {
      "R": [
        [
          0.12738998072589514,
          0.9310433632593638,
          0.341950359761981
        ],
        [
          -0.9676066333512865,
          0.040893624934656314,
          0.24912871077877097
        ],
        [
          0.21796604300955907,
          -0.3626099380469264,
          0.9060931723196899
        ]
      ],
      "tx": -0.08520987672995496,
      "ty": -0.010115630260489908,
      "tz": 0.0
    },
    {
      "R": [
        [
          -0.23241209273979635,
          0.8703640405872506,
          -0.4341094977087505
        ],
        [
          0.9231737948877128,
          0.05690889492836004,
          -0.3801467112979575
        ],
        [
          -0.30616133586873473,
          -0.48910920511749534,
          -0.8167235896485447
        ]
      ],
      "tx": 0.05265900183458491,
      "ty": -0.06746420277147755,
      "tz": 0.0
    },
    {
      "R": [
        [
          -0.8686196737220784,
          -0.33814993760737166,
          0.36215256746167146
        ],
        [
          0.44770479425747056,
          -0.8487870417355923,
          0.28128450895955487
        ],
        [
          0.21227406723814798,
          0.406466699100766,
          0.8886644714965832
        ]
      ],
      "tx": -0.09370107294372995,
      "ty": -0.08270101583507068,
      "tz": 0.0
    },
    {
      "R": [
        [
          0.8771223205896725,
          -0.44830289862456096,
          0.17228158870931154
        ],
        [
          0.37197425879463497,
          0.4072206833396085,
          -0.8341501458697973
        ],
        [
          0.3037953020004913,
          0.7957360279296388,
          0.523939489194307
        ]
      ],
      "tx": 0.06132768518122267,
      "ty": 0.09711560117770296,
      "tz": 0.0
    },
    {
      "R": [
        [
          0.2988208613941762,
          -0.9519608864862611,
          0.06690712515072522
        ],
        [
          -0.9515599016624433,
          -0.3025448230371315,
          -0.05477575742600373
        ],
        [
          0.07238678293586426,
          -0.04729799841138399,
          -0.9962545121616633
        ]
      ],
      "tx": -0.045450818170783905,
      "ty": 0.07498114384515528,
      "tz": 0.0
    },
    {
      "R": [
        [
          0.5938004071893227,
          0.663710371116398,
          0.4548512061040708
        ],
        [
          0.7883433501638685,
          -0.5930155791977287,
          -0.16385141159352615
        ],
        [
          0.16098397023990604,
          0.45587395856894053,
          -0.8753645499016289
        ]
      ],
      "tx": 0.04905710621990508,
      "ty": -0.004530553958314407,
      "tz": 0.0
    },
    {
      "R": [
        [
          0.8306171736988596,
          -0.33330632950400385,
          -0.446073986541568
        ],
        [
          0.5004260314118039,
          0.798155418054207,
          0.3354425669412672
        ],
        [
          0.244231238464597,
          -0.5018513916920851,
          0.8297567612347407
        ]
      ],
      "tx": -0.012441034836236736,
      "ty": 0.006520677283667689,
      "tz": 0.0
    },
    {
      "R": [
        [
          -0.15767326241359836,
          -0.35039996740317464,
          -0.923232909489099
        ],
        [
          0.7733290269267419,
          0.537583571908256,
          -0.3361043280395235
        ],
        [
          0.6140857907755164,
          -0.7669574734352715,
          0.18621191022432915
        ]
      ],
      "tx": 0.09863874928911673,
      "ty": 0.04518725812747321,
      "tz": 0.0
    },
    {
      "R": [
        [
          -0.46276343652258634,
          0.7172507786087613,
          -0.5209619203002572
        ],
        [
          0.10104204814731088,
          0.6265205197966501,
          0.7728276281163425
        ],
        [
          0.8807045510975872,
          0.3049973095928241,
          -0.36240327649889736
        ]
      ],
      "tx": -0.09883669979247674,
      "ty": 0.04600614860373567,
      "tz": 0.0
    },
    {
      "R": [
        [
          -0.7219197826933452,
          0.44328534383236134,
          0.5313472793751918
        ],
        [
          0.6916323911103976,
          0.43801491902344014,
          0.5742713350671466
        ],
        [
          0.021828030669459486,
          0.7820748267629601,
          -0.6228021374568158
        ]
      ],
      "tx": 0.013084186538016948,
      "ty": 0.060269371677328265,
      "tz": 0.0
    }
  ],
  "points_N": 12476
}