{
  "type": "scene",
  "distance_m": 0.6,
  "num_objects": 11,
  "intrinsics": {
    "width": 640,
    "height": 480,
    "fx": 554.2562584220408,
    "fy": 554.2562584220408,
    "cx": -0.09752784379062349,
    "cy": -0.050031505041637635
  },
  "T_wc": [
    [
      0.999999999999,
      0.0,
      0.0,
      0.0
    ],
    [
      -0.0,
      0.9999999999973334,
      0.0,
      0.0
    ],
    [
      0.0,
      0.0,
      -0.9999999999983333,
      0.6150141660124063
    ],
    [
      0.0,
      0.0,
      0.0,
      1.0
    ]
  ],
  "bin_size": {
    "w": 0.25,
    "d": 0.25
  },
  "z_floor": 0.0,
  "piece_aabb": {
    "w": 0.0300283320248127,
    "d": 0.0300283320248127,
    "h": 0.0300283320248127
  },
  "poses": [
    {
      "R": [
        [
          0.4229440183441626,
          -0.20629780819162385,
          -0.8823602278447418
        ],
        [
          0.8093560634996353,
          0.5239017489658481,
          0.26546133410894307
        ],
        [
          0.407505975199465,
          -0.8264188839601001,
          0.38854949287172613
        ]
      ],
      "tx": -0.044217005870464794,
      "ty": -0.02511092858465179,
      "tz": 0.0
    },
    {
      "R": [
        [
          -0.5195023528857752,
          -0.8155118019022985,
          0.2550643179753094
        ],
        [
          -0.32134153990237213,
          0.4630557715275243,
          0.826026008784361
        ],
        [
          -0.7917429633910968,
          0.34715969439598726,
          -0.5026163810577298
        ]
      ],
      "tx": 0.034876491497518036,
      "ty": -0.003173481639936762,
      "tz": 0.0
    },
    {
      "R": [
        [
          -0.33403023172895585,
          0.4201134650439836,
          0.8437585441225692
        ],
        [
          0.4860294544075887,
          0.8437577779382686,
          -0.22770195786803668
        ],
        [
          -0.8075884928225276,
          0.3340321670998364,
          -0.4860281242924378
        ]
      ],
      "tx": -0.09718123348647534,
      "ty": 0.027908967244917593,
      "tz": 0.0
    },
    {
      "R": [
        [
          -0.9684075389329752,
          0.08062728861661173,
          0.23597897971665044
        ],
        [
          0.12419796674569761,
          0.9765177836621591,
          0.17603375598952375
        ],
        [
          -0.21624454581332753,
          0.1997805258824748,
          -0.9556809289109567
        ]
      ],
      "tx": 0.0030439628464578733,
      "ty": 0.06375830571556451,
      "tz": 0.0
    },
    {
      "R": [
        [
          0.94751928667115,
          0.3086298894856701,
          0.08339539976676251
        ],
        [
          0.22952261319066675,
          -0.47511965027946235,
          -0.8494590560777187
        ],
        [
          -0.22254566142776777,
          0.824019968953656,
          -0.5210225708597402
        ]
      ],
      "tx": 0.0201762622806846,
      "ty": -0.09707050069670603,
      "tz": 0.0
    },
    {
      "R": [
        [
          0.27831231183534944,
          0.5278841987755442,
          -0.8024216658116634
        ],
        [
          0.8594614153002232,
          0.23609559555171,
          0.4534147608660536
        ],
        [
          0.42879870882618154,
          -0.8158413708829585,
          -0.38798778958211333
        ]
      ],
      "tx": 0.09614434259259394,
      "ty": 0.09046588562718033,
      "tz": 0.0
    },
    {
      "R": [
        [
          -0.6302323999854429,
          0.5811438876553349,
          -0.5148581395388758
        ],
        [
          -0.3579043061428271,
          -0.8059265295251736,
          -0.47157919446465296
        ],
        [
          -0.6889932000049133,
          -0.11293454231701189,
          0.7159149107950167
        ]
      ],
      "tx": 0.09038960578133798,
      "ty": 0.019254387584155208,
      "tz": 0.0
    },
    {
      "R": [
        [
          -0.14416802427275655,
          0.034787729054787,
          0.9889415527140625
        ],
        [
          0.3399570014681549,
          -0.9368141952527549,
          0.08251303367174737
        ],
        [
          0.9293249259166952,
          0.3480933459291411,
          0.1232323195829097
        ]
      ],
      "tx": -0.08741016677815214,
      "ty": 0.08781087477168217,
      "tz": 0.0
    },
    {
      "R": [
        [
          -0.023422793995305113,
          0.33227856421355123,
          0.9428904117052177
        ],
        [
          -0.9982775830154049,
          -0.05851857915497827,
          -0.004176498845232357
        ],
        [
          0.05378884615210838,
          -0.9413641865175582,
          0.3330769105953777
        ]
      ],
      "tx": 0.0698519799202206,
      "ty": -0.06433744997320415,
      "tz": 0.0
    },
    {
      "R": [
        [
          -0.3874917219741767,
          -0.8913496219610078,
          0.23525734171637652
        ],
        [
          0.241511899511538,
          0.1481281231564291,
          0.959025579181537
        ],
        [
          -0.8896753159416169,
          0.42843192056629303,
          0.15787311881400679
        ]
      ],
      "tx": -0.0534771214109589,
      "ty": -0.09853149424183566,
      "tz": 0.0
    },
    {
      "R": [
        [
          0.6327481225164097,
          0.09504865918227652,
          0.7685021573421965
        ],
        [
          -0.06924685564686255,
          0.9954074291903869,
          -0.06609782822156422
        ],
        [
          -0.7712552667145821,
          -0.011393081244170603,
          0.6364240027409263
        ]
      ],
      "tx": -0.09752784379062349,
      "ty": -0.050031505041637635,
      "tz": 0.0
    }
  ],
  "points_N": 12817
}