{
  "type": "scene",
  "distance_m": 0.6,
  "num_objects": 6,
  "intrinsics": {
    "width": 640,
    "height": 480,
    "fx": 554.2562584220408,
    "fy": 554.2562584220408,
    "cx": 0.0861925704261044,
    "cy": 0.08805125461145316
  },
  "T_wc": [
    [
      0.999999999999,
      0.0,
      0.0,
      0.0
    ],
    [
      -0.0,
      0.9999999999973334,
      0.0,
      0.0
    ],
    [
      0.0,
      0.0,
      -0.9999999999983333,
      0.6150141660124063
    ],
    [
      0.0,
      0.0,
      0.0,
      1.0
    ]
  ],
  "bin_size": {
    "w": 0.25,
    "d": 0.25
  },
  "z_floor": 0.0,
  "piece_aabb": {
    "w": 0.0300283320248127,
    "d": 0.0300283320248127,
    "h": 0.0300283320248127
  },
  "poses": [
    {
      "R": [
        [
          -0.3827135435966442,
          0.05331175021529311,
          0.9223275995201929
        ],
        [
          0.6817975552216808,
          -0.6573976200706877,
          0.32090569147201903
        ],
        [
          0.6234440129165075,
          0.7516556568099371,
          0.2152471517678778
        ]
      ],
      "tx": -0.0008517627640449998,
      "ty": -0.00151040840423039,
      "tz": 0.0
    },
    {
      "R": [
        [
          -0.5949991228426383,
          0.49592816049178196,
          0.6324802790978771
        ],
        [
          0.2601894249974546,
          -0.6257058283147945,
          0.7353867550700045
        ],
        [
          0.7604455976175976,
          0.602119154357453,
          0.2432591560864269
        ]
      ],
      "tx": 0.09840464301803506,
      "ty": -0.018470857911282446,
      "tz": 0.0
    },
    {
      "R": [
        [
          0.9191655888935553,
          -0.010937058453380763,
          0.3937194444605843
        ],
        [
          -0.2606390253689937,
          0.7325575803400475,
          0.6288296191664605
        ],
        [
          -0.29529970986891413,
          -0.6806171994878781,
          0.6704910954760048
        ]
      ],
      "tx": -0.06546394821412908,
      "ty": -0.036521921038546595,
      "tz": 0.0
    },
    {
      "R": [
        [
          0.2284551400649022,
          0.9419591343951546,
          0.24601064632949787
        ],
        [
          -0.908618316516151,
          0.11555593523982322,
          0.4013222903380842
        ],
        [
          0.34960120690478413,
          -0.315213919363313,
          0.8822806702916806
        ]
      ],
      "tx": -0.01770970833279742,
      "ty": -0.06947975649114771,
      "tz": 0.0
    },
    {
      "R": [
        [
          0.5920050064679027,
          0.5463743429620375,
          0.5924568757890656
        ],
        [
          -0.5991409932973305,
          -0.19330869539456308,
          0.7769567674172996
        ],
        [
          0.5390363090438588,
          -0.8149274971662531,
          0.21291555108709148
        ]
      ],
      "tx": -0.09775596909405512,
      "ty": -0.09211064895286825,
      "tz": 0.0
    },
    {
      "R": [
        [
          -0.8019069899633633,
          -0.27398793479402056,
          -0.530919759507221
        ],
        [
          0.21844505785603266,
          -0.9615761859293981,
          0.16629189803398578
        ],
        [
          -0.5560817710968167,
          0.01737383782526225,
          0.8309459751470303
        ]
      ],
      "tx": 0.0861925704261044,
      "ty": 0.08805125461145316,
      "tz": 0.0
    }
  ],
  "points_N": 7221
}