{
  "type": "scene",
  "distance_m": 0.6,
  "num_objects": 11,
  "intrinsics": {
    "width": 640,
    "height": 480,
    "fx": 554.2562584220408,
    "fy": 554.2562584220408,
    "cx": -0.003899540547641425,
    "cy": 0.09715104755383025
  },
  "T_wc": [
    [
      0.999999999999,
      0.0,
      0.0,
      0.0
    ],
    [
      -0.0,
      0.9999999999973334,
      0.0,
      0.0
    ],
    [
      0.0,
      0.0,
      -0.9999999999983333,
      0.6150141660124063
    ],
    [
      0.0,
      0.0,
      0.0,
      1.0
    ]
  ],
  "bin_size": {
    "w": 0.25,
    "d": 0.25
  },
  "z_floor": 0.0,
  "piece_aabb": {
    "w": 0.0300283320248127,
    "d": 0.0300283320248127,
    "h": 0.0300283320248127
  },
  "poses": [
    {
      "R": [
        [
          0.8456055046055033,
          -0.09360664901931626,
          0.5255369880800463
        ],
        [
          0.4584313901653504,
          0.631726561462111,
          -0.6251097600056504
        ],
        [
          -0.2734812444975643,
          0.7695189060722499,
          0.5771036840165131
        ]
      ],
      "tx": 0.0573680954613596,
      "ty": 0.08496274011486438,
      "tz": 0.0
    },
    {
      "R": [
        [
          -0.6829734897571056,
          0.4262916508253751,
          -0.5931463906368961
        ],
        [
          -0.6466357848515489,
          0.02481143295221988,
          0.7623952744766187
        ],
        [
          0.3397195520402414,
          0.9042454430249753,
          0.25870988525787686
        ]
      ],
      "tx": 0.022027257994482116,
      "ty": -0.02894160971485199,
      "tz": 0.0
    },
    {
      "R": [
        [
          -0.5129269608717575,
          0.7913778012489363,
          -0.33260653706934407
        ],
        [
          0.5722497654627163,
          0.6040291427142455,
          0.5546882013165231
        ],
        [
          0.6398719705837472,
          0.09418052050340758,
          -0.762688593607495
        ]
      ],
      "tx": -0.0909810790684579,
      "ty": -0.005387781237054898,
      "tz": 0.0
    },
    {
      "R": [
        [
          -0.5430610509842697,
          0.7877703647420216,
          -0.2906932185966562
        ],
        [
          -0.35610433284666554,
          -0.5295815617100048,
          -0.7698915986193279
        ],
        [
          -0.7604435541390908,
          -0.31458102601875926,
          0.5681235596569576
        ]
      ],
      "tx": -0.07500879147311912,
      "ty": -0.06269569450625792,
      "tz": 0.0
    },
    {
      "R": [
        [
          -0.5283940757099623,
          -0.004546768472210028,
          -0.8489870597665633
        ],
        [
          0.8395861466525629,
          -0.1512941692688785,
          -0.5217328595117818
        ],
        [
          -0.1260745934108659,
          -0.988478326136542,
          0.08376034655244013
        ]
      ],
      "tx": -0.034362843425748135,
      "ty": 0.0477823109280186,
      "tz": 0.0
    },
    {
      "R": [
        [
          -0.9677027169066013,
          -0.02247997300770753,
          -0.25108982955339965
        ],
        [
          -0.21141916152167128,
          -0.4701286117020693,
          0.8569019935795216
        ],
        [
          -0.13730764666636738,
          0.882311588540385,
          0.4501920377953016
        ]
      ],
      "tx": 0.07608407743682322,
      "ty": -0.09568114627675883,
      "tz": 0.0
    },
    {
      "R": [
        [
          -0.8405008729187635,
          0.5227223094004364,
          0.14254707951364998
        ],
        [
          0.541794998339454,
          0.808897231479808,
          0.228349400434188
        ],
        [
          0.004057387971040258,
          0.2691591651038033,
          -0.9630871619139547
        ]
      ],
      "tx": -0.09266599503132619,
      "ty": 0.0834767215030987,
      "tz": 0.0
    },
    {
      "R": [
        [
          -0.6224462374390101,
          0.2524536934953083,
          0.7408291396392261
        ],
        [
          0.019829544557628906,
          -0.9411591849927119,
          0.33738135346591247
        ],
        [
          0.7824113180806218,
          0.22469205848100393,
          0.580814951765976
        ]
      ],
      "tx": 0.07064752649550562,
      "ty": 0.024003869263469604,
      "tz": 0.0
    },
    {
      "R": [
        [
          0.1652406889985858,
          0.09062533479422874,
          -0.9820807316064739
        ],
        [
          -0.9176116446120837,
          -0.35086401733629,
          -0.18677074452640302
        ],
        [
          -0.3615029520924827,
          0.9320308417815764,
          0.02518185053459243
        ]
      ],
      "tx": -0.01120025007838961,
      "ty": -0.08858874905904207,
      "tz": 0.0
    },
    {
      "R": [
        [
          0.6780991969907829,
          -0.7090312767350441,
          0.19353585624356212
        ],
        [
          0.09491636776378276,
          -0.17663841289402904,
          -0.979688600638391
        ],
        [
          0.728815725798357,
          0.6826957739006093,
          -0.052479692522559684
        ]
      ],
      "tx": 0.09799442460928293,
      "ty": -0.030642344511079833,
      "tz": 0.0
    },
    {
      "R": [
        [
          -0.2874757441482363,
          0.46445056022621334,
          -0.8376415543846749
        ],
        [
          -0.8555735188962054,
          -0.5176390916356262,
          0.006612455989156163
        ],
        [
          -0.4305248544393023,
          0.7185648529647136,
          0.546180283234224
        ]
      ],
      "tx": -0.003899540547641425,
      "ty": 0.09715104755383025,
      "tz": 0.0
    }
  ],
  "points_N": 12784
}