{
  "type": "scene",
  "distance_m": 0.6,
  "num_objects": 4,
  "intrinsics": {
    "width": 640,
    "height": 480,
    "fx": 554.2562584220408,
    "fy": 554.2562584220408,
    "cx": -0.024890009550033274,
    "cy": -0.03572966753599395
  },
  "T_wc": [
    [
      0.999999999999,
      0.0,
      0.0,
      0.0
    ],
    [
      -0.0,
      0.9999999999973334,
      0.0,
      0.0
    ],
    [
      0.0,
      0.0,
      -0.9999999999983333,
      0.6150141660124063
    ],
    [
      0.0,
      0.0,
      0.0,
      1.0
    ]
  ],
  "bin_size": {
    "w": 0.25,
    "d": 0.25
  },
  "z_floor": 0.0,
  "piece_aabb": {
    "w": 0.0300283320248127,
    "d": 0.0300283320248127,
    "h": 0.0300283320248127
  },
  "poses": [
    {
      "R": [
        [
          -0.930877210192905,
          -0.2071950203568294,
          -0.3008950698878372
        ],
        [
          -0.1330008788196721,
          -0.5749029855620871,
          0.8073396580281396
        ],
        [
          -0.3402622308994466,
          0.7915533972709179,
          0.5076069675370898
        ]
      ],
      "tx": -0.08672518111003201,
      "ty": 0.002468395999606257,
      "tz": 0.0
    },
    {
      "R": [
        [
          0.015612034060012325,
          -0.9976523986394497,
          -0.06667800148070963
        ],
        [
          -0.5908002895698881,
          -0.06300422556117069,
          0.8043540796226332
        ],
        [
          -0.8066667727362056,
          0.026835779295366347,
          -0.5903969501216659
        ]
      ],
      "tx": 0.07660227016035323,
      "ty": 0.036625808686517075,
      "tz": 0.0
    },
    {
      "R": [
        [
          0.9149940860455789,
          0.3490066802333819,
          0.2024355691426034
        ],
        [
          0.31706577707832206,
          -0.9322748720690941,
          0.17416330243272868
        ],
        [
          0.24950975032518397,
          -0.09517300069362236,
          -0.9636840687858423
        ]
      ],
      "tx": 0.04660891424732791,
      "ty": -0.0455083815483354,
      "tz": 0.0
    },
    {
      "R": [
        [
          -0.5940206158589207,
          0.01591917949877214,
          -0.8042922899410844
        ],
        [
          -0.7471693966580994,
          0.35960200008314025,
          0.5589492769775954
        ],
        [
          0.298123129985178,
          0.9329699787561714,
          -0.2017166778120969
        ]
      ],
      "tx": -0.024890009550033274,
      "ty": -0.03572966753599395,
      "tz": 0.0
    }
  ],
  "points_N": 4598
}