{
  "type": "scene",
  "distance_m": 0.6,
  "num_objects": 11,
  "intrinsics": {
    "width": 640,
    "height": 480,
    "fx": 554.2562584220408,
    "fy": 554.2562584220408,
    "cx": 0.026566067159613682,
    "cy": -0.013583443529181269
  },
  "T_wc": [
    [
      0.999999999999,
      0.0,
      0.0,
      0.0
    ],
    [
      -0.0,
      0.9999999999973334,
      0.0,
      0.0
    ],
    [
      0.0,
      0.0,
      -0.9999999999983333,
      0.6150141660124063
    ],
    [
      0.0,
      0.0,
      0.0,
      1.0
    ]
  ],
  "bin_size": {
    "w": 0.25,
    "d": 0.25
  },
  "z_floor": 0.0,
  "piece_aabb": {
    "w": 0.0300283320248127,
    "d": 0.0300283320248127,
    "h": 0.0300283320248127
  },
  "poses": [
    {
      "R": [
        [
          -0.8783981462062842,
          -0.33840669859560835,
          -0.33748718951537343
        ],
        [
          -0.3901289487701092,
          0.9156032817659636,
          0.0973140984180964
        ],
        [
          0.2760726355017716,
          0.21714404611920296,
          -0.9362864749434803
        ]
      ],
      "tx": -0.01789243189196671,
      "ty": 0.031365233778948315,
      "tz": 0.0
    },
    {
      "R": [
        [
          -0.37059102314203396,
          0.7479284649029274,
          0.5506952922937427
        ],
        [
          0.4568872246648438,
          -0.3694172029260385,
          0.8091878608335388
        ],
        [
          0.808650949115004,
          0.551483400992498,
          -0.2048162613787068
        ]
      ],
      "tx": -0.03572082666259896,
      "ty": -0.035021487031695386,
      "tz": 0.0
    },
    {
      "R": [
        [
          -0.3764242296854958,
          0.8178447481172009,
          -0.4352410450345803
        ],
        [
          -0.7141646213793955,
          0.043103565931525756,
          0.698649394313064
        ],
        [
          0.5901471789949571,
          0.5738223162104268,
          0.5678505582837752
        ]
      ],
      "tx": 0.050571646308930684,
      "ty": 0.07538505660748124,
      "tz": 0.0
    },
    {
      "R": [
        [
          -0.4926423608735968,
          -0.6475776761984483,
          -0.5813317964487291
        ],
        [
          -0.5516895897615802,
          -0.2842184521036337,
          0.7841291143890233
        ],
        [
          -0.6730097330808732,
          0.7070099184404929,
          -0.21724381327250608
        ]
      ],
      "tx": 0.05855905563988972,
      "ty": -0.061087639950349146,
      "tz": 0.0
    },
    {
      "R": [
        [
          -0.8007731538277791,
          0.5974558930563767,
          -0.04253013003647732
        ],
        [
          0.293709275316208,
          0.32979233553659926,
          -0.8972022497823684
        ],
        [
          -0.5220126604805101,
          -0.7309469688517236,
          -0.43956718601885814
        ]
      ],
      "tx": 0.09331402637021335,
      "ty": 0.025986573309367017,
      "tz": 0.0
    },
    {
      "R": [
        [
          0.15680277054885627,
          0.05662724621897666,
          0.9860051957945546
        ],
        [
          0.24583544379619857,
          -0.9691700140083954,
          0.016565582407290114
        ],
        [
          0.9565447327342975,
          0.23979749567629355,
          -0.16588952753458885
        ]
      ],
      "tx": -0.09127002947660579,
      "ty": -0.0715392514599083,
      "tz": 0.0
    },
    {
      "R": [
        [
          0.7537019354357695,
          -0.6474037505750905,
          -0.11314493475927825
        ],
        [
          0.47590533881314445,
          0.6563562569414227,
          -0.5854148720890094
        ],
        [
          0.4532631697033429,
          0.38738204361476436,
          0.8027998824584663
        ]
      ],
      "tx": -0.06669944972248411,
      "ty": 0.0704998991876192,
      "tz": 0.0
    },
    {
      "R": [
        [
          -0.2359861337418505,
          0.4809292384010378,
          0.8444037022257604
        ],
        [
          -0.7243657625482114,
          0.4921775353195602,
          -0.4827582373970549
        ],
        [
          -0.6477690844193795,
          -0.7255813816366574,
          0.2322216008314424
        ]
      ],
      "tx": -0.0037221951691741167,
      "ty": -0.09220156260276569,
      "tz": 0.0
    },
    {
      "R": [
        [
          0.4760084893119254,
          0.8669098799653758,
          -0.14792963909033308
        ],
        [
          -0.6978686530494942,
          0.4747069375097933,
          0.5363139626850654
        ],
        [
          0.5351590989545661,
          -0.15205454119654163,
          0.830953762436663
        ]
      ],
      "tx": -0.092010261261546,
      "ty": -0.008708279303516975,
      "tz": 0.0
    },
    {
      "R": [
        [
          -0.35839194726105394,
          0.15967437385737596,
          0.919814821837355
        ],
        [
          -0.19013473591194727,
          0.9521302906981051,
          -0.2393672737339757
        ],
        [
          -0.9140043732598462,
          -0.26067605158202956,
          -0.3108761840242493
        ]
      ],
      "tx": -0.014920337364548772,
      "ty": 0.09862465496446202,
      "tz": 0.0
    },
    {
      "R": [
        [
          0.6015000313546193,
          0.38737924976923693,
          -0.6986666079959847
        ],
        [
          0.5579811956985006,
          0.422160244456386,
          0.7144492376980996
        ],
        [
          0.571712075722792,
          -0.819584068200906,
          0.03777906330216296
        ]
      ],
      "tx": 0.026566067159613682,
      "ty": -0.013583443529181269,
      "tz": 0.0
    }
  ],
  "points_N": 12726
}