{
  "type": "scene",
  "distance_m": 0.6,
  "num_objects": 9,
  "intrinsics": {
    "width": 640,
    "height": 480,
    "fx": 554.2562584220408,
    "fy": 554.2562584220408,
    "cx": 0.09745777828968644,
    "cy": 0.019649348270338776
  },
  "T_wc": [
    [
      0.999999999999,
      0.0,
      0.0,
      0.0
    ],
    [
      -0.0,
      0.9999999999973334,
      0.0,
      0.0
    ],
    [
      0.0,
      0.0,
      -0.9999999999983333,
      0.6150141660124063
    ],
    [
      0.0,
      0.0,
      0.0,
      1.0
    ]
  ],
  "bin_size": {
    "w": 0.25,
    "d": 0.25
  },
  "z_floor": 0.0,
  "piece_aabb": {
    "w": 0.0300283320248127,
    "d": 0.0300283320248127,
    "h": 0.0300283320248127
  },
  "poses": [
    {
      "R": [
        [
          -0.8343124462616802,
          -0.5482454433699596,
          -0.05787638410376664
        ],
        [
          -0.07556261234711728,
          0.009730417093089305,
          0.9970935816654691
        ],
        [
          -0.5460888514043567,
          0.8362608760472241,
          -0.04954506599651931
        ]
      ],
      "tx": 0.03596970244693151,
      "ty": 0.051178447049965436,
      "tz": 0.0
    },
    {
      "R": [
        [
          -0.47002536434298925,
          0.09330874867166433,
          0.8777070321557007
        ],
        [
          0.6375667063651578,
          -0.6517821413331535,
          0.4107173421878526
        ],
        [
          0.61039729013891,
          0.7526443500488774,
          0.24686358688672205
        ]
      ],
      "tx": -0.024676142673667315,
      "ty": -0.03526127418523502,
      "tz": 0.0
    },
    {
      "R": [
        [
          0.6429310775073466,
          -0.3524259884025258,
          0.6800261408752939
        ],
        [
          -0.7636464211047653,
          -0.2265339248646081,
          0.6045878963552938
        ],
        [
          -0.05902349624620484,
          -0.9080078763887123,
          -0.4147745451530691
        ]
      ],
      "tx": -0.045281745602531585,
      "ty": 0.04897142112555947,
      "tz": 0.0
    },
    {
      "R": [
        [
          -0.8932971460884216,
          0.09130715834872094,
          0.44009454850584373
        ],
        [
          -0.3519066349573695,
          0.4670419586604938,
          -0.8111926584502291
        ],
        [
          -0.2796103164464099,
          -0.8795082783492438,
          -0.3850756539329474
        ]
      ],
      "tx": -0.09259867481793232,
      "ty": 0.08393397410875286,
      "tz": 0.0
    },
    {
      "R": [
        [
          -0.6918561326513257,
          -0.025645069204290404,
          0.72157980995747
        ],
        [
          0.14299496322046054,
          0.9747080460663493,
          0.17174593278182343
        ],
        [
          -0.7077340829763186,
          0.22200575523852223,
          -0.6706906234879408
        ]
      ],
      "tx": 0.032623990786655704,
      "ty": -0.06977578032886193,
      "tz": 0.0
    },
    {
      "R": [
        [
          0.12153770769113803,
          0.6498192999891483,
          -0.7503089116962406
        ],
        [
          0.8483851914736444,
          0.3243764760694784,
          0.4183568675915035
        ],
        [
          0.5152389275835155,
          -0.6873971043977132,
          -0.5118730979141495
        ]
      ],
      "tx": 0.04787553940198702,
      "ty": -0.010590146260052127,
      "tz": 0.0
    },
    {
      "R": [
        [
          -0.6390696148703865,
          -0.3358291613760659,
          -0.691960115699499
        ],
        [
          0.3828990262637447,
          -0.919151486637314,
          0.09246015519504358
        ],
        [
          -0.6670669854187747,
          -0.20586237874333363,
          0.7159904454547172
        ]
      ],
      "tx": -0.08876678214779232,
      "ty": -0.08363556416495639,
      "tz": 0.0
    },
    {
      "R": [
        [
          -0.8881160230729725,
          0.3335839491045192,
          -0.3161829825605429
        ],
        [
          -0.21459842349157696,
          0.30737884514659,
          0.9270737630799819
        ],
        [
          0.4064448870338718,
          0.8912014331542462,
          -0.20140148794842827
        ]
      ],
      "tx": -0.09227586020883313,
      "ty": -0.010834899184258895,
      "tz": 0.0
    },
    {
      "R": [
        [
          0.7654819154358004,
          -0.24307803582946647,
          -0.5957772281969382
        ],
        [
          -0.04853933342263694,
          0.901447882865168,
          -0.43015770083632415
        ],
        [
          0.641624010033621,
          0.358196570300715,
          0.6782432062123296
        ]
      ],
      "tx": 0.09745777828968644,
      "ty": 0.019649348270338776,
      "tz": 0.0
    }
  ],
  "points_N": 10933
}