{
  "type": "scene",
  "distance_m": 0.6,
  "num_objects": 10,
  "intrinsics": {
    "width": 640,
    "height": 480,
    "fx": 554.2562584220408,
    "fy": 554.2562584220408,
    "cx": 0.09773679315115569,
    "cy": 0.040909033230104086
  },
  "T_wc": [
    [
      0.999999999999,
      0.0,
      0.0,
      0.0
    ],
    [
      -0.0,
      0.9999999999973334,
      0.0,
      0.0
    ],
    [
      0.0,
      0.0,
      -0.9999999999983333,
      0.6150141660124063
    ],
    [
      0.0,
      0.0,
      0.0,
      1.0
    ]
  ],
  "bin_size": {
    "w": 0.25,
    "d": 0.25
  },
  "z_floor": 0.0,
  "piece_aabb": {
    "w": 0.0300283320248127,
    "d": 0.0300283320248127,
    "h": 0.0300283320248127
  },
  "poses": [
    {
      "R": [
        [
          0.28444542113492666,
          0.191892451143163,
          0.9392912698357433
        ],
        [
          -0.7066936049443852,
          0.7040306785480512,
          0.07017800505770966
        ],
        [
          -0.6478232406498577,
          -0.6837529457760598,
          0.3358674709114847
        ]
      ],
      "tx": -0.07740628899134724,
      "ty": 0.00776956837026975,
      "tz": 0.0
    },
    {
      "R": [
        [
          -0.3692974657694028,
          -0.8710827114016481,
          -0.32378124045943446
        ],
        [
          -0.8954311439332961,
          0.24031960363638516,
          0.37476599976833486
        ],
        [
          -0.24864120384724206,
          0.4283239404997156,
          -0.8687440093285197
        ]
      ],
      "tx": -0.07787187229959502,
      "ty": -0.09221395846442854,
      "tz": 0.0
    },
    {
      "R": [
        [
          0.48523224591935743,
          0.6747453324517285,
          0.556119055468038
        ],
        [
          -0.8249252958652611,
          0.5641384793957882,
          0.03529918280384403
        ],
        [
          -0.28991019947850694,
          -0.47588497811930797,
          0.8303526743731955
        ]
      ],
      "tx": 0.05136595051025902,
      "ty": -0.08009169386574252,
      "tz": 0.0
    },
    {
      "R": [
        [
          -0.910274376823188,
          -0.046404895266268203,
          -0.4113965782483896
        ],
        [
          -0.34538036979502007,
          -0.46280721863765795,
          0.8164079118535845
        ],
        [
          -0.2282826297803051,
          0.8852435055238765,
          0.4052542126473042
        ]
      ],
      "tx": -0.046439921769022924,
      "ty": 0.09293573391231202,
      "tz": 0.0
    },
    {
      "R": [
        [
          0.5531367888315287,
          -0.7377716165153458,
          0.3869531427776214
        ],
        [
          0.1262828844540938,
          -0.384858716730341,
          -0.9142955765236037
        ],
        [
          0.8234636154288171,
          0.5545960782596723,
          -0.11971158692412631
        ]
      ],
      "tx": 0.006867322354518507,
      "ty": 0.03510272524428279,
      "tz": 0.0
    },
    {
      "R": [
        [
          -0.046915255907449716,
          0.8099558066833142,
          -0.5846114521484503
        ],
        [
          0.9678227455248151,
          -0.10798919046537114,
          -0.22728279298583634
        ],
        [
          -0.24722073539237613,
          -0.5764632910798528,
          -0.7788273120720903
        ]
      ],
      "tx": 0.05659968736490739,
      "ty": -0.0002929772299708616,
      "tz": 0.0
    },
    {
      "R": [
        [
          -0.4496773722289027,
          0.6853161637484266,
          -0.572828086436453
        ],
        [
          -0.33499903467152903,
          0.46510764841697594,
          0.8194208455690972
        ],
        [
          0.8279890746105605,
          0.5603718685740482,
          0.020431868156808308
        ]
      ],
      "tx": 0.07365756439176924,
      "ty": 0.09866534738263974,
      "tz": 0.0
    },
    {
      "R": [
        [
          0.051806502613654826,
          -0.30393199623040307,
          0.9512840942401717
        ],
        [
          -0.08479308857651803,
          -0.9504621391783132,
          -0.29905159106455204
        ],
        [
          0.9950508622259449,
          -0.0651694994302362,
          -0.07501145197512393
        ]
      ],
      "tx": -0.0010799434960233056,
      "ty": -0.05452822718187851,
      "tz": 0.0
    },
    {
      "R": [
        [
          0.590283796394375,
          0.8069420734704931,
          -0.020236842080366302
        ],
        [
          -0.5963256605588239,
          0.4528389395176371,
          0.6628216965486451
        ],
        [
          0.5440227442610526,
          -0.3791851591500956,
          0.7485037533686723
        ]
      ],
      "tx": -0.09797225583149018,
      "ty": 0.06161007344307798,
      "tz": 0.0
    },
    {
      "R": [
        [
          0.9557721498763233,
          -0.17540511504487738,
          -0.23607762099971347
        ],
        [
          -0.2938876058225312,
          -0.6006707570531644,
          -0.7435218334151856
        ],
        [
          -0.011387390600639077,
          0.7800177480271022,
          -0.6256537701461062
        ]
      ],
      "tx": 0.09773679315115569,
      "ty": 0.040909033230104086,
      "tz": 0.0
    }
  ],
  "points_N": 11822
}