{
  "type": "scene",
  "distance_m": 0.6,
  "num_objects": 11,
  "intrinsics": {
    "width": 640,
    "height": 480,
    "fx": 554.2562584220408,
    "fy": 554.2562584220408,
    "cx": -0.024429098999809468,
    "cy": 0.09854205610187147
  },
  "T_wc": [
    [
      0.999999999999,
      0.0,
      0.0,
      0.0
    ],
    [
      -0.0,
      0.9999999999973334,
      0.0,
      0.0
    ],
    [
      0.0,
      0.0,
      -0.9999999999983333,
      0.6150141660124063
    ],
    [
      0.0,
      0.0,
      0.0,
      1.0
    ]
  ],
  "bin_size": {
    "w": 0.25,
    "d": 0.25
  },
  "z_floor": 0.0,
  "piece_aabb": {
    "w": 0.0300283320248127,
    "d": 0.0300283320248127,
    "h": 0.0300283320248127
  },
  "poses": [
    {
      "R": [
        [
          0.5642335067350415,
          -0.8201508930386517,
          0.09483175905454867
        ],
        [
          0.7710813126298609,
          0.48242392341871243,
          -0.41557281844017074
        ],
        [
          0.29508330889850215,
          0.30760310590304235,
          0.9046027692022134
        ]
      ],
      "tx": 0.03376325009134645,
      "ty": -0.06801838295379616,
      "tz": 0.0
    },
    {
      "R": [
        [
          0.17477121569994014,
          0.23630549677797713,
          -0.9558319592665223
        ],
        [
          -0.77739369209272,
          0.6288731108036544,
          0.013328841006777115
        ],
        [
          0.604246696025071,
          0.7407282380877944,
          0.29361132069819373
        ]
      ],
      "tx": 0.07056562764036903,
      "ty": 0.01667784986966206,
      "tz": 0.0
    },
    {
      "R": [
        [
          -0.6894074768912941,
          0.13928629552497374,
          0.710856285535487
        ],
        [
          -0.5165247803745314,
          0.5934901477496745,
          -0.6172289654440333
        ],
        [
          -0.5078577380186524,
          -0.7926971504950673,
          -0.3372117221147253
        ]
      ],
      "tx": 0.013863235437587093,
      "ty": 0.05166708915311016,
      "tz": 0.0
    },
    {
      "R": [
        [
          -0.4521347033650547,
          -0.014653555367684812,
          0.891829290463192
        ],
        [
          -0.5805181954087975,
          0.7639452859373692,
          -0.2817556119998048
        ],
        [
          -0.6771800608496293,
          -0.6451146203653716,
          -0.35391283076279567
        ]
      ],
      "tx": -0.06104979784884054,
      "ty": -0.0006060052448646769,
      "tz": 0.0
    },
    {
      "R": [
        [
          -0.6804553233380304,
          -0.291108390289034,
          -0.6724852846302762
        ],
        [
          -0.5692977950461,
          0.7878272967523775,
          0.23500674681270334
        ],
        [
          0.461389828124315,
          0.542755981630022,
          -0.7018086426571319
        ]
      ],
      "tx": -0.0895674343857709,
      "ty": 0.08559777942172464,
      "tz": 0.0
    },
    {
      "R": [
        [
          0.8118550033345432,
          -0.40930054472351374,
          -0.41637064936148394
        ],
        [
          0.5814516107663643,
          0.6314793924445662,
          0.5129793380391083
        ],
        [
          0.05296676219922483,
          -0.6585642269413641,
          0.750658165275816
        ]
      ],
      "tx": 0.08692519848773245,
      "ty": 0.07671808150509446,
      "tz": 0.0
    },
    {
      "R": [
        [
          0.9731017748776448,
          -0.19386853366238405,
          0.12445050174898634
        ],
        [
          -0.15311377574096008,
          -0.9478898408966816,
          -0.27939402499554367
        ],
        [
          0.1721310762422764,
          0.2528237353977284,
          -0.9520772297514604
        ]
      ],
      "tx": 0.09527662628031386,
      "ty": -0.09067856504924292,
      "tz": 0.0
    },
    {
      "R": [
        [
          -0.8501687786509067,
          -0.0676302465579571,
          0.5221486355030873
        ],
        [
          0.520772919458359,
          -0.2540191682156634,
          0.8150275017064396
        ],
        [
          0.07751525118351543,
          0.9648318049948047,
          0.2511791669395055
        ]
      ],
      "tx": -0.03773391629003464,
      "ty": -0.0614719174359039,
      "tz": 0.0
    },
    {
      "R": [
        [
          0.8149005835510024,
          -0.5091324245588922,
          -0.2769859440314971
        ],
        [
          -0.360540500085135,
          -0.8194562745591962,
          0.44553558991838577
        ],
        [
          -0.45381448492373677,
          -0.2632025614395635,
          -0.8513382552928397
        ]
      ],
      "tx": -0.0913046079132911,
      "ty": -0.08159855881057655,
      "tz": 0.0
    },
    {
      "R": [
        [
          0.3914166881015885,
          0.09969890152074035,
          0.9147967562858657
        ],
        [
          0.7566416314990639,
          0.5309132555077295,
          -0.3816078571106982
        ],
        [
          -0.5237236081732601,
          0.8415409937500027,
          0.13237196863475043
        ]
      ],
      "tx": 0.006217717225843869,
      "ty": -0.009343659517063799,
      "tz": 0.0
    },
    {
      "R": [
        [
          0.6840219425935697,
          -0.2197632349339778,
          0.6955703434030756
        ],
        [
          0.3200358793372167,
          -0.7664586413682932,
          -0.5568825612359616
        ],
        [
          0.6555082135163324,
          0.603527357824998,
          -0.45394240864828106
        ]
      ],
      "tx": -0.024429098999809468,
      "ty": 0.09854205610187147,
      "tz": 0.0
    }
  ],
  "points_N": 13106
}