{
  "type": "scene",
  "distance_m": 0.6,
  "num_objects": 4,
  "intrinsics": {
    "width": 640,
    "height": 480,
    "fx": 554.2562584220408,
    "fy": 554.2562584220408,
    "cx": 0.04784268613430037,
    "cy": -0.08298978161016457
  },
  "T_wc": [
    [
      0.999999999999,
      0.0,
      0.0,
      0.0
    ],
    [
      -0.0,
      0.9999999999973334,
      0.0,
      0.0
    ],
    [
      0.0,
      0.0,
      -0.9999999999983333,
      0.6150141660124063
    ],
    [
      0.0,
      0.0,
      0.0,
      1.0
    ]
  ],
  "bin_size": {
    "w": 0.25,
    "d": 0.25
  },
  "z_floor": 0.0,
  "piece_aabb": {
    "w": 0.0300283320248127,
    "d": 0.0300283320248127,
    "h": 0.0300283320248127
  },
  "poses": [
    {
      "R": [
        [
          0.5270771363205068,
          -0.22427729792082224,
          0.8196885908718682
        ],
        [
          -0.7248483381919353,
          -0.6221392663650354,
          0.29586757150314025
        ],
        [
          0.4436040790936936,
          -0.7500949452463406,
          -0.49048240960030953
        ]
      ],
      "tx": 0.08033574940255825,
      "ty": 0.0296080068342498,
      "tz": 0.0
    },
    {
      "R": [
        [
          0.17544907269828813,
          0.3350518784798423,
          0.9257201853780869
        ],
        [
          0.7619373752489572,
          0.5492415976722168,
          -0.34319834438003993
        ],
        [
          -0.6234332835901853,
          0.7655546395350235,
          -0.15892461986224693
        ]
      ],
      "tx": 0.008812309993699752,
      "ty": 0.0662065731958727,
      "tz": 0.0
    },
    {
      "R": [
        [
          0.2238090256352625,
          0.582570712806934,
          0.7813583586446204
        ],
        [
          -0.28772513177937026,
          0.8054575213005526,
          -0.5181239522767828
        ],
        [
          -0.9311948070015954,
          -0.10885561979057787,
          0.34788889814604707
        ]
      ],
      "tx": -0.09072673169824622,
      "ty": -0.004443659464610283,
      "tz": 0.0
    },
    {
      "R": [
        [
          0.594859889880827,
          0.19755168541282525,
          -0.7791758742424733
        ],
        [
          -0.8031718814093036,
          0.18527375162273363,
          -0.5662054096112801
        ],
        [
          0.03250600443625895,
          0.9626250404753607,
          0.2688798823367047
        ]
      ],
      "tx": 0.04784268613430037,
      "ty": -0.08298978161016457,
      "tz": 0.0
    }
  ],
  "points_N": 4588
}