{
  "type": "scene",
  "distance_m": 0.6,
  "num_objects": 10,
  "intrinsics": {
    "width": 640,
    "height": 480,
    "fx": 554.2562584220408,
    "fy": 554.2562584220408,
    "cx": 0.09534326372796348,
    "cy": 0.07196395181502438
  },
  "T_wc": [
    [
      0.999999999999,
      0.0,
      0.0,
      0.0
    ],
    [
      -0.0,
      0.9999999999973334,
      0.0,
      0.0
    ],
    [
      0.0,
      0.0,
      -0.9999999999983333,
      0.6150141660124063
    ],
    [
      0.0,
      0.0,
      0.0,
      1.0
    ]
  ],
  "bin_size": {
    "w": 0.25,
    "d": 0.25
  },
  "z_floor": 0.0,
  "piece_aabb": {
    "w": 0.0300283320248127,
    "d": 0.0300283320248127,
    "h": 0.0300283320248127
  },
  "poses": [
    {
      "R": [
        [
          -0.865177808243127,
          -0.3127083848655755,
          0.3920214613492247
        ],
        [
          -0.2942015946237777,
          0.9496005186363394,
          0.10818630563255884
        ],
        [
          -0.40609454791273053,
          -0.02173294826658724,
          -0.9135726009000031
        ]
      ],
      "tx": -0.019769981520825902,
      "ty": 0.007245154553464542,
      "tz": 0.0
    },
    {
      "R": [
        [
          0.9441983950541482,
          -0.17202347872277401,
          -0.2808866560470364
        ],
        [
          0.06765706495278574,
          0.9358887995548335,
          -0.3457378724261882
        ],
        [
          0.32235370687979586,
          0.3074411775216976,
          0.895303306162178
        ]
      ],
      "tx": -0.09851317250660231,
      "ty": 0.09299264025352186,
      "tz": 0.0
    },
    {
      "R": [
        [
          0.3242610648632731,
          0.2132592251402466,
          0.9216155731682912
        ],
        [
          -0.3637741765369305,
          0.9274510480051835,
          -0.08661929368775151
        ],
        [
          -0.873225692646875,
          -0.3071726818040114,
          0.3783144634490164
        ]
      ],
      "tx": 0.0612397519731159,
      "ty": -0.05944346265592963,
      "tz": 0.0
    },
    {
      "R": [
        [
          0.6542821737232354,
          0.5199821029338186,
          -0.5491206149622521
        ],
        [
          0.756104948059538,
          -0.4355382862456538,
          0.488478974710358
        ],
        [
          0.014837272926028822,
          -0.7347958994460455,
          -0.6781259775951631
        ]
      ],
      "tx": 0.03463042696781202,
      "ty": 0.05776524635034619,
      "tz": 0.0
    },
    {
      "R": [
        [
          -0.05318623107743514,
          -0.4375586154848948,
          -0.8976155540311895
        ],
        [
          0.533735836485633,
          -0.7721723908116309,
          0.3447837811139485
        ],
        [
          -0.8439770622918369,
          -0.4607518387192736,
          0.27460965285664907
        ]
      ],
      "tx": -0.02580974633122292,
      "ty": -0.08057723146487049,
      "tz": 0.0
    },
    {
      "R": [
        [
          -0.3229417369506784,
          0.9408305895039357,
          0.10269584406856805
        ],
        [
          -0.8600636849114092,
          -0.33702658216445824,
          0.3830189823117806
        ],
        [
          0.3949672042485137,
          0.03536784935814752,
          0.9180141735288689
        ]
      ],
      "tx": -0.035556474372628044,
      "ty": 0.08039818964014508,
      "tz": 0.0
    },
    {
      "R": [
        [
          0.30011387449999705,
          -0.25230146952222055,
          -0.9199324055655004
        ],
        [
          -0.5577792461705899,
          0.7359205048888269,
          -0.3838011503702702
        ],
        [
          0.7738307146100939,
          0.6283032539793999,
          0.0801314305683436
        ]
      ],
      "tx": 0.07078002801027078,
      "ty": 0.008701725897687584,
      "tz": 0.0
    },
    {
      "R": [
        [
          0.527294926683187,
          -0.09331118657982923,
          0.8445431207186742
        ],
        [
          -0.7380920492757741,
          0.44209601641548535,
          0.5096775834441292
        ],
        [
          -0.42092776944513993,
          -0.8921009666672397,
          0.16424274163967212
        ]
      ],
      "tx": -0.09494025247462543,
      "ty": -0.0755936028215993,
      "tz": 0.0
    },
    {
      "R": [
        [
          0.4095322876825782,
          0.15751595628983034,
          -0.8985944740869343
        ],
        [
          0.2170880999924341,
          0.9398626317471257,
          0.2636872964081543
        ],
        [
          0.8860903239439808,
          -0.3030626287740987,
          0.35070925401731834
        ]
      ],
      "tx": -0.08478833263419598,
      "ty": -0.0015118082933119614,
      "tz": 0.0
    },
    {
      "R": [
        [
          0.7548688110370882,
          0.527099121454781,
          0.39030705128789395
        ],
        [
          0.5847462551984203,
          -0.810394431705924,
          -0.03650591858119549
        ],
        [
          0.2970604234072198,
          0.2557877659733375,
          -0.9199607185219882
        ]
      ],
      "tx": 0.09534326372796348,
      "ty": 0.07196395181502438,
      "tz": 0.0
    }
  ],
  "points_N": 11429
}