{
  "type": "scene",
  "distance_m": 0.6,
  "num_objects": 10,
  "intrinsics": {
    "width": 640,
    "height": 480,
    "fx": 554.2562584220408,
    "fy": 554.2562584220408,
    "cx": 0.09302235964316832,
    "cy": 0.019953316397192083
  },
  "T_wc": [
    [
      0.999999999999,
      0.0,
      0.0,
      0.0
    ],
    [
      -0.0,
      0.9999999999973334,
      0.0,
      0.0
    ],
    [
      0.0,
      0.0,
      -0.9999999999983333,
      0.6150141660124063
    ],
    [
      0.0,
      0.0,
      0.0,
      1.0
    ]
  ],
  "bin_size": {
    "w": 0.25,
    "d": 0.25
  },
  "z_floor": 0.0,
  "piece_aabb": {
    "w": 0.0300283320248127,
    "d": 0.0300283320248127,
    "h": 0.0300283320248127
  },
  "poses": [
    {
      "R": [
        [
          -0.7274038476065563,
          -0.5990258547221852,
          0.3347411953457978
        ],
        [
          0.11452744820518129,
          -0.5869481930825216,
          -0.8014831765201142
        ],
        [
          0.6765848846189128,
          -0.5446648914805494,
          0.49555327654420145
        ]
      ],
      "tx": 0.022527481736465904,
      "ty": -0.0898438801753623,
      "tz": 0.0
    },
    {
      "R": [
        [
          -0.3587840566936027,
          -0.9121393976956905,
          -0.1981810279361389
        ],
        [
          0.11286493106405915,
          0.16836572119364024,
          -0.9792417940748089
        ],
        [
          0.9265719119412086,
          -0.3737040314182981,
          0.04254161378373822
        ]
      ],
      "tx": -0.03750409319390314,
      "ty": -0.03098682495697197,
      "tz": 0.0
    },
    {
      "R": [
        [
          0.6544311177431569,
          0.7556610002226462,
          -0.02638872622829902
        ],
        [
          0.48160070100773444,
          -0.4434815665778753,
          -0.755900036310683
        ],
        [
          -0.5829070911545862,
          0.48197567661464313,
          -0.6541550047454774
        ]
      ],
      "tx": -0.07194036845421706,
      "ty": -0.07730902725688212,
      "tz": 0.0
    },
    {
      "R": [
        [
          0.9814324867587423,
          -0.029203316523164838,
          0.18957172847921983
        ],
        [
          0.19171067495716965,
          0.1808163165407074,
          -0.9646514794370644
        ],
        [
          -0.006106639175327791,
          0.9830832243389664,
          0.18305759471074612
        ]
      ],
      "tx": 0.0001832066378958247,
      "ty": 0.044557998629503215,
      "tz": 0.0
    },
    {
      "R": [
        [
          0.27601947858167497,
          -0.7438915560946955,
          0.6086366734058284
        ],
        [
          0.8714267390789483,
          -0.07346961132435781,
          -0.4849924273945713
        ],
        [
          0.40549807134156746,
          0.6642496285154104,
          0.6279679491466172
        ]
      ],
      "tx": -0.08076626726970021,
      "ty": 0.09504225932496954,
      "tz": 0.0
    },
    {
      "R": [
        [
          0.504673209012505,
          -0.640250824270369,
          0.5791233323965921
        ],
        [
          -0.8577337239916866,
          -0.295735224061455,
          0.42051579753521096
        ],
        [
          -0.09796841752510768,
          -0.7089566695295519,
          -0.6984143683352972
        ]
      ],
      "tx": 0.02685755896073011,
      "ty": -0.006925863006151778,
      "tz": 0.0
    },
    {
      "R": [
        [
          -0.9897414477755815,
          -0.11179680267405115,
          0.08895696412848172
        ],
        [
          -0.14233101228838171,
          0.717518299230844,
          -0.6818426308246219
        ],
        [
          0.012399576446848734,
          -0.6875092473419804,
          -0.7260697523814106
        ]
      ],
      "tx": -0.08926563609531,
      "ty": 0.030851198912237532,
      "tz": 0.0
    },
    {
      "R": [
        [
          0.08042266228524242,
          -0.6538668670617268,
          -0.7523232786175342
        ],
        [
          0.8252136072726434,
          -0.3796594184440858,
          0.41818802990852116
        ],
        [
          -0.5590659154008815,
          -0.6544592012842212,
          0.5090466148511291
        ]
      ],
      "tx": 0.056281906766829204,
      "ty": 0.07910566629016427,
      "tz": 0.0
    },
    {
      "R": [
        [
          -0.6473231705437079,
          0.5845502059737626,
          -0.489156181166377
        ],
        [
          -0.396977077400264,
          -0.8064001628794497,
          -0.43832405515410866
        ],
        [
          -0.6506780408896451,
          -0.08955352591623034,
          0.7540545425232743
        ]
      ],
      "tx": 0.08458853878491238,
      "ty": -0.05721521649312704,
      "tz": 0.0
    },
    {
      "R": [
        [
          0.11547229949101312,
          -0.8697537223026153,
          0.47978600499702256
        ],
        [
          -0.034370196892052285,
          -0.486226344398931,
          -0.8731567050524516
        ],
        [
          0.992715889676326,
          0.08433507309060412,
          -0.08603928074399025
        ]
      ],
      "tx": 0.09302235964316832,
      "ty": 0.019953316397192083,
      "tz": 0.0
    }
  ],
  "points_N": 11851
}