{
  "type": "scene",
  "distance_m": 0.6,
  "num_objects": 5,
  "intrinsics": {
    "width": 640,
    "height": 480,
    "fx": 554.2562584220408,
    "fy": 554.2562584220408,
    "cx": -0.04754300269790332,
    "cy": 0.029474134196041113
  },
  "T_wc": [
    [
      0.999999999999,
      0.0,
      0.0,
      0.0
    ],
    [
      -0.0,
      0.9999999999973334,
      0.0,
      0.0
    ],
    [
      0.0,
      0.0,
      -0.9999999999983333,
      0.6150141660124063
    ],
    [
      0.0,
      0.0,
      0.0,
      1.0
    ]
  ],
  "bin_size": {
    "w": 0.25,
    "d": 0.25
  },
  "z_floor": 0.0,
  "piece_aabb": {
    "w": 0.0300283320248127,
    "d": 0.0300283320248127,
    "h": 0.0300283320248127
  },
  "poses": [
    {
      "R": [
        [
          -0.944838467814487,
          -0.11479015666316965,
          0.3067629209523496
        ],
        [
          0.29112318773784157,
          0.13486101488175128,
          0.9471324069138495
        ],
        [
          -0.15009183621813002,
          0.9841929315933483,
          -0.09400379834007255
        ]
      ],
      "tx": -0.09068439490428964,
      "ty": 0.07567520699463029,
      "tz": 0.0
    },
    {
      "R": [
        [
          0.17725663802487324,
          0.5487073302575153,
          -0.8170069461135501
        ],
        [
          0.9029510481065098,
          0.23954866284445697,
          0.35678542970921345
        ],
        [
          0.39148370208665706,
          -0.8009598640700437,
          -0.45299426834058587
        ]
      ],
      "tx": -0.01535550862545193,
      "ty": -0.09892813906317602,
      "tz": 0.0
    },
    {
      "R": [
        [
          -0.5938314478580433,
          -0.7597540066846703,
          0.26483591308848153
        ],
        [
          -0.1305115673964966,
          0.41575445045368475,
          0.9000638686802533
        ],
        [
          -0.7939338400084289,
          0.4999220801830466,
          -0.34604475351452146
        ]
      ],
      "tx": 0.04202553956885499,
      "ty": -0.0775322882632142,
      "tz": 0.0
    },
    {
      "R": [
        [
          0.38984977189358894,
          0.24442590374560497,
          0.8878474716597784
        ],
        [
          0.7655425460687384,
          0.4498397167434328,
          -0.459987868751755
        ],
        [
          -0.5118220056944702,
          0.8590111796818086,
          -0.011748517717458995
        ]
      ],
      "tx": 0.08392421970300751,
      "ty": 0.007701504830311831,
      "tz": 0.0
    },
    {
      "R": [
        [
          0.8938826050971158,
          -0.17133065540272194,
          0.41427007473877175
        ],
        [
          0.44498799128192823,
          0.4512367254710171,
          -0.7735445075760466
        ],
        [
          -0.05440198451957706,
          0.8758031879968625,
          0.4795927438721983
        ]
      ],
      "tx": -0.04754300269790332,
      "ty": 0.029474134196041113,
      "tz": 0.0
    }
  ],
  "points_N": 5932
}