{
  "type": "scene",
  "distance_m": 0.6,
  "num_objects": 7,
  "intrinsics": {
    "width": 640,
    "height": 480,
    "fx": 554.2562584220408,
    "fy": 554.2562584220408,
    "cx": -0.07611404258225352,
    "cy": 0.09740267444729367
  },
  "T_wc": [
    [
      0.999999999999,
      0.0,
      0.0,
      0.0
    ],
    [
      -0.0,
      0.9999999999973334,
      0.0,
      0.0
    ],
    [
      0.0,
      0.0,
      -0.9999999999983333,
      0.6150141660124063
    ],
    [
      0.0,
      0.0,
      0.0,
      1.0
    ]
  ],
  "bin_size": {
    "w": 0.25,
    "d": 0.25
  },
  "z_floor": 0.0,
  "piece_aabb": {
    "w": 0.0300283320248127,
    "d": 0.0300283320248127,
    "h": 0.0300283320248127
  },
  "poses": [
    {
      "R": [
        [
          -0.05944293231333142,
          0.9950013168085254,
          -0.08024286477496351
        ],
        [
          0.5910377280958978,
          -0.02969897273496591,
          -0.806097000978001
        ],
        [
          -0.8044507081016414,
          -0.09534332995961559,
          -0.5863179237128775
        ]
      ],
      "tx": 0.059159345587512985,
      "ty": -0.0733748983617432,
      "tz": 0.0
    },
    {
      "R": [
        [
          -0.9372332161079338,
          -0.33250714854697455,
          -0.10503758750627849
        ],
        [
          0.16018850243600957,
          -0.6781101987063303,
          0.7172908769096189
        ],
        [
          -0.30973140349549233,
          0.6554430216087601,
          0.6888112245841316
        ]
      ],
      "tx": -0.016611241237715874,
      "ty": 0.06738438835149471,
      "tz": 0.0
    },
    {
      "R": [
        [
          -0.14276331147895416,
          -0.853109521817768,
          -0.5018194702075864
        ],
        [
          -0.8930515147639153,
          0.3296143352319608,
          -0.306289702712104
        ],
        [
          0.4267055528973578,
          0.4044237057758262,
          -0.8089275847275261
        ]
      ],
      "tx": -0.0006064156643827978,
      "ty": -0.06909875514962271,
      "tz": 0.0
    },
    {
      "R": [
        [
          -0.678327164699049,
          0.4497495711166283,
          0.5810314801383468
        ],
        [
          -0.10300770821965996,
          -0.8411765532255377,
          0.5308591323043594
        ],
        [
          0.7275037248555382,
          0.30024544889808547,
          0.6169205789542966
        ]
      ],
      "tx": 0.0706080278765508,
      "ty": 0.05777901386473472,
      "tz": 0.0
    },
    {
      "R": [
        [
          -0.11851842021163295,
          0.6653780361150656,
          0.7370382982764174
        ],
        [
          0.6074718808971149,
          -0.5385666186335514,
          0.583886899333205
        ],
        [
          0.7854497424978,
          0.5169313942384243,
          -0.34036838228727784
        ]
      ],
      "tx": -0.09665093768757736,
      "ty": 0.015614519876508484,
      "tz": 0.0
    },
    {
      "R": [
        [
          -0.7896096114327977,
          0.5496920474199989,
          -0.27268170920719187
        ],
        [
          -0.4876934199693319,
          -0.29251419908694154,
          0.8225512576436448
        ],
        [
          0.37238661314763005,
          0.7824794542578958,
          0.49905321761581967
        ]
      ],
      "tx": -0.03142032696744339,
      "ty": -0.01205538375483639,
      "tz": 0.0
    },
    {
      "R": [
        [
          0.2935094487664105,
          0.24635643073745345,
          -0.9236669922212983
        ],
        [
          0.8793760106559334,
          0.3093464321434729,
          0.361942836374695
        ],
        [
          0.3749000338326116,
          -0.9184842371834183,
          -0.1258438344850501
        ]
      ],
      "tx": -0.07611404258225352,
      "ty": 0.09740267444729367,
      "tz": 0.0
    }
  ],
  "points_N": 8665
}