{
  "type": "scene",
  "distance_m": 0.6,
  "num_objects": 11,
  "intrinsics": {
    "width": 640,
    "height": 480,
    "fx": 554.2562584220408,
    "fy": 554.2562584220408,
    "cx": -0.012938049428042983,
    "cy": -0.02027532577780683
  },
  "T_wc": [
    [
      0.999999999999,
      0.0,
      0.0,
      0.0
    ],
    [
      -0.0,
      0.9999999999973334,
      0.0,
      0.0
    ],
    [
      0.0,
      0.0,
      -0.9999999999983333,
      0.6150141660124063
    ],
    [
      0.0,
      0.0,
      0.0,
      1.0
    ]
  ],
  "bin_size": {
    "w": 0.25,
    "d": 0.25
  },
  "z_floor": 0.0,
  "piece_aabb": {
    "w": 0.0300283320248127,
    "d": 0.0300283320248127,
    "h": 0.0300283320248127
  },
  "poses": [
    {
      "R": [
        [
          0.05167429213500552,
          -0.8148056242672954,
          0.5774266725695386
        ],
        [
          0.06562855619043234,
          -0.5741786279285881,
          -0.8160954575553054
        ],
        [
          0.9965052233404025,
          0.08006683391034813,
          0.023804242539247955
        ]
      ],
      "tx": -0.07440741519652955,
      "ty": -0.02653600966133357,
      "tz": 0.0
    },
    {
      "R": [
        [
          -0.8849158627484537,
          0.17764625530555858,
          -0.4305411987627578
        ],
        [
          0.46257115612959887,
          0.4430529260768945,
          -0.7679401215014282
        ],
        [
          0.05433085102486934,
          -0.8787183352307008,
          -0.4742385960213482
        ]
      ],
      "tx": 0.023526556640620866,
      "ty": 0.02790982872394568,
      "tz": 0.0
    },
    {
      "R": [
        [
          -0.4639214356273278,
          0.06061739227445939,
          0.8837999962204819
        ],
        [
          0.8802191417149596,
          -0.08102644173299911,
          0.46759916413384317
        ],
        [
          0.0999558108568942,
          0.994866949643988,
          -0.015766685828276783
        ]
      ],
      "tx": -0.017013012492610932,
      "ty": 0.0832321332742314,
      "tz": 0.0
    },
    {
      "R": [
        [
          -0.10067104414660255,
          0.7916243348876216,
          -0.6026576584464548
        ],
        [
          0.9815342788913805,
          0.1780502350985771,
          0.06991833194892005
        ],
        [
          0.16265239079586502,
          -0.5844903987193223,
          -0.7949309237747122
        ]
      ],
      "tx": -0.07247026942846968,
      "ty": 0.05379468259697018,
      "tz": 0.0
    },
    {
      "R": [
        [
          -0.9918598851389668,
          0.05671768177002197,
          0.11400470528337928
        ],
        [
          0.06855086141961432,
          -0.5166583704932199,
          0.8534429726688948
        ],
        [
          0.10730679219296643,
          0.8543109695970932,
          0.5085646660704322
        ]
      ],
      "tx": 0.03473717952361957,
      "ty": -0.05523394611859115,
      "tz": 0.0
    },
    {
      "R": [
        [
          0.6426400912766432,
          -0.6648477881386136,
          -0.3807770104551231
        ],
        [
          0.7490827380083497,
          0.4408491691256602,
          0.4944967762272361
        ],
        [
          -0.16089985923505906,
          -0.6030169389730344,
          0.7813333517838144
        ]
      ],
      "tx": -0.03884751334683516,
      "ty": -0.07220755669313844,
      "tz": 0.0
    },
    {
      "R": [
        [
          -0.4632851483916425,
          0.7544087640870131,
          -0.46500998693408624
        ],
        [
          -0.785680050917421,
          -0.10690671384971107,
          0.6093257028258816
        ],
        [
          0.4099679607849037,
          0.6476406188640127,
          0.6422522089703595
        ]
      ],
      "tx": 0.08298048603649552,
      "ty": -0.004060797435139596,
      "tz": 0.0
    },
    {
      "R": [
        [
          0.8602539744225332,
          0.350694933620315,
          -0.3701029086933505
        ],
        [
          0.2526889631342383,
          0.33722167717791607,
          0.9068791696535194
        ],
        [
          0.4428446538012841,
          -0.8736673302661353,
          0.2014795489007868
        ]
      ],
      "tx": 0.06501196303897078,
      "ty": 0.07348739939989407,
      "tz": 0.0
    },
    {
      "R": [
        [
          0.19387609021108654,
          0.8787023884374541,
          0.43622720478986193
        ],
        [
          0.6564917425266157,
          0.2142190610013902,
          -0.723276424265336
        ],
        [
          -0.7289929036957976,
          0.42660556308842973,
          -0.5353289081519637
        ]
      ],
      "tx": 0.09073225004084084,
      "ty": -0.07143329508906143,
      "tz": 0.0
    },
    {
      "R": [
        [
          -0.9418517436221059,
          0.1343600825412857,
          0.3079978267058029
        ],
        [
          0.2130565622164333,
          0.9475692994282288,
          0.23815819128808252
        ],
        [
          -0.2598503306376846,
          0.2899306658506387,
          -0.9210960941546171
        ]
      ],
      "tx": -0.092942557620333,
      "ty": -0.09139906469775971,
      "tz": 0.0
    },
    {
      "R": [
        [
          0.27502891289963605,
          -0.14156139544519697,
          0.9509571327819424
        ],
        [
          0.6660320509064317,
          0.7413731610609331,
          -0.08226264780501563
        ],
        [
          -0.6933688803476954,
          0.655992536068916,
          0.29818348107709614
        ]
      ],
      "tx": -0.012938049428042983,
      "ty": -0.02027532577780683,
      "tz": 0.0
    }
  ],
  "points_N": 12300
}