{
  "type": "scene",
  "distance_m": 0.6,
  "num_objects": 7,
  "intrinsics": {
    "width": 640,
    "height": 480,
    "fx": 554.2562584220408,
    "fy": 554.2562584220408,
    "cx": -0.09583650289258917,
    "cy": 0.06320090911673445
  },
  "T_wc": [
    [
      0.999999999999,
      0.0,
      0.0,
      0.0
    ],
    [
      -0.0,
      0.9999999999973334,
      0.0,
      0.0
    ],
    [
      0.0,
      0.0,
      -0.9999999999983333,
      0.6150141660124063
    ],
    [
      0.0,
      0.0,
      0.0,
      1.0
    ]
  ],
  "bin_size": {
    "w": 0.25,
    "d": 0.25
  },
  "z_floor": 0.0,
  "piece_aabb": {
    "w": 0.0300283320248127,
    "d": 0.0300283320248127,
    "h": 0.0300283320248127
  },
  "poses": [
    {
      "R": [
        [
          0.39187742169136663,
          0.8642927895144258,
          0.3153253246440875
        ],
        [
          -0.4251296508197263,
          -0.13383785066264342,
          0.895182780064441
        ],
        [
          0.8159024858170396,
          -0.48485606495472044,
          0.31498845996988434
        ]
      ],
      "tx": 0.08280246306140426,
      "ty": 0.0414836402730428,
      "tz": 0.0
    },
    {
      "R": [
        [
          -0.4372361805381184,
          -0.8072174787791353,
          -0.3965154024522804
        ],
        [
          0.8117589024401866,
          -0.5440119595328523,
          0.21236400870752495
        ],
        [
          -0.3871330607653413,
          -0.22902167984425,
          0.8931276859574875
        ]
      ],
      "tx": -0.03624746801738764,
      "ty": 0.05114456975955037,
      "tz": 0.0
    },
    {
      "R": [
        [
          0.31696143623736406,
          0.36555654438254453,
          -0.875159334519972
        ],
        [
          -0.6808308914200372,
          0.7301096378345648,
          0.058388475140887186
        ],
        [
          0.6603065539781845,
          0.5773286149154337,
          0.4802987873951816
        ]
      ],
      "tx": -0.05844156911121122,
      "ty": -0.06234872489132202,
      "tz": 0.0
    },
    {
      "R": [
        [
          0.24690543971924062,
          -0.6965025761684351,
          0.6737372375249728
        ],
        [
          0.4308198935133223,
          0.701670667677236,
          0.5674966902762971
        ],
        [
          -0.8680045640376657,
          0.15014138507458588,
          0.473313470437581
        ]
      ],
      "tx": 0.09234215762393963,
      "ty": -0.051029349307820306,
      "tz": 0.0
    },
    {
      "R": [
        [
          -0.0910044686993754,
          0.9734939067347899,
          -0.20982802536120065
        ],
        [
          -0.41023788589378746,
          0.15534616685542768,
          0.898650346586881
        ],
        [
          0.9074266161261417,
          0.16786060286309568,
          0.38522688685020134
        ]
      ],
      "tx": 0.02431564535086661,
      "ty": -0.054468970099566257,
      "tz": 0.0
    },
    {
      "R": [
        [
          0.20015918360682416,
          -0.5339151280950063,
          0.8215052873896447
        ],
        [
          -0.22061271973030944,
          -0.8415012685896031,
          -0.4931588414043542
        ],
        [
          0.954602707471043,
          -0.08252424463987607,
          -0.2862226754391979
        ]
      ],
      "tx": 0.03091340171150342,
      "ty": 0.07430897649230223,
      "tz": 0.0
    },
    {
      "R": [
        [
          -0.8273861353448941,
          0.5328573166143072,
          0.17746904848350464
        ],
        [
          0.4574372198371536,
          0.8226936194732499,
          -0.3375298481403669
        ],
        [
          -0.3258579029986787,
          -0.19808656847096776,
          -0.92443406387081
        ]
      ],
      "tx": -0.09583650289258917,
      "ty": 0.06320090911673445,
      "tz": 0.0
    }
  ],
  "points_N": 8257
}