{
  "type": "scene",
  "distance_m": 0.6,
  "num_objects": 10,
  "intrinsics": {
    "width": 640,
    "height": 480,
    "fx": 554.2562584220408,
    "fy": 554.2562584220408,
    "cx": 0.031584925680992804,
    "cy": -0.09868946466658057
  },
  "T_wc": [
    [
      0.999999999999,
      0.0,
      0.0,
      0.0
    ],
    [
      -0.0,
      0.9999999999973334,
      0.0,
      0.0
    ],
    [
      0.0,
      0.0,
      -0.9999999999983333,
      0.6150141660124063
    ],
    [
      0.0,
      0.0,
      0.0,
      1.0
    ]
  ],
  "bin_size": {
    "w": 0.25,
    "d": 0.25
  },
  "z_floor": 0.0,
  "piece_aabb": {
    "w": 0.0300283320248127,
    "d": 0.0300283320248127,
    "h": 0.0300283320248127
  },
  "poses": [
    {
      "R": [
        [
          0.7378593096968796,
          0.6687142219979993,
          -0.09156925461777388
        ],
        [
          -0.030605049592845768,
          -0.10237968553780608,
          -0.9942744746439987
        ],
        [
          -0.6742603132567301,
          0.7364371590888052,
          -0.055075772170219084
        ]
      ],
      "tx": 0.09063727081302511,
      "ty": 0.009690786957682662,
      "tz": 0.0
    },
    {
      "R": [
        [
          0.9189247477461319,
          0.33455669512526903,
          0.20892373184146815
        ],
        [
          0.36403504662974123,
          -0.5154538231421937,
          -0.7757485681800373
        ],
        [
          -0.15184134089565351,
          0.7889101177922322,
          -0.5954536365159391
        ]
      ],
      "tx": -0.06014598108549756,
      "ty": -0.0022167728564408684,
      "tz": 0.0
    },
    {
      "R": [
        [
          0.44318797468878457,
          0.16808630303262737,
          0.8805290533673928
        ],
        [
          -0.14907107850954995,
          -0.9547672760199555,
          0.2572882861566645
        ],
        [
          0.8839469625736902,
          -0.24528849009739093,
          -0.3980845688826551
        ]
      ],
      "tx": 0.028794777754189732,
      "ty": 0.06656195594116932,
      "tz": 0.0
    },
    {
      "R": [
        [
          -0.49184169192944793,
          -0.39869474417422657,
          -0.7740376289611673
        ],
        [
          -0.3864698327240954,
          0.8965922002048716,
          -0.21624868768618466
        ],
        [
          0.7802133160067107,
          0.19278207255768193,
          -0.5950649158084997
        ]
      ],
      "tx": -0.05916120320496829,
      "ty": 0.059993088690781016,
      "tz": 0.0
    },
    {
      "R": [
        [
          -0.7914408455710864,
          -0.26841796866757744,
          0.5491567918710418
        ],
        [
          0.35425639876587917,
          -0.9335741505224244,
          0.05423752768852465
        ],
        [
          0.4981202584669226,
          0.2374681022215499,
          0.8339574980370053
        ]
      ],
      "tx": -0.016944402016255106,
      "ty": -0.044166058698471275,
      "tz": 0.0
    },
    {
      "R": [
        [
          0.9351897730384122,
          0.32751169309806916,
          0.13474486739167177
        ],
        [
          0.34631382977458125,
          -0.7661449572178749,
          -0.5413766118299567
        ],
        [
          -0.07407307008100472,
          0.5529538818144396,
          -0.829912757387858
        ]
      ],
      "tx": 0.07295572265606592,
      "ty": -0.058960886989668,
      "tz": 0.0
    },
    {
      "R": [
        [
          -0.53513974219236,
          0.05510783279138276,
          -0.8429641647729348
        ],
        [
          -0.5814951154961505,
          -0.7478613786375239,
          0.3202605017739478
        ],
        [
          -0.6127714802276728,
          0.66156366670746,
          0.432255280953475
        ]
      ],
      "tx": -0.06225342826430406,
      "ty": -0.08889172089583039,
      "tz": 0.0
    },
    {
      "R": [
        [
          0.40137834671976824,
          -0.8438803256036898,
          -0.35603569883301883
        ],
        [
          -0.16774502925508528,
          -0.44987685981435255,
          0.8771957684370051
        ],
        [
          -0.9004204728596057,
          -0.2923641685682223,
          -0.3221275601259477
        ]
      ],
      "tx": 0.08879166375939568,
      "ty": 0.07993086249766007,
      "tz": 0.0
    },
    {
      "R": [
        [
          0.4145244515972222,
          -0.5935382487507709,
          0.6898418849982149
        ],
        [
          -0.9100331437445676,
          -0.27287704647054967,
          0.31205415362704036
        ],
        [
          0.003025940250791892,
          -0.7571330561924882,
          -0.6532536864849834
        ]
      ],
      "tx": 0.02087972680602769,
      "ty": 0.002440761765258953,
      "tz": 0.0
    },
    {
      "R": [
        [
          0.762121166377154,
          -0.43841233059571416,
          -0.4764094417006873
        ],
        [
          0.21611900309652576,
          -0.5213654096978306,
          0.8255123779030675
        ],
        [
          -0.6102982092882874,
          -0.7321015899123886,
          -0.30259437831404323
        ]
      ],
      "tx": 0.031584925680992804,
      "ty": -0.09868946466658057,
      "tz": 0.0
    }
  ],
  "points_N": 11567
}