{
  "type": "scene",
  "distance_m": 0.6,
  "num_objects": 13,
  "intrinsics": {
    "width": 640,
    "height": 480,
    "fx": 554.2562584220408,
    "fy": 554.2562584220408,
    "cx": -0.029170294100889574,
    "cy": -0.08545763204601328
  },
  "T_wc": [
    [
      0.999999999999,
      0.0,
      0.0,
      0.0
    ],
    [
      -0.0,
      0.9999999999973334,
      0.0,
      0.0
    ],
    [
      0.0,
      0.0,
      -0.9999999999983333,
      0.6150141660124063
    ],
    [
      0.0,
      0.0,
      0.0,
      1.0
    ]
  ],
  "bin_size": {
    "w": 0.25,
    "d": 0.25
  },
  "z_floor": 0.0,
  "piece_aabb": {
    "w": 0.0300283320248127,
    "d": 0.0300283320248127,
    "h": 0.0300283320248127
  },
  "poses": [
    {
      "R": [
        [
          0.013588470492948979,
          -0.3021354150603109,
          -0.9531681616776737
        ],
        [
          -0.9758295381018309,
          -0.2119411721401665,
          0.05326961722989598
        ],
        [
          -0.21811021534451253,
          0.9294057943213964,
          -0.2977126188863757
        ]
      ],
      "tx": 0.039587914168069116,
      "ty": 0.03423749810897961,
      "tz": 0.0
    },
    {
      "R": [
        [
          0.5617523467373677,
          0.7079954357885125,
          0.42799154645587834
        ],
        [
          -0.35734985546194586,
          -0.25892932873829055,
          0.8973609549788002
        ],
        [
          0.7461470242092951,
          -0.6570373395947693,
          0.1075479085888763
        ]
      ],
      "tx": -0.04529277857311275,
      "ty": 0.04310971507888281,
      "tz": 0.0
    },
    {
      "R": [
        [
          0.7996969364714763,
          0.4253493661378407,
          -0.42374842362452814
        ],
        [
          -0.589271997586122,
          0.6913079895798331,
          -0.41815281465506204
        ],
        [
          0.11507963616121131,
          0.5840986049197742,
          0.8034833520812841
        ]
      ],
      "tx": 0.03172511444993292,
      "ty": -0.09438961140832046,
      "tz": 0.0
    },
    {
      "R": [
        [
          -0.016062608446129722,
          -0.9508336751873875,
          -0.3092851673448825
        ],
        [
          -0.9988957631081238,
          0.028918491485333542,
          -0.03702668355188646
        ],
        [
          0.04415027808004357,
          0.30834889813303745,
          -0.9502482359707891
        ]
      ],
      "tx": -0.08811714174600319,
      "ty": -0.08079039437551125,
      "tz": 0.0
    },
    {
      "R": [
        [
          0.4783175967967199,
          -0.03879384253528803,
          0.877329649775931
        ],
        [
          -0.37611414296702594,
          -0.9118111699198674,
          0.16473779733122013
        ],
        [
          0.7935681621983016,
          -0.4087730766460896,
          -0.45072624036603415
        ]
      ],
      "tx": 0.07529607574631472,
      "ty": -0.015057328976211565,
      "tz": 0.0
    },
    {
      "R": [
        [
          -0.8633205279840501,
          -0.44772787846487017,
          -0.23284632873783445
        ],
        [
          -0.09477622857411361,
          -0.309341340539939,
          0.9462163608447178
        ],
        [
          -0.4956764392813205,
          0.8389563051067084,
          0.22462676969384432
        ]
      ],
      "tx": -0.037465054410122184,
      "ty": -0.024049670381977403,
      "tz": 0.0
    },
    {
      "R": [
        [
          -0.6914561822313863,
          -0.3989336273243118,
          -0.6022792616750664
        ],
        [
          0.5702060821472539,
          -0.8132791620160271,
          -0.11593976243199752
        ],
        [
          -0.44356890325661374,
          -0.42359056365832326,
          0.7898212851293316
        ]
      ],
      "tx": 0.07325788627253371,
      "ty": 0.08051066250844743,
      "tz": 0.0
    },
    {
      "R": [
        [
          -0.22083128417850584,
          -0.8996077588302697,
          0.3767484892875501
        ],
        [
          0.8752227622414804,
          -0.3532407892020071,
          -0.3304634038714969
        ],
        [
          0.43037037581885773,
          0.2567621956136115,
          0.8653638047210044
        ]
      ],
      "tx": -0.09130606352860582,
      "ty": 0.005283546415659368,
      "tz": 0.0
    },
    {
      "R": [
        [
          -0.6236419979357346,
          0.5615249876671747,
          -0.5438385299297063
        ],
        [
          0.7396684249546689,
          0.6489671003833117,
          -0.17813568913936328
        ],
        [
          0.2529056731981397,
          -0.5133530859412999,
          -0.8200654422780782
        ]
      ],
      "tx": 0.09541384732162975,
      "ty": -0.08179697783319086,
      "tz": 0.0
    },
    {
      "R": [
        [
          0.5686093976242963,
          -0.45272580989567707,
          0.6868207145883403
        ],
        [
          -0.5602375333712577,
          -0.8244926001997674,
          -0.07966089641672083
        ],
        [
          0.6023431406892785,
          -0.3394868086835331,
          -0.7224482317747387
        ]
      ],
      "tx": -0.01431912682774615,
      "ty": 0.09751104279384518,
      "tz": 0.0
    },
    {
      "R": [
        [
          -0.3335795360713796,
          -0.20848164712362155,
          0.9193802781912527
        ],
        [
          -0.3802559963658207,
          -0.8626291064020513,
          -0.3335811775502865
        ],
        [
          0.8626297411649103,
          -0.4608757181720692,
          0.2084790206642846
        ]
      ],
      "tx": -0.09283666033132905,
      "ty": 0.0823782232067177,
      "tz": 0.0
    },
    {
      "R": [
        [
          0.9748382249486723,
          0.15282924861743175,
          -0.16227647995305108
        ],
        [
          -0.06595593838790159,
          -0.49763240162055555,
          -0.8648767583007011
        ],
        [
          -0.212932499563343,
          0.8538180213748063,
          -0.4750310905670465
        ]
      ],
      "tx": 0.020275247723966466,
      "ty": -0.031166607903477028,
      "tz": 0.0
    },
    {
      "R": [
        [
          -0.06544360216752665,
          -0.9948831768486299,
          -0.07697141910421008
        ],
        [
          -0.9851554867866252,
          0.052150192209878266,
          0.1635512895292483
        ],
        [
          -0.15870035220359702,
          0.08653220138220352,
          -0.9835275168160795
        ]
      ],
      "tx": -0.029170294100889574,
      "ty": -0.08545763204601328,
      "tz": 0.0
    }
  ],
  "points_N": 15088
}