{
  "type": "scene",
  "distance_m": 0.6,
  "num_objects": 11,
  "intrinsics": {
    "width": 640,
    "height": 480,
    "fx": 554.2562584220408,
    "fy": 554.2562584220408,
    "cx": 0.030143272289404804,
    "cy": 0.09780842833567654
  },
  "T_wc": [
    [
      0.999999999999,
      0.0,
      0.0,
      0.0
    ],
    [
      -0.0,
      0.9999999999973334,
      0.0,
      0.0
    ],
    [
      0.0,
      0.0,
      -0.9999999999983333,
      0.6150141660124063
    ],
    [
      0.0,
      0.0,
      0.0,
      1.0
    ]
  ],
  "bin_size": {
    "w": 0.25,
    "d": 0.25
  },
  "z_floor": 0.0,
  "piece_aabb": {
    "w": 0.0300283320248127,
    "d": 0.0300283320248127,
    "h": 0.0300283320248127
  },
  "poses": [
    {
      "R": [
        [
          0.9739442445543058,
          -0.21659683394614776,
          0.06721919386639061
        ],
        [
          0.12099979238529289,
          0.7469719115661171,
          0.6537522570316502
        ],
        [
          -0.19181151879451488,
          -0.6285847395982228,
          0.7537171660523434
        ]
      ],
      "tx": 0.04168135626921632,
      "ty": 0.00027076267604828064,
      "tz": 0.0
    },
    {
      "R": [
        [
          -0.10178664684380756,
          -0.8865348236378492,
          0.45132636196183074
        ],
        [
          0.6692846293667427,
          -0.39668101342246453,
          -0.6282533394129696
        ],
        [
          0.73600106210366,
          0.23811799610179354,
          0.6337209610820449
        ]
      ],
      "tx": 0.06474601967282881,
      "ty": -0.08473285575957688,
      "tz": 0.0
    },
    {
      "R": [
        [
          -0.5814123992885014,
          -0.11427237794180309,
          0.8055441922037014
        ],
        [
          -0.48092445158295827,
          0.8468721004843669,
          -0.22697867144475725
        ],
        [
          -0.6562555095564675,
          -0.5193741128134151,
          -0.5473383205258509
        ]
      ],
      "tx": -0.0749328897118075,
      "ty": 0.007616346201988325,
      "tz": 0.0
    },
    {
      "R": [
        [
          0.11213841407436753,
          0.6337850355478623,
          -0.765337510386418
        ],
        [
          0.5453322341215763,
          -0.6831021509953543,
          -0.4857820557961047
        ],
        [
          -0.8306850970836395,
          -0.36288838507330945,
          -0.4222254012515463
        ]
      ],
      "tx": 0.0029630068246967733,
      "ty": -0.08619384217837245,
      "tz": 0.0
    },
    {
      "R": [
        [
          -0.8203797818122534,
          0.536949119260151,
          -0.1966282200484651
        ],
        [
          -0.5437176495173752,
          -0.8389661345808166,
          -0.022515386512861772
        ],
        [
          -0.17705403468145006,
          0.08843906575869662,
          0.9802195674698342
        ]
      ],
      "tx": -0.07763623459475776,
      "ty": -0.06473507862758407,
      "tz": 0.0
    },
    {
      "R": [
        [
          0.6578548519339797,
          0.0563072293399913,
          0.7510369429734967
        ],
        [
          0.5406471300719914,
          -0.7295526267227821,
          -0.418871872518087
        ],
        [
          0.5243354599222152,
          0.6816028614713577,
          -0.5103820771757337
        ]
      ],
      "tx": -0.014161080959398178,
      "ty": -0.02309887756577414,
      "tz": 0.0
    },
    {
      "R": [
        [
          -0.5767522366682512,
          0.14265815656727177,
          0.8043665258220267
        ],
        [
          0.7276009503326908,
          -0.3579688062734201,
          0.5851967112092715
        ],
        [
          0.3714212091051541,
          0.9227713606847636,
          0.10266109938460244
        ]
      ],
      "tx": 0.07016195751469767,
      "ty": 0.053930063987204346,
      "tz": 0.0
    },
    {
      "R": [
        [
          -0.08663503005545503,
          0.4135354899516751,
          0.9063568668674155
        ],
        [
          -0.7379509204250058,
          -0.6378233653721912,
          0.22047628813361878
        ],
        [
          0.6692703568896331,
          -0.6497459142893626,
          0.36042674186733603
        ]
      ],
      "tx": -0.02010570008431828,
      "ty": 0.06894281062810054,
      "tz": 0.0
    },
    {
      "R": [
        [
          -0.5071946452376876,
          -0.6106679829567955,
          0.6081432449955312
        ],
        [
          0.006253472868700594,
          -0.7082296285938381,
          -0.7059544512636167
        ],
        [
          0.8618088453475609,
          -0.3542533101797536,
          0.36302907088467584
        ]
      ],
      "tx": -0.09098340725129256,
      "ty": 0.09780341127013006,
      "tz": 0.0
    },
    {
      "R": [
        [
          0.7682548571809517,
          -0.5066667829494377,
          0.3912457609655893
        ],
        [
          0.1638415608858408,
          -0.4351951257435591,
          -0.8853028552170943
        ],
        [
          0.618821797728851,
          0.7442405347632681,
          -0.2513276926065209
        ]
      ],
      "tx": 0.09256810666599763,
      "ty": -0.03224428434121916,
      "tz": 0.0
    },
    {
      "R": [
        [
          -0.7247457982325152,
          -0.4714907250081523,
          -0.5024340993360236
        ],
        [
          0.1445390960834359,
          -0.8170160665890969,
          0.5582053355519487
        ],
        [
          -0.6736853699225608,
          0.331935600932722,
          0.6602778045533071
        ]
      ],
      "tx": 0.030143272289404804,
      "ty": 0.09780842833567654,
      "tz": 0.0
    }
  ],
  "points_N": 13694
}