{
  "type": "scene",
  "distance_m": 0.6,
  "num_objects": 6,
  "intrinsics": {
    "width": 640,
    "height": 480,
    "fx": 554.2562584220408,
    "fy": 554.2562584220408,
    "cx": -0.09793489922601731,
    "cy": 0.01301650576880782
  },
  "T_wc": [
    [
      0.999999999999,
      0.0,
      0.0,
      0.0
    ],
    [
      -0.0,
      0.9999999999973334,
      0.0,
      0.0
    ],
    [
      0.0,
      0.0,
      -0.9999999999983333,
      0.6150141660124063
    ],
    [
      0.0,
      0.0,
      0.0,
      1.0
    ]
  ],
  "bin_size": {
    "w": 0.25,
    "d": 0.25
  },
  "z_floor": 0.0,
  "piece_aabb": {
    "w": 0.0300283320248127,
    "d": 0.0300283320248127,
    "h": 0.0300283320248127
  },
  "poses": [
    {
      "R": [
        [
          -0.9352389670736581,
          0.2586732099543604,
          0.24169452811121805
        ],
        [
          -0.20796571935244734,
          -0.953937583938351,
          0.21622521944509696
        ],
        [
          0.28649316578448447,
          0.15195807448690776,
          0.9459547608406098
        ]
      ],
      "tx": -0.008327639000075243,
      "ty": -0.06284417364652296,
      "tz": 0.0
    },
    {
      "R": [
        [
          -0.2861269589057083,
          -0.1495437101250301,
          -0.9464502322623267
        ],
        [
          0.9542031128847928,
          -0.13450057943057114,
          -0.26721903654831936
        ],
        [
          -0.08733717850000988,
          -0.9795643281045312,
          0.1811793154771698
        ]
      ],
      "tx": 0.08156805058775335,
      "ty": -0.029489098404845537,
      "tz": 0.0
    },
    {
      "R": [
        [
          -0.597233415277596,
          -0.21426668491538192,
          -0.7729178710647275
        ],
        [
          0.03765390117824026,
          -0.9700844932153367,
          0.23982964735245382
        ],
        [
          -0.8011831447315387,
          0.11413090623716038,
          0.5874348515704246
        ]
      ],
      "tx": -0.009286595861070224,
      "ty": 0.04935926375582497,
      "tz": 0.0
    },
    {
      "R": [
        [
          -0.6737603693643,
          -0.2649365141435265,
          0.6898228817222282
        ],
        [
          -0.7348550355808572,
          0.33836579515142595,
          -0.5877896437952954
        ],
        [
          -0.07768552861079914,
          -0.902949185804506,
          -0.4226673946490793
        ]
      ],
      "tx": -0.055254182758189725,
      "ty": 0.09886596443994994,
      "tz": 0.0
    },
    {
      "R": [
        [
          0.20625315366255448,
          0.8567866087793441,
          -0.4726270661109472
        ],
        [
          -0.3375833781553174,
          0.5156631376850921,
          0.7874826926517241
        ],
        [
          0.9184209815751677,
          -0.0028697472287281256,
          0.39559406612504766
        ]
      ],
      "tx": 0.050290103029014044,
      "ty": -0.08579040088787285,
      "tz": 0.0
    },
    {
      "R": [
        [
          0.756319699272577,
          0.6507185725497103,
          -0.0674229325311943
        ],
        [
          -0.026782908605245015,
          0.13377359890880736,
          0.9906499381929161
        ],
        [
          0.6536537220110368,
          -0.7474422810985828,
          0.11860374415365393
        ]
      ],
      "tx": -0.09793489922601731,
      "ty": 0.01301650576880782,
      "tz": 0.0
    }
  ],
  "points_N": 6370
}