{
  "type": "scene",
  "distance_m": 0.6,
  "num_objects": 11,
  "intrinsics": {
    "width": 640,
    "height": 480,
    "fx": 554.2562584220408,
    "fy": 554.2562584220408,
    "cx": 0.09894192475170871,
    "cy": -0.0942821031015755
  },
  "T_wc": [
    [
      0.999999999999,
      0.0,
      0.0,
      0.0
    ],
    [
      -0.0,
      0.9999999999973334,
      0.0,
      0.0
    ],
    [
      0.0,
      0.0,
      -0.9999999999983333,
      0.6150141660124063
    ],
    [
      0.0,
      0.0,
      0.0,
      1.0
    ]
  ],
  "bin_size": {
    "w": 0.25,
    "d": 0.25
  },
  "z_floor": 0.0,
  "piece_aabb": {
    "w": 0.0300283320248127,
    "d": 0.0300283320248127,
    "h": 0.0300283320248127
  },
  "poses": [
    {
      "R": [
        [
          -0.8364854774691457,
          -0.17738823289409128,
          -0.5184838095967195
        ],
        [
          0.07946402701702154,
          0.8968910423806481,
          -0.43505393517079305
        ],
        [
          0.5421969332202587,
          -0.4051171101398535,
          -0.7361403484923783
        ]
      ],
      "tx": -0.06862801634517626,
      "ty": -0.0019191033812916841,
      "tz": 0.0
    },
    {
      "R": [
        [
          0.14176636716118862,
          0.2841040171458661,
          -0.9482548204905158
        ],
        [
          0.9686246826131951,
          -0.23734888986256353,
          0.07370026264197083
        ],
        [
          -0.20412868826895914,
          -0.928951243027636,
          -0.30883825330260484
        ]
      ],
      "tx": 0.02310054851443573,
      "ty": -0.00186111902630548,
      "tz": 0.0
    },
    {
      "R": [
        [
          -0.047584913648893945,
          0.9474187121772133,
          -0.316438714144616
        ],
        [
          -0.9515634331626557,
          0.05333915161211056,
          0.3027903029705548
        ],
        [
          0.30374777144981224,
          0.3155197596376033,
          0.8989908634783235
        ]
      ],
      "tx": 0.055953425657697176,
      "ty": -0.055026714168664864,
      "tz": 0.0
    },
    {
      "R": [
        [
          0.15017843032697054,
          -0.986256069500939,
          -0.06888689597511582
        ],
        [
          0.20639845601353574,
          -0.03686585175842971,
          0.9777732796151437
        ],
        [
          -0.9668744057113912,
          -0.16105860531708543,
          0.19802527422922434
        ]
      ],
      "tx": 0.006041130159275002,
      "ty": 0.08400724068915752,
      "tz": 0.0
    },
    {
      "R": [
        [
          -0.7155612870120576,
          -0.6438447759671012,
          0.27099068063223325
        ],
        [
          0.07828185930683984,
          -0.45939804444827437,
          -0.8847742012855967
        ],
        [
          0.6941498361543508,
          -0.6118965118522696,
          0.37912882210392995
        ]
      ],
      "tx": -0.03662215041215915,
      "ty": -0.05195389975811682,
      "tz": 0.0
    },
    {
      "R": [
        [
          -0.6568329091673923,
          0.23224973977026336,
          -0.7173775768807842
        ],
        [
          0.742517168638164,
          0.03356004701696813,
          -0.6689857827501146
        ],
        [
          -0.13129654874468222,
          -0.9720770451054094,
          -0.19449276250511605
        ]
      ],
      "tx": 0.09673327499978132,
      "ty": 0.05265490502456385,
      "tz": 0.0
    },
    {
      "R": [
        [
          0.548047994400425,
          -0.7735108108797962,
          0.31831497182154633
        ],
        [
          -0.26863823979868673,
          -0.5231660050444444,
          -0.8087835478567174
        ],
        [
          0.7921343900826014,
          0.35774062757522523,
          -0.4945146625030936
        ]
      ],
      "tx": -0.08642486115457375,
      "ty": 0.07294709381877454,
      "tz": 0.0
    },
    {
      "R": [
        [
          0.3981002987419626,
          -0.6919933480689806,
          0.6022137148636212
        ],
        [
          0.6697193607589131,
          0.6678640681803143,
          0.3247053499071323
        ],
        [
          -0.6268908437409443,
          0.2740488873575718,
          0.7293182277797834
        ]
      ],
      "tx": -0.09230597135134493,
      "ty": -0.06537669407367333,
      "tz": 0.0
    },
    {
      "R": [
        [
          -0.6130165554905751,
          -0.7648574607654991,
          0.19799941264009785
        ],
        [
          -0.012033480807922547,
          -0.24154203086103077,
          -0.9703157438005293
        ],
        [
          0.7899784161824399,
          -0.5972022371348603,
          0.13886536618970924
        ]
      ],
      "tx": 0.0003291903705811561,
      "ty": -0.09697366722472305,
      "tz": 0.0
    },
    {
      "R": [
        [
          0.20208715552827394,
          -0.4642461428068005,
          0.862343493313134
        ],
        [
          0.9738104817195876,
          0.18891718740782404,
          -0.12650471135488128
        ],
        [
          -0.10418218304276372,
          0.8653241099096483,
          0.4902654969967999
        ]
      ],
      "tx": 0.09713886807074473,
      "ty": -0.01137239705577782,
      "tz": 0.0
    },
    {
      "R": [
        [
          -0.28502316773341185,
          0.6080753712308065,
          0.7409494832697625
        ],
        [
          -0.32140388780515966,
          -0.7888912630820546,
          0.5237844174243146
        ],
        [
          0.9030289778068805,
          -0.08885335072644793,
          0.42029007519300676
        ]
      ],
      "tx": 0.09894192475170871,
      "ty": -0.0942821031015755,
      "tz": 0.0
    }
  ],
  "points_N": 12364
}