{
  "type": "scene",
  "distance_m": 0.6,
  "num_objects": 11,
  "intrinsics": {
    "width": 640,
    "height": 480,
    "fx": 554.2562584220408,
    "fy": 554.2562584220408,
    "cx": 0.09684633157338152,
    "cy": 0.09578340414313127
  },
  "T_wc": [
    [
      0.999999999999,
      0.0,
      0.0,
      0.0
    ],
    [
      -0.0,
      0.9999999999973334,
      0.0,
      0.0
    ],
    [
      0.0,
      0.0,
      -0.9999999999983333,
      0.6150141660124063
    ],
    [
      0.0,
      0.0,
      0.0,
      1.0
    ]
  ],
  "bin_size": {
    "w": 0.25,
    "d": 0.25
  },
  "z_floor": 0.0,
  "piece_aabb": {
    "w": 0.0300283320248127,
    "d": 0.0300283320248127,
    "h": 0.0300283320248127
  },
  "poses": [
    {
      "R": [
        [
          0.5604291604204064,
          -0.28732134083634725,
          0.7767661187580739
        ],
        [
          0.5648492583903824,
          -0.5533133538176427,
          -0.6122006597374
        ],
        [
          0.6056933807185891,
          0.7818508678687236,
          -0.1477996920382798
        ]
      ],
      "tx": -0.07228826931499033,
      "ty": 0.035456663392752386,
      "tz": 0.0
    },
    {
      "R": [
        [
          -0.6191481791396711,
          0.2214095443766365,
          -0.7534144582677982
        ],
        [
          -0.1587632105658629,
          0.9043218955635677,
          0.3962273995764747
        ],
        [
          0.7690577190555004,
          0.36493797125435723,
          -0.5247575648791591
        ]
      ],
      "tx": -0.014919136123653434,
      "ty": -0.05170052096208127,
      "tz": 0.0
    },
    {
      "R": [
        [
          0.9069620215458211,
          0.03299103138758197,
          -0.41991842460351897
        ],
        [
          -0.32729071776195423,
          0.6827385060397293,
          -0.6532602226046703
        ],
        [
          0.2651427493641538,
          0.7299176146789595,
          0.6300155539675155
        ]
      ],
      "tx": 0.06389221897844535,
      "ty": 0.044111712030104305,
      "tz": 0.0
    },
    {
      "R": [
        [
          0.43440068702831636,
          -0.0971048655330786,
          0.8954700934141405
        ],
        [
          0.5089155139880276,
          0.8467358346806214,
          -0.1550594269627392
        ],
        [
          -0.7431695921737033,
          0.5230765444535953,
          0.41724080087026194
        ]
      ],
      "tx": -0.09837697451196663,
      "ty": -0.07274280804407157,
      "tz": 0.0
    },
    {
      "R": [
        [
          0.6862788124098702,
          0.10385775832135169,
          -0.7198853781497176
        ],
        [
          0.3530088127856473,
          -0.9129254563699982,
          0.20482160337058802
        ],
        [
          -0.6359293747995654,
          -0.3946906093994312,
          -0.6631841019799403
        ]
      ],
      "tx": 0.07619391015899232,
      "ty": -0.056299398406828516,
      "tz": 0.0
    },
    {
      "R": [
        [
          0.08913961726497877,
          0.8789518723259931,
          0.4685058535050381
        ],
        [
          0.02138410671147639,
          0.46858109033129414,
          -0.8831616396583855
        ],
        [
          -0.9957895604062161,
          0.08874326970856267,
          0.022973538417667028
        ]
      ],
      "tx": -0.020854489946538504,
      "ty": 0.0939405981569707,
      "tz": 0.0
    },
    {
      "R": [
        [
          -0.0006352723808173977,
          -0.3803321519647509,
          0.9248497448833859
        ],
        [
          -0.8196574381756776,
          0.530001787833792,
          0.2173931667193552
        ],
        [
          -0.5728536291866253,
          -0.7579218687139497,
          -0.3120787728328649
        ]
      ],
      "tx": -0.007748359553871292,
      "ty": 0.01585884029373183,
      "tz": 0.0
    },
    {
      "R": [
        [
          -0.8887930294758482,
          -0.43478630158176107,
          -0.14494075586941624
        ],
        [
          -0.4310490091872073,
          0.9004666714585184,
          -0.05793552684789789
        ],
        [
          0.1557038934448033,
          0.01098387678693426,
          -0.9877427053726382
        ]
      ],
      "tx": -0.09583483258337896,
      "ty": 0.09377893565194426,
      "tz": 0.0
    },
    {
      "R": [
        [
          0.4457579796080864,
          -0.7138389497730755,
          -0.5401238537618843
        ],
        [
          0.7557049050203177,
          0.6235086068725182,
          -0.2003674466676763
        ],
        [
          0.479801959295655,
          -0.3188588574005184,
          0.8173855326058117
        ]
      ],
      "tx": 0.03627849088427651,
      "ty": -0.09867152283110046,
      "tz": 0.0
    },
    {
      "R": [
        [
          -0.014344659197908172,
          -0.8093890800466703,
          -0.5870975624661552
        ],
        [
          -0.9598944992395682,
          0.17556483780810883,
          -0.2185853107027817
        ],
        [
          0.2799942518733468,
          0.5604161889405208,
          -0.7794465434468667
        ]
      ],
      "tx": 0.039222772799447636,
      "ty": 0.09643307765111403,
      "tz": 0.0
    },
    {
      "R": [
        [
          -0.04580407890522098,
          0.38314897418585026,
          -0.9225501883019562
        ],
        [
          -0.9946905649964497,
          -0.10269027645247464,
          0.006736989621333234
        ],
        [
          -0.0921556632154959,
          0.917960549643853,
          0.3858183031361617
        ]
      ],
      "tx": 0.09684633157338152,
      "ty": 0.09578340414313127,
      "tz": 0.0
    }
  ],
  "points_N": 13094
}