{
  "type": "scene",
  "distance_m": 0.6,
  "num_objects": 9,
  "intrinsics": {
    "width": 640,
    "height": 480,
    "fx": 554.2562584220408,
    "fy": 554.2562584220408,
    "cx": 0.009391127176472114,
    "cy": 0.07495058971807203
  },
  "T_wc": [
    [
      0.999999999999,
      0.0,
      0.0,
      0.0
    ],
    [
      -0.0,
      0.9999999999973334,
      0.0,
      0.0
    ],
    [
      0.0,
      0.0,
      -0.9999999999983333,
      0.6150141660124063
    ],
    [
      0.0,
      0.0,
      0.0,
      1.0
    ]
  ],
  "bin_size": {
    "w": 0.25,
    "d": 0.25
  },
  "z_floor": 0.0,
  "piece_aabb": {
    "w": 0.0300283320248127,
    "d": 0.0300283320248127,
    "h": 0.0300283320248127
  },
  "poses": [
    {
      "R": [
        [
          -0.16486730209085043,
          0.5369194292247044,
          0.8273670885539874
        ],
        [
          -0.004586058194609388,
          0.8384196912513391,
          -0.545005861796224
        ],
        [
          -0.9863050951767003,
          -0.0936479996744555,
          -0.1357656487682113
        ]
      ],
      "tx": -0.08719334052368735,
      "ty": 0.08340261043065902,
      "tz": 0.0
    },
    {
      "R": [
        [
          0.05964653428208877,
          -0.47784395423448234,
          -0.8764173927699572
        ],
        [
          0.16258452211316343,
          0.870907213667159,
          -0.46377462021087323
        ],
        [
          0.9848901279418785,
          -0.1148293541915976,
          0.1296366279203942
        ]
      ],
      "tx": -0.03705639771215869,
      "ty": 0.037987291353278274,
      "tz": 0.0
    },
    {
      "R": [
        [
          0.29581076854803745,
          -0.8689209777484911,
          0.3968278261911907
        ],
        [
          0.7171701136633707,
          0.4764269276969829,
          0.5086102738180598
        ],
        [
          -0.6310015984758576,
          0.13414066122477647,
          0.7640963720153973
        ]
      ],
      "tx": 0.0745139734125288,
      "ty": -0.06044434605313989,
      "tz": 0.0
    },
    {
      "R": [
        [
          -0.9989763069481388,
          0.028403028086287526,
          0.03520804101036198
        ],
        [
          0.04486946837224057,
          0.7210881386309282,
          0.6913889116364071
        ],
        [
          -0.005750562081246668,
          0.6922609076939941,
          -0.7216243944840259
        ]
      ],
      "tx": -0.08432981171843051,
      "ty": -0.08007015505490706,
      "tz": 0.0
    },
    {
      "R": [
        [
          0.1969289362490565,
          0.9216772867593063,
          0.33426033737166344
        ],
        [
          -0.3616432834890876,
          0.38518292644316754,
          -0.8490278256240538
        ],
        [
          -0.9112810376470291,
          0.04631514059873576,
          0.4091720642667006
        ]
      ],
      "tx": 0.09065397058609123,
      "ty": 0.07265301081398365,
      "tz": 0.0
    },
    {
      "R": [
        [
          0.5204464780956924,
          0.2609402096587444,
          0.8130471514131518
        ],
        [
          0.587042017640917,
          -0.800797030370695,
          -0.11876778045226344
        ],
        [
          0.6200944548710875,
          0.5391051132503997,
          -0.5699548612876306
        ]
      ],
      "tx": 0.006849215870290193,
      "ty": -0.08762673387826278,
      "tz": 0.0
    },
    {
      "R": [
        [
          0.9492380258293005,
          -0.25283423786229275,
          0.1871417069610241
        ],
        [
          -0.28079766117230276,
          -0.949225891592431,
          0.14185513811885217
        ],
        [
          0.14177391791107735,
          -0.18720324488413,
          -0.9720365740572703
        ]
      ],
      "tx": 0.043729013937978956,
      "ty": 0.0037491057196708394,
      "tz": 0.0
    },
    {
      "R": [
        [
          -0.2795766765127876,
          0.5338552751901047,
          0.7980196909235772
        ],
        [
          0.006980297732212426,
          -0.830011562100113,
          0.557702503332825
        ],
        [
          0.9600979936410833,
          0.1614910274034678,
          0.22832540523239775
        ]
      ],
      "tx": -0.09291508941018935,
      "ty": 0.003575026780677948,
      "tz": 0.0
    },
    {
      "R": [
        [
          -0.9158299085003201,
          -0.3002774717357493,
          -0.26662524011106187
        ],
        [
          -0.2686021718935417,
          -0.03549630286925609,
          0.9625969487468191
        ],
        [
          -0.29851038834581184,
          0.953191194068955,
          -0.04814660527007342
        ]
      ],
      "tx": 0.009391127176472114,
      "ty": 0.07495058971807203,
      "tz": 0.0
    }
  ],
  "points_N": 9899
}