{
  "type": "scene",
  "distance_m": 0.6,
  "num_objects": 11,
  "intrinsics": {
    "width": 640,
    "height": 480,
    "fx": 554.2562584220408,
    "fy": 554.2562584220408,
    "cx": 0.09774732769203506,
    "cy": -0.09777777842562897
  },
  "T_wc": [
    [
      0.999999999999,
      0.0,
      0.0,
      0.0
    ],
    [
      -0.0,
      0.9999999999973334,
      0.0,
      0.0
    ],
    [
      0.0,
      0.0,
      -0.9999999999983333,
      0.6150141660124063
    ],
    [
      0.0,
      0.0,
      0.0,
      1.0
    ]
  ],
  "bin_size": {
    "w": 0.25,
    "d": 0.25
  },
  "z_floor": 0.0,
  "piece_aabb": {
    "w": 0.0300283320248127,
    "d": 0.0300283320248127,
    "h": 0.0300283320248127
  },
  "poses": [
    {
      "R": [
        [
          0.29686486813084834,
          0.44662912813852895,
          0.8440341651662397
        ],
        [
          -0.9400346827176559,
          -0.018768926501389505,
          0.3405620687714668
        ],
        [
          0.16794655506312095,
          -0.8945223022911182,
          0.41427503587137293
        ]
      ],
      "tx": -0.03988101296455736,
      "ty": 0.08297779555923757,
      "tz": 0.0
    },
    {
      "R": [
        [
          -0.4852974021012275,
          -0.3692147617285315,
          0.792569802121897
        ],
        [
          0.8651015491831533,
          -0.33424960943642446,
          0.37400067940112836
        ],
        [
          0.12682957507895198,
          0.8671549217489001,
          0.48161872946548834
        ]
      ],
      "tx": -0.006072666106612903,
      "ty": -0.03510578317238314,
      "tz": 0.0
    },
    {
      "R": [
        [
          -0.217672550195672,
          -0.04376017913277495,
          -0.9750403620433261
        ],
        [
          -0.1425964512560698,
          0.9897009086755308,
          -0.012584254288751796
        ],
        [
          0.9655490215315266,
          0.13629804873546833,
          -0.22167076697304022
        ]
      ],
      "tx": 0.052762349858293284,
      "ty": -0.058046279424867245,
      "tz": 0.0
    },
    {
      "R": [
        [
          -0.5882221817347217,
          -0.5674861875581028,
          0.5761545728760764
        ],
        [
          -0.7821374298613204,
          0.21811838241750126,
          -0.5836826295697869
        ],
        [
          0.20556192674027057,
          -0.7939671266383405,
          -0.5721542590005646
        ]
      ],
      "tx": 0.05932807123931946,
      "ty": 0.002737478251088124,
      "tz": 0.0
    },
    {
      "R": [
        [
          -0.42757410227253145,
          0.34787441031485256,
          -0.8343642979621866
        ],
        [
          -0.43016959696502166,
          -0.890086710063507,
          -0.15066441655305707
        ],
        [
          -0.7950688680314364,
          0.29449795112430893,
          0.5302230208796996
        ]
      ],
      "tx": -0.08623757619127416,
      "ty": 0.014594475024760772,
      "tz": 0.0
    },
    {
      "R": [
        [
          -0.859301085346007,
          0.1958625636120785,
          -0.47248227575061374
        ],
        [
          0.06717863675883946,
          0.958990510743584,
          0.2753620000417337
        ],
        [
          0.5070391261888952,
          0.20487815032126866,
          -0.8372193667340342
        ]
      ],
      "tx": 0.08712251878664015,
      "ty": 0.09756876617911603,
      "tz": 0.0
    },
    {
      "R": [
        [
          -0.20225240119714627,
          0.06627864633516496,
          -0.9770880754824341
        ],
        [
          -0.23772894072872786,
          0.9645431280911968,
          0.11463640256064414
        ],
        [
          0.9500415343288869,
          0.2554676008656033,
          -0.17932481132845846
        ]
      ],
      "tx": 0.009605515184209434,
      "ty": 0.0502206507689999,
      "tz": 0.0
    },
    {
      "R": [
        [
          0.10420402075400537,
          -0.6994501384925236,
          -0.7070438641424508
        ],
        [
          -0.7568919141657462,
          0.40540559790558717,
          -0.5126021180772922
        ],
        [
          0.6451791629688699,
          0.5885709854805985,
          -0.4871632608491585
        ]
      ],
      "tx": -0.09803943569909263,
      "ty": -0.0665861858892759,
      "tz": 0.0
    },
    {
      "R": [
        [
          -0.08490838257174582,
          0.9701170728228452,
          -0.22729591194450516
        ],
        [
          -0.2223094214504125,
          0.20392444482884742,
          0.9534114232248474
        ],
        [
          0.9712718917499016,
          0.1314826445538751,
          0.19835127042115586
        ]
      ],
      "tx": -0.007552615059524342,
      "ty": -0.09617238760542093,
      "tz": 0.0
    },
    {
      "R": [
        [
          -0.3771423485336096,
          0.9260432474541722,
          0.014406692440800312
        ],
        [
          -0.8254045564542836,
          -0.32901909188307354,
          -0.45875239003295093
        ],
        [
          -0.4200844761795661,
          -0.18490630335650576,
          0.8884473489475735
        ]
      ],
      "tx": -0.09837223194201558,
      "ty": 0.08370019562640865,
      "tz": 0.0
    },
    {
      "R": [
        [
          -0.7585801087819106,
          -0.15209998700854707,
          -0.6335785764310727
        ],
        [
          -0.5236571883718572,
          -0.43631860232000186,
          0.731716629806923
        ],
        [
          -0.3877362088158728,
          0.8868436565830079,
          0.2513343612631862
        ]
      ],
      "tx": 0.09774732769203506,
      "ty": -0.09777777842562897,
      "tz": 0.0
    }
  ],
  "points_N": 12794
}