{
  "type": "scene",
  "distance_m": 0.6,
  "num_objects": 4,
  "intrinsics": {
    "width": 640,
    "height": 480,
    "fx": 554.2562584220408,
    "fy": 554.2562584220408,
    "cx": -0.019579381540622304,
    "cy": -0.08289840211224093
  },
  "T_wc": [
    [
      0.999999999999,
      0.0,
      0.0,
      0.0
    ],
    [
      -0.0,
      0.9999999999973334,
      0.0,
      0.0
    ],
    [
      0.0,
      0.0,
      -0.9999999999983333,
      0.6150141660124063
    ],
    [
      0.0,
      0.0,
      0.0,
      1.0
    ]
  ],
  "bin_size": {
    "w": 0.25,
    "d": 0.25
  },
  "z_floor": 0.0,
  "piece_aabb": {
    "w": 0.0300283320248127,
    "d": 0.0300283320248127,
    "h": 0.0300283320248127
  },
  "poses": [
    {
      "R": [
        [
          0.11924963858695548,
          0.9505440529780683,
          0.2867848096481183
        ],
        [
          -0.5483453248534219,
          -0.17774501718846802,
          0.817143875689016
        ],
        [
          0.8277058223839406,
          -0.25470122145898333,
          0.5000303584573904
        ]
      ],
      "tx": -0.056082450111814834,
      "ty": 0.004898034993697953,
      "tz": 0.0
    },
    {
      "R": [
        [
          0.13069192770269267,
          0.9373103911868417,
          0.32306168235574484
        ],
        [
          0.9838152437746261,
          -0.16290135736997957,
          0.0746372151389055
        ],
        [
          0.12258542388892399,
          0.3080785262561938,
          -0.9434301434180408
        ]
      ],
      "tx": 0.08999059552362529,
      "ty": -0.06645228217472515,
      "tz": 0.0
    },
    {
      "R": [
        [
          0.34132338098713255,
          0.9200752322437774,
          0.1922496205537789
        ],
        [
          0.8234230980447409,
          -0.39132551056112375,
          0.41089992259731223
        ],
        [
          0.4532910226310619,
          0.018053027326052823,
          -0.8911797444996443
        ]
      ],
      "tx": 0.014789474551483661,
      "ty": 0.08677402658863845,
      "tz": 0.0
    },
    {
      "R": [
        [
          -0.33107532076706625,
          -0.7926092390697179,
          -0.5120153573090427
        ],
        [
          -0.4607421972198358,
          -0.3377459087513146,
          0.8207583863859002
        ],
        [
          -0.8234717722423897,
          0.5076399267818393,
          -0.2533691872681181
        ]
      ],
      "tx": -0.019579381540622304,
      "ty": -0.08289840211224093,
      "tz": 0.0
    }
  ],
  "points_N": 4369
}