{
  "type": "scene",
  "distance_m": 0.6,
  "num_objects": 6,
  "intrinsics": {
    "width": 640,
    "height": 480,
    "fx": 554.2562584220408,
    "fy": 554.2562584220408,
    "cx": -0.0624121413166413,
    "cy": -0.09306862434490006
  },
  "T_wc": [
    [
      0.999999999999,
      0.0,
      0.0,
      0.0
    ],
    [
      -0.0,
      0.9999999999973334,
      0.0,
      0.0
    ],
    [
      0.0,
      0.0,
      -0.9999999999983333,
      0.6150141660124063
    ],
    [
      0.0,
      0.0,
      0.0,
      1.0
    ]
  ],
  "bin_size": {
    "w": 0.25,
    "d": 0.25
  },
  "z_floor": 0.0,
  "piece_aabb": {
    "w": 0.0300283320248127,
    "d": 0.0300283320248127,
    "h": 0.0300283320248127
  },
  "poses": [
    {
      "R": [
        [
          0.7144533527574846,
          0.5970726535725928,
          0.36477479777168276
        ],
        [
          -0.6937310802921528,
          0.6723473090996512,
          0.2582368761101728
        ],
        [
          -0.0910691768397626,
          -0.4375538164640332,
          0.8945686461795357
        ]
      ],
      "tx": 0.023749269939613585,
      "ty": 0.06291496587420325,
      "tz": 0.0
    },
    {
      "R": [
        [
          -0.5971016049052844,
          0.7942318903716719,
          -0.11254056040456839
        ],
        [
          -0.27175325124732613,
          -0.33228202337091783,
          -0.9031826102073913
        ],
        [
          -0.7547316369783642,
          -0.5087085228902396,
          0.41424122788876194
        ]
      ],
      "tx": 0.023410463150885505,
      "ty": -0.060920445737455406,
      "tz": 0.0
    },
    {
      "R": [
        [
          0.910409697767517,
          -0.1738188984452651,
          -0.3754213269836078
        ],
        [
          0.3880481376741459,
          0.04416883080221645,
          0.9205801199424155
        ],
        [
          -0.14343230130791823,
          -0.9837866155467045,
          0.10766183173564714
        ]
      ],
      "tx": 0.07091003858719833,
      "ty": -0.09337326489636448,
      "tz": 0.0
    },
    {
      "R": [
        [
          -0.855627632443055,
          -0.5084222190081253,
          -0.0969958855763834
        ],
        [
          -0.48610621728991166,
          0.85370570108256,
          -0.18678148048248217
        ],
        [
          0.1777697952746366,
          -0.112665092899214,
          -0.977601389488592
        ]
      ],
      "tx": -0.032892854976412284,
      "ty": 0.027489608691512762,
      "tz": 0.0
    },
    {
      "R": [
        [
          0.7435203460060433,
          0.64291010855693,
          0.18396762593013502
        ],
        [
          -0.3498673705696972,
          0.13954603164967583,
          0.9263475201356529
        ],
        [
          0.5698862325812931,
          -0.7531224982472268,
          0.32868858292942893
        ]
      ],
      "tx": 0.07843465125476615,
      "ty": -0.00011865600252473907,
      "tz": 0.0
    },
    {
      "R": [
        [
          -0.635789650795032,
          0.26272020282535336,
          -0.7257751821117447
        ],
        [
          0.6555662446387793,
          0.6801426052685375,
          -0.3280837322829867
        ],
        [
          0.40743639851164415,
          -0.6843859521687535,
          -0.6046581262514619
        ]
      ],
      "tx": -0.0624121413166413,
      "ty": -0.09306862434490006,
      "tz": 0.0
    }
  ],
  "points_N": 6997
}