{
  "type": "scene",
  "distance_m": 0.6,
  "num_objects": 3,
  "intrinsics": {
    "width": 640,
    "height": 480,
    "fx": 554.2562584220408,
    "fy": 554.2562584220408,
    "cx": -0.07000466654379393,
    "cy": 0.0015498768900476523
  },
  "T_wc": [
    [
      0.999999999999,
      0.0,
      0.0,
      0.0
    ],
    [
      -0.0,
      0.9999999999973334,
      0.0,
      0.0
    ],
    [
      0.0,
      0.0,
      -0.9999999999983333,
      0.6150141660124063
    ],
    [
      0.0,
      0.0,
      0.0,
      1.0
    ]
  ],
  "bin_size": {
    "w": 0.25,
    "d": 0.25
  },
  "z_floor": 0.0,
  "piece_aabb": {
    "w": 0.0300283320248127,
    "d": 0.0300283320248127,
    "h": 0.0300283320248127
  },
  "poses": [
    {
      "R": [
        [
          -0.5012399139215336,
          0.017115805454315347,
          -0.8651390627497891
        ],
        [
          0.6563692330554876,
          -0.6439808217628633,
          -0.3930243390679238
        ],
        [
          -0.5638598926950601,
          -0.7648501489868962,
          0.3115546035683603
        ]
      ],
      "tx": 0.050712857279826384,
      "ty": -0.05590367507869871,
      "tz": 0.0
    },
    {
      "R": [
        [
          -0.6318862516170993,
          -0.7414944381103639,
          0.22562305571170688
        ],
        [
          -0.6948898030363289,
          0.6709249413813826,
          0.258820178248375
        ],
        [
          -0.3432898580695684,
          0.006761751532272542,
          -0.939205170376948
        ]
      ],
      "tx": -0.0865167064866988,
      "ty": -0.09874156313135127,
      "tz": 0.0
    },
    {
      "R": [
        [
          0.7432953126735937,
          -0.4072426184821491,
          -0.5307217047090379
        ],
        [
          0.21361106353926135,
          0.8963046268815512,
          -0.3885979019042035
        ],
        [
          0.6339419466253121,
          0.17547497121392,
          0.7532105567411969
        ]
      ],
      "tx": -0.07000466654379393,
      "ty": 0.0015498768900476523,
      "tz": 0.0
    }
  ],
  "points_N": 3524
}