{
  "type": "scene",
  "distance_m": 0.6,
  "num_objects": 7,
  "intrinsics": {
    "width": 640,
    "height": 480,
    "fx": 554.2562584220408,
    "fy": 554.2562584220408,
    "cx": -0.06421822337352329,
    "cy": 0.03800643349594074
  },
  "T_wc": [
    [
      0.999999999999,
      0.0,
      0.0,
      0.0
    ],
    [
      -0.0,
      0.9999999999973334,
      0.0,
      0.0
    ],
    [
      0.0,
      0.0,
      -0.9999999999983333,
      0.6150141660124063
    ],
    [
      0.0,
      0.0,
      0.0,
      1.0
    ]
  ],
  "bin_size": {
    "w": 0.25,
    "d": 0.25
  },
  "z_floor": 0.0,
  "piece_aabb": {
    "w": 0.0300283320248127,
    "d": 0.0300283320248127,
    "h": 0.0300283320248127
  },
  "poses": [
    {
      "R": [
        [
          -0.9883813726969757,
          0.03510813153597773,
          -0.1478840126778262
        ],
        [
          -0.087640600190248,
          -0.9265677389933287,
          0.3657749994943401
        ],
        [
          -0.12418287846533466,
          0.37448583972807825,
          0.9188791914823298
        ]
      ],
      "tx": 0.06698774751785341,
      "ty": -0.055581774768772116,
      "tz": 0.0
    },
    {
      "R": [
        [
          0.7093119046271374,
          -0.6379599292386303,
          -0.2998061884619201
        ],
        [
          0.541227807320905,
          0.22041235748135057,
          0.8114744932849821
        ],
        [
          -0.45160722152865074,
          -0.7378519643907949,
          0.501622762748878
        ]
      ],
      "tx": 0.0963482504789348,
      "ty": 0.0767229887462986,
      "tz": 0.0
    },
    {
      "R": [
        [
          0.589308465345116,
          0.536619646697595,
          -0.6039494080225035
        ],
        [
          -0.6014443233341487,
          0.7905179947968859,
          0.11552500089348124
        ],
        [
          0.539425860152915,
          0.2951620820506237,
          0.7886057866372962
        ]
      ],
      "tx": -0.04557941001825755,
      "ty": -0.0695214244213326,
      "tz": 0.0
    },
    {
      "R": [
        [
          -0.42439218584769534,
          0.8404924414455711,
          0.33684377456660586
        ],
        [
          0.42071187437261603,
          0.5124467371629279,
          -0.748598597602847
        ],
        [
          -0.8018059561722496,
          -0.1759852193905278,
          -0.5710835413516768
        ]
      ],
      "tx": -0.017954217974978107,
      "ty": 0.08790245124533533,
      "tz": 0.0
    },
    {
      "R": [
        [
          -0.6869975046741761,
          -0.6714119928133103,
          -0.27792150776417923
        ],
        [
          0.6430856150371643,
          -0.3836797074070446,
          -0.6627448784082128
        ],
        [
          0.3383420167577883,
          -0.6340314014546158,
          0.6953623959244333
        ]
      ],
      "tx": -0.0900252362821579,
      "ty": -0.02804216174906045,
      "tz": 0.0
    },
    {
      "R": [
        [
          -0.31513876019773135,
          0.8162855002032374,
          0.4841131520409122
        ],
        [
          -0.9205185791517907,
          -0.3870354901075237,
          0.053376725579578455
        ],
        [
          0.23093961820658968,
          -0.4288140757428324,
          0.873375853334299
        ]
      ],
      "tx": 0.022859630260527924,
      "ty": -0.008557923716089738,
      "tz": 0.0
    },
    {
      "R": [
        [
          0.34747673488490716,
          -0.011971057330807056,
          -0.9376121866209433
        ],
        [
          -0.8460582136108618,
          0.4271116232804184,
          -0.3190002514738247
        ],
        [
          0.4042838333341086,
          0.9041196574818781,
          0.13828314090853655
        ]
      ],
      "tx": -0.06421822337352329,
      "ty": 0.03800643349594074,
      "tz": 0.0
    }
  ],
  "points_N": 8342
}