{
  "type": "scene",
  "distance_m": 0.6,
  "num_objects": 11,
  "intrinsics": {
    "width": 640,
    "height": 480,
    "fx": 554.2562584220408,
    "fy": 554.2562584220408,
    "cx": -0.007098796622344819,
    "cy": 0.018627943880493048
  },
  "T_wc": [
    [
      0.999999999999,
      0.0,
      0.0,
      0.0
    ],
    [
      -0.0,
      0.9999999999973334,
      0.0,
      0.0
    ],
    [
      0.0,
      0.0,
      -0.9999999999983333,
      0.6150141660124063
    ],
    [
      0.0,
      0.0,
      0.0,
      1.0
    ]
  ],
  "bin_size": {
    "w": 0.25,
    "d": 0.25
  },
  "z_floor": 0.0,
  "piece_aabb": {
    "w": 0.0300283320248127,
    "d": 0.0300283320248127,
    "h": 0.0300283320248127
  },
  "poses": [
    {
      "R": [
        [
          0.935937478782628,
          0.20291916215246478,
          -0.2878278121401046
        ],
        [
          -0.32764782660878544,
          0.8013687921474896,
          -0.5004547538895129
        ],
        [
          0.12910436680669224,
          0.5627005176853984,
          0.8165171093541321
        ]
      ],
      "tx": 0.03392554966745934,
      "ty": -0.023368299747234297,
      "tz": 0.0
    },
    {
      "R": [
        [
          -0.37920863670512794,
          -0.5722620170331352,
          0.7271292826653362
        ],
        [
          -0.2216845186679236,
          0.8191225077045429,
          0.5290503676917655
        ],
        [
          -0.898363391969647,
          0.03942716364372345,
          -0.43747995923905103
        ]
      ],
      "tx": 0.08888763290656987,
      "ty": 0.06425385351224686,
      "tz": 0.0
    },
    {
      "R": [
        [
          0.41466145048447045,
          0.30880773923126836,
          0.8559752693115543
        ],
        [
          -0.08049414622089776,
          0.9494174285162866,
          -0.3035246923294554
        ],
        [
          -0.9064086131024371,
          0.056958990689748024,
          0.41854402333962604
        ]
      ],
      "tx": 0.0013708937771107488,
      "ty": 0.0786339911822683,
      "tz": 0.0
    },
    {
      "R": [
        [
          0.49425394792855204,
          0.25982511242549156,
          -0.8295805843377246
        ],
        [
          0.5624795386735087,
          -0.8231903130377263,
          0.07729474170010833
        ],
        [
          -0.6628195859588617,
          -0.5048253356101795,
          -0.5530113714883196
        ]
      ],
      "tx": -0.04688586931918614,
      "ty": -0.05813651972360783,
      "tz": 0.0
    },
    {
      "R": [
        [
          0.9158649988216426,
          0.27434246379687977,
          -0.29313395656472524
        ],
        [
          -0.3108047549948746,
          0.022292204364972035,
          -0.9502123246396704
        ],
        [
          -0.254148988205754,
          0.9613736371371998,
          0.10568359196953636
        ]
      ],
      "tx": -0.062189127061139514,
      "ty": -0.001120566707633039,
      "tz": 0.0
    },
    {
      "R": [
        [
          0.755402111613177,
          0.5708739838190956,
          0.3216683763892064
        ],
        [
          0.5763985142450042,
          -0.8123973798851318,
          0.08817737766527338
        ],
        [
          0.3116607170409913,
          0.11879979694548125,
          -0.9427376123286944
        ]
      ],
      "tx": 0.0783523870524169,
      "ty": -0.0969520179251891,
      "tz": 0.0
    },
    {
      "R": [
        [
          0.9838119617723059,
          0.1710870854798731,
          -0.0533219753547214
        ],
        [
          0.08123723168996938,
          -0.1605649386265915,
          0.9836764776445501
        ],
        [
          0.1597327019150342,
          -0.9720844148868151,
          -0.17186434846436693
        ]
      ],
      "tx": -0.05884845715405816,
      "ty": 0.08062457013730245,
      "tz": 0.0
    },
    {
      "R": [
        [
          0.5811569910176693,
          -0.6779015834743646,
          0.45022882505925577
        ],
        [
          0.7949455563612174,
          0.35452760315780973,
          -0.4923126456031097
        ],
        [
          0.17412097579798688,
          0.6440183395852388,
          0.744931046517078
        ]
      ],
      "tx": 0.012675926867267887,
      "ty": -0.09644795935455859,
      "tz": 0.0
    },
    {
      "R": [
        [
          0.650267337226667,
          0.512315039369887,
          -0.5609685290384581
        ],
        [
          0.6667545661596743,
          -0.7387811515666485,
          0.0981873647425219
        ],
        [
          -0.3641301122419904,
          -0.43787636442869105,
          -0.8219936440346407
        ]
      ],
      "tx": -0.09375222158114635,
      "ty": -0.09380104098423758,
      "tz": 0.0
    },
    {
      "R": [
        [
          0.6100813447775248,
          0.6789661927499973,
          0.4084184886327019
        ],
        [
          -0.6792709389961218,
          0.18281622538082298,
          0.7107525723997313
        ],
        [
          0.40791144160194115,
          -0.7110436954506255,
          0.572734771923396
        ]
      ],
      "tx": 0.08957060907309725,
      "ty": -0.03749083058230292,
      "tz": 0.0
    },
    {
      "R": [
        [
          0.1244039182737322,
          -0.9865441771510709,
          -0.10608605774303709
        ],
        [
          -0.2857357834180304,
          -0.13800708424319796,
          0.948319095438437
        ],
        [
          -0.9501993091939327,
          -0.08766202842740578,
          -0.2990595953641444
        ]
      ],
      "tx": -0.007098796622344819,
      "ty": 0.018627943880493048,
      "tz": 0.0
    }
  ],
  "points_N": 12528
}