{
  "type": "scene",
  "distance_m": 0.6,
  "num_objects": 10,
  "intrinsics": {
    "width": 640,
    "height": 480,
    "fx": 554.2562584220408,
    "fy": 554.2562584220408,
    "cx": 0.08696433778338489,
    "cy": -0.09549855183215662
  },
  "T_wc": [
    [
      0.999999999999,
      0.0,
      0.0,
      0.0
    ],
    [
      -0.0,
      0.9999999999973334,
      0.0,
      0.0
    ],
    [
      0.0,
      0.0,
      -0.9999999999983333,
      0.6150141660124063
    ],
    [
      0.0,
      0.0,
      0.0,
      1.0
    ]
  ],
  "bin_size": {
    "w": 0.25,
    "d": 0.25
  },
  "z_floor": 0.0,
  "piece_aabb": {
    "w": 0.0300283320248127,
    "d": 0.0300283320248127,
    "h": 0.0300283320248127
  },
  "poses": [
    {
      "R": [
        [
          0.22692267040727365,
          -0.3825794850294474,
          0.8956221520763288
        ],
        [
          0.9627313196963175,
          -0.050832116855580534,
          -0.2656397974170425
        ],
        [
          0.14715470679192927,
          0.9225231886140224,
          0.3567862928118146
        ]
      ],
      "tx": -0.06012238216794586,
      "ty": -0.0604915363163627,
      "tz": 0.0
    },
    {
      "R": [
        [
          -0.19511542587386255,
          0.810799803907615,
          -0.5518456745952024
        ],
        [
          -0.8848149860591303,
          0.09722208133003218,
          0.45568663283778393
        ],
        [
          0.42312221760531776,
          0.5771928143049161,
          0.6984382893882097
        ]
      ],
      "tx": 0.07230932549706068,
      "ty": -0.040179606227744594,
      "tz": 0.0
    },
    {
      "R": [
        [
          -0.6747309572135627,
          -0.7261763036512929,
          0.1319322227244512
        ],
        [
          -0.29386847489546297,
          0.10035055313885721,
          -0.9505635622867836
        ],
        [
          0.6770372625197847,
          -0.6801453833556987,
          -0.28110994763552144
        ]
      ],
      "tx": 0.01611521587612215,
      "ty": 0.05758075031770735,
      "tz": 0.0
    },
    {
      "R": [
        [
          -0.279350954664894,
          0.43190286099131403,
          0.8575680514077758
        ],
        [
          0.6393202854207709,
          0.7500295384330085,
          -0.1694852917732753
        ],
        [
          -0.7164025521850937,
          0.500914773335231,
          -0.48564572795114525
        ]
      ],
      "tx": 0.08330314843857867,
      "ty": 0.09264478236900428,
      "tz": 0.0
    },
    {
      "R": [
        [
          -0.44950575934432946,
          0.8859594563532952,
          -0.11410702876883433
        ],
        [
          0.685420960509182,
          0.2601683572732164,
          -0.6800812692380425
        ],
        [
          -0.5728373933420796,
          -0.38391179660428487,
          -0.7242023565393323
        ]
      ],
      "tx": -0.055522302070645825,
      "ty": 0.062461394073496324,
      "tz": 0.0
    },
    {
      "R": [
        [
          -0.7679210955258104,
          -0.6211110456756609,
          -0.15658307694679652
        ],
        [
          -0.5186534307876939,
          0.7463801879912249,
          -0.4170314540970966
        ],
        [
          0.37589334894168347,
          -0.23903490103721464,
          -0.8953024663807954
        ]
      ],
      "tx": 0.0007241602858676366,
      "ty": -0.024580560439313504,
      "tz": 0.0
    },
    {
      "R": [
        [
          -0.12318220280056735,
          0.9531466478165087,
          -0.27629262145296635
        ],
        [
          -0.7559348387312466,
          -0.27050260086061506,
          -0.5961466786957778
        ],
        [
          -0.6429530811074506,
          0.13542455716669344,
          0.753837863741694
        ]
      ],
      "tx": 0.09722137202471187,
      "ty": 0.01807163537008674,
      "tz": 0.0
    },
    {
      "R": [
        [
          0.7401745866623031,
          0.6371019551224244,
          -0.21504111243776894
        ],
        [
          0.14597482254826383,
          0.1599311725029261,
          0.9762752538315422
        ],
        [
          0.6563786502022226,
          -0.7540047207020812,
          0.025376144657622945
        ]
      ],
      "tx": 0.013817986790044548,
      "ty": -0.09158446998486083,
      "tz": 0.0
    },
    {
      "R": [
        [
          0.14693011341257378,
          -0.5393935223765941,
          0.8291357969541172
        ],
        [
          -0.9532674973517158,
          0.14649979440642902,
          0.26423264130623764
        ],
        [
          -0.26399359890983154,
          -0.829211938081601,
          -0.4926610817566073
        ]
      ],
      "tx": -0.09513516793662308,
      "ty": -0.007764915994778965,
      "tz": 0.0
    },
    {
      "R": [
        [
          -0.0239996845502648,
          0.39232538720344384,
          -0.9195133526475596
        ],
        [
          -0.8934719449229658,
          0.4042010389380961,
          0.19577896658460614
        ],
        [
          0.4484773113291911,
          0.8262580170122595,
          0.3408310293179131
        ]
      ],
      "tx": 0.08696433778338489,
      "ty": -0.09549855183215662,
      "tz": 0.0
    }
  ],
  "points_N": 12109
}