{
  "type": "scene",
  "distance_m": 0.6,
  "num_objects": 13,
  "intrinsics": {
    "width": 640,
    "height": 480,
    "fx": 554.2562584220408,
    "fy": 554.2562584220408,
    "cx": 0.09858006025449792,
    "cy": -0.09510432331158843
  },
  "T_wc": [
    [
      0.999999999999,
      0.0,
      0.0,
      0.0
    ],
    [
      -0.0,
      0.9999999999973334,
      0.0,
      0.0
    ],
    [
      0.0,
      0.0,
      -0.9999999999983333,
      0.6150141660124063
    ],
    [
      0.0,
      0.0,
      0.0,
      1.0
    ]
  ],
  "bin_size": {
    "w": 0.25,
    "d": 0.25
  },
  "z_floor": 0.0,
  "piece_aabb": {
    "w": 0.0300283320248127,
    "d": 0.0300283320248127,
    "h": 0.0300283320248127
  },
  "poses": [
    {
      "R": [
        [
          0.5310104498968183,
          -0.8384943325333902,
          0.12229127691606956
        ],
        [
          -0.3157145490472361,
          -0.061846430056061275,
          0.9468364920139174
        ],
        [
          -0.7863537534852103,
          -0.5413892069470032,
          -0.2975659607230239
        ]
      ],
      "tx": 0.03429681023804865,
      "ty": 0.09334013833461219,
      "tz": 0.0
    },
    {
      "R": [
        [
          0.3597000754350639,
          -0.8551661069170778,
          0.3732382420281963
        ],
        [
          0.8354358727474577,
          0.473312584826342,
          0.2793243626533507
        ],
        [
          -0.4155270848677653,
          0.21134362215429153,
          0.8846870153427149
        ]
      ],
      "tx": 0.03900940779307585,
      "ty": 0.02248064173300239,
      "tz": 0.0
    },
    {
      "R": [
        [
          -0.2522547298312996,
          -0.6135117836285812,
          -0.7483119955116413
        ],
        [
          -0.8031870626159799,
          -0.2985465205539255,
          0.515519657735239
        ],
        [
          -0.5396833272615076,
          0.7310767855800244,
          -0.4174549554885254
        ]
      ],
      "tx": 0.06480722363278019,
      "ty": -0.04519338479116239,
      "tz": 0.0
    },
    {
      "R": [
        [
          -0.4959090007862408,
          0.4483219253698502,
          0.7436946377189111
        ],
        [
          0.3360121257973406,
          -0.6906412807098421,
          0.640398682616244
        ],
        [
          0.8007309874460611,
          0.567469886965061,
          0.19185362423346763
        ]
      ],
      "tx": 0.0074606473694675685,
      "ty": -0.06364740542686079,
      "tz": 0.0
    },
    {
      "R": [
        [
          0.3420967276450686,
          -0.8256037021455608,
          0.44871857097526024
        ],
        [
          -0.7007266118836349,
          -0.5423013468734013,
          -0.4635638732444283
        ],
        [
          0.6260607353385271,
          -0.1558453598373682,
          -0.7640420011259483
        ]
      ],
      "tx": -0.0680243733791924,
      "ty": 0.09125057867982489,
      "tz": 0.0
    },
    {
      "R": [
        [
          -0.5461992445035961,
          -0.752985241995654,
          0.36698720773406646
        ],
        [
          -0.07788064215894741,
          -0.3905652135594775,
          -0.9172749966799212
        ],
        [
          0.8340269725138453,
          -0.52959610959106,
          0.15468345039274056
        ]
      ],
      "tx": -0.09210749242921576,
      "ty": -0.04471069641486242,
      "tz": 0.0
    },
    {
      "R": [
        [
          -0.3057498269328156,
          -0.6016406834359878,
          0.7379332838171965
        ],
        [
          -0.6318108199422949,
          0.7080199632400224,
          0.31547237510983805
        ],
        [
          -0.7122725118480978,
          -0.3697786090193359,
          -0.5966000747379494
        ]
      ],
      "tx": -0.021744720884317337,
      "ty": -0.012784348637690679,
      "tz": 0.0
    },
    {
      "R": [
        [
          -0.7978732520912746,
          -0.5650299552710737,
          0.21009384389758393
        ],
        [
          -0.4547062661448168,
          0.7929105075520612,
          0.40562931173939065
        ],
        [
          -0.3957783282671411,
          0.22810979080237057,
          -0.8895647464991889
        ]
      ],
      "tx": 0.09643033144285212,
      "ty": 0.03176176368718073,
      "tz": 0.0
    },
    {
      "R": [
        [
          0.35998002655410344,
          -0.1971256619160952,
          -0.9118968438898385
        ],
        [
          0.24445574136068648,
          0.9632035364507259,
          -0.11171543261614453
        ],
        [
          0.9003642435136483,
          -0.18270309461789774,
          0.3949225344534538
        ]
      ],
      "tx": 0.09659049752247581,
      "ty": 0.09428463469493861,
      "tz": 0.0
    },
    {
      "R": [
        [
          0.9037099104820647,
          -0.34963607558282456,
          -0.24710931254718022
        ],
        [
          0.2054619801807716,
          0.8605173211855309,
          -0.46614945526072854
        ],
        [
          0.37562450984553025,
          0.37049231380788333,
          0.8494949517287234
        ]
      ],
      "tx": -0.05449683973191933,
      "ty": -0.09878762612431943,
      "tz": 0.0
    },
    {
      "R": [
        [
          -0.06598857389596535,
          0.9968745508015219,
          0.04343544726879972
        ],
        [
          0.5438523224460304,
          -0.0005639145907312404,
          0.8391807513107015
        ],
        [
          0.836582428386609,
          0.07899880989355668,
          -0.5421153277211097
        ]
      ],
      "tx": -0.0194337886364081,
      "ty": 0.051640459707671005,
      "tz": 0.0
    },
    {
      "R": [
        [
          -0.5089330400083865,
          0.167179090317669,
          -0.8444159594349094
        ],
        [
          -0.042113280882596776,
          0.9749492740496618,
          0.21840417716550434
        ],
        [
          0.8597753383071216,
          0.14671422831680017,
          -0.4891434379078188
        ]
      ],
      "tx": -0.09258468934555553,
      "ty": 0.02979607096013473,
      "tz": 0.0
    },
    {
      "R": [
        [
          -0.2629823534593714,
          -0.9624044155508086,
          0.067956035032046
        ],
        [
          0.12723119325648546,
          -0.10441432252862182,
          -0.986361937989002
        ],
        [
          0.9563746678114706,
          -0.2507496563889876,
          0.1499069864592828
        ]
      ],
      "tx": 0.09858006025449792,
      "ty": -0.09510432331158843,
      "tz": 0.0
    }
  ],
  "points_N": 15553
}