{
  "type": "scene",
  "distance_m": 0.6,
  "num_objects": 12,
  "intrinsics": {
    "width": 640,
    "height": 480,
    "fx": 554.2562584220408,
    "fy": 554.2562584220408,
    "cx": 0.09536434702098653,
    "cy": 0.09691015882916551
  },
  "T_wc": [
    [
      0.999999999999,
      0.0,
      0.0,
      0.0
    ],
    [
      -0.0,
      0.9999999999973334,
      0.0,
      0.0
    ],
    [
      0.0,
      0.0,
      -0.9999999999983333,
      0.6150141660124063
    ],
    [
      0.0,
      0.0,
      0.0,
      1.0
    ]
  ],
  "bin_size": {
    "w": 0.25,
    "d": 0.25
  },
  "z_floor": 0.0,
  "piece_aabb": {
    "w": 0.0300283320248127,
    "d": 0.0300283320248127,
    "h": 0.0300283320248127
  },
  "poses": [
    {
      "R": [
        [
          0.6794831603126734,
          0.4187056749920368,
          -0.6024850144036485
        ],
        [
          0.6829287333880092,
          -0.06080568638211026,
          0.7279498702635024
        ],
        [
          0.26816222695329606,
          -0.9060840061677854,
          -0.3272625762325809
        ]
      ],
      "tx": 0.0570320747420181,
      "ty": 0.04488867757971479,
      "tz": 0.0
    },
    {
      "R": [
        [
          0.4852727660380066,
          0.5606466240113758,
          -0.6709587956994596
        ],
        [
          0.6821568219124644,
          -0.7227947557353707,
          -0.11058847769877267
        ],
        [
          -0.5469665555224636,
          -0.4040335432437421,
          -0.7332015296450212
        ]
      ],
      "tx": 0.011318630627577472,
      "ty": -0.06291645028583161,
      "tz": 0.0
    },
    {
      "R": [
        [
          -0.8836898833981182,
          -0.2648020618611484,
          0.38596898581868544
        ],
        [
          0.45607101412860984,
          -0.6726418597695445,
          0.5827110420761473
        ],
        [
          0.10531581102342336,
          0.6909651196115855,
          0.7151753515248032
        ]
      ],
      "tx": -0.030404795913715643,
      "ty": 0.06366563982719906,
      "tz": 0.0
    },
    {
      "R": [
        [
          -0.830119951202736,
          -0.5575047279505134,
          -0.009452244600692203
        ],
        [
          0.5553586231840566,
          -0.8282001147434559,
          0.07524207329702681
        ],
        [
          -0.049776161666768015,
          0.05721056066628122,
          0.9971204969701373
        ]
      ],
      "tx": 0.07801446314237162,
      "ty": -0.012271508992495864,
      "tz": 0.0
    },
    {
      "R": [
        [
          -0.3289684352630431,
          0.7485799523334697,
          0.5756803136854735
        ],
        [
          0.8566319351161038,
          -0.02001283456056857,
          0.5155397309539689
        ],
        [
          0.39744370210109536,
          0.6627424397284902,
          -0.6346739022859724
        ]
      ],
      "tx": -0.08487085315259872,
      "ty": 0.0033451109058211803,
      "tz": 0.0
    },
    {
      "R": [
        [
          0.4595564009515716,
          -0.8766417559325682,
          0.14250314417549503
        ],
        [
          -0.27067878893624864,
          -0.2910598115122338,
          -0.9176149406709052
        ],
        [
          0.845896511143322,
          0.38312324110908047,
          -0.37104672826697915
        ]
      ],
      "tx": -0.04729224938280972,
      "ty": -0.04699929265542879,
      "tz": 0.0
    },
    {
      "R": [
        [
          -0.23580252956775372,
          0.08500882967831269,
          0.9680757542290648
        ],
        [
          0.7245901479456914,
          0.679201451274604,
          0.11685249713426293
        ],
        [
          -0.6475849631897657,
          0.7290122683900426,
          -0.2217539807699398
        ]
      ],
      "tx": -0.09785589345109004,
      "ty": -0.07568442712250628,
      "tz": 0.0
    },
    {
      "R": [
        [
          -0.3489172107334102,
          -0.6316238853045216,
          0.6923207692730573
        ],
        [
          -0.9369822248458509,
          0.22099529321519173,
          -0.27060190446419785
        ],
        [
          0.017918994864013216,
          -0.7431099164252568,
          -0.668929414612268
        ]
      ],
      "tx": 0.07749406999258038,
      "ty": -0.08276024419964116,
      "tz": 0.0
    },
    {
      "R": [
        [
          0.9845573018949456,
          0.0038910468760254002,
          -0.17501936761271142
        ],
        [
          -0.17063970605037737,
          -0.20197760105396045,
          -0.9644102547108921
        ],
        [
          -0.039102557517196365,
          0.9793824117405292,
          -0.19819455484174786
        ]
      ],
      "tx": -0.0934301581476104,
      "ty": 0.08362156365914833,
      "tz": 0.0
    },
    {
      "R": [
        [
          0.511186003008852,
          0.7888303466070187,
          0.34122654439489963
        ],
        [
          -0.8511056529317161,
          0.4093506826195047,
          0.3287114025807781
        ],
        [
          0.11961621075552764,
          -0.4584525088935559,
          0.8806323064785286
        ]
      ],
      "tx": -0.00573652548269811,
      "ty": -0.003499520547305429,
      "tz": 0.0
    },
    {
      "R": [
        [
          0.47509439356198857,
          -0.3220074918179446,
          0.818899561862798
        ],
        [
          0.5549289563564558,
          0.8318817164341548,
          0.005163647906212515
        ],
        [
          -0.6828903064205122,
          0.4519778590547118,
          0.5739136209580828
        ]
      ],
      "tx": 0.027140031915711793,
      "ty": 0.09420988145639542,
      "tz": 0.0
    },
    {
      "R": [
        [
          -0.32818618726143756,
          -0.891594161028024,
          0.3120155100496363
        ],
        [
          -0.9190760658051123,
          0.2251064275241289,
          -0.32345986080427547
        ],
        [
          0.2181582264206368,
          -0.3929210458960656,
          -0.893319673989633
        ]
      ],
      "tx": 0.09536434702098653,
      "ty": 0.09691015882916551,
      "tz": 0.0
    }
  ],
  "points_N": 13749
}