{
  "type": "scene",
  "distance_m": 0.6,
  "num_objects": 8,
  "intrinsics": {
    "width": 640,
    "height": 480,
    "fx": 554.2562584220408,
    "fy": 554.2562584220408,
    "cx": -0.07796711824673472,
    "cy": -0.08387150914246497
  },
  "T_wc": [
    [
      0.999999999999,
      0.0,
      0.0,
      0.0
    ],
    [
      -0.0,
      0.9999999999973334,
      0.0,
      0.0
    ],
    [
      0.0,
      0.0,
      -0.9999999999983333,
      0.6150141660124063
    ],
    [
      0.0,
      0.0,
      0.0,
      1.0
    ]
  ],
  "bin_size": {
    "w": 0.25,
    "d": 0.25
  },
  "z_floor": 0.0,
  "piece_aabb": {
    "w": 0.0300283320248127,
    "d": 0.0300283320248127,
    "h": 0.0300283320248127
  },
  "poses": [
    {
      "R": [
        [
          0.8724514774692127,
          0.05411898845462408,
          0.4856949192141464
        ],
        [
          -0.1950893465973309,
          0.9497935669161541,
          0.24460647393091528
        ],
        [
          -0.4480720548148639,
          -0.3081611840146927,
          0.8392068388428733
        ]
      ],
      "tx": -0.0490162937060423,
      "ty": -0.011319620239582245,
      "tz": 0.0
    },
    {
      "R": [
        [
          -0.9980032272910317,
          -0.06182813972486636,
          0.01291663481127017
        ],
        [
          0.05481596009636972,
          -0.7462139771425758,
          0.6634454844490034
        ],
        [
          -0.031381026678528476,
          0.6628287723501614,
          0.7481131262779577
        ]
      ],
      "tx": 0.062454260970742276,
      "ty": -0.0685208539445304,
      "tz": 0.0
    },
    {
      "R": [
        [
          -0.7223502132938671,
          -0.3250908808146913,
          -0.6103491529980467
        ],
        [
          0.07451803559818915,
          -0.9140636002008893,
          0.39866627291304146
        ],
        [
          -0.6875007139813687,
          0.24249464736137347,
          0.6844991703984682
        ]
      ],
      "tx": 0.03532675815285072,
      "ty": 0.0717630776934029,
      "tz": 0.0
    },
    {
      "R": [
        [
          -0.954009977327845,
          -0.1767512651114283,
          -0.24212383905851448
        ],
        [
          -0.2843735725040414,
          0.7891547585303207,
          0.5443954797298006
        ],
        [
          0.09485058998347101,
          0.588212340375872,
          -0.803124901998018
        ]
      ],
      "tx": 0.006389351247552397,
      "ty": -0.051904598885719126,
      "tz": 0.0
    },
    {
      "R": [
        [
          0.7117374771648965,
          -0.22073382232440736,
          0.6668630618657817
        ],
        [
          0.23411978936126787,
          0.9696066978193275,
          0.0710688101302869
        ],
        [
          -0.6622821814214724,
          0.10554350394958553,
          0.7417835809356121
        ]
      ],
      "tx": 0.09367816953537808,
      "ty": 0.08426346736588552,
      "tz": 0.0
    },
    {
      "R": [
        [
          0.18979776034167106,
          -0.24409349976151967,
          -0.9509969366635512
        ],
        [
          0.3950816235342017,
          -0.8677354173764213,
          0.3015721409151499
        ],
        [
          -0.8988255230659979,
          -0.43295913064022645,
          -0.06825738260726344
        ]
      ],
      "tx": -0.01959121420856111,
      "ty": 0.05364965842017666,
      "tz": 0.0
    },
    {
      "R": [
        [
          -0.50182612432188,
          -0.14423717464689217,
          0.8528576542412942
        ],
        [
          0.8627766143461062,
          -0.013319732886061697,
          0.5054098321692151
        ],
        [
          -0.06153905008652033,
          0.9894534967171149,
          0.13112865113590866
        ]
      ],
      "tx": 0.037417435815860406,
      "ty": 0.005219136316927289,
      "tz": 0.0
    },
    {
      "R": [
        [
          0.08758575102661248,
          0.6392667270284182,
          -0.7639808819149063
        ],
        [
          0.24653360977790367,
          -0.7569807335191365,
          -0.6051457248718746
        ],
        [
          -0.9651683353006255,
          -0.13534482182634122,
          -0.22390145988317145
        ]
      ],
      "tx": -0.07796711824673472,
      "ty": -0.08387150914246497,
      "tz": 0.0
    }
  ],
  "points_N": 8981
}