{
  "type": "scene",
  "distance_m": 0.6,
  "num_objects": 10,
  "intrinsics": {
    "width": 640,
    "height": 480,
    "fx": 554.2562584220408,
    "fy": 554.2562584220408,
    "cx": -0.08529394582301836,
    "cy": 0.09431636583511624
  },
  "T_wc": [
    [
      0.999999999999,
      0.0,
      0.0,
      0.0
    ],
    [
      -0.0,
      0.9999999999973334,
      0.0,
      0.0
    ],
    [
      0.0,
      0.0,
      -0.9999999999983333,
      0.6150141660124063
    ],
    [
      0.0,
      0.0,
      0.0,
      1.0
    ]
  ],
  "bin_size": {
    "w": 0.25,
    "d": 0.25
  },
  "z_floor": 0.0,
  "piece_aabb": {
    "w": 0.0300283320248127,
    "d": 0.0300283320248127,
    "h": 0.0300283320248127
  },
  "poses": [
    {
      "R": [
        [
          -0.3224373581185611,
          -0.9445392254040289,
          -0.06228805473507407
        ],
        [
          0.9120933046475074,
          -0.29241050929845036,
          -0.2873706625057785
        ],
        [
          0.25321918115875786,
          -0.14947155490252245,
          0.955791975572253
        ]
      ],
      "tx": 0.009747160134213048,
      "ty": -0.06566608208270869,
      "tz": 0.0
    },
    {
      "R": [
        [
          0.09682512850494507,
          0.8158255735626194,
          0.5701346577881612
        ],
        [
          0.015310736973277506,
          -0.5739792315586532,
          0.818726708415374
        ],
        [
          0.9951836392462126,
          -0.0705441369680051,
          -0.0680665036277266
        ]
      ],
      "tx": 0.0655693865625327,
      "ty": 0.016072605972585502,
      "tz": 0.0
    },
    {
      "R": [
        [
          -0.6559338229920986,
          0.5988627735174131,
          -0.45947165130179857
        ],
        [
          0.4004561142493839,
          -0.23989438209908176,
          -0.8843560289824365
        ],
        [
          -0.6398325721743575,
          -0.764077263064627,
          -0.08246342008681395
        ]
      ],
      "tx": 0.004354044801966689,
      "ty": -0.008707963206718586,
      "tz": 0.0
    },
    {
      "R": [
        [
          0.1784396537647448,
          -0.4355143247657516,
          0.8823188555664836
        ],
        [
          0.31132296772120005,
          0.8756318309486119,
          0.36925181976375715
        ],
        [
          -0.9334009319331016,
          0.2087969577206838,
          0.2918330528110281
        ]
      ],
      "tx": -0.0976353155334032,
      "ty": -0.025621287213138513,
      "tz": 0.0
    },
    {
      "R": [
        [
          -0.966676319277576,
          0.10339268866027096,
          -0.23419403425270682
        ],
        [
          0.05663798858100975,
          -0.8057684664419442,
          -0.5895161717351736
        ],
        [
          -0.2496578298340654,
          -0.5831356020853105,
          0.7730613414103356
        ]
      ],
      "tx": -0.050588243258819325,
      "ty": 0.02867426795970246,
      "tz": 0.0
    },
    {
      "R": [
        [
          -0.5385435557720197,
          0.8075577714350597,
          0.24046056710252867
        ],
        [
          -0.8262924293139975,
          -0.4502895720298987,
          -0.33834911346049545
        ],
        [
          -0.16495957018252144,
          -0.38090648080069556,
          0.9097794200185159
        ]
      ],
      "tx": 0.08451259911233158,
      "ty": -0.060831978833721816,
      "tz": 0.0
    },
    {
      "R": [
        [
          0.7248104074927022,
          0.2136425287271482,
          -0.6549860632939702
        ],
        [
          -0.09961021385717586,
          -0.908217810656154,
          -0.40647043398292837
        ],
        [
          -0.6817093797840769,
          0.35985730272708394,
          -0.6370047434583177
        ]
      ],
      "tx": 0.09672932950938504,
      "ty": 0.08989607214454065,
      "tz": 0.0
    },
    {
      "R": [
        [
          -0.7769699465809148,
          -0.4799394924377689,
          -0.40740125884516787
        ],
        [
          -0.20387636712223053,
          -0.42043883451161457,
          0.8841185516453982
        ],
        [
          -0.5956107193789348,
          0.7699930324574971,
          0.22882001863433155
        ]
      ],
      "tx": -0.09144257472991836,
      "ty": -0.0931438166761954,
      "tz": 0.0
    },
    {
      "R": [
        [
          -0.7557433008712504,
          0.05521703680067562,
          -0.6525359316046738
        ],
        [
          0.07911443861012092,
          0.9968389882722094,
          -0.007275786132326205
        ],
        [
          0.6500715105214442,
          -0.05712364052991351,
          -0.757722852302197
        ]
      ],
      "tx": 0.0025419129454055805,
      "ty": 0.0682031532708548,
      "tz": 0.0
    },
    {
      "R": [
        [
          -0.7400681246022796,
          0.6696483994638128,
          -0.062210867565229186
        ],
        [
          -0.6674888545745906,
          -0.7426762474516051,
          -0.05376449097595176
        ],
        [
          -0.08220583900408589,
          0.0017356747264375728,
          0.9966138607639763
        ]
      ],
      "tx": -0.08529394582301836,
      "ty": 0.09431636583511624,
      "tz": 0.0
    }
  ],
  "points_N": 11634
}