{
  "type": "scene",
  "distance_m": 0.6,
  "num_objects": 10,
  "intrinsics": {
    "width": 640,
    "height": 480,
    "fx": 554.2562584220408,
    "fy": 554.2562584220408,
    "cx": -0.06498054113057816,
    "cy": -0.019072083361800468
  },
  "T_wc": [
    [
      0.999999999999,
      0.0,
      0.0,
      0.0
    ],
    [
      -0.0,
      0.9999999999973334,
      0.0,
      0.0
    ],
    [
      0.0,
      0.0,
      -0.9999999999983333,
      0.6150141660124063
    ],
    [
      0.0,
      0.0,
      0.0,
      1.0
    ]
  ],
  "bin_size": {
    "w": 0.25,
    "d": 0.25
  },
  "z_floor": 0.0,
  "piece_aabb": {
    "w": 0.0300283320248127,
    "d": 0.0300283320248127,
    "h": 0.0300283320248127
  },
  "poses": [
    {
      "R": [
        [
          0.3706783314832718,
          0.15415832760863585,
          -0.9158781494269235
        ],
        [
          0.7722913621885843,
          0.4966162537691664,
          0.3961544501595052
        ],
        [
          0.5159104829887435,
          -0.8541706542144769,
          0.06502973951304036
        ]
      ],
      "tx": -0.07945245146442917,
      "ty": 0.05900026211288942,
      "tz": 0.0
    },
    {
      "R": [
        [
          0.5973795630891197,
          -0.7998602318567835,
          0.057976435708528604
        ],
        [
          -0.7988762942484579,
          -0.5998587250339149,
          -0.044341588701097674
        ],
        [
          0.07024474422548684,
          -0.01982724122762413,
          -0.9973327210184157
        ]
      ],
      "tx": -0.011066944907869969,
      "ty": 0.015865649052623318,
      "tz": 0.0
    },
    {
      "R": [
        [
          -0.2765313192219425,
          0.9304870951845406,
          -0.24025860064606908
        ],
        [
          -0.9142487841187229,
          -0.3317558559698055,
          -0.23256657706381242
        ],
        [
          -0.29610739644056283,
          0.1553441911523468,
          0.9424375799215641
        ]
      ],
      "tx": 0.0728996913347501,
      "ty": 0.05299881995105696,
      "tz": 0.0
    },
    {
      "R": [
        [
          -0.9702344936429719,
          0.14893877264955577,
          -0.19095096058153413
        ],
        [
          0.23126365380914768,
          0.803790946716175,
          -0.5481215525811386
        ],
        [
          0.07184810207799061,
          -0.5759664538658126,
          -0.8143098269387592
        ]
      ],
      "tx": -0.09613619295980518,
      "ty": -0.07275896060762907,
      "tz": 0.0
    },
    {
      "R": [
        [
          0.2834034608555651,
          -0.9400854187348779,
          0.18953069370726544
        ],
        [
          0.12560025080592457,
          -0.15954594357766783,
          -0.9791678451038925
        ],
        [
          0.9507402670406766,
          0.30130465872598244,
          0.07285909179671557
        ]
      ],
      "tx": 0.014929467368499733,
      "ty": -0.06046147611266206,
      "tz": 0.0
    },
    {
      "R": [
        [
          0.0683741424465969,
          0.6824967146083715,
          -0.7276834553523059
        ],
        [
          -0.3213692361125601,
          0.705579471137943,
          0.6315690175975468
        ],
        [
          0.9444822871420733,
          0.19067208620424697,
          0.2675768390900045
        ]
      ],
      "tx": 0.08741405914335101,
      "ty": -0.06411282012384606,
      "tz": 0.0
    },
    {
      "R": [
        [
          -0.7795702264083992,
          0.6116843477194127,
          0.13458276580838296
        ],
        [
          -0.5900015984023681,
          -0.6451126645588179,
          -0.4855180366458829
        ],
        [
          -0.2101627368974055,
          -0.4578994526977499,
          0.8638053688412066
        ]
      ],
      "tx": -0.04196959478640355,
      "ty": -0.09349036878321347,
      "tz": 0.0
    },
    {
      "R": [
        [
          0.31228353185947555,
          -0.06829824065913259,
          -0.9475306570513901
        ],
        [
          0.8415516387613352,
          -0.44287472915656645,
          0.3092778905331067
        ],
        [
          -0.44076051890735723,
          -0.8939783691999289,
          -0.08082598824111198
        ]
      ],
      "tx": -0.005176952935573936,
      "ty": 0.09756201325322697,
      "tz": 0.0
    },
    {
      "R": [
        [
          -0.5303528594231124,
          0.17566103418177043,
          0.8293787105851702
        ],
        [
          0.7872125721327059,
          -0.2610851316174778,
          0.558686781948968
        ],
        [
          0.3146779477147043,
          0.9491984803603908,
          0.00018467156446622113
        ]
      ],
      "tx": 0.05999232577610744,
      "ty": -0.011853668828018665,
      "tz": 0.0
    },
    {
      "R": [
        [
          0.24019227779142005,
          -0.8691910691869025,
          -0.43222049342332014
        ],
        [
          -0.15854912197466425,
          0.4041486851261471,
          -0.9008473878698151
        ],
        [
          0.9576898483384023,
          0.2849047657666252,
          -0.04073608760094638
        ]
      ],
      "tx": -0.06498054113057816,
      "ty": -0.019072083361800468,
      "tz": 0.0
    }
  ],
  "points_N": 10753
}