{
  "type": "scene",
  "distance_m": 0.6,
  "num_objects": 11,
  "intrinsics": {
    "width": 640,
    "height": 480,
    "fx": 554.2562584220408,
    "fy": 554.2562584220408,
    "cx": 0.004705066030636987,
    "cy": -0.04255421312627297
  },
  "T_wc": [
    [
      0.999999999999,
      0.0,
      0.0,
      0.0
    ],
    [
      -0.0,
      0.9999999999973334,
      0.0,
      0.0
    ],
    [
      0.0,
      0.0,
      -0.9999999999983333,
      0.6150141660124063
    ],
    [
      0.0,
      0.0,
      0.0,
      1.0
    ]
  ],
  "bin_size": {
    "w": 0.25,
    "d": 0.25
  },
  "z_floor": 0.0,
  "piece_aabb": {
    "w": 0.0300283320248127,
    "d": 0.0300283320248127,
    "h": 0.0300283320248127
  },
  "poses": [
    {
      "R": [
        [
          -0.6090056942002182,
          -0.4577340057917777,
          -0.6477589400182168
        ],
        [
          0.7578635449589283,
          -0.5767463865681071,
          -0.30496959324319306
        ],
        [
          -0.23399767446279782,
          -0.6766411054040723,
          0.6981417498069842
        ]
      ],
      "tx": 0.019202242354691285,
      "ty": 0.013603969154225043,
      "tz": 0.0
    },
    {
      "R": [
        [
          -0.15616173811544765,
          -0.838704924587142,
          0.5217159773497825
        ],
        [
          -0.8063749598100173,
          -0.19677937675220702,
          -0.5577071821990514
        ],
        [
          0.5704147050525216,
          -0.5077912231993473,
          -0.645581240357521
        ]
      ],
      "tx": -0.03955752479410383,
      "ty": 0.07172525413155686,
      "tz": 0.0
    },
    {
      "R": [
        [
          -0.7847132350956543,
          -0.21480056588275992,
          0.5814515074897983
        ],
        [
          -0.4125174214885032,
          -0.5191796406152227,
          -0.7485197911472516
        ],
        [
          0.46266025940660777,
          -0.8272322634345779,
          0.31879815981074267
        ]
      ],
      "tx": -0.036608465483432315,
      "ty": -0.08332637249430574,
      "tz": 0.0
    },
    {
      "R": [
        [
          -0.7622898846240269,
          0.5817832510520161,
          -0.2836236601470948
        ],
        [
          -0.6047726552217002,
          -0.7963570512585454,
          -0.008092120049106546
        ],
        [
          -0.2305735615719686,
          0.16535929277225841,
          0.9589015262256475
        ]
      ],
      "tx": 0.06153197775430028,
      "ty": -0.06037507605864161,
      "tz": 0.0
    },
    {
      "R": [
        [
          -0.5520297291425631,
          0.45562675655636514,
          -0.698331895915342
        ],
        [
          -0.48977426900729454,
          -0.8549817265412945,
          -0.1706675502221739
        ],
        [
          -0.6748217124257039,
          0.24781143232384317,
          0.6951295925569894
        ]
      ],
      "tx": 0.04224126466194242,
      "ty": 0.06627396397576724,
      "tz": 0.0
    },
    {
      "R": [
        [
          0.47191158629658814,
          -0.00672604708371477,
          0.8816202215294665
        ],
        [
          0.8333096273399172,
          -0.3231519965472487,
          -0.44851739331951823
        ],
        [
          0.28791408388900674,
          0.9463231728210796,
          -0.14689429151672062
        ]
      ],
      "tx": -0.060674971162497614,
      "ty": 0.002995481916687484,
      "tz": 0.0
    },
    {
      "R": [
        [
          -0.18973811329058132,
          0.4967233519704863,
          -0.8469152023503504
        ],
        [
          -0.6177591575600342,
          -0.7308424428851601,
          -0.29024635558154466
        ],
        [
          -0.7631337180439922,
          0.4681188260312289,
          0.4455240656793935
        ]
      ],
      "tx": 0.09565099824722076,
      "ty": -0.006681602980977419,
      "tz": 0.0
    },
    {
      "R": [
        [
          0.9364874701422091,
          0.33454802916563425,
          -0.10520852839972088
        ],
        [
          -0.32733917538867646,
          0.94150405119673,
          0.08011982174222942
        ],
        [
          0.1258581841697482,
          -0.0405923362414044,
          0.9912174230288522
        ]
      ],
      "tx": -0.09776698428622886,
      "ty": -0.05635380965480039,
      "tz": 0.0
    },
    {
      "R": [
        [
          -0.6210457208869333,
          0.0074345257705180495,
          0.7837390767306405
        ],
        [
          -0.19355883149739245,
          -0.9704375704255943,
          -0.14417316205117198
        ],
        [
          0.7594979863813947,
          -0.24123774524944674,
          0.6041251186216061
        ]
      ],
      "tx": -0.09652760351935671,
      "ty": 0.07825669879415822,
      "tz": 0.0
    },
    {
      "R": [
        [
          -0.4159755115977455,
          -0.681146492204116,
          0.6024979916223973
        ],
        [
          -0.03227414521692917,
          0.6731807541198984,
          0.7387733426654495
        ],
        [
          -0.9088029232465699,
          0.2878665114955073,
          -0.30201012939617833
        ]
      ],
      "tx": 0.09877437319597962,
      "ty": 0.057199661240773914,
      "tz": 0.0
    },
    {
      "R": [
        [
          0.5685703697545809,
          0.7795095978054687,
          -0.26285456352571823
        ],
        [
          -0.8226334664200061,
          0.5393008515876263,
          -0.18007990282834407
        ],
        [
          0.00138367732654332,
          0.3186210576939599,
          0.9478811671465144
        ]
      ],
      "tx": 0.004705066030636987,
      "ty": -0.04255421312627297,
      "tz": 0.0
    }
  ],
  "points_N": 12759
}