{
  "type": "scene",
  "distance_m": 0.6,
  "num_objects": 13,
  "intrinsics": {
    "width": 640,
    "height": 480,
    "fx": 554.2562584220408,
    "fy": 554.2562584220408,
    "cx": -0.0425973106479415,
    "cy": -0.09832290741552542
  },
  "T_wc": [
    [
      0.999999999999,
      0.0,
      0.0,
      0.0
    ],
    [
      -0.0,
      0.9999999999973334,
      0.0,
      0.0
    ],
    [
      0.0,
      0.0,
      -0.9999999999983333,
      0.6150141660124063
    ],
    [
      0.0,
      0.0,
      0.0,
      1.0
    ]
  ],
  "bin_size": {
    "w": 0.25,
    "d": 0.25
  },
  "z_floor": 0.0,
  "piece_aabb": {
    "w": 0.0300283320248127,
    "d": 0.0300283320248127,
    "h": 0.0300283320248127
  },
  "poses": [
    {
      "R": [
        [
          0.3797963496512847,
          0.4162509835801211,
          -0.8261294398943428
        ],
        [
          0.31706097656494664,
          -0.8975261482258752,
          -0.30646231479662545
        ],
        [
          -0.8690380140887055,
          -0.1455401385165116,
          -0.4728540981627978
        ]
      ],
      "tx": -0.033747916655647595,
      "ty": 0.06320016438512713,
      "tz": 0.0
    },
    {
      "R": [
        [
          0.12457196023109252,
          0.9658708903077079,
          0.22710184935481897
        ],
        [
          -0.9237068575016268,
          0.02932114918788209,
          0.3819763233693565
        ],
        [
          0.36228092432344877,
          -0.2573590749643341,
          0.8958341578689941
        ]
      ],
      "tx": -0.022704578024301494,
      "ty": -0.04349394967093523,
      "tz": 0.0
    },
    {
      "R": [
        [
          0.32310916643840293,
          0.1563633844508553,
          0.9333546799403507
        ],
        [
          -0.8698401878457996,
          0.43758286285066494,
          0.22781414738290567
        ],
        [
          -0.37279822179278765,
          -0.885478249389837,
          0.2773981897663452
        ]
      ],
      "tx": -0.07589221970110396,
      "ty": 0.0032352818964025976,
      "tz": 0.0
    },
    {
      "R": [
        [
          -0.9116894381898684,
          0.3084183062518237,
          -0.271478390782395
        ],
        [
          0.40374625103527667,
          0.7950452976668277,
          -0.4526499082434732
        ],
        [
          0.07623209998420524,
          -0.5222845230586692,
          -0.8493571356651906
        ]
      ],
      "tx": 0.057420596649989136,
      "ty": 0.0491931952419917,
      "tz": 0.0
    },
    {
      "R": [
        [
          -0.11667558573327796,
          0.05199587268520239,
          0.9918080645555877
        ],
        [
          0.6332039164181833,
          0.7732399643746166,
          0.033952286029306444
        ],
        [
          -0.7651402537616688,
          0.6319781536711896,
          -0.12314221597763875
        ]
      ],
      "tx": -0.08405126215968485,
      "ty": -0.05854855059707304,
      "tz": 0.0
    },
    {
      "R": [
        [
          -0.430856453329201,
          -0.11594079115336098,
          0.894941590033291
        ],
        [
          -0.31522173470670595,
          0.948578843057258,
          -0.028869299829556633
        ],
        [
          -0.8455755286153198,
          -0.29454356460613174,
          -0.4452483733333974
        ]
      ],
      "tx": -0.09756097001944598,
      "ty": 0.09391283850303772,
      "tz": 0.0
    },
    {
      "R": [
        [
          0.7033678996761091,
          -0.2508254700739312,
          -0.6651016322844279
        ],
        [
          -0.698207443954826,
          -0.06826775465202539,
          -0.7126330604742103
        ],
        [
          0.13334152733221316,
          0.965622129632996,
          -0.22314555754428622
        ]
      ],
      "tx": 0.07637002207062826,
      "ty": -0.061121613276815395,
      "tz": 0.0
    },
    {
      "R": [
        [
          -0.16744067172597776,
          0.21673465275510867,
          0.9617638544606859
        ],
        [
          -0.9832362337405447,
          0.03471268135817196,
          -0.17900150393958975
        ],
        [
          -0.07218123102069013,
          -0.9756132020673194,
          0.20728904901197576
        ]
      ],
      "tx": 0.0950534033122612,
      "ty": 0.09417141556315084,
      "tz": 0.0
    },
    {
      "R": [
        [
          0.911895004896563,
          -0.4062035833799513,
          0.05870390867722593
        ],
        [
          0.35168847601736775,
          0.6996280108355333,
          -0.621961302888609
        ],
        [
          0.2115720111008979,
          0.5878088935220372,
          0.7808444075583303
        ]
      ],
      "tx": 0.020573545432535312,
      "ty": -0.0050696092415338095,
      "tz": 0.0
    },
    {
      "R": [
        [
          0.8006249946807859,
          -0.023717571241088004,
          -0.5986961622616397
        ],
        [
          -0.4979299345882541,
          -0.5821161150464633,
          -0.6428114877972779
        ],
        [
          -0.33326475681255097,
          0.8127596849116205,
          -0.47786640020934157
        ]
      ],
      "tx": 0.09828433859554625,
      "ty": -0.0043244795699856065,
      "tz": 0.0
    },
    {
      "R": [
        [
          -0.26599634042263776,
          -0.3436184900721971,
          0.9006510312891822
        ],
        [
          0.9438391890784472,
          0.097125890172447,
          0.3158071351599723
        ],
        [
          -0.19599370408639016,
          0.9340732812465589,
          0.29848546567594103
        ]
      ],
      "tx": 0.019619392063123964,
      "ty": -0.09391334802728192,
      "tz": 0.0
    },
    {
      "R": [
        [
          -0.09558764881341641,
          0.8139901861506285,
          0.5729598399929863
        ],
        [
          0.8707397878859879,
          -0.21054909670714617,
          0.44438868085052496
        ],
        [
          0.48236420180874523,
          0.5413769987044798,
          -0.6886477489160494
        ]
      ],
      "tx": 0.01812814280786694,
      "ty": 0.09656541370876529,
      "tz": 0.0
    },
    {
      "R": [
        [
          -0.8092099047364998,
          -0.5855331328672869,
          -0.04827297785474241
        ],
        [
          0.3950154191752183,
          -0.6030489769760605,
          0.6930330078588991
        ],
        [
          -0.4349047581829507,
          0.5417406036866228,
          0.7192878211307923
        ]
      ],
      "tx": -0.0425973106479415,
      "ty": -0.09832290741552542,
      "tz": 0.0
    }
  ],
  "points_N": 14795
}