{
  "type": "scene",
  "distance_m": 0.6,
  "num_objects": 10,
  "intrinsics": {
    "width": 640,
    "height": 480,
    "fx": 554.2562584220408,
    "fy": 554.2562584220408,
    "cx": -0.017913829521474148,
    "cy": -0.08451015185885404
  },
  "T_wc": [
    [
      0.999999999999,
      0.0,
      0.0,
      0.0
    ],
    [
      -0.0,
      0.9999999999973334,
      0.0,
      0.0
    ],
    [
      0.0,
      0.0,
      -0.9999999999983333,
      0.6150141660124063
    ],
    [
      0.0,
      0.0,
      0.0,
      1.0
    ]
  ],
  "bin_size": {
    "w": 0.25,
    "d": 0.25
  },
  "z_floor": 0.0,
  "piece_aabb": {
    "w": 0.0300283320248127,
    "d": 0.0300283320248127,
    "h": 0.0300283320248127
  },
  "poses": [
    {
      "R": [
        [
          -0.797672577443445,
          0.22883041163978882,
          0.5579920267382821
        ],
        [
          -0.5989364133249551,
          -0.4089860314343048,
          -0.6884806452508715
        ],
        [
          0.07066563512889018,
          -0.8833838739757379,
          0.4632918078397761
        ]
      ],
      "tx": -0.06821974004259795,
      "ty": -0.0541503809645554,
      "tz": 0.0
    },
    {
      "R": [
        [
          -0.7136291666235612,
          0.6862950692727835,
          -0.1404723831791353
        ],
        [
          0.16257424382698238,
          -0.03279823340766441,
          -0.9861510488406027
        ],
        [
          -0.6813978483883298,
          -0.7265833426229926,
          -0.08816812595577228
        ]
      ],
      "tx": -0.015624737923898999,
      "ty": -0.010125501964950823,
      "tz": 0.0
    },
    {
      "R": [
        [
          0.8798076545131772,
          0.04589399300669633,
          -0.47310911264308064
        ],
        [
          0.4143107852265695,
          -0.5619202847556886,
          0.7159554223728106
        ],
        [
          -0.23299155414942682,
          -0.8259172688508138,
          -0.513396144034066
        ]
      ],
      "tx": 0.09437085365616632,
      "ty": -0.06024343757195142,
      "tz": 0.0
    },
    {
      "R": [
        [
          0.1266473548735847,
          0.9800572412127633,
          -0.15312821898641704
        ],
        [
          -0.9211067005163793,
          0.05890230055057022,
          -0.38482848810045167
        ],
        [
          -0.3681343420102958,
          0.18978493864445123,
          0.9101971123313721
        ]
      ],
      "tx": 0.035532489841923726,
      "ty": -0.04907869713958887,
      "tz": 0.0
    },
    {
      "R": [
        [
          0.6032340194283883,
          0.14714137459660329,
          -0.7838737995915497
        ],
        [
          -0.2968927240777708,
          0.9536286037837204,
          -0.04946914629536878
        ],
        [
          0.7402455188611083,
          0.26256789965137406,
          0.6189464192308689
        ]
      ],
      "tx": 0.03138126009098821,
      "ty": 0.07817410461796914,
      "tz": 0.0
    },
    {
      "R": [
        [
          -0.4790258620100738,
          -0.8063929569214209,
          0.3467919009334462
        ],
        [
          0.26197936428018853,
          -0.5083990088879302,
          -0.8203031515562516
        ],
        [
          0.8377953426803315,
          -0.3020941025397512,
          0.4547945876919032
        ]
      ],
      "tx": 0.0876078596484274,
      "ty": 0.05712204771622714,
      "tz": 0.0
    },
    {
      "R": [
        [
          0.7047269143081613,
          0.5846161856684869,
          0.4019749889036963
        ],
        [
          0.3863625123824035,
          0.15896319817892668,
          -0.908545381723051
        ],
        [
          -0.5950495653937197,
          0.7955844499983372,
          -0.11384813413310257
        ]
      ],
      "tx": -0.03943027898038858,
      "ty": 0.08298753575330076,
      "tz": 0.0
    },
    {
      "R": [
        [
          -0.3946512599611811,
          0.7176586212184877,
          0.5737738983274085
        ],
        [
          0.9101190356822235,
          0.391110484333296,
          0.136806176517854
        ],
        [
          -0.12622885525865993,
          0.5761932769786141,
          -0.8075070177185673
        ]
      ],
      "tx": -0.09223738087575112,
      "ty": 0.05090888973911725,
      "tz": 0.0
    },
    {
      "R": [
        [
          0.26759229058941747,
          -0.12237978391447218,
          -0.9557288080340343
        ],
        [
          0.9471771957927255,
          -0.1485702548236767,
          0.2842221651311812
        ],
        [
          -0.1767759197044026,
          -0.9813001925357372,
          0.07615908574810848
        ]
      ],
      "tx": 0.04236159165748893,
      "ty": 0.014697827228863036,
      "tz": 0.0
    },
    {
      "R": [
        [
          0.8026391854743972,
          0.1784562651544588,
          -0.5691429516106807
        ],
        [
          -0.5796242287402371,
          0.008222216751933575,
          -0.8148424072229975
        ],
        [
          -0.14073411597150662,
          0.9839134903937466,
          0.11003704841058237
        ]
      ],
      "tx": -0.017913829521474148,
      "ty": -0.08451015185885404,
      "tz": 0.0
    }
  ],
  "points_N": 11258
}