{
  "type": "scene",
  "distance_m": 0.6,
  "num_objects": 11,
  "intrinsics": {
    "width": 640,
    "height": 480,
    "fx": 554.2562584220408,
    "fy": 554.2562584220408,
    "cx": -0.033984116658380845,
    "cy": 0.09748106932415251
  },
  "T_wc": [
    [
      0.999999999999,
      0.0,
      0.0,
      0.0
    ],
    [
      -0.0,
      0.9999999999973334,
      0.0,
      0.0
    ],
    [
      0.0,
      0.0,
      -0.9999999999983333,
      0.6150141660124063
    ],
    [
      0.0,
      0.0,
      0.0,
      1.0
    ]
  ],
  "bin_size": {
    "w": 0.25,
    "d": 0.25
  },
  "z_floor": 0.0,
  "piece_aabb": {
    "w": 0.0300283320248127,
    "d": 0.0300283320248127,
    "h": 0.0300283320248127
  },
  "poses": [
    {
      "R": [
        [
          0.18242760884746656,
          0.6199189721093753,
          -0.7631648809720291
        ],
        [
          0.45724723671017603,
          0.6336579688682904,
          0.6240212680755528
        ],
        [
          0.8704281314681321,
          -0.46279374078369767,
          -0.1678595288934399
        ]
      ],
      "tx": 0.09436287459458242,
      "ty": -0.011459591711242917,
      "tz": 0.0
    },
    {
      "R": [
        [
          -0.04510016182961607,
          0.8962224435789676,
          0.4413063641375304
        ],
        [
          0.9198759867370059,
          -0.13502982026735721,
          0.36823242206951984
        ],
        [
          0.3896076801444785,
          0.42255446899057797,
          -0.8183236378771719
        ]
      ],
      "tx": -0.09273401831088462,
      "ty": 0.01876073797140157,
      "tz": 0.0
    },
    {
      "R": [
        [
          -0.5761778633516232,
          0.5892251990319721,
          0.5664209870840695
        ],
        [
          -0.8173155020152423,
          -0.41215141409070544,
          -0.40264945303403155
        ],
        [
          -0.003799993306739635,
          -0.6949423549394332,
          0.7190554104949796
        ]
      ],
      "tx": 0.022619310155901115,
      "ty": -0.046249457885491584,
      "tz": 0.0
    },
    {
      "R": [
        [
          0.9119486558531432,
          -0.3788431751113953,
          -0.15756743876563445
        ],
        [
          0.00813098620776917,
          -0.3672640248399892,
          0.9300811916825437
        ],
        [
          -0.4102237635132006,
          -0.8494674712605822,
          -0.3318455651643053
        ]
      ],
      "tx": -0.07334159455047039,
      "ty": -0.0870030716023477,
      "tz": 0.0
    },
    {
      "R": [
        [
          -0.3367185566082336,
          -0.7425311333800151,
          0.5790234275027722
        ],
        [
          0.6962565290821157,
          0.21764713336432173,
          0.6840004174332194
        ],
        [
          -0.6339143943358544,
          0.633464475167853,
          0.44370632106622443
        ]
      ],
      "tx": 0.006236954834715869,
      "ty": 0.049809141108098975,
      "tz": 0.0
    },
    {
      "R": [
        [
          0.7023663604498878,
          0.654254374876245,
          0.28041524327980494
        ],
        [
          0.5695724150929709,
          -0.7528418035714182,
          0.3298734344570574
        ],
        [
          0.42692945514866854,
          -0.07197521622494654,
          -0.9014160019523911
        ]
      ],
      "tx": -0.09339545864316122,
      "ty": 0.08865442755195851,
      "tz": 0.0
    },
    {
      "R": [
        [
          0.8045696886311605,
          0.5825585258552245,
          -0.11529605409269289
        ],
        [
          -0.3420402811024205,
          0.6132956346270227,
          0.711952885134132
        ],
        [
          0.4854647899068835,
          -0.5333798163605604,
          0.6926975597328464
        ]
      ],
      "tx": 0.07177512830560684,
      "ty": -0.09030890320258947,
      "tz": 0.0
    },
    {
      "R": [
        [
          0.240602139833475,
          -0.230867341696412,
          0.94276767066207
        ],
        [
          -0.6330740986675315,
          0.6989366821998734,
          0.33272315800335545
        ],
        [
          -0.73574981882692,
          -0.6768956971450368,
          0.02200952708917403
        ]
      ],
      "tx": -0.037667491775132116,
      "ty": -0.01190789674909283,
      "tz": 0.0
    },
    {
      "R": [
        [
          -0.549184402081784,
          -0.6342537079811984,
          0.5441679211623687
        ],
        [
          0.4256749063429794,
          -0.7726530918488115,
          -0.47096504516404153
        ],
        [
          0.7191643529958704,
          -0.027008027854189542,
          0.6943149140062155
        ]
      ],
      "tx": 0.07627577337854075,
      "ty": 0.0753401389391592,
      "tz": 0.0
    },
    {
      "R": [
        [
          -0.3563809329453327,
          0.29621947826257194,
          -0.8861414398000267
        ],
        [
          -0.799362163146943,
          0.39437158375740256,
          0.4533113566343978
        ],
        [
          0.48374865659974153,
          0.8698994623647769,
          0.09624012996363684
        ]
      ],
      "tx": -0.004567212161922962,
      "ty": -0.0980199674663962,
      "tz": 0.0
    },
    {
      "R": [
        [
          0.7957085512339934,
          -0.08513585323575522,
          -0.5996663972467686
        ],
        [
          -0.0896581406666969,
          -0.9957207753162753,
          0.02239543292161713
        ],
        [
          -0.5990069442880359,
          0.03594473671312407,
          -0.7999366578656926
        ]
      ],
      "tx": -0.033984116658380845,
      "ty": 0.09748106932415251,
      "tz": 0.0
    }
  ],
  "points_N": 12982
}