{
  "type": "scene",
  "distance_m": 0.6,
  "num_objects": 12,
  "intrinsics": {
    "width": 640,
    "height": 480,
    "fx": 554.2562584220408,
    "fy": 554.2562584220408,
    "cx": 0.01876449003650041,
    "cy": -0.06750897287707405
  },
  "T_wc": [
    [
      0.999999999999,
      0.0,
      0.0,
      0.0
    ],
    [
      -0.0,
      0.9999999999973334,
      0.0,
      0.0
    ],
    [
      0.0,
      0.0,
      -0.9999999999983333,
      0.6150141660124063
    ],
    [
      0.0,
      0.0,
      0.0,
      1.0
    ]
  ],
  "bin_size": {
    "w": 0.25,
    "d": 0.25
  },
  "z_floor": 0.0,
  "piece_aabb": {
    "w": 0.0300283320248127,
    "d": 0.0300283320248127,
    "h": 0.0300283320248127
  },
  "poses": [
    {
      "R": [
        [
          0.5072721274970917,
          0.6452803269639178,
          0.5712164986219442
        ],
        [
          0.8437866057446526,
          -0.2371362121896734,
          -0.48144634263254327
        ],
        [
          -0.1752117365660543,
          0.7262091410204594,
          -0.6647714877067412
        ]
      ],
      "tx": 0.03516945494450141,
      "ty": 0.0966380205635809,
      "tz": 0.0
    },
    {
      "R": [
        [
          -0.060123282225731156,
          0.7711567657933779,
          0.6337999948765404
        ],
        [
          0.9637328006354257,
          0.21023614484433395,
          -0.1643771650211528
        ],
        [
          -0.2600082304731991,
          0.6009309494210542,
          -0.7558291566975348
        ]
      ],
      "tx": -0.07574899335348781,
      "ty": 0.016787937695003613,
      "tz": 0.0
    },
    {
      "R": [
        [
          0.7795105065865748,
          -0.3802589869326815,
          -0.49776146192536064
        ],
        [
          0.6164518689532448,
          0.3247208721721785,
          0.7173168396460461
        ],
        [
          -0.11113263870345644,
          -0.8660019965523582,
          0.4875346947470882
        ]
      ],
      "tx": 0.07085850342874317,
      "ty": -0.09607701829518878,
      "tz": 0.0
    },
    {
      "R": [
        [
          -0.015394380612384184,
          0.9085848040704813,
          0.4174166585772134
        ],
        [
          -0.13963884123273063,
          0.41142142497299006,
          -0.90068496439786
        ],
        [
          -0.9900828283859593,
          -0.0721530656687529,
          0.12054015119394601
        ]
      ],
      "tx": 0.003463909759884795,
      "ty": 0.0007302240489890505,
      "tz": 0.0
    },
    {
      "R": [
        [
          0.6180075929517873,
          0.7820756810839335,
          0.0801513824649292
        ],
        [
          -0.6695757379210414,
          0.47018182365771954,
          0.574975985489302
        ],
        [
          0.411989012282404,
          -0.40900694585667197,
          0.8142348383602649
        ]
      ],
      "tx": -0.0911920818470374,
      "ty": 0.07709870896058618,
      "tz": 0.0
    },
    {
      "R": [
        [
          0.623466447677106,
          -0.7806455394232631,
          -0.043383526821282936
        ],
        [
          0.46601881350108465,
          0.4155966271253644,
          -0.7810927659280056
        ],
        [
          0.6277866310172044,
          0.46676759238467214,
          0.622906060827381
        ]
      ],
      "tx": -0.09708431038445266,
      "ty": -0.0899955097472603,
      "tz": 0.0
    },
    {
      "R": [
        [
          0.46491499937169145,
          0.5256866600308518,
          0.7123956617111221
        ],
        [
          0.020716005498201573,
          -0.810882583563882,
          0.5848421007322936
        ],
        [
          0.8851129252674025,
          -0.25714387244959036,
          -0.387881603567648
        ]
      ],
      "tx": 0.06448562319861084,
      "ty": 0.04448151827047167,
      "tz": 0.0
    },
    {
      "R": [
        [
          -0.4153738979815864,
          0.374958640643545,
          0.8287765336218972
        ],
        [
          0.23874707626853864,
          -0.8342150073396213,
          0.4970766088869807
        ],
        [
          0.8777609916422621,
          0.40434062291105577,
          0.2569908601781241
        ]
      ],
      "tx": 0.0925398578387514,
      "ty": 0.09767736361945817,
      "tz": 0.0
    },
    {
      "R": [
        [
          0.7263978220940643,
          -0.30760845808935505,
          -0.6145919301202137
        ],
        [
          0.5325036252486619,
          -0.31343829314141347,
          0.7862546187397755
        ],
        [
          -0.4344952164915429,
          -0.8984060735015579,
          -0.0638782744090709
        ]
      ],
      "tx": -0.04362170045479514,
      "ty": -0.061433839424834435,
      "tz": 0.0
    },
    {
      "R": [
        [
          -0.38237234395553554,
          -0.7990383280921921,
          0.46403571071371696
        ],
        [
          0.80272702062914,
          -0.5359760026435318,
          -0.26145564622345724
        ],
        [
          0.4576250877408431,
          0.2725205952398749,
          0.8463520569126597
        ]
      ],
      "tx": -0.029896767535756333,
      "ty": 0.08174244937684744,
      "tz": 0.0
    },
    {
      "R": [
        [
          -0.81967266064806,
          -0.4798208964150446,
          -0.3129035582245656
        ],
        [
          0.35390900458456104,
          0.0053313768670866235,
          -0.9352646646242264
        ],
        [
          0.4504277365572599,
          -0.8773502628848779,
          0.16544295196755743
        ]
      ],
      "tx": 0.06787242319097428,
      "ty": -0.0241059160372616,
      "tz": 0.0
    },
    {
      "R": [
        [
          0.47285449848830585,
          -0.8137773128066917,
          0.337898074011221
        ],
        [
          0.8176511475331679,
          0.2623110440894949,
          -0.5124836749462103
        ],
        [
          0.32841319126531215,
          0.5186129590646564,
          0.7894209108537311
        ]
      ],
      "tx": 0.01876449003650041,
      "ty": -0.06750897287707405,
      "tz": 0.0
    }
  ],
  "points_N": 14188
}