{
  "type": "scene",
  "distance_m": 0.6,
  "num_objects": 8,
  "intrinsics": {
    "width": 640,
    "height": 480,
    "fx": 554.2562584220408,
    "fy": 554.2562584220408,
    "cx": 0.030651014676260302,
    "cy": -0.09765650785546713
  },
  "T_wc": [
    [
      0.999999999999,
      0.0,
      0.0,
      0.0
    ],
    [
      -0.0,
      0.9999999999973334,
      0.0,
      0.0
    ],
    [
      0.0,
      0.0,
      -0.9999999999983333,
      0.6150141660124063
    ],
    [
      0.0,
      0.0,
      0.0,
      1.0
    ]
  ],
  "bin_size": {
    "w": 0.25,
    "d": 0.25
  },
  "z_floor": 0.0,
  "piece_aabb": {
    "w": 0.0300283320248127,
    "d": 0.0300283320248127,
    "h": 0.0300283320248127
  },
  "poses": [
    {
      "R": [
        [
          0.9611415467044573,
          -0.06651396650462385,
          -0.2679231596155611
        ],
        [
          -0.0735454306070594,
          -0.9971589321374661,
          -0.016282926496523464
        ],
        [
          -0.2660789297095617,
          0.0353547213012739,
          -0.9633026766527353
        ]
      ],
      "tx": -0.057492455991433815,
      "ty": -0.05144589463721475,
      "tz": 0.0
    },
    {
      "R": [
        [
          -0.930007397544415,
          0.10833277841960257,
          -0.35121254196362806
        ],
        [
          0.3657912152966287,
          0.36594238905177623,
          -0.8557353298227751
        ],
        [
          0.03581937079960104,
          -0.9243106496275847,
          -0.37995630756779497
        ]
      ],
      "tx": -0.07320084062997836,
      "ty": 0.05498759214754009,
      "tz": 0.0
    },
    {
      "R": [
        [
          0.6219139821360391,
          0.6705510081169445,
          -0.4044556147923328
        ],
        [
          -0.46756021739393355,
          0.7322872054716975,
          0.49511906831891417
        ],
        [
          0.6281802622927849,
          -0.11881411623120142,
          0.7689426271510551
        ]
      ],
      "tx": 0.04917079349430176,
      "ty": 0.07722811611233366,
      "tz": 0.0
    },
    {
      "R": [
        [
          -0.7493452316373932,
          0.5804058794862407,
          -0.31876439399673495
        ],
        [
          -0.2812416550872845,
          -0.7147709842235441,
          -0.6403167743827047
        ],
        [
          -0.5994871602178541,
          -0.3901684958705791,
          0.6988445389097799
        ]
      ],
      "tx": 0.001571474746841342,
      "ty": -0.03755382331738713,
      "tz": 0.0
    },
    {
      "R": [
        [
          0.892795094662422,
          0.4386256958061019,
          -0.10258858574583227
        ],
        [
          0.16115288353277848,
          -0.09833587718081027,
          0.9820182296618282
        ],
        [
          0.4206502907116405,
          -0.8932735047216466,
          -0.15847958444707855
        ]
      ],
      "tx": 0.07928152940109667,
      "ty": -0.0569993352195314,
      "tz": 0.0
    },
    {
      "R": [
        [
          0.935432231964121,
          -0.07781217144012077,
          -0.34483591080163956
        ],
        [
          -0.11826096129548865,
          0.8503871812109807,
          -0.5126948283974685
        ],
        [
          0.33313793605065456,
          0.5203718939449132,
          0.786277436758867
        ]
      ],
      "tx": 0.05433711083037002,
      "ty": 0.0010213038703074384,
      "tz": 0.0
    },
    {
      "R": [
        [
          -0.9391327373391134,
          0.34188411117480716,
          0.03383720118679369
        ],
        [
          0.3362740764899856,
          0.9349305740035425,
          -0.1132456059819268
        ],
        [
          -0.07035230727382584,
          -0.09497408235733872,
          -0.9929906729378832
        ]
      ],
      "tx": -0.010551890715290585,
      "ty": 0.06861491798693128,
      "tz": 0.0
    },
    {
      "R": [
        [
          -0.7751089327046627,
          0.5215473119577471,
          0.3566434407515258
        ],
        [
          0.5856948772874423,
          0.38137483001997885,
          0.7152025934981502
        ],
        [
          0.2369971585498159,
          0.7632441551802941,
          -0.601074626333896
        ]
      ],
      "tx": 0.030651014676260302,
      "ty": -0.09765650785546713,
      "tz": 0.0
    }
  ],
  "points_N": 9108
}