{
  "type": "scene",
  "distance_m": 0.6,
  "num_objects": 12,
  "intrinsics": {
    "width": 640,
    "height": 480,
    "fx": 554.2562584220408,
    "fy": 554.2562584220408,
    "cx": 0.09719007406128671,
    "cy": 0.04789067652290224
  },
  "T_wc": [
    [
      0.999999999999,
      0.0,
      0.0,
      0.0
    ],
    [
      -0.0,
      0.9999999999973334,
      0.0,
      0.0
    ],
    [
      0.0,
      0.0,
      -0.9999999999983333,
      0.6150141660124063
    ],
    [
      0.0,
      0.0,
      0.0,
      1.0
    ]
  ],
  "bin_size": {
    "w": 0.25,
    "d": 0.25
  },
  "z_floor": 0.0,
  "piece_aabb": {
    "w": 0.0300283320248127,
    "d": 0.0300283320248127,
    "h": 0.0300283320248127
  },
  "poses": [
    {
      "R": [
        [
          -0.5644503771031284,
          0.12395525383577947,
          -0.816107141761818
        ],
        [
          -0.144654797200342,
          -0.9882156867859506,
          -0.0500474378674932
        ],
        [
          -0.8126935224517693,
          0.08980451790795461,
          0.5757294391710879
        ]
      ],
      "tx": -0.022240927861185616,
      "ty": 0.09306839423305471,
      "tz": 0.0
    },
    {
      "R": [
        [
          0.7688728252253657,
          -0.6194914511590458,
          0.15831904677209221
        ],
        [
          0.12490175526703165,
          0.3883509257036537,
          0.9130077272599231
        ],
        [
          -0.627083830250134,
          -0.6822125038768896,
          0.37596804304733966
        ]
      ],
      "tx": -0.08391823189787566,
      "ty": -0.013516173698939302,
      "tz": 0.0
    },
    {
      "R": [
        [
          -0.6942037379861643,
          -0.3319039576197751,
          -0.6386868818774715
        ],
        [
          -0.6255588113358166,
          0.7171193564028151,
          0.3072718702265672
        ],
        [
          0.35602997588146557,
          0.6128454875323327,
          -0.7054523830033463
        ]
      ],
      "tx": 0.03784622971257781,
      "ty": 0.018926618098016865,
      "tz": 0.0
    },
    {
      "R": [
        [
          0.4274129494010632,
          -0.9040464695717003,
          0.004260462325710479
        ],
        [
          -0.14069766522551497,
          -0.07117241737232893,
          -0.9874910905954888
        ],
        [
          0.8930410615892044,
          0.4214670424366816,
          -0.15761724034921842
        ]
      ],
      "tx": -0.03383971680635911,
      "ty": -0.09575210345573452,
      "tz": 0.0
    },
    {
      "R": [
        [
          -0.23215270765755758,
          0.6738610961580999,
          0.7014387666873484
        ],
        [
          0.7026878503668356,
          0.614821899474257,
          -0.3580835333741307
        ],
        [
          -0.672558477215253,
          0.4097624372871074,
          -0.6162465737952862
        ]
      ],
      "tx": 0.05700688452651925,
      "ty": -0.07210382920139208,
      "tz": 0.0
    },
    {
      "R": [
        [
          0.15895641250073178,
          0.945118475842035,
          -0.28545389390745074
        ],
        [
          0.25486190924630897,
          0.24004926262194493,
          0.9367079367284057
        ],
        [
          0.9538229742149344,
          -0.2216470575863561,
          -0.2027173296072322
        ]
      ],
      "tx": 0.043553455684643055,
      "ty": 0.09662920009042442,
      "tz": 0.0
    },
    {
      "R": [
        [
          -0.26435280871000044,
          0.9406720276575198,
          -0.21272923849302916
        ],
        [
          0.8139636130380443,
          0.3359239708408983,
          0.47393915481265747
        ],
        [
          0.5172821562524526,
          -0.047866712830248154,
          -0.8544752475207458
        ]
      ],
      "tx": -0.02559108938544083,
      "ty": 0.030888344598192063,
      "tz": 0.0
    },
    {
      "R": [
        [
          -0.40941232741361144,
          -0.25378282890018505,
          -0.8763422972316179
        ],
        [
          -0.8645217697116978,
          0.4148293647452035,
          0.28375818550245385
        ],
        [
          0.29151956341954804,
          0.873791092825116,
          -0.3892370360630726
        ]
      ],
      "tx": -0.08450239120069157,
      "ty": 0.04746526468508033,
      "tz": 0.0
    },
    {
      "R": [
        [
          -0.8600323151711571,
          -0.3235676105914291,
          0.39452302624497404
        ],
        [
          0.5032440729257913,
          -0.4103133750887893,
          0.7605184661060551
        ],
        [
          -0.08420106843977673,
          0.8526118317261375,
          0.5157162441442003
        ]
      ],
      "tx": -0.09406873649240607,
      "ty": -0.09623313241821999,
      "tz": 0.0
    },
    {
      "R": [
        [
          -0.30957800903074895,
          -0.5894542237511602,
          -0.7461267817378456
        ],
        [
          -0.39740626758412056,
          0.7930641836131589,
          -0.46164646555004873
        ],
        [
          0.8638458860291087,
          0.15359986579392262,
          -0.47976803396920165
        ]
      ],
      "tx": -0.009976340346894624,
      "ty": -0.030279402612168216,
      "tz": 0.0
    },
    {
      "R": [
        [
          0.2758371250927236,
          -0.9586736463171623,
          -0.06970452121302623
        ],
        [
          0.6239576861937977,
          0.23374791329411315,
          -0.7456800378649879
        ],
        [
          0.731157087266658,
          0.1621935661103852,
          0.6626481425704993
        ]
      ],
      "tx": 0.09712127944915652,
      "ty": -0.030231816818744442,
      "tz": 0.0
    },
    {
      "R": [
        [
          0.3167616316304076,
          0.2375941510657649,
          -0.9182652602087158
        ],
        [
          -0.174061786875821,
          0.9662383394749693,
          0.18996306398416082
        ],
        [
          0.9323972131427885,
          0.09966188192078548,
          0.3474232954416977
        ]
      ],
      "tx": 0.09719007406128671,
      "ty": 0.04789067652290224,
      "tz": 0.0
    }
  ],
  "points_N": 14577
}