{
  "type": "scene",
  "distance_m": 0.6,
  "num_objects": 10,
  "intrinsics": {
    "width": 640,
    "height": 480,
    "fx": 554.2562584220408,
    "fy": 554.2562584220408,
    "cx": 0.0955035772257263,
    "cy": 0.09264784905977042
  },
  "T_wc": [
    [
      0.999999999999,
      0.0,
      0.0,
      0.0
    ],
    [
      -0.0,
      0.9999999999973334,
      0.0,
      0.0
    ],
    [
      0.0,
      0.0,
      -0.9999999999983333,
      0.6150141660124063
    ],
    [
      0.0,
      0.0,
      0.0,
      1.0
    ]
  ],
  "bin_size": {
    "w": 0.25,
    "d": 0.25
  },
  "z_floor": 0.0,
  "piece_aabb": {
    "w": 0.0300283320248127,
    "d": 0.0300283320248127,
    "h": 0.0300283320248127
  },
  "poses": [
    {
      "R": [
        [
          -0.6333684621481921,
          -0.5134654320893813,
          -0.57896255596135
        ],
        [
          0.33414620645607074,
          0.4933530763085767,
          -0.8030872024929053
        ],
        [
          0.6979904754844808,
          -0.7021082481684208,
          -0.14090175295864915
        ]
      ],
      "tx": -0.005608924346009361,
      "ty": 0.06638768062285219,
      "tz": 0.0
    },
    {
      "R": [
        [
          -0.6868578083996908,
          0.662345404116984,
          -0.2992071467820964
        ],
        [
          -0.051623004437413855,
          -0.45510278062374354,
          -0.88894123792374
        ],
        [
          -0.7249561479518802,
          -0.5951302586103699,
          0.3467831582316616
        ]
      ],
      "tx": -0.029726936295031495,
      "ty": -0.016943543490424873,
      "tz": 0.0
    },
    {
      "R": [
        [
          -0.5500433150478772,
          0.8301722244624028,
          -0.0909199059738161
        ],
        [
          0.8034514680718685,
          0.5557328527954255,
          0.21360415440018343
        ],
        [
          0.2278554147355315,
          0.04444180526265672,
          -0.972680233129416
        ]
      ],
      "tx": 0.0675717507963983,
      "ty": 0.042060771557601656,
      "tz": 0.0
    },
    {
      "R": [
        [
          -0.02549978186527202,
          -0.9996557138915426,
          -0.0061818127449584925
        ],
        [
          -0.6919532611806659,
          0.013187029805556416,
          0.7218218523890423
        ],
        [
          -0.7214918194035638,
          0.022683825270389535,
          -0.6920512976686322
        ]
      ],
      "tx": 0.09002589614795115,
      "ty": -0.083772843202833,
      "tz": 0.0
    },
    {
      "R": [
        [
          0.23119602282852958,
          0.6118773396631052,
          0.7564089636136465
        ],
        [
          -0.3996666995913609,
          -0.6491121227056398,
          0.6472402810350472
        ],
        [
          0.8870258892873527,
          -0.45195085281851044,
          0.09447485575856718
        ]
      ],
      "tx": 0.005920826768728682,
      "ty": -0.08202591175358923,
      "tz": 0.0
    },
    {
      "R": [
        [
          -0.545285011421762,
          -0.3550988022021989,
          0.759321471442322
        ],
        [
          -0.40467603538871966,
          -0.6817762538061465,
          -0.6094410932388175
        ],
        [
          0.7340991504564196,
          -0.6395982961364273,
          0.22806239689730123
        ]
      ],
      "tx": 0.06705574237029002,
      "ty": -0.01960797426094177,
      "tz": 0.0
    },
    {
      "R": [
        [
          0.0020051935881115757,
          0.10816252085579264,
          0.9941312027498153
        ],
        [
          -0.9899992424400257,
          -0.1400164265799102,
          0.01723079382871967
        ],
        [
          0.14105842465747814,
          -0.9842236886856122,
          0.10680005366682987
        ]
      ],
      "tx": -0.08263380427555389,
      "ty": -0.07458361077140707,
      "tz": 0.0
    },
    {
      "R": [
        [
          0.7631938043563284,
          0.18938472429466463,
          0.6177933660990121
        ],
        [
          -0.07521647924243337,
          0.9756234446544407,
          -0.20615861730952695
        ],
        [
          -0.6417769848183142,
          0.11087073754799893,
          0.7588346205287921
        ]
      ],
      "tx": -0.09879242355779111,
      "ty": 0.007886631086441956,
      "tz": 0.0
    },
    {
      "R": [
        [
          0.8076746759155081,
          -0.04979923337329095,
          -0.5875216202321506
        ],
        [
          0.5608358116638099,
          0.3724539560349529,
          0.7394195311116071
        ],
        [
          0.18200222592093337,
          -0.9267135949090991,
          0.32875082170312464
        ]
      ],
      "tx": -0.06377615859176483,
      "ty": 0.05469706207466449,
      "tz": 0.0
    },
    {
      "R": [
        [
          -0.24243475538705272,
          -0.6629481485393709,
          -0.7083255901975023
        ],
        [
          0.5129544730519697,
          0.5321170564273681,
          -0.6735942004167266
        ],
        [
          0.8234701560811999,
          -0.5266414250771518,
          0.21105854978254457
        ]
      ],
      "tx": 0.0955035772257263,
      "ty": 0.09264784905977042,
      "tz": 0.0
    }
  ],
  "points_N": 11345
}