{
  "type": "scene",
  "distance_m": 0.6,
  "num_objects": 7,
  "intrinsics": {
    "width": 640,
    "height": 480,
    "fx": 554.2562584220408,
    "fy": 554.2562584220408,
    "cx": 0.04030142904427417,
    "cy": 0.02213185934524174
  },
  "T_wc": [
    [
      0.999999999999,
      0.0,
      0.0,
      0.0
    ],
    [
      -0.0,
      0.9999999999973334,
      0.0,
      0.0
    ],
    [
      0.0,
      0.0,
      -0.9999999999983333,
      0.6150141660124063
    ],
    [
      0.0,
      0.0,
      0.0,
      1.0
    ]
  ],
  "bin_size": {
    "w": 0.25,
    "d": 0.25
  },
  "z_floor": 0.0,
  "piece_aabb": {
    "w": 0.0300283320248127,
    "d": 0.0300283320248127,
    "h": 0.0300283320248127
  },
  "poses": [
    {
      "R": [
        [
          -0.9330264596219278,
          0.10136936046413171,
          0.34523307837526757
        ],
        [
          -0.11873004140528944,
          0.819009141654889,
          -0.561361918154073
        ],
        [
          -0.3396539458231996,
          -0.5647550607518403,
          -0.7521216114711209
        ]
      ],
      "tx": -0.08954700145778122,
      "ty": -0.09567479034712949,
      "tz": 0.0
    },
    {
      "R": [
        [
          -0.3926591301268618,
          0.8112905459891975,
          0.4331586978424491
        ],
        [
          0.23960393460177415,
          0.5449634330517472,
          -0.8034953709635188
        ],
        [
          -0.8879238492412314,
          -0.21171326511346356,
          -0.4083732744972808
        ]
      ],
      "tx": -0.012002828299506649,
      "ty": -0.05046493777165185,
      "tz": 0.0
    },
    {
      "R": [
        [
          0.46019808344464086,
          -0.19668430304673218,
          0.8657557443811161
        ],
        [
          0.8124906275046242,
          0.48638407568309283,
          -0.3213868558902887
        ],
        [
          -0.35787805773897513,
          0.8513200431429561,
          0.38363717225010163
        ]
      ],
      "tx": -0.0464277231236333,
      "ty": 0.05434212558423407,
      "tz": 0.0
    },
    {
      "R": [
        [
          0.5120875858699333,
          0.8585105252993906,
          -0.026944059606302917
        ],
        [
          -0.8202646272196009,
          0.47948682537686604,
          -0.31186267109467253
        ],
        [
          -0.2548180639793672,
          0.18180226137256666,
          0.949745066862486
        ]
      ],
      "tx": 0.07353022258764003,
      "ty": -0.0387472842926192,
      "tz": 0.0
    },
    {
      "R": [
        [
          -0.35525035911886027,
          0.23430699090957696,
          0.9049295090540591
        ],
        [
          -0.2817219991066158,
          -0.9499009331471577,
          0.1353548389439074
        ],
        [
          0.8913079701008474,
          -0.20685369519797933,
          0.4034620815115697
        ]
      ],
      "tx": 0.06846564590022844,
      "ty": 0.08943738893342873,
      "tz": 0.0
    },
    {
      "R": [
        [
          0.14107531367073867,
          -0.46880624058238995,
          -0.8719624215892041
        ],
        [
          -0.3367784580923008,
          0.8055162253172523,
          -0.48756936010748053
        ],
        [
          0.9309554371921758,
          0.362442160270645,
          -0.044245388693884724
        ]
      ],
      "tx": 0.009378540509821995,
      "ty": 0.08875548955938703,
      "tz": 0.0
    },
    {
      "R": [
        [
          -0.7903640957339355,
          -0.4437562558595919,
          -0.4223801386904393
        ],
        [
          0.5852184883371557,
          -0.750818348457893,
          -0.30625337308727923
        ],
        [
          -0.18122890796738972,
          -0.4892363365536521,
          0.8531142302836761
        ]
      ],
      "tx": 0.04030142904427417,
      "ty": 0.02213185934524174,
      "tz": 0.0
    }
  ],
  "points_N": 7935
}