{
  "type": "scene",
  "distance_m": 0.6,
  "num_objects": 10,
  "intrinsics": {
    "width": 640,
    "height": 480,
    "fx": 554.2562584220408,
    "fy": 554.2562584220408,
    "cx": -0.0944196938904332,
    "cy": -0.0013208389902174406
  },
  "T_wc": [
    [
      0.999999999999,
      0.0,
      0.0,
      0.0
    ],
    [
      -0.0,
      0.9999999999973334,
      0.0,
      0.0
    ],
    [
      0.0,
      0.0,
      -0.9999999999983333,
      0.6150141660124063
    ],
    [
      0.0,
      0.0,
      0.0,
      1.0
    ]
  ],
  "bin_size": {
    "w": 0.25,
    "d": 0.25
  },
  "z_floor": 0.0,
  "piece_aabb": {
    "w": 0.0300283320248127,
    "d": 0.0300283320248127,
    "h": 0.0300283320248127
  },
  "poses": [
    {
      "R": [
        [
          -0.6227189492136571,
          -0.7814421126711324,
          -0.03961483098935879
        ],
        [
          0.7810364253209505,
          -0.6177630173831263,
          -0.09138356895835299
        ],
        [
          0.04693839166513461,
          -0.08784690602276178,
          0.9950274913237918
        ]
      ],
      "tx": 0.08050944557942097,
      "ty": -0.00546957504285292,
      "tz": 0.0
    },
    {
      "R": [
        [
          -0.14643134433524096,
          -0.18090143757507662,
          0.9725392183760223
        ],
        [
          -0.520721590806423,
          -0.821805813683139,
          -0.23126657662667527
        ],
        [
          0.8410748398711033,
          -0.5402868446296507,
          0.02613884572687608
        ]
      ],
      "tx": 0.013590635424398367,
      "ty": -0.08658054083133454,
      "tz": 0.0
    },
    {
      "R": [
        [
          -0.6047933652318429,
          0.14819801050196452,
          -0.7824719388289921
        ],
        [
          0.06464305684077112,
          -0.970155323064078,
          -0.23370905915842227
        ],
        [
          -0.7937545342067805,
          -0.19192706639162105,
          0.577163530216942
        ]
      ],
      "tx": -0.0485232692018988,
      "ty": 0.039870009271009116,
      "tz": 0.0
    },
    {
      "R": [
        [
          -0.690037722478293,
          -0.6907826964255644,
          -0.21602594259948696
        ],
        [
          0.4223260754971959,
          -0.6266796906763119,
          0.654914690054345
        ],
        [
          -0.5877828064107585,
          0.3606824525990535,
          0.7241681716804629
        ]
      ],
      "tx": -0.08134260733768213,
      "ty": -0.06865967438613896,
      "tz": 0.0
    },
    {
      "R": [
        [
          -0.8399362259749372,
          -0.1324124965111366,
          0.5262832574409602
        ],
        [
          -0.39240614463236645,
          0.8180731207807601,
          -0.420444748701646
        ],
        [
          -0.3748660480088081,
          -0.5596635594924116,
          -0.7390887268972124
        ]
      ],
      "tx": 0.010982416265867156,
      "ty": 0.060740333084792736,
      "tz": 0.0
    },
    {
      "R": [
        [
          0.7582410300185481,
          -0.5524887224351621,
          -0.34616000921304235
        ],
        [
          0.3411392918926049,
          0.7886630493407671,
          -0.5115022757833388
        ],
        [
          0.5556028472960008,
          0.2697532320223155,
          0.7864722944198934
        ]
      ],
      "tx": 0.08291415264518884,
      "ty": 0.09137551746255379,
      "tz": 0.0
    },
    {
      "R": [
        [
          0.2194445001952835,
          -0.1970023003717143,
          -0.9555282334825566
        ],
        [
          0.5786558437405,
          0.8148162329521387,
          -0.03509873249358475
        ],
        [
          0.7854944467270359,
          -0.5452197723541756,
          0.2928034733315995
        ]
      ],
      "tx": -0.011051099488047944,
      "ty": -0.006798085988157523,
      "tz": 0.0
    },
    {
      "R": [
        [
          -0.463794744078061,
          -0.6983133515536321,
          0.5452090410177539
        ],
        [
          0.7323926167550238,
          0.044056929093511554,
          0.6794556953338295
        ],
        [
          -0.4984932199020305,
          0.7144350565592246,
          0.4910061707055454
        ]
      ],
      "tx": 0.08873861015705853,
      "ty": -0.08211208147977356,
      "tz": 0.0
    },
    {
      "R": [
        [
          -0.7735297567235819,
          -0.46931995019211203,
          -0.4258996358472614
        ],
        [
          0.36714182105828075,
          0.2159288246762685,
          -0.9047550087752677
        ],
        [
          0.5165835834530225,
          -0.8562204897253972,
          0.005279609951070574
        ]
      ],
      "tx": -0.04931064978285487,
      "ty": 0.09888855536707902,
      "tz": 0.0
    },
    {
      "R": [
        [
          0.08143515884544583,
          0.48114460478917936,
          0.8728506081719147
        ],
        [
          0.8328535967208783,
          -0.5139003308830494,
          0.20557562196765566
        ],
        [
          0.5474698177369355,
          0.710215684986298,
          -0.44257256971770165
        ]
      ],
      "tx": -0.0944196938904332,
      "ty": -0.0013208389902174406,
      "tz": 0.0
    }
  ],
  "points_N": 11661
}