{
  "type": "scene",
  "distance_m": 0.6,
  "num_objects": 6,
  "intrinsics": {
    "width": 640,
    "height": 480,
    "fx": 554.2562584220408,
    "fy": 554.2562584220408,
    "cx": -0.08575535474628901,
    "cy": -0.07938086033581254
  },
  "T_wc": [
    [
      0.999999999999,
      0.0,
      0.0,
      0.0
    ],
    [
      -0.0,
      0.9999999999973334,
      0.0,
      0.0
    ],
    [
      0.0,
      0.0,
      -0.9999999999983333,
      0.6150141660124063
    ],
    [
      0.0,
      0.0,
      0.0,
      1.0
    ]
  ],
  "bin_size": {
    "w": 0.25,
    "d": 0.25
  },
  "z_floor": 0.0,
  "piece_aabb": {
    "w": 0.0300283320248127,
    "d": 0.0300283320248127,
    "h": 0.0300283320248127
  },
  "poses": [
    {
      "R": [
        [
          -0.20662194720136795,
          -0.8578563212494539,
          0.4705208847937239
        ],
        [
          0.2827180617741942,
          -0.5127318189909618,
          -0.8106642827588142
        ],
        [
          0.9366845085093263,
          -0.03447628005706599,
          0.348473123256398
        ]
      ],
      "tx": -0.029682278415669977,
      "ty": -0.0971969584838203,
      "tz": 0.0
    },
    {
      "R": [
        [
          -0.9707929906574131,
          -0.2380298817711845,
          0.030045709750847027
        ],
        [
          0.06727965835484136,
          -0.14988531662364113,
          0.9864115973731691
        ],
        [
          -0.2302920251812729,
          0.9596229297201204,
          0.16152218390450612
        ]
      ],
      "tx": 0.0027726443207288093,
      "ty": 0.0018732153241573929,
      "tz": 0.0
    },
    {
      "R": [
        [
          -0.13064296747252624,
          -0.27200779189719043,
          0.9533856387617694
        ],
        [
          -0.73065801763574,
          -0.6235684396670695,
          -0.27803104559704617
        ],
        [
          0.6701278059553886,
          -0.7329216617063455,
          -0.1172798426287569
        ]
      ],
      "tx": 0.09447283648115781,
      "ty": -0.05918042569741998,
      "tz": 0.0
    },
    {
      "R": [
        [
          0.8514089582955239,
          -0.3514677413546685,
          0.3893240456498657
        ],
        [
          0.04143987867736873,
          -0.6948765745261285,
          -0.717934037798765
        ],
        [
          0.522862813928602,
          0.6273890124650586,
          -0.5770593599005067
        ]
      ],
      "tx": 0.023850215377876544,
      "ty": 0.0657064725799239,
      "tz": 0.0
    },
    {
      "R": [
        [
          -0.8272754655095431,
          0.04110847740944901,
          0.5602904579332453
        ],
        [
          0.5382877096135279,
          0.34348630152686566,
          0.7695865788476417
        ],
        [
          -0.16081556468511088,
          0.9382575625852807,
          -0.3062859781422209
        ]
      ],
      "tx": -0.07614172817088373,
      "ty": 0.09532821532359453,
      "tz": 0.0
    },
    {
      "R": [
        [
          -0.238439215385301,
          -0.8449691646717706,
          -0.47872105794536746
        ],
        [
          0.433487835958119,
          -0.5337084941682693,
          0.7261153760450092
        ],
        [
          -0.869042597714743,
          -0.03438537489294369,
          0.4935408892388583
        ]
      ],
      "tx": -0.08575535474628901,
      "ty": -0.07938086033581254,
      "tz": 0.0
    }
  ],
  "points_N": 7080
}