{
  "type": "scene",
  "distance_m": 0.6,
  "num_objects": 10,
  "intrinsics": {
    "width": 640,
    "height": 480,
    "fx": 554.2562584220408,
    "fy": 554.2562584220408,
    "cx": 0.08938177558035154,
    "cy": 0.015277244424012112
  },
  "T_wc": [
    [
      0.999999999999,
      0.0,
      0.0,
      0.0
    ],
    [
      -0.0,
      0.9999999999973334,
      0.0,
      0.0
    ],
    [
      0.0,
      0.0,
      -0.9999999999983333,
      0.6150141660124063
    ],
    [
      0.0,
      0.0,
      0.0,
      1.0
    ]
  ],
  "bin_size": {
    "w": 0.25,
    "d": 0.25
  },
  "z_floor": 0.0,
  "piece_aabb": {
    "w": 0.0300283320248127,
    "d": 0.0300283320248127,
    "h": 0.0300283320248127
  },
  "poses": [
    {
      "R": [
        [
          -0.2568111879143222,
          -0.7569289090363013,
          -0.6009214927319121
        ],
        [
          0.8329091602025963,
          0.14204097857563713,
          -0.5348707238724898
        ],
        [
          0.4902145903710338,
          -0.637873801837315,
          0.593975309517971
        ]
      ],
      "tx": 0.04286216871483442,
      "ty": -0.02102787531384709,
      "tz": 0.0
    },
    {
      "R": [
        [
          0.32724473405471954,
          0.9386240246890608,
          -0.1090679802231867
        ],
        [
          0.5119008819656606,
          -0.27311238867013365,
          -0.8144735171862083
        ],
        [
          -0.7942722273101552,
          0.21070017425575033,
          -0.5698570570698953
        ]
      ],
      "tx": -0.04569635263983029,
      "ty": 0.03704587626570796,
      "tz": 0.0
    },
    {
      "R": [
        [
          -0.7724671245651067,
          0.4421361024423422,
          0.45586204972909333
        ],
        [
          -0.6345229564816199,
          -0.5079839179743548,
          -0.5825229238212415
        ],
        [
          -0.025983825044436082,
          -0.7392347434993287,
          0.6729463833319425
        ]
      ],
      "tx": -0.015276552495808546,
      "ty": -0.05676915657085284,
      "tz": 0.0
    },
    {
      "R": [
        [
          0.4401923767276814,
          0.07029611373215733,
          -0.895147545304678
        ],
        [
          -0.651947131834451,
          -0.6604805514738279,
          -0.3724652714249497
        ],
        [
          -0.6174104054546441,
          0.7475452478071036,
          -0.2449091540088859
        ]
      ],
      "tx": 0.051310000178066695,
      "ty": 0.06687396473326204,
      "tz": 0.0
    },
    {
      "R": [
        [
          -0.7382013950334521,
          0.5049303970013883,
          -0.44732984983643354
        ],
        [
          0.17375618104643645,
          0.7830722765910174,
          0.5971654705211271
        ],
        [
          0.6518186020042875,
          0.3631020570288491,
          -0.6657998244687324
        ]
      ],
      "tx": 0.08044943508641256,
      "ty": -0.09522211615015608,
      "tz": 0.0
    },
    {
      "R": [
        [
          -0.6764494649423589,
          -0.45625340097622985,
          0.5781426774394187
        ],
        [
          0.4828627825187208,
          -0.8674865619349026,
          -0.11962691219220042
        ],
        [
          0.5561111890957371,
          0.19824202117610043,
          0.8071186073945638
        ]
      ],
      "tx": -0.08024955982409798,
      "ty": -0.009472501706024775,
      "tz": 0.0
    },
    {
      "R": [
        [
          -0.9021208194560333,
          0.4308618583941707,
          0.02315353288587073
        ],
        [
          -0.41220711108425967,
          -0.8447175058175942,
          -0.34137608723645535
        ],
        [
          -0.12752774080781132,
          -0.31750652646272454,
          0.9396415704820806
        ]
      ],
      "tx": -0.09731075830256282,
      "ty": 0.09242458130067768,
      "tz": 0.0
    },
    {
      "R": [
        [
          -0.44006933361180445,
          0.5839927659440869,
          0.682122738910995
        ],
        [
          0.032007395112673975,
          0.7693514986309008,
          -0.6380233524037253
        ],
        [
          -0.897393173738559,
          -0.25894153950141324,
          -0.3572600885182593
        ]
      ],
      "tx": -0.07357370600750841,
      "ty": -0.08599398638538565,
      "tz": 0.0
    },
    {
      "R": [
        [
          -0.817875021529304,
          0.5627111920407178,
          -0.12015225137530527
        ],
        [
          0.4795703948060407,
          0.5512525742735793,
          -0.682739215061161
        ],
        [
          -0.3179507596846067,
          -0.616016812845937,
          -0.7207153395808328
        ]
      ],
      "tx": -0.0022605446917284555,
      "ty": 0.08978935458176712,
      "tz": 0.0
    },
    {
      "R": [
        [
          -0.7490916145411437,
          0.48399464158143873,
          0.45233940790583127
        ],
        [
          0.6134632712590319,
          0.7645279274485467,
          0.19788851145884445
        ],
        [
          -0.2500491308529401,
          0.42573023744113414,
          -0.8696143956306184
        ]
      ],
      "tx": 0.08938177558035154,
      "ty": 0.015277244424012112,
      "tz": 0.0
    }
  ],
  "points_N": 11848
}