{
  "type": "scene",
  "distance_m": 0.6,
  "num_objects": 8,
  "intrinsics": {
    "width": 640,
    "height": 480,
    "fx": 554.2562584220408,
    "fy": 554.2562584220408,
    "cx": 0.09765867099325626,
    "cy": 0.09376972685297996
  },
  "T_wc": [
    [
      0.999999999999,
      0.0,
      0.0,
      0.0
    ],
    [
      -0.0,
      0.9999999999973334,
      0.0,
      0.0
    ],
    [
      0.0,
      0.0,
      -0.9999999999983333,
      0.6150141660124063
    ],
    [
      0.0,
      0.0,
      0.0,
      1.0
    ]
  ],
  "bin_size": {
    "w": 0.25,
    "d": 0.25
  },
  "z_floor": 0.0,
  "piece_aabb": {
    "w": 0.0300283320248127,
    "d": 0.0300283320248127,
    "h": 0.0300283320248127
  },
  "poses": [
    {
      "R": [
        [
          0.5488941313139428,
          0.8239921403102887,
          0.14054246801583398
        ],
        [
          0.3553403815932564,
          -0.38220121974554844,
          0.8530272216255316
        ],
        [
          0.7566032287918623,
          -0.41828122158648784,
          -0.502585688067064
        ]
      ],
      "tx": -0.07867571466917428,
      "ty": 0.05321998656382501,
      "tz": 0.0
    },
    {
      "R": [
        [
          0.20710457802627247,
          -0.33985227641439847,
          0.9173920230613033
        ],
        [
          -0.09951477630466526,
          -0.940177290101345,
          -0.32582736606172935
        ],
        [
          0.9732443182765529,
          -0.023813722801003634,
          -0.2285353442003335
        ]
      ],
      "tx": 0.04344155288687376,
      "ty": -0.08296521014406052,
      "tz": 0.0
    },
    {
      "R": [
        [
          -0.4926697245002618,
          0.7440769161163224,
          -0.4512494714275682
        ],
        [
          0.8628762637020132,
          0.48491166615386316,
          -0.14249641949023964
        ],
        [
          0.11278783666907685,
          -0.45957612963545846,
          -0.8809476062563553
        ]
      ],
      "tx": 0.07893586770338623,
      "ty": -0.001641900884974734,
      "tz": 0.0
    },
    {
      "R": [
        [
          0.2079782600451353,
          -0.9723398690751602,
          -0.10630250399448903
        ],
        [
          0.92676104444305,
          0.16113045582839103,
          0.3393389790568746
        ],
        [
          -0.31282424754392857,
          -0.16909215005858558,
          0.9346383444611823
        ]
      ],
      "tx": -0.03330216202555582,
      "ty": 0.009905887698372876,
      "tz": 0.0
    },
    {
      "R": [
        [
          -0.3736740298761967,
          0.9275585193547373,
          0.0017066248944717088
        ],
        [
          0.701279289243989,
          0.2837190091975924,
          -0.6539960873716157
        ],
        [
          -0.6071038443903388,
          -0.2431845327984158,
          -0.7564960047046432
        ]
      ],
      "tx": 0.025128912999102818,
      "ty": 0.050549744571426414,
      "tz": 0.0
    },
    {
      "R": [
        [
          -0.830338622674323,
          0.51673491078409,
          0.20862119660347828
        ],
        [
          0.44783069934288683,
          0.8415584995093437,
          -0.3020380052735796
        ],
        [
          -0.3316405228879146,
          -0.15736684492147843,
          -0.9301882818537814
        ]
      ],
      "tx": 0.024004658429453346,
      "ty": -0.019796439829116178,
      "tz": 0.0
    },
    {
      "R": [
        [
          0.763062360449809,
          -0.45724156303323416,
          0.45679972318258966
        ],
        [
          -0.6342955451998208,
          -0.6655035748912861,
          0.39341346335195526
        ],
        [
          0.12411686188599735,
          -0.5899450354413054,
          -0.7978470152565147
        ]
      ],
      "tx": -0.09382087442507141,
      "ty": -0.04313508833457073,
      "tz": 0.0
    },
    {
      "R": [
        [
          -0.5411272745881495,
          -0.501446046526189,
          -0.6750800953368841
        ],
        [
          0.11708047720604103,
          -0.8398732552407255,
          0.5300047895902005
        ],
        [
          -0.8327505235987589,
          0.20776134759526882,
          0.51318786802826
        ]
      ],
      "tx": 0.09765867099325626,
      "ty": 0.09376972685297996,
      "tz": 0.0
    }
  ],
  "points_N": 9484
}