{
  "type": "scene",
  "distance_m": 0.6,
  "num_objects": 12,
  "intrinsics": {
    "width": 640,
    "height": 480,
    "fx": 554.2562584220408,
    "fy": 554.2562584220408,
    "cx": -0.09855608859617287,
    "cy": 0.019652552444426943
  },
  "T_wc": [
    [
      0.999999999999,
      0.0,
      0.0,
      0.0
    ],
    [
      -0.0,
      0.9999999999973334,
      0.0,
      0.0
    ],
    [
      0.0,
      0.0,
      -0.9999999999983333,
      0.6150141660124063
    ],
    [
      0.0,
      0.0,
      0.0,
      1.0
    ]
  ],
  "bin_size": {
    "w": 0.25,
    "d": 0.25
  },
  "z_floor": 0.0,
  "piece_aabb": {
    "w": 0.0300283320248127,
    "d": 0.0300283320248127,
    "h": 0.0300283320248127
  },
  "poses": [
    {
      "R": [
        [
          -0.21138442747061736,
          -0.37402230269303316,
          0.9030082728918493
        ],
        [
          -0.91292327687358,
          -0.25445392298204395,
          -0.31909918774803087
        ],
        [
          0.34912421051156606,
          -0.8918298706408354,
          -0.28766606937111394
        ]
      ],
      "tx": -0.04458400411305577,
      "ty": -0.0011679515794778411,
      "tz": 0.0
    },
    {
      "R": [
        [
          -0.042075196920346336,
          0.9139688240080022,
          -0.4035971587431502
        ],
        [
          -0.2466128958253478,
          -0.40095630083204004,
          -0.8822789379984783
        ],
        [
          -0.9682002672054735,
          0.0624102040095707,
          0.2422668136966628
        ]
      ],
      "tx": -0.022677102939322666,
      "ty": -0.07384393399339062,
      "tz": 0.0
    },
    {
      "R": [
        [
          -0.4038629181702158,
          0.7261611725126936,
          -0.5564033562641648
        ],
        [
          -0.8354322390565189,
          -0.04493235941705165,
          0.5477536462883912
        ],
        [
          0.37275691445236603,
          0.6860546877707392,
          0.6248049680626306
        ]
      ],
      "tx": 0.022622660803192654,
      "ty": 0.013650744479979604,
      "tz": 0.0
    },
    {
      "R": [
        [
          -0.7166157466445684,
          -0.08165620845808674,
          -0.692671737030823
        ],
        [
          0.4113252069300749,
          0.7525610751727528,
          -0.5142600531625623
        ],
        [
          0.5632703132644034,
          -0.6534401975353825,
          -0.5057098599394136
        ]
      ],
      "tx": 0.03135724773534679,
      "ty": 0.07147189033772583,
      "tz": 0.0
    },
    {
      "R": [
        [
          -0.22232007834771794,
          0.8417706965647763,
          -0.49193076460851237
        ],
        [
          -0.03154399511725925,
          0.4980836532437155,
          0.8665550477283231
        ],
        [
          0.9744633185171757,
          0.20817004774041192,
          -0.08418118607056924
        ]
      ],
      "tx": -0.027088419126845217,
      "ty": 0.08940213896970797,
      "tz": 0.0
    },
    {
      "R": [
        [
          -0.9512711118610708,
          0.2002888735602971,
          0.23445178367107772
        ],
        [
          -0.1405639158619267,
          -0.9583995008289785,
          0.2484193679412427
        ],
        [
          0.27445410781433693,
          0.20335870755567031,
          0.9398511471318869
        ]
      ],
      "tx": 0.0529715831867309,
      "ty": -0.09411115899381244,
      "tz": 0.0
    },
    {
      "R": [
        [
          0.31558533109666775,
          0.8078964541554368,
          -0.49770394629707226
        ],
        [
          0.8430107227525694,
          -0.4794828668779547,
          -0.24378084767817265
        ],
        [
          -0.4355901974571941,
          -0.3426361039551583,
          -0.8323831330256715
        ]
      ],
      "tx": 0.07012975878574387,
      "ty": -0.025690679840438838,
      "tz": 0.0
    },
    {
      "R": [
        [
          -0.7620747414315994,
          -0.06737685823974765,
          0.6439739493533121
        ],
        [
          -0.6468634315176749,
          0.12293474170546559,
          -0.7526318822950493
        ],
        [
          -0.02845679948869001,
          -0.9901249457798502,
          -0.13726908722399633
        ]
      ],
      "tx": -0.09573172682730233,
      "ty": -0.07798875819716763,
      "tz": 0.0
    },
    {
      "R": [
        [
          0.2547519706332413,
          -0.3215134943254226,
          -0.9119926021767591
        ],
        [
          0.8928470964611812,
          -0.28400024834435644,
          0.34952527988856813
        ],
        [
          -0.37138321959846043,
          -0.9033122006853445,
          0.21471276695548736
        ]
      ],
      "tx": -0.0918642193701608,
      "ty": 0.07698428082658904,
      "tz": 0.0
    },
    {
      "R": [
        [
          -0.6668623404523135,
          0.7410261961496001,
          -0.078579867055864
        ],
        [
          0.4467055313843326,
          0.48193122555221646,
          0.7537880750372612
        ],
        [
          0.5964468015817539,
          0.467570818655092,
          -0.6524022857295209
        ]
      ],
      "tx": 0.0930436864203723,
      "ty": 0.03854894222538155,
      "tz": 0.0
    },
    {
      "R": [
        [
          0.043694213103412816,
          -0.9042361350211449,
          0.42479151105371143
        ],
        [
          -0.6097757306147112,
          0.31267147134799045,
          0.7282925987255245
        ],
        [
          -0.7913686714133739,
          -0.2908497260220554,
          -0.5377193159803046
        ]
      ],
      "tx": 0.08683439646582405,
      "ty": 0.09891129462771803,
      "tz": 0.0
    },
    {
      "R": [
        [
          -0.5021953847963658,
          0.5148181702493584,
          0.6948107994773343
        ],
        [
          0.43157006277590637,
          0.8454727336278257,
          -0.31452048837475094
        ],
        [
          -0.7493644483192607,
          0.14190880266211187,
          -0.6467726148517541
        ]
      ],
      "tx": -0.09855608859617287,
      "ty": 0.019652552444426943,
      "tz": 0.0
    }
  ],
  "points_N": 13831
}