{
  "type": "scene",
  "distance_m": 0.6,
  "num_objects": 13,
  "intrinsics": {
    "width": 640,
    "height": 480,
    "fx": 554.2562584220408,
    "fy": 554.2562584220408,
    "cx": 0.09765379046851846,
    "cy": 0.09488213660453301
  },
  "T_wc": [
    [
      0.999999999999,
      0.0,
      0.0,
      0.0
    ],
    [
      -0.0,
      0.9999999999973334,
      0.0,
      0.0
    ],
    [
      0.0,
      0.0,
      -0.9999999999983333,
      0.6150141660124063
    ],
    [
      0.0,
      0.0,
      0.0,
      1.0
    ]
  ],
  "bin_size": {
    "w": 0.25,
    "d": 0.25
  },
  "z_floor": 0.0,
  "piece_aabb": {
    "w": 0.0300283320248127,
    "d": 0.0300283320248127,
    "h": 0.0300283320248127
  },
  "poses": [
    {
      "R": [
        [
          0.8686762268169035,
          0.1007654594591409,
          -0.4850236439011358
        ],
        [
          0.1609819205470714,
          -0.9833746537432386,
          0.08401851957956066
        ],
        [
          -0.4684937931500522,
          -0.15106492827705859,
          -0.8704556009495961
        ]
      ],
      "tx": 0.0042246521960706135,
      "ty": 0.026152221229055667,
      "tz": 0.0
    },
    {
      "R": [
        [
          -0.7960736313106125,
          0.3220350231495564,
          0.5124063010902578
        ],
        [
          0.5532217193573832,
          0.04393092617401595,
          0.8318748721753495
        ],
        [
          0.2453823603342262,
          0.9457079451873913,
          -0.21312902112627952
        ]
      ],
      "tx": 0.05514772586101957,
      "ty": -0.08107422865534239,
      "tz": 0.0
    },
    {
      "R": [
        [
          -0.5198010938205848,
          -0.5379702813575422,
          -0.6636224824695213
        ],
        [
          0.276380271431688,
          -0.8409374075429885,
          0.4652292146439474
        ],
        [
          -0.8083444614929144,
          0.058414492816118685,
          0.5858045566592716
        ]
      ],
      "tx": -0.08789323380328157,
      "ty": 0.08736336792676153,
      "tz": 0.0
    },
    {
      "R": [
        [
          0.27718293571594543,
          0.389923496033519,
          0.878139674191349
        ],
        [
          0.9293085229499072,
          0.12333702393132517,
          -0.3481000541517135
        ],
        [
          -0.24403952409507806,
          0.9125500784991266,
          -0.32817230978662115
        ]
      ],
      "tx": 0.06795623725917596,
      "ty": 0.044012270043688045,
      "tz": 0.0
    },
    {
      "R": [
        [
          0.8594897789539045,
          -0.49346302217550864,
          0.13331003570317462
        ],
        [
          0.5079767105741945,
          0.8536177207308606,
          -0.11531022664304975
        ],
        [
          -0.056894475900471364,
          0.16682635463158654,
          0.9843434288968189
        ]
      ],
      "tx": 0.0651212124129151,
      "ty": -0.0229195184134319,
      "tz": 0.0
    },
    {
      "R": [
        [
          -0.47953602896529235,
          0.28826265935566653,
          0.8288243699031766
        ],
        [
          -0.7128226857701361,
          -0.6788162267261291,
          -0.17633022708756174
        ],
        [
          0.5117900112112864,
          -0.6753615102702405,
          0.5309970008105991
        ]
      ],
      "tx": -0.041435464487028305,
      "ty": -0.032676927654703425,
      "tz": 0.0
    },
    {
      "R": [
        [
          0.6832669873328783,
          0.6860481612153562,
          -0.24996828701673549
        ],
        [
          0.7168186124332718,
          -0.6954075335765808,
          0.05078817888225344
        ],
        [
          -0.1389866932130243,
          -0.21388380662865875,
          -0.9669211014202468
        ]
      ],
      "tx": -0.02374070433356358,
      "ty": 0.08946819871116626,
      "tz": 0.0
    },
    {
      "R": [
        [
          -0.7918732861463758,
          -0.464662036213067,
          -0.39626492500607025
        ],
        [
          0.1920486538309908,
          0.4264811414167775,
          -0.8838728135753169
        ],
        [
          0.5797016588293019,
          -0.7760174148291834,
          -0.24848130439207416
        ]
      ],
      "tx": -0.026267045711619044,
      "ty": -0.09398422351704329,
      "tz": 0.0
    },
    {
      "R": [
        [
          -0.09670366479236203,
          0.9722502397065302,
          -0.21302082669617212
        ],
        [
          -0.9224567282365628,
          -0.16792582107803988,
          -0.3476701067770453
        ],
        [
          -0.37379404188245485,
          0.16288152137630668,
          0.913097817458413
        ]
      ],
      "tx": -0.08471513567752584,
      "ty": -0.07460690086100691,
      "tz": 0.0
    },
    {
      "R": [
        [
          -0.8011443995205754,
          -0.38335707885030357,
          0.45957045293641174
        ],
        [
          0.20588121889323896,
          0.5444978599309276,
          0.8131020872176348
        ],
        [
          -0.5619435690742005,
          0.746029108430765,
          -0.3572953883695493
        ]
      ],
      "tx": -0.06600512130701128,
      "ty": 0.03203729371254194,
      "tz": 0.0
    },
    {
      "R": [
        [
          0.7573913699000487,
          0.1386970520691693,
          -0.6380606871985217
        ],
        [
          -0.6347033849265086,
          -0.07308223060196917,
          -0.7692922726331475
        ],
        [
          -0.15332946867370256,
          0.9876346061765773,
          0.03267963767665316
        ]
      ],
      "tx": 0.03583305590716157,
      "ty": 0.09599769150731216,
      "tz": 0.0
    },
    {
      "R": [
        [
          -0.24751922595258868,
          0.2868646027153612,
          -0.9254420200600304
        ],
        [
          -0.468374831874909,
          0.8007137180137252,
          0.37347363849512527
        ],
        [
          0.8481504876199639,
          0.5258956564696031,
          -0.06383187962470682
        ]
      ],
      "tx": -0.09774237102558965,
      "ty": -0.016108677516039588,
      "tz": 0.0
    },
    {
      "R": [
        [
          -0.5484466479294972,
          0.8041172268968152,
          0.2293507353000504
        ],
        [
          -0.30290727783946714,
          0.06459836922836426,
          -0.9508281820207685
        ],
        [
          -0.7793930044635902,
          -0.5909505360864069,
          0.20814420119812715
        ]
      ],
      "tx": 0.09765379046851846,
      "ty": 0.09488213660453301,
      "tz": 0.0
    }
  ],
  "points_N": 15227
}