{
  "type": "scene",
  "distance_m": 0.6,
  "num_objects": 10,
  "intrinsics": {
    "width": 640,
    "height": 480,
    "fx": 554.2562584220408,
    "fy": 554.2562584220408,
    "cx": 0.09253057753088975,
    "cy": 0.08651782597574018
  },
  "T_wc": [
    [
      0.999999999999,
      0.0,
      0.0,
      0.0
    ],
    [
      -0.0,
      0.9999999999973334,
      0.0,
      0.0
    ],
    [
      0.0,
      0.0,
      -0.9999999999983333,
      0.6150141660124063
    ],
    [
      0.0,
      0.0,
      0.0,
      1.0
    ]
  ],
  "bin_size": {
    "w": 0.25,
    "d": 0.25
  },
  "z_floor": 0.0,
  "piece_aabb": {
    "w": 0.0300283320248127,
    "d": 0.0300283320248127,
    "h": 0.0300283320248127
  },
  "poses": [
    {
      "R": [
        [
          0.7451802557265298,
          0.5977712662123199,
          0.2955941470433124
        ],
        [
          0.36337585504955106,
          0.007692254231637663,
          -0.9316108721949542
        ],
        [
          -0.5591639960175827,
          0.8016298039093578,
          -0.2114835290085093
        ]
      ],
      "tx": 0.02682435404228689,
      "ty": 0.08933811151269738,
      "tz": 0.0
    },
    {
      "R": [
        [
          0.8278786884258272,
          0.560304818882397,
          0.025988212472123746
        ],
        [
          -0.5570415693877221,
          0.8158600279642589,
          0.15516798878706353
        ],
        [
          0.06573862809943348,
          -0.14293678570376103,
          0.9875462055358633
        ]
      ],
      "tx": 0.0016629551617288602,
      "ty": 0.010951607639412206,
      "tz": 0.0
    },
    {
      "R": [
        [
          -0.6326869529466235,
          0.4494884350090671,
          0.630608726837979
        ],
        [
          -0.7594690391543666,
          -0.5193193056768388,
          -0.3918089296037919
        ],
        [
          0.15137370358506835,
          -0.7268202016622995,
          0.6699390989623715
        ]
      ],
      "tx": 0.09244996763644234,
      "ty": 0.01940430606593342,
      "tz": 0.0
    },
    {
      "R": [
        [
          0.5137174301465193,
          0.4462113412535709,
          0.7327959067164234
        ],
        [
          -0.4705194078264167,
          -0.5676911433919243,
          0.6755281286319965
        ],
        [
          0.7174300584881665,
          -0.6918252703183503,
          -0.08168173924817701
        ]
      ],
      "tx": -0.07723516868114223,
      "ty": -0.011329477916451988,
      "tz": 0.0
    },
    {
      "R": [
        [
          -0.9153712953552244,
          0.2896649395887767,
          0.2796240590734799
        ],
        [
          0.29223556478465496,
          0.955762040977645,
          -0.033425973452392316
        ],
        [
          -0.276936393987306,
          0.05111891821309042,
          -0.9595275347200993
        ]
      ],
      "tx": -0.07496624892625287,
      "ty": 0.0640912770014056,
      "tz": 0.0
    },
    {
      "R": [
        [
          -0.21740752446359668,
          0.31890407578653723,
          0.922515126571562
        ],
        [
          -0.6232868522139091,
          0.6819809399882408,
          -0.3826427803448432
        ],
        [
          -0.7511640753949081,
          -0.658180968989145,
          0.050500929660976523
        ]
      ],
      "tx": 0.09342268308175161,
      "ty": -0.04151411845996948,
      "tz": 0.0
    },
    {
      "R": [
        [
          0.15770763571213053,
          -0.7037475320384794,
          0.6927248463768565
        ],
        [
          -0.9678753338076911,
          0.02894871974766744,
          0.2497585030216626
        ],
        [
          -0.19582042754712975,
          -0.709860114934429,
          -0.6765744433397844
        ]
      ],
      "tx": -0.09266055463685831,
      "ty": -0.08098866516096595,
      "tz": 0.0
    },
    {
      "R": [
        [
          0.8685603161364681,
          -0.4732811247175421,
          -0.14699644287878877
        ],
        [
          -0.2587686852398588,
          -0.1801415825681365,
          -0.9489930335724714
        ],
        [
          0.42266031842621976,
          0.8622957655096919,
          -0.2789341642967045
        ]
      ],
      "tx": -0.018778190195762948,
      "ty": -0.07516408872008964,
      "tz": 0.0
    },
    {
      "R": [
        [
          -0.31980121978590637,
          -0.041885082396472983,
          0.9465584079686193
        ],
        [
          -0.7814583403174187,
          -0.5532533022710302,
          -0.28850241918317704
        ],
        [
          0.5357705126001167,
          -0.8319593880706202,
          0.14419963394324997
        ]
      ],
      "tx": 0.04029137565375618,
      "ty": -0.07061166525369901,
      "tz": 0.0
    },
    {
      "R": [
        [
          0.8711177686963133,
          0.47604215307193515,
          -0.12057239136797726
        ],
        [
          0.2842809741857944,
          -0.6890540508993617,
          -0.666624964020367
        ],
        [
          -0.40042247786248475,
          0.5464324143366828,
          -0.7355769543594006
        ]
      ],
      "tx": 0.09253057753088975,
      "ty": 0.08651782597574018,
      "tz": 0.0
    }
  ],
  "points_N": 11639
}