{
  "type": "scene",
  "distance_m": 0.6,
  "num_objects": 13,
  "intrinsics": {
    "width": 640,
    "height": 480,
    "fx": 554.2562584220408,
    "fy": 554.2562584220408,
    "cx": -0.08397477627972734,
    "cy": 0.02418934638264178
  },
  "T_wc": [
    [
      0.999999999999,
      0.0,
      0.0,
      0.0
    ],
    [
      -0.0,
      0.9999999999973334,
      0.0,
      0.0
    ],
    [
      0.0,
      0.0,
      -0.9999999999983333,
      0.6150141660124063
    ],
    [
      0.0,
      0.0,
      0.0,
      1.0
    ]
  ],
  "bin_size": {
    "w": 0.25,
    "d": 0.25
  },
  "z_floor": 0.0,
  "piece_aabb": {
    "w": 0.0300283320248127,
    "d": 0.0300283320248127,
    "h": 0.0300283320248127
  },
  "poses": [
    {
      "R": [
        [
          0.11946874709195732,
          0.9917826166849316,
          -0.045765267505698135
        ],
        [
          -0.9926726659137669,
          0.11848079012474377,
          -0.023733535747368556
        ],
        [
          -0.018116203132365175,
          0.04826534588093835,
          0.9986702456622307
        ]
      ],
      "tx": 0.09112363748787322,
      "ty": -0.09717200809039618,
      "tz": 0.0
    },
    {
      "R": [
        [
          0.7120095870809063,
          -0.6462880808438994,
          0.274506947933903
        ],
        [
          0.05724703818676702,
          0.44306902232958945,
          0.8946578217792234
        ],
        [
          -0.6998322116934317,
          -0.621290236532823,
          0.3524674700809549
        ]
      ],
      "tx": -0.09857055860292054,
      "ty": 0.08549560819933064,
      "tz": 0.0
    },
    {
      "R": [
        [
          -0.3783809426699096,
          -0.9173421446583081,
          -0.12373864334930429
        ],
        [
          0.6001757050660554,
          -0.34490450422903507,
          0.7216855312468076
        ],
        [
          -0.7047105684411821,
          0.19880712410831558,
          0.6810717598983875
        ]
      ],
      "tx": -0.02479195726291593,
      "ty": -0.012285219912499395,
      "tz": 0.0
    },
    {
      "R": [
        [
          0.6098075848773341,
          -0.7508085276995345,
          -0.25381344361505
        ],
        [
          -0.4084444721148842,
          -0.023269839831403738,
          -0.9124865082580751
        ],
        [
          0.6791964536309553,
          0.6601098918270183,
          -0.32085371758366055
        ]
      ],
      "tx": -0.05628391726193331,
      "ty": -0.09133479163665058,
      "tz": 0.0
    },
    {
      "R": [
        [
          0.15016182756006557,
          0.20728409241753448,
          -0.9666875040955378
        ],
        [
          -0.9851105159970577,
          -0.05142598262888809,
          -0.16405072259110687
        ],
        [
          -0.08371795993591857,
          0.9769281822842929,
          0.19647551970379296
        ]
      ],
      "tx": 0.023457695116612096,
      "ty": 0.029631096100517035,
      "tz": 0.0
    },
    {
      "R": [
        [
          0.014852922416347725,
          0.9998257434615875,
          -0.01130811244982416
        ],
        [
          -0.4801969645893588,
          -0.0027871390584857103,
          -0.8771562614808349
        ],
        [
          -0.8770349285489489,
          0.018458455172429167,
          0.48007188996835404
        ]
      ],
      "tx": 0.06140531417172773,
      "ty": -0.046240657341762234,
      "tz": 0.0
    },
    {
      "R": [
        [
          0.7133257986052407,
          0.5566124411954756,
          0.42585079000820103
        ],
        [
          0.2837435989689454,
          -0.7849781752104956,
          0.5507257343608988
        ],
        [
          0.6408243714843763,
          -0.27201443849475027,
          -0.7178804010154061
        ]
      ],
      "tx": 0.0813988730973372,
      "ty": 0.09739791619299548,
      "tz": 0.0
    },
    {
      "R": [
        [
          -0.9312798143404755,
          -0.21238724664096031,
          0.29598912964202123
        ],
        [
          0.35235941637352475,
          -0.3187788825226898,
          0.8798993497841068
        ],
        [
          -0.09252431623567058,
          0.9237270600788183,
          0.37170898480298364
        ]
      ],
      "tx": -0.08123724274150979,
      "ty": -0.035809142323021764,
      "tz": 0.0
    },
    {
      "R": [
        [
          -0.6589000495502997,
          0.7254968522542545,
          0.1987587534469386
        ],
        [
          0.7141978715391503,
          0.5204002075559385,
          0.46808655638106444
        ],
        [
          0.23616122668964945,
          0.4503753338548908,
          -0.8610400302329362
        ]
      ],
      "tx": 0.09362116407410823,
      "ty": 0.0207346505449382,
      "tz": 0.0
    },
    {
      "R": [
        [
          0.4801730192964204,
          -0.8677163192830659,
          -0.12846112559684278
        ],
        [
          -0.7256576418001133,
          -0.31067269893431404,
          -0.6139246379108495
        ],
        [
          0.4928030625278803,
          0.38800884446970735,
          -0.7788416258626811
        ]
      ],
      "tx": 0.01779429055086594,
      "ty": -0.09019955912071816,
      "tz": 0.0
    },
    {
      "R": [
        [
          0.052145530286386244,
          -0.7080666901465016,
          0.7042175842565492
        ],
        [
          0.48999758981539293,
          0.6325959771035911,
          0.5997705325601276
        ],
        [
          -0.8701627466435562,
          0.3137895665208311,
          0.3799380242834497
        ]
      ],
      "tx": -0.039093434553972545,
      "ty": 0.062358309916231563,
      "tz": 0.0
    },
    {
      "R": [
        [
          0.20303221818783057,
          0.9771380318410525,
          -0.06308078239466525
        ],
        [
          -0.7796050437946738,
          0.20029485079590548,
          0.593378419252462
        ],
        [
          0.5924473766231342,
          -0.07129684056422053,
          0.8024480459555785
        ]
      ],
      "tx": 0.016804249181281733,
      "ty": 0.09052390913004238,
      "tz": 0.0
    },
    {
      "R": [
        [
          0.791851604304193,
          -0.2053505845932882,
          -0.5751540438596173
        ],
        [
          -0.0691488569402706,
          0.9055701181397149,
          -0.41852263584694765
        ],
        [
          0.606786183383183,
          0.3711790653304919,
          0.7028773926622286
        ]
      ],
      "tx": -0.08397477627972734,
      "ty": 0.02418934638264178,
      "tz": 0.0
    }
  ],
  "points_N": 15149
}