{
  "type": "scene",
  "distance_m": 0.6,
  "num_objects": 12,
  "intrinsics": {
    "width": 640,
    "height": 480,
    "fx": 554.2562584220408,
    "fy": 554.2562584220408,
    "cx": 0.0014961819929031478,
    "cy": -0.02048106250113596
  },
  "T_wc": [
    [
      0.999999999999,
      0.0,
      0.0,
      0.0
    ],
    [
      -0.0,
      0.9999999999973334,
      0.0,
      0.0
    ],
    [
      0.0,
      0.0,
      -0.9999999999983333,
      0.6150141660124063
    ],
    [
      0.0,
      0.0,
      0.0,
      1.0
    ]
  ],
  "bin_size": {
    "w": 0.25,
    "d": 0.25
  },
  "z_floor": 0.0,
  "piece_aabb": {
    "w": 0.0300283320248127,
    "d": 0.0300283320248127,
    "h": 0.0300283320248127
  },
  "poses": [
    {
      "R": [
        [
          0.5385336101237751,
          0.8303953478749813,
          0.14291646859142138
        ],
        [
          -0.7931753888078061,
          0.5568354001775877,
          -0.24659103734452986
        ],
        [
          -0.28434899921863516,
          0.019439736023277074,
          0.958523731217285
        ]
      ],
      "tx": 0.034609853483482084,
      "ty": 0.06114687405135644,
      "tz": 0.0
    },
    {
      "R": [
        [
          -0.2646054650551024,
          0.9257662077694233,
          0.27007568645695146
        ],
        [
          0.11363052542602675,
          -0.2481760062622973,
          0.9620274287186936
        ],
        [
          0.9576387897085089,
          0.2852465573287728,
          -0.03952657305794638
        ]
      ],
      "tx": 0.038592510877365566,
      "ty": -0.07037185756024243,
      "tz": 0.0
    },
    {
      "R": [
        [
          -0.2587617332168608,
          -0.1635240459217221,
          0.9519990818419923
        ],
        [
          -0.81768286639374,
          0.5617644050408673,
          -0.12575962482131298
        ],
        [
          -0.5142344751460399,
          -0.8109751165322342,
          -0.2790739417014887
        ]
      ],
      "tx": 0.06261645001633437,
      "ty": -0.011242836807888179,
      "tz": 0.0
    },
    {
      "R": [
        [
          -0.5759078248512202,
          -0.18973018651349755,
          0.7951934567139556
        ],
        [
          -0.8170646441171114,
          0.1658531512941881,
          -0.5521757868102922
        ],
        [
          -0.02712092566477403,
          -0.9677268150316704,
          -0.2505379549284803
        ]
      ],
      "tx": -0.09262486154149197,
      "ty": 0.05794129513439683,
      "tz": 0.0
    },
    {
      "R": [
        [
          -0.12034230582606553,
          0.95685341765877,
          -0.26447923650675687
        ],
        [
          0.7852219258595763,
          0.2547544413767623,
          0.5643816986297409
        ],
        [
          0.607407817349961,
          -0.1397559004605713,
          -0.7820000202740478
        ]
      ],
      "tx": -0.04091362522615924,
      "ty": 0.030949343801500967,
      "tz": 0.0
    },
    {
      "R": [
        [
          -0.08980446464181924,
          0.8029122929212189,
          -0.5892936517614857
        ],
        [
          0.9948089721378324,
          0.043883048713803996,
          -0.09181169309870807
        ],
        [
          -0.04785673499587817,
          -0.5944797119427818,
          -0.8026852465343821
        ]
      ],
      "tx": -0.04329746508627268,
      "ty": -0.06414504604503343,
      "tz": 0.0
    },
    {
      "R": [
        [
          -0.8255410847996199,
          0.4311649145001547,
          -0.36411362761086075
        ],
        [
          -0.3446150270947428,
          0.1257834197123886,
          0.9302789981645003
        ],
        [
          0.44690312194966364,
          0.8934625609557074,
          0.04474652793360234
        ]
      ],
      "tx": -0.09712196525016999,
      "ty": -0.009154069867425757,
      "tz": 0.0
    },
    {
      "R": [
        [
          0.3357606243066831,
          0.11831981822645936,
          -0.9344866097382262
        ],
        [
          -0.24694671040813804,
          0.9684362427239083,
          0.033890500105466084
        ],
        [
          0.9090006190227734,
          0.2193892987218315,
          0.35438144734531096
        ]
      ],
      "tx": 0.09833216076798396,
      "ty": 0.0891962820110409,
      "tz": 0.0
    },
    {
      "R": [
        [
          0.7601858342443872,
          -0.5962541603111168,
          -0.2580668008982365
        ],
        [
          0.34948946922564883,
          0.7101198388658216,
          -0.6112175761130841
        ],
        [
          0.5476993776831769,
          0.37444731373167117,
          0.7482075921324216
        ]
      ],
      "tx": -0.015065116413610233,
      "ty": 0.08959827957485719,
      "tz": 0.0
    },
    {
      "R": [
        [
          -0.6017565076960414,
          0.517150426237685,
          0.6086415546835795
        ],
        [
          -0.7944408803699071,
          -0.4659811015583355,
          -0.38951931991567124
        ],
        [
          0.08217537978342965,
          -0.7179255181651234,
          0.6912526002300377
        ]
      ],
      "tx": 0.09688598825858566,
      "ty": -0.07140875077393735,
      "tz": 0.0
    },
    {
      "R": [
        [
          -0.9989570087764912,
          -0.00906886631723903,
          -0.04475098077188722
        ],
        [
          -0.036619923235483895,
          0.7445445704245642,
          0.6665675988776596
        ],
        [
          0.0272740873092582,
          0.6675111522027337,
          -0.7441001181604705
        ]
      ],
      "tx": -0.09223341833952729,
      "ty": -0.09581386177226638,
      "tz": 0.0
    },
    {
      "R": [
        [
          -0.8237526797491579,
          -0.38192537017041395,
          -0.4190042174325612
        ],
        [
          -0.12281521880007332,
          -0.6012922151225626,
          0.7895340993675267
        ],
        [
          -0.5534870772088277,
          0.7018409247494718,
          0.44840982561674014
        ]
      ],
      "tx": 0.0014961819929031478,
      "ty": -0.02048106250113596,
      "tz": 0.0
    }
  ],
  "points_N": 13269
}