{
  "type": "scene",
  "distance_m": 0.6,
  "num_objects": 3,
  "intrinsics": {
    "width": 640,
    "height": 480,
    "fx": 554.2562584220408,
    "fy": 554.2562584220408,
    "cx": 0.07355318203567174,
    "cy": 0.09453982624213236
  },
  "T_wc": [
    [
      0.999999999999,
      0.0,
      0.0,
      0.0
    ],
    [
      -0.0,
      0.9999999999973334,
      0.0,
      0.0
    ],
    [
      0.0,
      0.0,
      -0.9999999999983333,
      0.6150141660124063
    ],
    [
      0.0,
      0.0,
      0.0,
      1.0
    ]
  ],
  "bin_size": {
    "w": 0.25,
    "d": 0.25
  },
  "z_floor": 0.0,
  "piece_aabb": {
    "w": 0.0300283320248127,
    "d": 0.0300283320248127,
    "h": 0.0300283320248127
  },
  "poses": [
    {
      "R": [
        [
          0.05028033083896799,
          0.7161198968436644,
          0.6961639043180448
        ],
        [
          -0.3085824296614874,
          -0.651800427707248,
          0.6927720307177985
        ],
        [
          0.9498677657626546,
          -0.24965675593756415,
          0.18820927655085018
        ]
      ],
      "tx": -0.06415869296204128,
      "ty": 0.06843377060987685,
      "tz": 0.0
    },
    {
      "R": [
        [
          0.7580299133017974,
          -0.5735971182430559,
          -0.3104464470451083
        ],
        [
          -0.6302518988481676,
          -0.5217036703150473,
          -0.5749850644826242
        ],
        [
          0.16784872516033195,
          0.6315153413204386,
          -0.7569776609246677
        ]
      ],
      "tx": -0.059580729013753345,
      "ty": -0.027086051477805434,
      "tz": 0.0
    },
    {
      "R": [
        [
          0.1308680406653956,
          -0.5009230704739512,
          0.8555405504120477
        ],
        [
          -0.39683099259591514,
          0.764347421861868,
          0.5082304418356464
        ],
        [
          -0.908514567438377,
          -0.4060161279556078,
          -0.09875314978366245
        ]
      ],
      "tx": 0.07355318203567174,
      "ty": 0.09453982624213236,
      "tz": 0.0
    }
  ],
  "points_N": 3405
}