{
  "type": "scene",
  "distance_m": 0.6,
  "num_objects": 11,
  "intrinsics": {
    "width": 640,
    "height": 480,
    "fx": 554.2562584220408,
    "fy": 554.2562584220408,
    "cx": 0.029973595025875516,
    "cy": 0.03009948173364979
  },
  "T_wc": [
    [
      0.999999999999,
      0.0,
      0.0,
      0.0
    ],
    [
      -0.0,
      0.9999999999973334,
      0.0,
      0.0
    ],
    [
      0.0,
      0.0,
      -0.9999999999983333,
      0.6150141660124063
    ],
    [
      0.0,
      0.0,
      0.0,
      1.0
    ]
  ],
  "bin_size": {
    "w": 0.25,
    "d": 0.25
  },
  "z_floor": 0.0,
  "piece_aabb": {
    "w": 0.0300283320248127,
    "d": 0.0300283320248127,
    "h": 0.0300283320248127
  },
  "poses": [
    {
      "R": [
        [
          0.01453900325675428,
          0.4076637641262531,
          -0.9130163595482366
        ],
        [
          -0.937253223643292,
          0.3236692381013032,
          0.1295940549453531
        ],
        [
          0.3483461097164104,
          0.8538433578387412,
          0.38679000519675544
        ]
      ],
      "tx": -0.07894838388270044,
      "ty": -0.07226553359753221,
      "tz": 0.0
    },
    {
      "R": [
        [
          0.8935719936579709,
          -0.25386606629119346,
          0.3702446657765033
        ],
        [
          -0.4463996491327328,
          -0.5897514550031142,
          0.6729937403690195
        ],
        [
          0.04750205684275474,
          -0.7666454471967766,
          -0.6403111063289177
        ]
      ],
      "tx": -1.0698950402718288e-05,
      "ty": -0.025083676596985974,
      "tz": 0.0
    },
    {
      "R": [
        [
          0.40814679379231855,
          0.09441237005599187,
          -0.908021199696054
        ],
        [
          0.19626494576703277,
          -0.9804548477823136,
          -0.013724522695669192
        ],
        [
          -0.8915695518466938,
          -0.17261111157909476,
          -0.41869934126926345
        ]
      ],
      "tx": -0.09689521551209868,
      "ty": 0.0018792443979312179,
      "tz": 0.0
    },
    {
      "R": [
        [
          -0.8807011979106789,
          0.4736455579793446,
          -0.005028459518622692
        ],
        [
          0.4654448125509021,
          0.8673251397654629,
          0.17637524883122355
        ],
        [
          0.08790066250120501,
          0.1529934225293875,
          -0.9843101575187536
        ]
      ],
      "tx": 0.004613507874246983,
      "ty": 0.09027156378207254,
      "tz": 0.0
    },
    {
      "R": [
        [
          -0.3372289954278995,
          0.47990350627585276,
          0.8099192733271829
        ],
        [
          0.9333717799326151,
          0.058165335076181934,
          0.3541665063510344
        ],
        [
          0.12285652228559707,
          0.8753910088980912,
          -0.4675434273650634
        ]
      ],
      "tx": 0.059675210369693726,
      "ty": -0.0638879086690093,
      "tz": 0.0
    },
    {
      "R": [
        [
          -0.497147947113842,
          0.39664296184041165,
          0.7716983086044429
        ],
        [
          -0.8307331035606869,
          0.039133312322726765,
          -0.5552937011303845
        ],
        [
          -0.2504524492372176,
          -0.9171384544817196,
          0.3100493928101802
        ]
      ],
      "tx": 0.08748511858126651,
      "ty": 0.08627912274138666,
      "tz": 0.0
    },
    {
      "R": [
        [
          -0.35946030915862104,
          0.6350330147779546,
          -0.6837553336403385
        ],
        [
          -0.669796068835848,
          -0.6857656405887054,
          -0.28477835655120715
        ],
        [
          -0.649739572684035,
          0.3556101184302613,
          0.6718481460556269
        ]
      ],
      "tx": -0.027888246379788165,
      "ty": 0.03249713911589239,
      "tz": 0.0
    },
    {
      "R": [
        [
          -0.5171184976467285,
          0.6085074214687665,
          0.6019195771936843
        ],
        [
          0.7993790629638893,
          0.5947060879369388,
          0.08554403933481522
        ],
        [
          -0.3059110542078611,
          0.52539831270016,
          -0.7939616111155878
        ]
      ],
      "tx": 0.08494672003399048,
      "ty": 0.011376019155630718,
      "tz": 0.0
    },
    {
      "R": [
        [
          -0.6006218651030271,
          0.7695992154882427,
          -0.21672660814962835
        ],
        [
          -0.2652430871558191,
          0.06392066562233267,
          0.9620604207753526
        ],
        [
          0.7542542541319948,
          0.6353197588823122,
          0.1657387223840855
        ]
      ],
      "tx": -0.0016499896949212778,
      "ty": -0.09094558434616891,
      "tz": 0.0
    },
    {
      "R": [
        [
          -0.5332351488796516,
          -0.005156451463040085,
          -0.8459513502605247
        ],
        [
          -0.25590537641632927,
          -0.9521483505875752,
          0.16711061245347822
        ],
        [
          -0.8063328805899661,
          0.3055927510293218,
          0.5063994038284587
        ]
      ],
      "tx": -0.07006131438809708,
      "ty": 0.09889944428104097,
      "tz": 0.0
    },
    {
      "R": [
        [
          -0.46504079463331927,
          -0.18271534361848416,
          -0.8662287010560145
        ],
        [
          0.20939740764479284,
          -0.9734069835322767,
          0.09290624350512769
        ],
        [
          -0.8601684631503593,
          -0.13818085112262443,
          0.4909340764141106
        ]
      ],
      "tx": 0.029973595025875516,
      "ty": 0.03009948173364979,
      "tz": 0.0
    }
  ],
  "points_N": 12600
}