{
  "type": "scene",
  "distance_m": 0.6,
  "num_objects": 12,
  "intrinsics": {
    "width": 640,
    "height": 480,
    "fx": 554.2562584220408,
    "fy": 554.2562584220408,
    "cx": 0.03385492904690254,
    "cy": 0.014572589356833796
  },
  "T_wc": [
    [
      0.999999999999,
      0.0,
      0.0,
      0.0
    ],
    [
      -0.0,
      0.9999999999973334,
      0.0,
      0.0
    ],
    [
      0.0,
      0.0,
      -0.9999999999983333,
      0.6150141660124063
    ],
    [
      0.0,
      0.0,
      0.0,
      1.0
    ]
  ],
  "bin_size": {
    "w": 0.25,
    "d": 0.25
  },
  "z_floor": 0.0,
  "piece_aabb": {
    "w": 0.0300283320248127,
    "d": 0.0300283320248127,
    "h": 0.0300283320248127
  },
  "poses": [
    {
      "R": [
        [
          0.5778211785650836,
          -0.34028995943454016,
          -0.7418392205253754
        ],
        [
          -0.6749453076559673,
          0.3118095549640535,
          -0.6687478097955242
        ],
        [
          0.45888072227415416,
          0.8871175485476306,
          -0.04950694682559864
        ]
      ],
      "tx": -0.03504138306503961,
      "ty": -0.09377683731655875,
      "tz": 0.0
    },
    {
      "R": [
        [
          0.07223977838749274,
          -0.9331885277808908,
          0.35205196496633806
        ],
        [
          0.8020738325187077,
          -0.15545116789743085,
          -0.5766389698833032
        ],
        [
          0.5928397604810917,
          0.32402794018025444,
          0.7372563410207221
        ]
      ],
      "tx": 0.09433080684432363,
      "ty": 0.09717700765227377,
      "tz": 0.0
    },
    {
      "R": [
        [
          0.08485418194617256,
          0.9707833871933382,
          -0.2244535207023386
        ],
        [
          -0.7130920744509694,
          0.21650069434755936,
          0.6668036762812859
        ],
        [
          0.6959162745341274,
          0.1034749462259052,
          0.7106289287258767
        ]
      ],
      "tx": -0.018831083085279254,
      "ty": 0.0525748470767394,
      "tz": 0.0
    },
    {
      "R": [
        [
          0.8891767494556961,
          0.027375865075371923,
          -0.4567442065738515
        ],
        [
          0.050221908282945184,
          0.9863385234787301,
          0.15688874092878086
        ],
        [
          0.45479937132302806,
          -0.16244038633656877,
          0.8756544139847664
        ]
      ],
      "tx": -0.007027606752572371,
      "ty": -0.039730198869149566,
      "tz": 0.0
    },
    {
      "R": [
        [
          -0.3133580813193064,
          0.8202791314828922,
          0.4784860074501189
        ],
        [
          0.42971904320939747,
          -0.3268422542776537,
          0.8417337374264512
        ],
        [
          0.8468460643913291,
          0.46937861825223115,
          -0.2500709018509415
        ]
      ],
      "tx": -0.08274376172610712,
      "ty": 0.080958056071712,
      "tz": 0.0
    },
    {
      "R": [
        [
          -0.7875029005097904,
          0.3318914882781262,
          0.5193141839938493
        ],
        [
          0.6100643984999046,
          0.30011875097175045,
          0.7333145061964246
        ],
        [
          0.08752491857532271,
          0.8943023959062655,
          -0.4388195680512623
        ]
      ],
      "tx": 0.09233779875397521,
      "ty": 0.013012730654559115,
      "tz": 0.0
    },
    {
      "R": [
        [
          0.6314932212195984,
          -0.7546428509968155,
          0.17813051112342698
        ],
        [
          -0.4933205121086228,
          -0.5682674406585295,
          -0.658564338709811
        ],
        [
          0.5982066397881098,
          0.3280034806626335,
          -0.731137834328532
        ]
      ],
      "tx": -0.07813352324559907,
      "ty": -0.021010051599429674,
      "tz": 0.0
    },
    {
      "R": [
        [
          0.2213623496308471,
          -0.9738522027731698,
          0.05109400473397657
        ],
        [
          0.882788400937663,
          0.17785068444209406,
          -0.43480314305833
        ],
        [
          0.414346894927227,
          0.14135424011087785,
          0.8990748742273036
        ]
      ],
      "tx": 0.091592391231865,
      "ty": -0.0475421706036055,
      "tz": 0.0
    },
    {
      "R": [
        [
          0.23648865525509322,
          0.62411026744155,
          0.7446875116514812
        ],
        [
          0.2456018533299204,
          0.7031417226351121,
          -0.6672866307147443
        ],
        [
          -0.9400812973230274,
          0.34070235098068236,
          0.013002402073850394
        ]
      ],
      "tx": 0.0162232884860707,
      "ty": 0.09835626521628188,
      "tz": 0.0
    },
    {
      "R": [
        [
          0.9971594827881405,
          -0.054315936220155604,
          0.05217992869117624
        ],
        [
          -0.030312652155568838,
          -0.9236071453979704,
          -0.38214000587364216
        ],
        [
          0.0689500471717296,
          0.3794728185817,
          -0.9226300834856167
        ]
      ],
      "tx": 0.023625843472654368,
      "ty": -0.09041400425150431,
      "tz": 0.0
    },
    {
      "R": [
        [
          -0.4141932597002591,
          0.09641685273688377,
          -0.9050678063698807
        ],
        [
          0.8331909931434356,
          0.4404345977233681,
          -0.33438022380653815
        ],
        [
          0.36638328641400847,
          -0.8925923793292037,
          -0.26275869500342264
        ]
      ],
      "tx": -0.09783034074369334,
      "ty": -0.07821499822842437,
      "tz": 0.0
    },
    {
      "R": [
        [
          0.6345828392116052,
          0.3718652853483701,
          -0.677510759863571
        ],
        [
          -0.6857885853377232,
          -0.13328489830963308,
          -0.7154922446142062
        ],
        [
          -0.35636868044010583,
          0.9186682455790915,
          0.1704406587819104
        ]
      ],
      "tx": 0.03385492904690254,
      "ty": 0.014572589356833796,
      "tz": 0.0
    }
  ],
  "points_N": 14061
}