{
  "type": "scene",
  "distance_m": 0.6,
  "num_objects": 10,
  "intrinsics": {
    "width": 640,
    "height": 480,
    "fx": 554.2562584220408,
    "fy": 554.2562584220408,
    "cx": -0.05731362584260898,
    "cy": 0.0964034758190905
  },
  "T_wc": [
    [
      0.999999999999,
      0.0,
      0.0,
      0.0
    ],
    [
      -0.0,
      0.9999999999973334,
      0.0,
      0.0
    ],
    [
      0.0,
      0.0,
      -0.9999999999983333,
      0.6150141660124063
    ],
    [
      0.0,
      0.0,
      0.0,
      1.0
    ]
  ],
  "bin_size": {
    "w": 0.25,
    "d": 0.25
  },
  "z_floor": 0.0,
  "piece_aabb": {
    "w": 0.0300283320248127,
    "d": 0.0300283320248127,
    "h": 0.0300283320248127
  },
  "poses": [
    {
      "R": [
        [
          -0.9418580889931629,
          0.21979769360131965,
          -0.25415018018031665
        ],
        [
          0.27138266078152895,
          0.9435990316167682,
          -0.18966369963447124
        ],
        [
          0.19812822016382373,
          -0.2476082418245357,
          -0.9483856636175378
        ]
      ],
      "tx": 0.04540376417250669,
      "ty": -0.09440066245967321,
      "tz": 0.0
    },
    {
      "R": [
        [
          -0.17812166607247892,
          0.27507973766189975,
          0.9447771218670702
        ],
        [
          -0.7446955339504174,
          -0.6652726303928307,
          0.05329999028617932
        ],
        [
          0.6431961083447779,
          -0.6940774201615152,
          0.3233501214350606
        ]
      ],
      "tx": -0.09096833458413774,
      "ty": 0.04723793317646249,
      "tz": 0.0
    },
    {
      "R": [
        [
          0.6748975312096486,
          0.2815564237586802,
          -0.6820845274651405
        ],
        [
          0.734621273700066,
          -0.16917357963280244,
          0.6570478553206884
        ],
        [
          0.06960536325897726,
          -0.9445137797800762,
          -0.3210121698801143
        ]
      ],
      "tx": -0.09602618048558494,
      "ty": -0.014554205683136687,
      "tz": 0.0
    },
    {
      "R": [
        [
          0.9958079261573418,
          0.027808862348668147,
          0.08713920688809919
        ],
        [
          0.02017782069262982,
          0.8624091102937212,
          -0.5058096302310666
        ],
        [
          -0.08921563626579258,
          0.5054475182026963,
          0.8582327053826513
        ]
      ],
      "tx": 0.004022372608303432,
      "ty": 0.07021549769947424,
      "tz": 0.0
    },
    {
      "R": [
        [
          0.6362559222899143,
          -0.27783515072972353,
          -0.7197124636756004
        ],
        [
          -0.16534149473739765,
          -0.960332017208273,
          0.22455424031332222
        ],
        [
          -0.7535519832559753,
          -0.023875630749405144,
          -0.6569546124256265
        ]
      ],
      "tx": 0.058341580798802056,
      "ty": -0.022164116154881286,
      "tz": 0.0
    },
    {
      "R": [
        [
          -0.01562331989862109,
          -0.8399855839753574,
          0.5423837484557618
        ],
        [
          -0.9983201674671851,
          -0.017163583191546428,
          -0.05533764216442749
        ],
        [
          0.0557920702576693,
          -0.542337192275806,
          -0.8383063967134918
        ]
      ],
      "tx": -0.03987642355906951,
      "ty": -0.0903875421984877,
      "tz": 0.0
    },
    {
      "R": [
        [
          0.7970312700527913,
          0.07065600740944328,
          0.5997906994735673
        ],
        [
          0.6011173688047922,
          -0.18868351529874094,
          -0.7765670865905361
        ],
        [
          0.05830148779609273,
          0.9794928584075875,
          -0.1928592151007973
        ]
      ],
      "tx": -0.032258072764904624,
      "ty": -0.0060242747766722365,
      "tz": 0.0
    },
    {
      "R": [
        [
          0.9160767304420736,
          -0.35726953281199014,
          0.1821041044756066
        ],
        [
          0.1427472333953436,
          0.7149106272419953,
          0.6844896072362474
        ],
        [
          -0.37473544174595447,
          -0.6010501443147311,
          0.7059122273474976
        ]
      ],
      "tx": 0.07001196146202829,
      "ty": 0.040218895158335904,
      "tz": 0.0
    },
    {
      "R": [
        [
          0.2344758894312331,
          -0.021620377072613606,
          -0.9718814827800095
        ],
        [
          -0.9716853382774882,
          -0.03517229085435791,
          -0.2336461284349048
        ],
        [
          -0.029131780789984185,
          0.9991473711376588,
          -0.029255257590899086
        ]
      ],
      "tx": 0.08346582562060345,
      "ty": 0.09759062996385198,
      "tz": 0.0
    },
    {
      "R": [
        [
          0.3471073373402852,
          0.6583748401742123,
          -0.6678765351396303
        ],
        [
          0.9313724778293108,
          -0.158602076415995,
          0.3277051859501541
        ],
        [
          0.10982624416152775,
          -0.7357906979448132,
          -0.668244150674929
        ]
      ],
      "tx": -0.05731362584260898,
      "ty": 0.0964034758190905,
      "tz": 0.0
    }
  ],
  "points_N": 11256
}