{
  "type": "scene",
  "distance_m": 0.6,
  "num_objects": 9,
  "intrinsics": {
    "width": 640,
    "height": 480,
    "fx": 554.2562584220408,
    "fy": 554.2562584220408,
    "cx": -0.04996995505816253,
    "cy": -0.002893018939413197
  },
  "T_wc": [
    [
      0.999999999999,
      0.0,
      0.0,
      0.0
    ],
    [
      -0.0,
      0.9999999999973334,
      0.0,
      0.0
    ],
    [
      0.0,
      0.0,
      -0.9999999999983333,
      0.6150141660124063
    ],
    [
      0.0,
      0.0,
      0.0,
      1.0
    ]
  ],
  "bin_size": {
    "w": 0.25,
    "d": 0.25
  },
  "z_floor": 0.0,
  "piece_aabb": {
    "w": 0.0300283320248127,
    "d": 0.0300283320248127,
    "h": 0.0300283320248127
  },
  "poses": [
    {
      "R": [
        [
          0.4743511024495115,
          0.5968709868975974,
          -0.6470981815805241
        ],
        [
          -0.1143196846299061,
          0.7705985003936762,
          0.6269840196505301
        ],
        [
          0.8728814589112612,
          -0.22343450089658387,
          0.4337683511945548
        ]
      ],
      "tx": 0.09562639025426126,
      "ty": -0.059416966978763724,
      "tz": 0.0
    },
    {
      "R": [
        [
          0.9872565180232785,
          0.14967937388654462,
          0.054043062954312784
        ],
        [
          0.12845139200594635,
          -0.9500000513558051,
          0.28460523943824656
        ],
        [
          0.09394044662596905,
          -0.27403647103423834,
          -0.9571202667537733
        ]
      ],
      "tx": -0.0019128225015703076,
      "ty": -0.09484034027993402,
      "tz": 0.0
    },
    {
      "R": [
        [
          -0.42004868446089083,
          0.8272036407978044,
          0.37322009502910203
        ],
        [
          -0.5908014422579239,
          -0.5614357654380118,
          0.5794338073611092
        ],
        [
          0.6888488647799544,
          0.02289143809136618,
          0.7245434587058786
        ]
      ],
      "tx": 0.022095433258030525,
      "ty": -0.01658229095583856,
      "tz": 0.0
    },
    {
      "R": [
        [
          -0.3960999126356546,
          0.7122496358379523,
          0.5794871141438189
        ],
        [
          0.8700363709091449,
          0.08940479604152696,
          0.484812846096324
        ],
        [
          0.2934988458329468,
          0.6962091917616985,
          -0.6550963202470697
        ]
      ],
      "tx": 0.08166411293818496,
      "ty": 0.029070163946074284,
      "tz": 0.0
    },
    {
      "R": [
        [
          -0.8341135174480487,
          0.11092154402727028,
          0.5403249495267172
        ],
        [
          0.5396487936947326,
          0.3668490888158614,
          0.7577604670994601
        ],
        [
          -0.11416575438485477,
          0.9236439558106676,
          -0.3658524612738834
        ]
      ],
      "tx": -0.03425202997882784,
      "ty": 0.05589068927876778,
      "tz": 0.0
    },
    {
      "R": [
        [
          -0.2551549425692843,
          -0.44594614807180777,
          0.8579207354426062
        ],
        [
          -0.6713685777784083,
          -0.5568140792736056,
          -0.48910358196856774
        ],
        [
          0.6958162027822161,
          -0.7007782203683298,
          -0.15732036677790306
        ]
      ],
      "tx": 0.0420436490134283,
      "ty": 0.08522311622173484,
      "tz": 0.0
    },
    {
      "R": [
        [
          -0.10909348777798855,
          0.9223687732776571,
          -0.3705866390018727
        ],
        [
          0.9460830801438507,
          -0.018044869517582995,
          -0.32342106942748494
        ],
        [
          -0.30500068260572555,
          -0.38588888137178023,
          -0.8706689122988589
        ]
      ],
      "tx": -0.0727170514679496,
      "ty": -0.06326309889789691,
      "tz": 0.0
    },
    {
      "R": [
        [
          -0.3506744315151056,
          0.3286302999819438,
          0.87694331003511
        ],
        [
          -0.7849538992502857,
          0.4075663726909353,
          -0.46662300404429913
        ],
        [
          -0.5107590617241456,
          -0.8519928273086173,
          0.11503652933455066
        ]
      ],
      "tx": -0.08381664157791606,
      "ty": 0.09053824774447305,
      "tz": 0.0
    },
    {
      "R": [
        [
          0.11950051522434935,
          -0.3755149209642909,
          0.9190800677820715
        ],
        [
          -0.21798702246143148,
          -0.9130489023754338,
          -0.34470764411224547
        ],
        [
          0.9686079108181568,
          -0.1591547863062795,
          -0.19096719376973637
        ]
      ],
      "tx": -0.04996995505816253,
      "ty": -0.002893018939413197,
      "tz": 0.0
    }
  ],
  "points_N": 10385
}