{
  "type": "scene",
  "distance_m": 0.6,
  "num_objects": 11,
  "intrinsics": {
    "width": 640,
    "height": 480,
    "fx": 554.2562584220408,
    "fy": 554.2562584220408,
    "cx": -0.09765478526254251,
    "cy": 0.09805813470894756
  },
  "T_wc": [
    [
      0.999999999999,
      0.0,
      0.0,
      0.0
    ],
    [
      -0.0,
      0.9999999999973334,
      0.0,
      0.0
    ],
    [
      0.0,
      0.0,
      -0.9999999999983333,
      0.6150141660124063
    ],
    [
      0.0,
      0.0,
      0.0,
      1.0
    ]
  ],
  "bin_size": {
    "w": 0.25,
    "d": 0.25
  },
  "z_floor": 0.0,
  "piece_aabb": {
    "w": 0.0300283320248127,
    "d": 0.0300283320248127,
    "h": 0.0300283320248127
  },
  "poses": [
    {
      "R": [
        [
          0.21048264335785938,
          0.8561464554086261,
          -0.4719219254668439
        ],
        [
          0.7575304902062471,
          0.16229770228073603,
          0.632302943407886
        ],
        [
          0.6179357679022723,
          -0.490584042469421,
          -0.6143961946670813
        ]
      ],
      "tx": 0.012850530988758463,
      "ty": -0.05576089356470827,
      "tz": 0.0
    },
    {
      "R": [
        [
          0.8163883607631315,
          -0.4471045552181231,
          -0.3655236806469473
        ],
        [
          -0.3563945419565733,
          0.10797733044913971,
          -0.9280753345352099
        ],
        [
          0.454414980908477,
          0.8879405457643442,
          -0.0711941873587083
        ]
      ],
      "tx": 0.08942903945462233,
      "ty": 0.0021448302729680235,
      "tz": 0.0
    },
    {
      "R": [
        [
          -0.23072415780629885,
          0.10035093077018409,
          0.9678305914250345
        ],
        [
          -0.873843361838269,
          0.4161286508210962,
          -0.2514651565068334
        ],
        [
          -0.4279768007448139,
          -0.9037514241534406,
          -0.008319937791951837
        ]
      ],
      "tx": -0.09744331439028438,
      "ty": -0.03550226584916438,
      "tz": 0.0
    },
    {
      "R": [
        [
          0.8424497896388006,
          -0.5387364835296612,
          0.006430649394564558
        ],
        [
          0.3035097326437439,
          0.4844076992047186,
          0.820506564959546
        ],
        [
          -0.44515187759692065,
          -0.6892838183689545,
          0.5716009303759488
        ]
      ],
      "tx": 0.019309360862515293,
      "ty": 0.050046566847786855,
      "tz": 0.0
    },
    {
      "R": [
        [
          -0.3717019622534963,
          -0.4586741231819119,
          0.807128056742054
        ],
        [
          -0.5469280278362579,
          0.8107135026952291,
          0.20883809258555822
        ],
        [
          -0.7501382430086081,
          -0.3638154274779136,
          -0.5522055333886298
        ]
      ],
      "tx": -0.04266925797300645,
      "ty": 0.08024594934487153,
      "tz": 0.0
    },
    {
      "R": [
        [
          0.353188420225267,
          0.5681603163109047,
          -0.7432710103241434
        ],
        [
          -0.8931922164100822,
          0.4411348142085134,
          -0.08722236088105739
        ],
        [
          0.2783264348983495,
          0.6946898089526815,
          0.6632800803386618
        ]
      ],
      "tx": -0.04877646100685932,
      "ty": 0.0037280310711465675,
      "tz": 0.0
    },
    {
      "R": [
        [
          0.15223548860711467,
          -0.9831762049093474,
          -0.10094011149491727
        ],
        [
          -0.9543423348274097,
          -0.17278779839222258,
          0.2436700323858833
        ],
        [
          -0.2570117973259627,
          0.05923619524262197,
          -0.964591109853526
        ]
      ],
      "tx": -0.059954855788222225,
      "ty": -0.09698888604295473,
      "tz": 0.0
    },
    {
      "R": [
        [
          -0.17115393402863788,
          0.7093387179501368,
          -0.6837725602006688
        ],
        [
          -0.47591193812188626,
          0.5481547169582359,
          0.6877748421027817
        ],
        [
          0.8626784789361508,
          0.4431308943114806,
          0.24376392778078704
        ]
      ],
      "tx": 0.06830786305022304,
      "ty": -0.08649329159425206,
      "tz": 0.0
    },
    {
      "R": [
        [
          0.5621339885286922,
          0.8204577910037749,
          -0.10418441400723014
        ],
        [
          -0.7936780847767246,
          0.570577909487695,
          0.21098802560762037
        ],
        [
          0.23255209456372203,
          -0.035914654193761664,
          0.9719206042306996
        ]
      ],
      "tx": 0.07054040454365987,
      "ty": 0.09535840009313923,
      "tz": 0.0
    },
    {
      "R": [
        [
          -0.2775957466507548,
          -0.33753945076029673,
          0.8994485647450035
        ],
        [
          -0.9502862369311584,
          0.23394092281603251,
          -0.2054938260172341
        ],
        [
          -0.14105555409351278,
          -0.9117778039700353,
          -0.38570009962009544
        ]
      ],
      "tx": -0.0982120121192741,
      "ty": 0.0368855667245202,
      "tz": 0.0
    },
    {
      "R": [
        [
          -0.4051959587652363,
          0.4120441225796828,
          -0.8161102107239316
        ],
        [
          0.8872700120904286,
          0.3924226841971137,
          -0.24239711750056564
        ],
        [
          0.22038185189659243,
          -0.8223284489637164,
          -0.5246024793875423
        ]
      ],
      "tx": -0.09765478526254251,
      "ty": 0.09805813470894756,
      "tz": 0.0
    }
  ],
  "points_N": 12966
}