{
  "type": "scene",
  "distance_m": 0.6,
  "num_objects": 12,
  "intrinsics": {
    "width": 640,
    "height": 480,
    "fx": 554.2562584220408,
    "fy": 554.2562584220408,
    "cx": -0.010438320069226598,
    "cy": 0.056284176743538444
  },
  "T_wc": [
    [
      0.999999999999,
      0.0,
      0.0,
      0.0
    ],
    [
      -0.0,
      0.9999999999973334,
      0.0,
      0.0
    ],
    [
      0.0,
      0.0,
      -0.9999999999983333,
      0.6150141660124063
    ],
    [
      0.0,
      0.0,
      0.0,
      1.0
    ]
  ],
  "bin_size": {
    "w": 0.25,
    "d": 0.25
  },
  "z_floor": 0.0,
  "piece_aabb": {
    "w": 0.0300283320248127,
    "d": 0.0300283320248127,
    "h": 0.0300283320248127
  },
  "poses": [
    {
      "R": [
        [
          0.5846050491613225,
          -0.6089532795028454,
          0.536108981344108
        ],
        [
          -0.7967146170817434,
          -0.5556994959445645,
          0.23757922707014528
        ],
        [
          0.15324084123815856,
          -0.5660158775067059,
          -0.8100267100453755
        ]
      ],
      "tx": 0.03043120690480336,
      "ty": -0.003372010956825683,
      "tz": 0.0
    },
    {
      "R": [
        [
          0.040621429782147334,
          0.9575982451788914,
          -0.2852288559608973
        ],
        [
          -0.26727074036862725,
          -0.26464846010922694,
          -0.9265676143189017
        ],
        [
          -0.9627648990201398,
          0.11387182879063262,
          0.24518759312537997
        ]
      ],
      "tx": 0.07517379148018521,
      "ty": -0.05386358258192127,
      "tz": 0.0
    },
    {
      "R": [
        [
          0.13319497871910524,
          -0.3013760136248326,
          -0.9441565527260941
        ],
        [
          -0.6530345258406277,
          0.6899164966539295,
          -0.31234778005434083
        ],
        [
          0.7455233099669812,
          0.6581699826461043,
          -0.10491552906745127
        ]
      ],
      "tx": -0.012448018074615486,
      "ty": -0.0544800744063719,
      "tz": 0.0
    },
    {
      "R": [
        [
          0.42690805100427665,
          0.6958697730558653,
          0.5775073808488587
        ],
        [
          0.7217482435655292,
          0.12256340495756224,
          -0.6812177953307461
        ],
        [
          -0.5448201436233828,
          0.7076322990878718,
          -0.4499194821185335
        ]
      ],
      "tx": -0.08911226744928893,
      "ty": -0.06735384350769505,
      "tz": 0.0
    },
    {
      "R": [
        [
          0.007015947967176306,
          0.9765742915995708,
          -0.21506610486294248
        ],
        [
          -0.06431264167385864,
          0.21506680112013532,
          0.9744794277853596
        ],
        [
          0.9979051360700832,
          0.00699457237781731,
          0.06431496996967145
        ]
      ],
      "tx": -0.04957208786184459,
      "ty": 0.01328943783820051,
      "tz": 0.0
    },
    {
      "R": [
        [
          0.041809742175921594,
          -0.6060368769240135,
          0.7943369872210225
        ],
        [
          0.3454685874031016,
          -0.7372248597290803,
          -0.58064701955245
        ],
        [
          0.937498480306442,
          0.2986951790799874,
          0.1785435224741736
        ]
      ],
      "tx": 0.04658229950915313,
      "ty": 0.06437470859561056,
      "tz": 0.0
    },
    {
      "R": [
        [
          0.05855278521319307,
          -0.8777724836492848,
          0.47548610735955715
        ],
        [
          0.5984629498142009,
          0.4120886017691676,
          0.6870408153753442
        ],
        [
          -0.7990079280229099,
          0.24433266511070262,
          0.5494432452186833
        ]
      ],
      "tx": -0.06012255278870832,
      "ty": 0.09756958202082355,
      "tz": 0.0
    },
    {
      "R": [
        [
          -0.601647711127218,
          -0.47781098399742006,
          0.6400911616846436
        ],
        [
          -0.33554854272218726,
          0.8784053559562974,
          0.3403104554730972
        ],
        [
          -0.7248635783182902,
          -0.010034649904584136,
          -0.6888193512299843
        ]
      ],
      "tx": 0.08548046468489476,
      "ty": 0.01630109055040839,
      "tz": 0.0
    },
    {
      "R": [
        [
          -0.03868476653530761,
          0.9788002527362244,
          0.2011306890596559
        ],
        [
          -0.9761907889508884,
          0.005974388981992318,
          -0.21683138666653812
        ],
        [
          -0.21343624904301203,
          -0.2047299976061034,
          0.9552646731009444
        ]
      ],
      "tx": -0.0953441273425412,
      "ty": 0.05218440784667561,
      "tz": 0.0
    },
    {
      "R": [
        [
          -0.7012906476812608,
          -0.2539418375945123,
          -0.6661118303963085
        ],
        [
          -0.7121532767217728,
          0.29161108444977957,
          0.638592738668759
        ],
        [
          0.032080179694638444,
          0.9222128379854327,
          -0.38534963802450095
        ]
      ],
      "tx": 0.02491774265853801,
      "ty": -0.09807780265839537,
      "tz": 0.0
    },
    {
      "R": [
        [
          -0.8363817673826133,
          0.22898596848053301,
          0.4980270729879731
        ],
        [
          0.3549232602607386,
          -0.46615684937190593,
          0.8103871118851447
        ],
        [
          0.41772600890514777,
          0.8545543973455934,
          0.3086126430681122
        ]
      ],
      "tx": 0.09598335992740653,
      "ty": 0.0976485647376776,
      "tz": 0.0
    },
    {
      "R": [
        [
          0.26601395494973235,
          0.6883488963559375,
          -0.6748424798851689
        ],
        [
          -0.5286929466190776,
          0.6895633978178082,
          0.4949606939800336
        ],
        [
          0.806052320862138,
          0.22511800744392255,
          0.5473586929585014
        ]
      ],
      "tx": -0.010438320069226598,
      "ty": 0.056284176743538444,
      "tz": 0.0
    }
  ],
  "points_N": 12996
}