{
  "type": "scene",
  "distance_m": 0.6,
  "num_objects": 13,
  "intrinsics": {
    "width": 640,
    "height": 480,
    "fx": 554.2562584220408,
    "fy": 554.2562584220408,
    "cx": 0.09876356453108359,
    "cy": -0.034307670693367
  },
  "T_wc": [
    [
      0.999999999999,
      0.0,
      0.0,
      0.0
    ],
    [
      -0.0,
      0.9999999999973334,
      0.0,
      0.0
    ],
    [
      0.0,
      0.0,
      -0.9999999999983333,
      0.6150141660124063
    ],
    [
      0.0,
      0.0,
      0.0,
      1.0
    ]
  ],
  "bin_size": {
    "w": 0.25,
    "d": 0.25
  },
  "z_floor": 0.0,
  "piece_aabb": {
    "w": 0.0300283320248127,
    "d": 0.0300283320248127,
    "h": 0.0300283320248127
  },
  "poses": [
    {
      "R": [
        [
          0.509353386623856,
          -0.45949352467905763,
          -0.7276158521588332
        ],
        [
          -0.19789664815186764,
          0.7603136378605203,
          -0.6186760773890949
        ],
        [
          0.8374939069539937,
          0.45911749352569625,
          0.296336097959087
        ]
      ],
      "tx": -0.0019849317020176754,
      "ty": -0.09492305293375752,
      "tz": 0.0
    },
    {
      "R": [
        [
          0.18842468213771468,
          0.05572814446409988,
          0.9805052335790408
        ],
        [
          0.07362551305452344,
          0.9947776070958593,
          -0.07068802054163348
        ],
        [
          -0.9793239622253503,
          0.08550956867640377,
          0.18333764118700768
        ]
      ],
      "tx": -0.0948122576012296,
      "ty": -0.05874069679150602,
      "tz": 0.0
    },
    {
      "R": [
        [
          -0.18240819860594337,
          -0.14474277604906782,
          0.9725105541139099
        ],
        [
          0.6772131505026021,
          -0.7355777533217509,
          0.017541881440302054
        ],
        [
          0.7128180678600078,
          0.6617967192421967,
          0.2321971242987093
        ]
      ],
      "tx": 0.03765965515861763,
      "ty": 0.0734584866096481,
      "tz": 0.0
    },
    {
      "R": [
        [
          -0.7273875661289819,
          0.6837691274764978,
          -0.05802679511212777
        ],
        [
          -0.25054957567491065,
          -0.18590511195604997,
          0.9500864168472944
        ],
        [
          0.6388522824331757,
          0.7056196352558775,
          0.3065431316654875
        ]
      ],
      "tx": 0.06649311375116931,
      "ty": 0.014686257950657658,
      "tz": 0.0
    },
    {
      "R": [
        [
          -0.5207726698437853,
          0.5854011627352296,
          0.6213705054249172
        ],
        [
          0.8529323180607804,
          0.3875561001487816,
          0.3497237910765169
        ],
        [
          -0.03608721589759284,
          0.7121135779534813,
          -0.7011361957159619
        ]
      ],
      "tx": -0.08929106216196839,
      "ty": 0.0896701279908462,
      "tz": 0.0
    },
    {
      "R": [
        [
          0.5914445310869658,
          -0.6678980929702593,
          0.45178037147933947
        ],
        [
          0.631260879899228,
          0.034920889890902584,
          -0.7747839911601683
        ],
        [
          0.5017001775524615,
          0.7434330291666617,
          0.44227170719808684
        ]
      ],
      "tx": 0.039503644741491206,
      "ty": -0.046882908945356,
      "tz": 0.0
    },
    {
      "R": [
        [
          -0.4911094587573446,
          -0.6879376413726198,
          -0.5343718752907424
        ],
        [
          -0.7869550783665841,
          0.6134206138093159,
          -0.06645942511672434
        ],
        [
          0.373514663905062,
          0.38788780869792594,
          -0.8426326861162041
        ]
      ],
      "tx": -0.08068872284952369,
      "ty": 0.0016992625334485006,
      "tz": 0.0
    },
    {
      "R": [
        [
          0.8444304718513758,
          -0.2740039245116549,
          0.4602814655849986
        ],
        [
          0.14161839337722001,
          -0.7145004203265377,
          -0.6851520853142433
        ],
        [
          0.5166056608924431,
          0.6437476203493203,
          -0.5645419315059508
        ]
      ],
      "tx": -0.004363540487761677,
      "ty": 0.01789434385228124,
      "tz": 0.0
    },
    {
      "R": [
        [
          0.11563164663815018,
          -0.28594710461138245,
          0.9512431737784597
        ],
        [
          0.8945762734793496,
          -0.38623464048176004,
          -0.2248468221250306
        ],
        [
          0.4316973630027748,
          0.8769589818550765,
          0.21114054778786073
        ]
      ],
      "tx": 0.08779301222528424,
      "ty": -0.09581314559279734,
      "tz": 0.0
    },
    {
      "R": [
        [
          -0.23895090097576022,
          -0.8786298949277676,
          -0.4134150150418976
        ],
        [
          0.8314830634089803,
          0.03475772852821635,
          -0.5544617349931159
        ],
        [
          0.5015360228207839,
          -0.47623671429949505,
          0.7222604860895625
        ]
      ],
      "tx": -0.02672886049945851,
      "ty": 0.09402855481116451,
      "tz": 0.0
    },
    {
      "R": [
        [
          0.3650834890176189,
          0.34724111391503093,
          0.8637925994437383
        ],
        [
          0.9196154938212877,
          -0.2790085917531968,
          -0.27651681549541857
        ],
        [
          0.1449875497087642,
          0.8953087816697358,
          -0.4211897385911749
        ]
      ],
      "tx": 0.09896062671663633,
      "ty": 0.06434441756477843,
      "tz": 0.0
    },
    {
      "R": [
        [
          0.22985327718857929,
          -0.174595351478891,
          0.9574361253930378
        ],
        [
          0.8745627342448017,
          -0.39454877302220215,
          -0.2819065263113494
        ],
        [
          0.4269748175664775,
          0.9021350946219959,
          0.06200625948592475
        ]
      ],
      "tx": -0.03513075946982874,
      "ty": -0.04196766294509005,
      "tz": 0.0
    },
    {
      "R": [
        [
          -0.8808498534835754,
          0.41470320025857194,
          0.22830854410919976
        ],
        [
          -0.205268194118654,
          -0.7691712716283412,
          0.6051780922876397
        ],
        [
          0.42657766479415005,
          0.48620655137188273,
          0.7626497789299034
        ]
      ],
      "tx": 0.09876356453108359,
      "ty": -0.034307670693367,
      "tz": 0.0
    }
  ],
  "points_N": 15627
}