{
  "type": "scene",
  "distance_m": 0.6,
  "num_objects": 8,
  "intrinsics": {
    "width": 640,
    "height": 480,
    "fx": 554.2562584220408,
    "fy": 554.2562584220408,
    "cx": 0.09271935239261975,
    "cy": 0.04032477955138991
  },
  "T_wc": [
    [
      0.999999999999,
      0.0,
      0.0,
      0.0
    ],
    [
      -0.0,
      0.9999999999973334,
      0.0,
      0.0
    ],
    [
      0.0,
      0.0,
      -0.9999999999983333,
      0.6150141660124063
    ],
    [
      0.0,
      0.0,
      0.0,
      1.0
    ]
  ],
  "bin_size": {
    "w": 0.25,
    "d": 0.25
  },
  "z_floor": 0.0,
  "piece_aabb": {
    "w": 0.0300283320248127,
    "d": 0.0300283320248127,
    "h": 0.0300283320248127
  },
  "poses": [
    {
      "R": [
        [
          0.6223563998086765,
          0.3870746802539241,
          0.6803276442446721
        ],
        [
          -0.2196161421870728,
          -0.7479040606164808,
          0.6264249884896406
        ],
        [
          0.7512930598029307,
          -0.5392705332388384,
          -0.38045503055190166
        ]
      ],
      "tx": -0.05290981372839065,
      "ty": -0.06779192817465025,
      "tz": 0.0
    },
    {
      "R": [
        [
          -0.9546748569224226,
          -0.06611680446727243,
          0.2902145511982268
        ],
        [
          0.20433332735388315,
          -0.8545530892335931,
          0.47747974722894093
        ],
        [
          0.21643430618236695,
          0.5151384142619913,
          0.8293302148474988
        ]
      ],
      "tx": 0.01016246166246891,
      "ty": 0.07629795438289272,
      "tz": 0.0
    },
    {
      "R": [
        [
          -0.1376155225482405,
          -0.17299474353204095,
          0.9752613940190896
        ],
        [
          0.5347480626062864,
          0.8158246221963116,
          0.22016969672747597
        ],
        [
          -0.8337304585371689,
          0.5518179088508535,
          -0.019761527746436025
        ]
      ],
      "tx": 0.027907782407661397,
      "ty": 0.017041511499241935,
      "tz": 0.0
    },
    {
      "R": [
        [
          -0.0606842780702328,
          -0.05039310826074392,
          -0.9968841221701327
        ],
        [
          0.40363265205188803,
          -0.9146645617026254,
          0.021666143240184843
        ],
        [
          -0.912906402974946,
          -0.40106018775885205,
          0.07584606253577142
        ]
      ],
      "tx": 0.020909201313602604,
      "ty": -0.09014833678208345,
      "tz": 0.0
    },
    {
      "R": [
        [
          0.5239799975012787,
          0.4536338315698405,
          -0.7208753769368361
        ],
        [
          -0.8377445019169687,
          0.12174109700302138,
          -0.5323187530121315
        ],
        [
          -0.153717636354616,
          0.8828337624693373,
          0.4438191479846083
        ]
      ],
      "tx": -0.07809956234524226,
      "ty": 0.04999655513534007,
      "tz": 0.0
    },
    {
      "R": [
        [
          -0.5542321433071242,
          -0.8217569016866122,
          -0.13244744563641597
        ],
        [
          0.3479692667199498,
          -0.3732954172447085,
          0.8599813491480381
        ],
        [
          -0.7561376334660062,
          0.43054166580543524,
          0.4928384656882099
        ]
      ],
      "tx": -0.029588360696892177,
      "ty": 0.014823005518408358,
      "tz": 0.0
    },
    {
      "R": [
        [
          -0.5124912322738715,
          0.6878373810424956,
          -0.5140354794009943
        ],
        [
          -0.7356417411663727,
          -0.04291236342149696,
          0.6760101757512893
        ],
        [
          0.44292659154324515,
          0.7245952430882929,
          0.5279940986390861
        ]
      ],
      "tx": 0.07729133854231152,
      "ty": -0.057726675050124646,
      "tz": 0.0
    },
    {
      "R": [
        [
          -0.05671814489730531,
          0.28960822507613393,
          0.9554633054218564
        ],
        [
          0.7381566410530221,
          -0.6322103069075014,
          0.23544617454790534
        ],
        [
          0.6722408982713921,
          0.7186356544231396,
          -0.17791843885077707
        ]
      ],
      "tx": 0.09271935239261975,
      "ty": 0.04032477955138991,
      "tz": 0.0
    }
  ],
  "points_N": 9641
}