{
  "type": "scene",
  "distance_m": 0.6,
  "num_objects": 9,
  "intrinsics": {
    "width": 640,
    "height": 480,
    "fx": 554.2562584220408,
    "fy": 554.2562584220408,
    "cx": -0.08521312181181875,
    "cy": -0.0481753409620637
  },
  "T_wc": [
    [
      0.999999999999,
      0.0,
      0.0,
      0.0
    ],
    [
      -0.0,
      0.9999999999973334,
      0.0,
      0.0
    ],
    [
      0.0,
      0.0,
      -0.9999999999983333,
      0.6150141660124063
    ],
    [
      0.0,
      0.0,
      0.0,
      1.0
    ]
  ],
  "bin_size": {
    "w": 0.25,
    "d": 0.25
  },
  "z_floor": 0.0,
  "piece_aabb": {
    "w": 0.0300283320248127,
    "d": 0.0300283320248127,
    "h": 0.0300283320248127
  },
  "poses": [
    {
      "R": [
        [
          -0.5217299391028529,
          -0.07300656858560844,
          -0.8499811242534085
        ],
        [
          -0.8228842818977156,
          -0.21979613479564208,
          0.5239762568424043
        ],
        [
          -0.2250762742925489,
          0.9728102076316073,
          0.0545982662575879
        ]
      ],
      "tx": -0.020831596289614285,
      "ty": -0.054018468806792744,
      "tz": 0.0
    },
    {
      "R": [
        [
          0.1434099997321996,
          0.0791452010587077,
          0.986493593048727
        ],
        [
          -0.07106201242383944,
          0.9950476412015801,
          -0.0695009505650514
        ],
        [
          -0.9871087895298495,
          -0.060135088663345,
          0.14832399921916561
        ]
      ],
      "tx": 0.0838817320610202,
      "ty": 0.06101100019863798,
      "tz": 0.0
    },
    {
      "R": [
        [
          0.006584535482691445,
          0.3204905021174266,
          -0.9472288434929528
        ],
        [
          0.2550927889705501,
          -0.9164480862364202,
          -0.30830273149751525
        ],
        [
          -0.9668941580688672,
          -0.23960121720501,
          -0.08778920096557452
        ]
      ],
      "tx": 0.09787380503155413,
      "ty": -0.011632963683329875,
      "tz": 0.0
    },
    {
      "R": [
        [
          -0.9229656918609068,
          -0.21212554236646916,
          -0.3211496316726048
        ],
        [
          -0.3343522882444152,
          0.02860699402907485,
          0.9420138997054897
        ],
        [
          -0.1906380837960818,
          0.9768236249028543,
          -0.09732793452142285
        ]
      ],
      "tx": -0.04256760255803181,
      "ty": 0.06383977896674325,
      "tz": 0.0
    },
    {
      "R": [
        [
          -0.5504798263373827,
          -0.8196364715390357,
          -0.1586443044001402
        ],
        [
          0.38946846191632145,
          -0.08404508419695977,
          -0.9171972203375132
        ],
        [
          0.7384350194621729,
          -0.5666855197950318,
          0.3654876792540822
        ]
      ],
      "tx": -0.0952699016353453,
      "ty": 0.0898437078216206,
      "tz": 0.0
    },
    {
      "R": [
        [
          -0.08961324637134349,
          0.7496304741804476,
          -0.6557618609333619
        ],
        [
          -0.9625311986075058,
          -0.2343749083939699,
          -0.13638949381281645
        ],
        [
          -0.2559358470046489,
          0.6189689446937667,
          0.7425458152347892
        ]
      ],
      "tx": -0.0833631393104487,
      "ty": 0.0218771629169488,
      "tz": 0.0
    },
    {
      "R": [
        [
          0.6943865275216833,
          0.110312320450628,
          -0.7110967180019723
        ],
        [
          0.6285186744327987,
          0.38822935442653705,
          0.6739749581778183
        ],
        [
          0.3504163613269451,
          -0.9149366974377804,
          0.20024787987899306
        ]
      ],
      "tx": 0.050019613275701924,
      "ty": -0.04333315114996155,
      "tz": 0.0
    },
    {
      "R": [
        [
          0.9834422079449326,
          -0.019064568732902472,
          0.18021644167895529
        ],
        [
          0.14007959328703312,
          -0.5509491142726737,
          -0.8226984751576337
        ],
        [
          0.11497448054649013,
          0.834321050735977,
          -0.5391560563713256
        ]
      ],
      "tx": 0.01737185703652401,
      "ty": 0.04032739009895117,
      "tz": 0.0
    },
    {
      "R": [
        [
          0.9835957204057703,
          -0.13105957125744333,
          -0.12394695470752357
        ],
        [
          -0.14451051429591782,
          -0.1612509950993204,
          -0.9762759998265902
        ],
        [
          0.10796374418008617,
          0.9781725335344957,
          -0.17754527473667903
        ]
      ],
      "tx": -0.08521312181181875,
      "ty": -0.0481753409620637,
      "tz": 0.0
    }
  ],
  "points_N": 9979
}