{
  "type": "scene",
  "distance_m": 0.6,
  "num_objects": 10,
  "intrinsics": {
    "width": 640,
    "height": 480,
    "fx": 554.2562584220408,
    "fy": 554.2562584220408,
    "cx": 0.09683696602382966,
    "cy": -0.09154293489363663
  },
  "T_wc": [
    [
      0.999999999999,
      0.0,
      0.0,
      0.0
    ],
    [
      -0.0,
      0.9999999999973334,
      0.0,
      0.0
    ],
    [
      0.0,
      0.0,
      -0.9999999999983333,
      0.6150141660124063
    ],
    [
      0.0,
      0.0,
      0.0,
      1.0
    ]
  ],
  "bin_size": {
    "w": 0.25,
    "d": 0.25
  },
  "z_floor": 0.0,
  "piece_aabb": {
    "w": 0.0300283320248127,
    "d": 0.0300283320248127,
    "h": 0.0300283320248127
  },
  "poses": [
    {
      "R": [
        [
          0.6267867204643434,
          -0.3225336796354393,
          -0.7093027791785234
        ],
        [
          -0.23619541231925587,
          -0.9461228136895068,
          0.22150247993101202
        ],
        [
          -0.7425295510946954,
          0.028699249416587372,
          -0.6691981909972824
        ]
      ],
      "tx": -0.04133528661114774,
      "ty": -0.05210557787308392,
      "tz": 0.0
    },
    {
      "R": [
        [
          -0.10392861914174678,
          -0.714012681313319,
          0.6923761499698369
        ],
        [
          0.17253466419682267,
          0.6726483208337981,
          0.719566554343628
        ],
        [
          -0.9795052995128608,
          0.19424244490645287,
          0.0532845270503951
        ]
      ],
      "tx": 0.08841849422472547,
      "ty": -0.014283787639995132,
      "tz": 0.0
    },
    {
      "R": [
        [
          0.7277204337875094,
          0.3836007266983622,
          -0.5685714139179067
        ],
        [
          -0.6282712420431095,
          0.705359464842032,
          -0.3282427025531116
        ],
        [
          0.2751330890128041,
          0.596085990301945,
          0.7543098007423885
        ]
      ],
      "tx": -0.08182352566308765,
      "ty": 0.050336203419049125,
      "tz": 0.0
    },
    {
      "R": [
        [
          -0.5895121343179686,
          -0.8008934865472211,
          0.1050955122643651
        ],
        [
          -0.7710152244826117,
          0.5967076956281137,
          0.2224307748361597
        ],
        [
          -0.2408546597180573,
          0.05009540083103951,
          -0.9692674985305532
        ]
      ],
      "tx": -0.014612458181207391,
      "ty": 0.08957007822447138,
      "tz": 0.0
    },
    {
      "R": [
        [
          -0.05558952163635533,
          -0.10270929050622934,
          -0.9931568892818234
        ],
        [
          0.939183375129295,
          -0.3429901808847047,
          -0.017097476346625284
        ],
        [
          -0.33888699143665435,
          -0.9337068798399123,
          0.11552951819612356
        ]
      ],
      "tx": 0.04128171218820886,
      "ty": -0.06932026102885389,
      "tz": 0.0
    },
    {
      "R": [
        [
          -0.4122658080386312,
          0.2689491925198723,
          -0.8704615071128436
        ],
        [
          0.26043498725589914,
          -0.880776358377596,
          -0.3954827732482422
        ],
        [
          -0.8730466888633586,
          -0.38974265659022955,
          0.29307019756146513
        ]
      ],
      "tx": 0.07090172530511568,
      "ty": 0.05997705576130519,
      "tz": 0.0
    },
    {
      "R": [
        [
          0.8583172361597748,
          0.12727576189972034,
          -0.49708389889825544
        ],
        [
          0.5110396931225368,
          -0.29916888110082196,
          0.8058141303266565
        ],
        [
          -0.046151426459739436,
          -0.945673760349587,
          -0.3218247734746398
        ]
      ],
      "tx": -0.002734258316213281,
      "ty": 0.03257728119778158,
      "tz": 0.0
    },
    {
      "R": [
        [
          0.10934486108432617,
          0.2001836142901429,
          -0.9736376235151273
        ],
        [
          0.43395147021958047,
          -0.8908509656249344,
          -0.13442722395179763
        ],
        [
          -0.8942761446268787,
          -0.4078125520565269,
          -0.18427994881817322
        ]
      ],
      "tx": -0.09010082241462443,
      "ty": -0.09837719436458883,
      "tz": 0.0
    },
    {
      "R": [
        [
          0.37535788573806983,
          -0.5047127536823387,
          0.7774133352886592
        ],
        [
          0.9130592459748498,
          0.3456473094424193,
          -0.21645034260784918
        ],
        [
          -0.15946557921408938,
          0.7910707766980192,
          0.590574089594445
        ]
      ],
      "tx": -0.09565745333248798,
      "ty": -0.02241729679808091,
      "tz": 0.0
    },
    {
      "R": [
        [
          -0.5104062565764727,
          -0.4738235866589793,
          0.7176187441623949
        ],
        [
          0.1910162661925726,
          0.7511865283952521,
          0.6318477550860945
        ],
        [
          -0.8384499026760277,
          0.45957590045944496,
          -0.29290229159132575
        ]
      ],
      "tx": 0.09683696602382966,
      "ty": -0.09154293489363663,
      "tz": 0.0
    }
  ],
  "points_N": 11410
}