{
  "type": "scene",
  "distance_m": 0.6,
  "num_objects": 10,
  "intrinsics": {
    "width": 640,
    "height": 480,
    "fx": 554.2562584220408,
    "fy": 554.2562584220408,
    "cx": 0.06926930517159022,
    "cy": 0.0961770848768142
  },
  "T_wc": [
    [
      0.999999999999,
      0.0,
      0.0,
      0.0
    ],
    [
      -0.0,
      0.9999999999973334,
      0.0,
      0.0
    ],
    [
      0.0,
      0.0,
      -0.9999999999983333,
      0.6150141660124063
    ],
    [
      0.0,
      0.0,
      0.0,
      1.0
    ]
  ],
  "bin_size": {
    "w": 0.25,
    "d": 0.25
  },
  "z_floor": 0.0,
  "piece_aabb": {
    "w": 0.0300283320248127,
    "d": 0.0300283320248127,
    "h": 0.0300283320248127
  },
  "poses": [
    {
      "R": [
        [
          0.15213674392223286,
          -0.7897797320683185,
          -0.5942241883017182
        ],
        [
          0.020431119909970263,
          -0.5985812202178447,
          0.8008015310560664
        ],
        [
          -0.9881482583539604,
          -0.13397200310740576,
          -0.07493011340858757
        ]
      ],
      "tx": 0.022633764340022178,
      "ty": 0.014902594617695886,
      "tz": 0.0
    },
    {
      "R": [
        [
          0.5389170948229379,
          0.5096141942445201,
          0.6707173308720396
        ],
        [
          -0.8249562288863711,
          0.48031389939876246,
          0.29790229684568204
        ],
        [
          -0.1703396176148751,
          -0.7138570802820855,
          0.6792587751379839
        ]
      ],
      "tx": -0.05806804172902169,
      "ty": 0.03636735688143233,
      "tz": 0.0
    },
    {
      "R": [
        [
          0.28690321581515343,
          0.9364659026992038,
          0.20178740752754876
        ],
        [
          -0.9514170197335307,
          0.2539740468494014,
          0.17407710386005665
        ],
        [
          0.11176850771255004,
          -0.24192725478685456,
          0.9638355690028284
        ]
      ],
      "tx": -0.08090352058804681,
      "ty": 0.09463800294156968,
      "tz": 0.0
    },
    {
      "R": [
        [
          0.7460991938048005,
          0.5040789313517064,
          0.43501772834121183
        ],
        [
          -0.2809626994163749,
          -0.35397831570011573,
          0.8920534252783142
        ],
        [
          0.6036521801008347,
          -0.7877840966796871,
          -0.12247555869674054
        ]
      ],
      "tx": -0.021905818994241447,
      "ty": -0.09864503302959161,
      "tz": 0.0
    },
    {
      "R": [
        [
          -0.7477265625530671,
          0.4606617726320832,
          0.47822141199243773
        ],
        [
          0.09632095437595542,
          -0.6373388897945522,
          0.7645400011141031
        ],
        [
          0.656983455956601,
          0.6177296097734951,
          0.432183835663027
        ]
      ],
      "tx": 0.06230007151772729,
      "ty": -0.056914765826793154,
      "tz": 0.0
    },
    {
      "R": [
        [
          -0.6553410872569632,
          -0.6777802195334677,
          -0.3333797134830271
        ],
        [
          -0.7548877465279955,
          0.6028619663778783,
          0.2582671865276013
        ],
        [
          0.025933559237902665,
          0.4209173594711464,
          -0.9067281990768188
        ]
      ],
      "tx": 0.010583522490222957,
      "ty": 0.08107645736933916,
      "tz": 0.0
    },
    {
      "R": [
        [
          0.5928009677754824,
          0.8052277511622924,
          -0.013974310808367849
        ],
        [
          0.7682250488523626,
          -0.560182106611909,
          0.30988107678209165
        ],
        [
          0.24169668371791225,
          -0.19443321781516898,
          -0.9506726234039784
        ]
      ],
      "tx": -0.09858315541257329,
      "ty": -0.05633923566156841,
      "tz": 0.0
    },
    {
      "R": [
        [
          0.8049521897163376,
          0.5693410158860679,
          -0.16704125209268939
        ],
        [
          0.42348875135577146,
          -0.35410147920072577,
          0.8338281716894601
        ],
        [
          0.41558302389053725,
          -0.7419319039222388,
          -0.5261442769776357
        ]
      ],
      "tx": 0.08496445013481277,
      "ty": 0.03658365833397664,
      "tz": 0.0
    },
    {
      "R": [
        [
          0.3305979103646668,
          -0.9093086023893667,
          0.25271107471421284
        ],
        [
          0.9235113100568851,
          0.2565029572412876,
          -0.2851895740090966
        ],
        [
          0.19450419496641091,
          0.32766461290040294,
          0.9245561203049264
        ]
      ],
      "tx": -0.014615110697089345,
      "ty": -0.029226967021309322,
      "tz": 0.0
    },
    {
      "R": [
        [
          0.5601779579737316,
          0.43836352744474777,
          0.7028784199323365
        ],
        [
          0.5273133318087716,
          -0.8430892099292113,
          0.1055520449715245
        ],
        [
          0.6388593784997701,
          0.31150923245890516,
          -0.7034349242081681
        ]
      ],
      "tx": 0.06926930517159022,
      "ty": 0.0961770848768142,
      "tz": 0.0
    }
  ],
  "points_N": 11413
}