{
  "type": "scene",
  "distance_m": 0.6,
  "num_objects": 5,
  "intrinsics": {
    "width": 640,
    "height": 480,
    "fx": 554.2562584220408,
    "fy": 554.2562584220408,
    "cx": -0.037088728905563924,
    "cy": -0.008790899065551833
  },
  "T_wc": [
    [
      0.999999999999,
      0.0,
      0.0,
      0.0
    ],
    [
      -0.0,
      0.9999999999973334,
      0.0,
      0.0
    ],
    [
      0.0,
      0.0,
      -0.9999999999983333,
      0.6150141660124063
    ],
    [
      0.0,
      0.0,
      0.0,
      1.0
    ]
  ],
  "bin_size": {
    "w": 0.25,
    "d": 0.25
  },
  "z_floor": 0.0,
  "piece_aabb": {
    "w": 0.0300283320248127,
    "d": 0.0300283320248127,
    "h": 0.0300283320248127
  },
  "poses": [
    {
      "R": [
        [
          -0.8583741009394656,
          0.4544653469265804,
          0.2380234259043968
        ],
        [
          0.5118257181747959,
          0.7269230338741117,
          0.4578398595995234
        ],
        [
          0.03504763973818041,
          0.5148243887639355,
          -0.8565789582301342
        ]
      ],
      "tx": -0.026368857023044173,
      "ty": -0.0946423455806587,
      "tz": 0.0
    },
    {
      "R": [
        [
          -0.3846041262419866,
          -0.9106664829594848,
          -0.1508848000689293
        ],
        [
          0.8957427041576764,
          -0.32870697581701824,
          -0.29932713207713696
        ],
        [
          0.22299030029562233,
          -0.25027640892307995,
          0.9421449172556393
        ]
      ],
      "tx": -0.028055973063924794,
      "ty": 0.08326304656215719,
      "tz": 0.0
    },
    {
      "R": [
        [
          0.9341537378774367,
          0.35534458089849147,
          0.03297002935528945
        ],
        [
          -0.25042634642053824,
          0.7185387823028004,
          -0.6488363918163571
        ],
        [
          -0.25425074046711005,
          0.597856376693336,
          0.7602133344128095
        ]
      ],
      "tx": 0.06047234205042021,
      "ty": -0.00870206470933653,
      "tz": 0.0
    },
    {
      "R": [
        [
          -0.2304930256837785,
          0.6779788747657689,
          0.6980097495611925
        ],
        [
          0.9598689502674698,
          0.2761880916226429,
          0.04870047595525323
        ],
        [
          -0.15976408677660464,
          0.6812230056429278,
          -0.7144302997208705
        ]
      ],
      "tx": -0.09554785461595962,
      "ty": -0.05044407326174165,
      "tz": 0.0
    },
    {
      "R": [
        [
          0.33503723998558266,
          0.407998602634686,
          -0.8492862815747036
        ],
        [
          -0.7319787041285755,
          -0.4548462788919687,
          -0.5072691980402328
        ],
        [
          -0.5932598288482834,
          0.7916135438623275,
          0.14625584654512924
        ]
      ],
      "tx": -0.037088728905563924,
      "ty": -0.008790899065551833,
      "tz": 0.0
    }
  ],
  "points_N": 5724
}