{
  "type": "scene",
  "distance_m": 0.6,
  "num_objects": 11,
  "intrinsics": {
    "width": 640,
    "height": 480,
    "fx": 554.2562584220408,
    "fy": 554.2562584220408,
    "cx": -0.09774897581687976,
    "cy": 0.09407887340514143
  },
  "T_wc": [
    [
      0.999999999999,
      0.0,
      0.0,
      0.0
    ],
    [
      -0.0,
      0.9999999999973334,
      0.0,
      0.0
    ],
    [
      0.0,
      0.0,
      -0.9999999999983333,
      0.6150141660124063
    ],
    [
      0.0,
      0.0,
      0.0,
      1.0
    ]
  ],
  "bin_size": {
    "w": 0.25,
    "d": 0.25
  },
  "z_floor": 0.0,
  "piece_aabb": {
    "w": 0.0300283320248127,
    "d": 0.0300283320248127,
    "h": 0.0300283320248127
  },
  "poses": [
    {
      "R": [
        [
          -0.7674885916340628,
          -0.11565194559081146,
          -0.6305441215272904
        ],
        [
          -0.48118471416089814,
          0.7538385759305106,
          0.447424487815491
        ],
        [
          0.42358297011265367,
          0.6468013828990471,
          -0.6342124553416013
        ]
      ],
      "tx": 0.018453806632142217,
      "ty": -0.014276446929306422,
      "tz": 0.0
    },
    {
      "R": [
        [
          -0.7636543499712583,
          -0.4468088338449884,
          -0.4660406632130469
        ],
        [
          0.0012305091238261623,
          0.7208352892627035,
          -0.6931053106136548
        ],
        [
          0.6456241318424143,
          -0.5298663527264552,
          -0.5499192019116013
        ]
      ],
      "tx": 0.06142890571188256,
      "ty": -0.07326354543672811,
      "tz": 0.0
    },
    {
      "R": [
        [
          0.3123008995611548,
          0.8707258456556696,
          0.3798745185459438
        ],
        [
          0.08862798775541281,
          -0.42483601495531964,
          0.9009214395180689
        ],
        [
          0.9458399589358233,
          -0.24769106181714012,
          -0.2098473492236146
        ]
      ],
      "tx": -0.05111476292467174,
      "ty": -0.03707058519378598,
      "tz": 0.0
    },
    {
      "R": [
        [
          -0.2515588998449805,
          -0.02937663162150978,
          0.9673960582012713
        ],
        [
          -0.07802800249913716,
          0.9969011896757215,
          0.00998242701579731
        ],
        [
          -0.9646915313895825,
          -0.07297281368910744,
          -0.25307156641455597
        ]
      ],
      "tx": 0.004664604507256018,
      "ty": 0.0669019340981202,
      "tz": 0.0
    },
    {
      "R": [
        [
          0.9365178978320781,
          0.19378668377246716,
          -0.29220018520297875
        ],
        [
          0.3327670853567148,
          -0.7537940432030552,
          0.5666221027587852
        ],
        [
          -0.11045494078302777,
          -0.6278863445115368,
          -0.7704274426787752
        ]
      ],
      "tx": 0.07800931472053657,
      "ty": 0.00837508328081106,
      "tz": 0.0
    },
    {
      "R": [
        [
          -0.20984151171999366,
          0.9530315432795269,
          0.2183973843096833
        ],
        [
          0.927655197503187,
          0.264634506121867,
          -0.26348512807169766
        ],
        [
          -0.3089051221724744,
          0.14730735108567755,
          -0.9396159693256232
        ]
      ],
      "tx": -0.059557042639398844,
      "ty": 0.04328660855071992,
      "tz": 0.0
    },
    {
      "R": [
        [
          -0.3733476467921939,
          -0.804407266235798,
          0.46210440883179327
        ],
        [
          0.8810182157462616,
          -0.46345448496508856,
          -0.0949570633971917
        ],
        [
          0.2905485125723498,
          0.37167040559182885,
          0.8817270957893948
        ]
      ],
      "tx": -0.014973145819024342,
      "ty": -0.08613537276908043,
      "tz": 0.0
    },
    {
      "R": [
        [
          -0.5910072013714047,
          -0.037331083625881056,
          0.8058020092568999
        ],
        [
          0.3321991269521286,
          0.8990265755203508,
          0.2852980135934958
        ],
        [
          -0.7350879049334053,
          0.4362999045421262,
          -0.5189298269681057
        ]
      ],
      "tx": 0.06714870634618864,
      "ty": 0.07791162838024801,
      "tz": 0.0
    },
    {
      "R": [
        [
          0.6133285259938879,
          0.08607406224690702,
          -0.7851237959777302
        ],
        [
          -0.21548940089738167,
          -0.9380962450672468,
          -0.27118214006755714
        ],
        [
          -0.7598634333240759,
          0.3355095986690221,
          -0.5568131391211055
        ]
      ],
      "tx": -0.0980307863495054,
      "ty": -0.0014868806400946538,
      "tz": 0.0
    },
    {
      "R": [
        [
          0.6727904317271336,
          0.7331531696322374,
          0.09919407661055629
        ],
        [
          -0.5896271818530633,
          0.6123386932307182,
          -0.5266698312913992
        ],
        [
          -0.44687002740890097,
          0.2958508993237979,
          0.8442626510588207
        ]
      ],
      "tx": -0.08986900365232728,
      "ty": -0.08997403274739384,
      "tz": 0.0
    },
    {
      "R": [
        [
          -0.551778732483174,
          0.22641418083752984,
          -0.8026685798602882
        ],
        [
          -0.5430363471014145,
          -0.828000150813444,
          0.13974002998305687
        ],
        [
          -0.632970580758706,
          0.5129837901616228,
          0.5798240034056907
        ]
      ],
      "tx": -0.09774897581687976,
      "ty": 0.09407887340514143,
      "tz": 0.0
    }
  ],
  "points_N": 13524
}