{
  "type": "scene",
  "distance_m": 0.6,
  "num_objects": 11,
  "intrinsics": {
    "width": 640,
    "height": 480,
    "fx": 554.2562584220408,
    "fy": 554.2562584220408,
    "cx": -0.09577889628482458,
    "cy": -0.09832556887704721
  },
  "T_wc": [
    [
      0.999999999999,
      0.0,
      0.0,
      0.0
    ],
    [
      -0.0,
      0.9999999999973334,
      0.0,
      0.0
    ],
    [
      0.0,
      0.0,
      -0.9999999999983333,
      0.6150141660124063
    ],
    [
      0.0,
      0.0,
      0.0,
      1.0
    ]
  ],
  "bin_size": {
    "w": 0.25,
    "d": 0.25
  },
  "z_floor": 0.0,
  "piece_aabb": {
    "w": 0.0300283320248127,
    "d": 0.0300283320248127,
    "h": 0.0300283320248127
  },
  "poses": [
    {
      "R": [
        [
          -0.3843956156871855,
          0.12009800029221979,
          -0.9153231565771072
        ],
        [
          0.7287219789505415,
          -0.5692255797958634,
          -0.3807184218033974
        ],
        [
          -0.5667488756361816,
          -0.8133625941926963,
          0.1312897647695772
        ]
      ],
      "tx": -0.07225396602645516,
      "ty": 0.04721374209280271,
      "tz": 0.0
    },
    {
      "R": [
        [
          0.8303275569841604,
          0.06541379295401972,
          0.5534231507662871
        ],
        [
          -0.2044429777428779,
          0.9596006518993396,
          0.19331233205873727
        ],
        [
          -0.5184199233867667,
          -0.2736560333077475,
          0.8101562555889623
        ]
      ],
      "tx": 0.040827904025519446,
      "ty": -0.05246243616952344,
      "tz": 0.0
    },
    {
      "R": [
        [
          0.8461167786429101,
          0.16287123308804685,
          0.5075030623861532
        ],
        [
          -0.12502412387523731,
          0.9862501971449402,
          -0.108071814460551
        ],
        [
          -0.5181267850132572,
          0.02799124977462697,
          0.8548456729655245
        ]
      ],
      "tx": 0.08121398759807547,
      "ty": 0.011748149965944782,
      "tz": 0.0
    },
    {
      "R": [
        [
          0.4351046498418045,
          -0.2717912307426832,
          -0.8583783959172191
        ],
        [
          0.8550218917530944,
          -0.1740483511045816,
          0.488512779874525
        ],
        [
          -0.2821728341088143,
          -0.9464865019476791,
          0.1566582054086083
        ]
      ],
      "tx": -0.07850163488909138,
      "ty": -0.03941667438199275,
      "tz": 0.0
    },
    {
      "R": [
        [
          0.381215243406953,
          -0.7774703969601356,
          -0.5002146739599176
        ],
        [
          0.5182203416943832,
          0.6277820335153939,
          -0.5808075377002555
        ],
        [
          0.7655864521060534,
          -0.0378087324030571,
          0.6422210554830321
        ]
      ],
      "tx": 0.012994439365069221,
      "ty": 0.05721625492603821,
      "tz": 0.0
    },
    {
      "R": [
        [
          0.23424940003459338,
          -0.9625712481540779,
          -0.1363224516010983
        ],
        [
          0.5350649665919348,
          0.24472713975805993,
          -0.8085877247348062
        ],
        [
          0.8116850991051916,
          0.11646982138279305,
          0.5723653383964262
        ]
      ],
      "tx": -0.02342790947784948,
      "ty": 0.003213238361556889,
      "tz": 0.0
    },
    {
      "R": [
        [
          0.07754006918525613,
          0.2601972943773657,
          0.9624369619198154
        ],
        [
          -0.9911169992477352,
          0.1247370239987603,
          0.046127742694580365
        ],
        [
          -0.10804920857142092,
          -0.9574643820229718,
          0.2675580790865012
        ]
      ],
      "tx": -0.04001696951315604,
      "ty": -0.0845779644607024,
      "tz": 0.0
    },
    {
      "R": [
        [
          0.9611922988476735,
          -0.06792025412671496,
          0.26738774039825974
        ],
        [
          -0.01639730684897601,
          0.9534415329427821,
          0.30113181762779284
        ],
        [
          -0.27539152667434275,
          -0.2938300228688012,
          0.9153269496179464
        ]
      ],
      "tx": 0.09326559393344422,
      "ty": 0.07805597636426839,
      "tz": 0.0
    },
    {
      "R": [
        [
          0.3620169397353208,
          -0.09227113919375696,
          -0.9275935382572257
        ],
        [
          -0.8481640371169769,
          -0.44543939121511444,
          -0.2867080656265869
        ],
        [
          -0.3867318211449692,
          0.8905446567274401,
          -0.23951766717321932
        ]
      ],
      "tx": 0.09616641079354107,
      "ty": -0.0893471421499718,
      "tz": 0.0
    },
    {
      "R": [
        [
          -0.16789491506918908,
          0.984349423926248,
          0.05354912800385392
        ],
        [
          -0.2093086967654243,
          0.017486427883637967,
          -0.9776932516378691
        ],
        [
          -0.9633281719913879,
          -0.17535802364287112,
          0.2030970127594125
        ]
      ],
      "tx": -0.03124523204393327,
      "ty": 0.09885505998714633,
      "tz": 0.0
    },
    {
      "R": [
        [
          0.721897684049821,
          0.39119841825580043,
          0.5708130441025893
        ],
        [
          -0.38344982899113006,
          0.912792633277532,
          -0.14062658810104892
        ],
        [
          -0.5760468404654068,
          -0.11736015588106892,
          0.8089478545625752
        ]
      ],
      "tx": -0.09577889628482458,
      "ty": -0.09832556887704721,
      "tz": 0.0
    }
  ],
  "points_N": 12466
}