{
  "type": "scene",
  "distance_m": 0.6,
  "num_objects": 12,
  "intrinsics": {
    "width": 640,
    "height": 480,
    "fx": 554.2562584220408,
    "fy": 554.2562584220408,
    "cx": 0.02520295417340547,
    "cy": -0.08772985510898036
  },
  "T_wc": [
    [
      0.999999999999,
      0.0,
      0.0,
      0.0
    ],
    [
      -0.0,
      0.9999999999973334,
      0.0,
      0.0
    ],
    [
      0.0,
      0.0,
      -0.9999999999983333,
      0.6150141660124063
    ],
    [
      0.0,
      0.0,
      0.0,
      1.0
    ]
  ],
  "bin_size": {
    "w": 0.25,
    "d": 0.25
  },
  "z_floor": 0.0,
  "piece_aabb": {
    "w": 0.0300283320248127,
    "d": 0.0300283320248127,
    "h": 0.0300283320248127
  },
  "poses": [
    {
      "R": [
        [
          -0.26489917176975175,
          0.5181211452986128,
          0.8132520566159998
        ],
        [
          -0.7250785972589298,
          -0.663009688687948,
          0.18622346925920186
        ],
        [
          0.6356803100558661,
          -0.5403412176582165,
          0.5513092706520668
        ]
      ],
      "tx": -0.03956820382488494,
      "ty": -0.09321121287030308,
      "tz": 0.0
    },
    {
      "R": [
        [
          -0.531213627826101,
          -0.3768782502420964,
          -0.7587983039690378
        ],
        [
          0.8349793757769988,
          -0.08108018392973126,
          -0.5442751563326902
        ],
        [
          0.14360196251753,
          -0.9227073145198192,
          0.3577564647811934
        ]
      ],
      "tx": -0.055684959638158775,
      "ty": -0.0016212562814739706,
      "tz": 0.0
    },
    {
      "R": [
        [
          -0.4341084831671922,
          -0.8736287720007531,
          0.2198240059109462
        ],
        [
          -0.43905213781393104,
          -0.007897561540400222,
          -0.8984268744882538
        ],
        [
          0.7866276407063868,
          -0.4865289274587605,
          -0.3801401815416672
        ]
      ],
      "tx": 0.007196801733793265,
      "ty": -0.028712030947844136,
      "tz": 0.0
    },
    {
      "R": [
        [
          0.7489741727145905,
          0.6539311658811114,
          0.10682564718205578
        ],
        [
          -0.6598825710144552,
          0.7215614049870199,
          0.20953312698594972
        ],
        [
          0.0599389779513052,
          -0.227427283153381,
          0.9719486353710389
        ]
      ],
      "tx": 0.015963364209708716,
      "ty": 0.03529370200443663,
      "tz": 0.0
    },
    {
      "R": [
        [
          0.9646662493779823,
          -0.26339333479609756,
          0.006555798655183603
        ],
        [
          -0.15472116819779003,
          -0.5461685097240747,
          0.8232626064004696
        ],
        [
          -0.213261312531194,
          -0.7951879715958825,
          -0.567622852259049
        ]
      ],
      "tx": -0.028512865664081774,
      "ty": 0.08110012659824611,
      "tz": 0.0
    },
    {
      "R": [
        [
          -0.5380841175448983,
          0.5050079963003569,
          0.674857322786548
        ],
        [
          -0.7529225844177334,
          0.07194392296811769,
          -0.6541648521754122
        ],
        [
          -0.3789103644922496,
          -0.8601110367973757,
          0.34152004342306785
        ]
      ],
      "tx": 0.09140899452515339,
      "ty": 0.05014703023235695,
      "tz": 0.0
    },
    {
      "R": [
        [
          0.8642020449378058,
          -0.3714910389136732,
          0.33933646065837725
        ],
        [
          0.10558645177740109,
          0.793314813284806,
          0.5995857805384914
        ],
        [
          -0.4919413854580373,
          -0.482333924817375,
          0.7248087045861782
        ]
      ],
      "tx": 0.042211539159283884,
      "ty": 0.09390084706707635,
      "tz": 0.0
    },
    {
      "R": [
        [
          0.33318318046862305,
          0.14274411628142575,
          0.9319941445737991
        ],
        [
          -0.9205678762999596,
          0.2629322308411224,
          0.28882767718744107
        ],
        [
          -0.20382284802591416,
          -0.9541963944869764,
          0.219010244898862
        ]
      ],
      "tx": 0.08612786211421566,
      "ty": -0.09353844274095707,
      "tz": 0.0
    },
    {
      "R": [
        [
          0.7505711340505165,
          0.4311917947180375,
          -0.5007160961043289
        ],
        [
          -0.6606503291174997,
          0.505234560910775,
          -0.5552289447590387
        ],
        [
          0.013568911786175974,
          0.7475370724112177,
          0.6640814784375519
        ]
      ],
      "tx": 0.07688417164375372,
      "ty": -0.027738132127049425,
      "tz": 0.0
    },
    {
      "R": [
        [
          0.27424943616779607,
          0.5808368593728379,
          0.7664305510322146
        ],
        [
          0.8789786872486567,
          -0.4747106463288919,
          0.04523571182852404
        ],
        [
          0.3901073110366863,
          0.661270251149939,
          -0.6407323472557183
        ]
      ],
      "tx": -0.09340240855971706,
      "ty": 0.07922459647739391,
      "tz": 0.0
    },
    {
      "R": [
        [
          0.31938731036606405,
          -0.38291439266296884,
          -0.8668150401721704
        ],
        [
          -0.8242982773294616,
          -0.5634976627629487,
          -0.05479720843598351
        ],
        [
          -0.4674656093968985,
          0.7320156773951254,
          -0.4956096771441638
        ]
      ],
      "tx": -0.09838515493417482,
      "ty": -0.09766907006589302,
      "tz": 0.0
    },
    {
      "R": [
        [
          0.8234035832435688,
          -0.5149463051820584,
          0.23840478577620383
        ],
        [
          0.11564341609321221,
          0.5635879774120456,
          0.8179212627330896
        ],
        [
          -0.5555476031952109,
          -0.6459093547053998,
          0.5236105099099049
        ]
      ],
      "tx": 0.02520295417340547,
      "ty": -0.08772985510898036,
      "tz": 0.0
    }
  ],
  "points_N": 14469
}