{
  "type": "scene",
  "distance_m": 0.6,
  "num_objects": 3,
  "intrinsics": {
    "width": 640,
    "height": 480,
    "fx": 554.2562584220408,
    "fy": 554.2562584220408,
    "cx": -0.028593214766211503,
    "cy": 0.01134808053967179
  },
  "T_wc": [
    [
      0.999999999999,
      0.0,
      0.0,
      0.0
    ],
    [
      -0.0,
      0.9999999999973334,
      0.0,
      0.0
    ],
    [
      0.0,
      0.0,
      -0.9999999999983333,
      0.6150141660124063
    ],
    [
      0.0,
      0.0,
      0.0,
      1.0
    ]
  ],
  "bin_size": {
    "w": 0.25,
    "d": 0.25
  },
  "z_floor": 0.0,
  "piece_aabb": {
    "w": 0.0300283320248127,
    "d": 0.0300283320248127,
    "h": 0.0300283320248127
  },
  "poses": [
    {
      "R": [
        [
          0.36114151447701137,
          -0.022725725928364526,
          0.9322340628309393
        ],
        [
          0.8058170922296751,
          0.5107129396824249,
          -0.2997183796690608
        ],
        [
          -0.469292680948427,
          0.8594508913381642,
          0.20275242288632067
        ]
      ],
      "tx": 0.05612396201025119,
      "ty": 0.051941271886403656,
      "tz": 0.0
    },
    {
      "R": [
        [
          0.3727938085443364,
          0.9250787684774016,
          -0.07248481512249827
        ],
        [
          -0.7863526471704645,
          0.27348455438981867,
          -0.5539455864958265
        ],
        [
          -0.49261982359524625,
          0.2635061111673434,
          0.8293914870424293
        ]
      ],
      "tx": 0.045292578215704926,
      "ty": -0.01821894874409108,
      "tz": 0.0
    },
    {
      "R": [
        [
          0.8216607412666059,
          -0.3502250944121449,
          -0.4496843442963251
        ],
        [
          0.5599383503917733,
          0.64339974014418,
          0.5220208981860223
        ],
        [
          0.10650197191484925,
          -0.6807195881024769,
          0.724760769048548
        ]
      ],
      "tx": -0.028593214766211503,
      "ty": 0.01134808053967179,
      "tz": 0.0
    }
  ],
  "points_N": 3545
}