{
  "type": "scene",
  "distance_m": 0.6,
  "num_objects": 8,
  "intrinsics": {
    "width": 640,
    "height": 480,
    "fx": 554.2562584220408,
    "fy": 554.2562584220408,
    "cx": -0.08743387180261883,
    "cy": 0.026811753189250137
  },
  "T_wc": [
    [
      0.999999999999,
      0.0,
      0.0,
      0.0
    ],
    [
      -0.0,
      0.9999999999973334,
      0.0,
      0.0
    ],
    [
      0.0,
      0.0,
      -0.9999999999983333,
      0.6150141660124063
    ],
    [
      0.0,
      0.0,
      0.0,
      1.0
    ]
  ],
  "bin_size": {
    "w": 0.25,
    "d": 0.25
  },
  "z_floor": 0.0,
  "piece_aabb": {
    "w": 0.0300283320248127,
    "d": 0.0300283320248127,
    "h": 0.0300283320248127
  },
  "poses": [
    {
      "R": [
        [
          0.8757337313008069,
          0.4758731880299556,
          -0.08145637345335621
        ],
        [
          0.45400841987193385,
          -0.7543262863195603,
          0.4742027081878916
        ],
        [
          0.1642156708336813,
          -0.45225718643438645,
          -0.8766394074938093
        ]
      ],
      "tx": -0.027907047653567232,
      "ty": -0.06451327612965707,
      "tz": 0.0
    },
    {
      "R": [
        [
          0.27509138939035793,
          -0.8762444597709974,
          0.3956265590224135
        ],
        [
          -0.8089610960742407,
          -0.4333281790477881,
          -0.3972513489989572
        ],
        [
          0.5195254301010159,
          -0.21076606928953476,
          -0.8280525294415768
        ]
      ],
      "tx": -0.0885252843844402,
      "ty": -0.061380617446056135,
      "tz": 0.0
    },
    {
      "R": [
        [
          0.7338594689896816,
          0.6792432238694728,
          0.008883839349499073
        ],
        [
          -0.6057247275527284,
          0.6483978809072322,
          0.46116997134048493
        ],
        [
          0.3074863154765679,
          -0.3438151114515125,
          0.8872673412969896
        ]
      ],
      "tx": -0.004074472623015329,
      "ty": -0.0071180271835501185,
      "tz": 0.0
    },
    {
      "R": [
        [
          0.39495609278967847,
          0.5823003993345183,
          -0.7105884390441286
        ],
        [
          0.26582023814360844,
          0.6679535954003759,
          0.6951097721834919
        ],
        [
          0.87940280063324,
          -0.4634266277703206,
          0.10902511138193027
        ]
      ],
      "tx": 0.08902520245731635,
      "ty": 0.04453769402666735,
      "tz": 0.0
    },
    {
      "R": [
        [
          -0.9390682975719811,
          -0.07257039823375938,
          -0.3359825438850298
        ],
        [
          0.34261732822614366,
          -0.2762252952719664,
          -0.8979493040540175
        ],
        [
          -0.02764233880194153,
          -0.9583491657804629,
          0.2842582937285204
        ]
      ],
      "tx": -0.0628091490187022,
      "ty": 0.08235641450198936,
      "tz": 0.0
    },
    {
      "R": [
        [
          0.5272429923782009,
          -0.8382207054299606,
          0.13928702730900455
        ],
        [
          0.7357546236820314,
          0.3683550609420171,
          -0.5683130148157044
        ],
        [
          0.42506465475100674,
          0.4021201289004343,
          0.8109373842748313
        ]
      ],
      "tx": 0.019905464512391252,
      "ty": 0.08669091314766908,
      "tz": 0.0
    },
    {
      "R": [
        [
          -0.04543936887615785,
          -0.650181155747067,
          0.7584192300222514
        ],
        [
          0.5693600924812575,
          0.6069665459891513,
          0.5544553157286286
        ],
        [
          -0.8208314984489025,
          0.45700774256177273,
          0.3426070261870324
        ]
      ],
      "tx": 0.06658395020188937,
      "ty": -0.05252139943146152,
      "tz": 0.0
    },
    {
      "R": [
        [
          0.17810374346589586,
          -0.7908731754579343,
          -0.5854901168290699
        ],
        [
          0.5196940997839243,
          -0.42965107979910977,
          0.7384564931512456
        ],
        [
          -0.8355818925833728,
          -0.4357976250148026,
          0.33448965726647895
        ]
      ],
      "tx": -0.08743387180261883,
      "ty": 0.026811753189250137,
      "tz": 0.0
    }
  ],
  "points_N": 9602
}