{
  "type": "scene",
  "distance_m": 0.6,
  "num_objects": 8,
  "intrinsics": {
    "width": 640,
    "height": 480,
    "fx": 554.2562584220408,
    "fy": 554.2562584220408,
    "cx": -0.04547390540207151,
    "cy": 0.07427079406762749
  },
  "T_wc": [
    [
      0.999999999999,
      0.0,
      0.0,
      0.0
    ],
    [
      -0.0,
      0.9999999999973334,
      0.0,
      0.0
    ],
    [
      0.0,
      0.0,
      -0.9999999999983333,
      0.6150141660124063
    ],
    [
      0.0,
      0.0,
      0.0,
      1.0
    ]
  ],
  "bin_size": {
    "w": 0.25,
    "d": 0.25
  },
  "z_floor": 0.0,
  "piece_aabb": {
    "w": 0.0300283320248127,
    "d": 0.0300283320248127,
    "h": 0.0300283320248127
  },
  "poses": [
    {
      "R": [
        [
          -0.5752237563699523,
          0.38110447647602064,
          0.7237934844398504
        ],
        [
          -0.7765108968703937,
          0.02380438668279128,
          -0.6296540146907608
        ],
        [
          -0.257193423611838,
          -0.9242254752951762,
          0.28223893010395873
        ]
      ],
      "tx": 0.05286941155098279,
      "ty": 0.049450697109075625,
      "tz": 0.0
    },
    {
      "R": [
        [
          -0.11851155830798121,
          0.21846076202549702,
          -0.9686226850547395
        ],
        [
          0.894479980224163,
          -0.4000487359885485,
          -0.1996661559006574
        ],
        [
          -0.4311155013747418,
          -0.8900763474495903,
          -0.1479983789951811
        ]
      ],
      "tx": -0.043193010196421036,
      "ty": 0.001635752682092595,
      "tz": 0.0
    },
    {
      "R": [
        [
          0.11830612537655727,
          -0.2300443736828856,
          -0.9659623423484143
        ],
        [
          0.025697210613587096,
          0.9731775992386065,
          -0.2286154275346769
        ],
        [
          0.9926446061229905,
          0.002224067676811603,
          0.1210443697901794
        ]
      ],
      "tx": 0.005739680885425175,
      "ty": -0.08648550685208042,
      "tz": 0.0
    },
    {
      "R": [
        [
          0.8989400928827745,
          -0.05300432838132447,
          -0.4348531367953477
        ],
        [
          -0.07993518935582755,
          0.9561410334361605,
          -0.281788377479056
        ],
        [
          0.43071693130240035,
          0.28807093805602063,
          0.8552765983802946
        ]
      ],
      "tx": 0.03677183482949936,
      "ty": -0.030950110515480453,
      "tz": 0.0
    },
    {
      "R": [
        [
          -0.09502155173306637,
          -0.3004615992373792,
          -0.9490488565347712
        ],
        [
          0.7267458901909862,
          0.6305849658105478,
          -0.2724022980523866
        ],
        [
          0.6803023708592755,
          -0.7156014451336908,
          0.15844007045511566
        ]
      ],
      "tx": 0.09812498489508156,
      "ty": -0.09180577063348254,
      "tz": 0.0
    },
    {
      "R": [
        [
          -0.8385725059723022,
          0.5013720720314718,
          0.21312484044381486
        ],
        [
          0.07451923086014092,
          0.4930912288602076,
          -0.8667802052730227
        ],
        [
          -0.5396693769886762,
          -0.7109761496759219,
          -0.45085460864080673
        ]
      ],
      "tx": -0.08194002895664756,
      "ty": -0.04559303931472554,
      "tz": 0.0
    },
    {
      "R": [
        [
          0.359316253548158,
          -0.27252038349702445,
          -0.8925382179575004
        ],
        [
          -0.5272981565718429,
          -0.8483925432874933,
          0.04676266213674479
        ],
        [
          -0.7699665473330982,
          0.45383117243399423,
          -0.44854072603848816
        ]
      ],
      "tx": 0.09706192405684688,
      "ty": 0.09742223199029973,
      "tz": 0.0
    },
    {
      "R": [
        [
          -0.795301492404588,
          -0.06759717252289393,
          -0.6024335303134654
        ],
        [
          -0.45078980803241747,
          0.7303836109637494,
          0.5131552687146949
        ],
        [
          0.40531973200564897,
          0.6796840465263728,
          -0.6113472922524514
        ]
      ],
      "tx": -0.04547390540207151,
      "ty": 0.07427079406762749,
      "tz": 0.0
    }
  ],
  "points_N": 9550
}