{
  "type": "scene",
  "distance_m": 0.6,
  "num_objects": 11,
  "intrinsics": {
    "width": 640,
    "height": 480,
    "fx": 554.2562584220408,
    "fy": 554.2562584220408,
    "cx": 0.09778878518821954,
    "cy": 0.021175768023789718
  },
  "T_wc": [
    [
      0.999999999999,
      0.0,
      0.0,
      0.0
    ],
    [
      -0.0,
      0.9999999999973334,
      0.0,
      0.0
    ],
    [
      0.0,
      0.0,
      -0.9999999999983333,
      0.6150141660124063
    ],
    [
      0.0,
      0.0,
      0.0,
      1.0
    ]
  ],
  "bin_size": {
    "w": 0.25,
    "d": 0.25
  },
  "z_floor": 0.0,
  "piece_aabb": {
    "w": 0.0300283320248127,
    "d": 0.0300283320248127,
    "h": 0.0300283320248127
  },
  "poses": [
    {
      "R": [
        [
          0.9906677774007356,
          -0.10997353690214763,
          -0.08051817186895481
        ],
        [
          -0.1357209786020952,
          -0.8502752137377847,
          -0.5085389629816518
        ],
        [
          -0.012536777384008685,
          0.5147211692600141,
          -0.8572659722212397
        ]
      ],
      "tx": 0.06312792963619046,
      "ty": 0.07394179193406508,
      "tz": 0.0
    },
    {
      "R": [
        [
          -0.12559920526161705,
          -0.2948418118235379,
          -0.9472555862270031
        ],
        [
          -0.8289869503218437,
          0.5557025838316231,
          -0.06304977810386797
        ],
        [
          0.544982087626501,
          0.7773435175798864,
          -0.3142158173020406
        ]
      ],
      "tx": -0.02800877857787995,
      "ty": -0.059401760926993036,
      "tz": 0.0
    },
    {
      "R": [
        [
          0.19161437999071662,
          0.9413308501038951,
          0.2778131746758083
        ],
        [
          -0.866706486051517,
          0.029465806121301563,
          0.4979474202221083
        ],
        [
          0.46054727924177813,
          -0.33619636659592217,
          0.8215036254762944
        ]
      ],
      "tx": 0.06806309474404101,
      "ty": -0.02810752031643994,
      "tz": 0.0
    },
    {
      "R": [
        [
          -0.006991536432390699,
          -0.9947856469008621,
          0.10174789992106947
        ],
        [
          -0.3619103076576117,
          0.09736991404770512,
          0.9271138166641222
        ],
        [
          -0.932186702130795,
          -0.030341663737770252,
          -0.36070394482475043
        ]
      ],
      "tx": 0.07019982798679933,
      "ty": -0.09566214801046109,
      "tz": 0.0
    },
    {
      "R": [
        [
          -0.16885820727603384,
          0.5056975847751352,
          0.8460241477570947
        ],
        [
          -0.6772827669580205,
          0.5640730551536655,
          -0.4723448338145526
        ],
        [
          -0.7160830674001522,
          -0.6527568775602481,
          0.24725189459452857
        ]
      ],
      "tx": 0.004349581076711961,
      "ty": 0.0789058153492185,
      "tz": 0.0
    },
    {
      "R": [
        [
          0.6835657426389793,
          0.7082909054074963,
          -0.17624377664885077
        ],
        [
          -0.7298340445133688,
          0.6662501916400623,
          -0.1531435588225585
        ],
        [
          0.008952260031909048,
          0.23331239884886,
          0.9723606232173903
        ]
      ],
      "tx": -0.0012783692219751897,
      "ty": -0.006997283544644239,
      "tz": 0.0
    },
    {
      "R": [
        [
          0.4877828763888655,
          -0.7585366199830254,
          0.4320764534738408
        ],
        [
          0.6258091822903163,
          -0.04123602607498156,
          -0.7788853943390318
        ],
        [
          0.6086302102779078,
          0.6503243700633331,
          0.4545849544791368
        ]
      ],
      "tx": -0.09598004346670602,
      "ty": -0.06250543319896255,
      "tz": 0.0
    },
    {
      "R": [
        [
          0.12187611643910168,
          -0.6806844269956144,
          -0.7223675816974172
        ],
        [
          -0.5352579124977851,
          0.5678206574910354,
          -0.6253628291119977
        ],
        [
          0.8358499741880933,
          0.46286975681297265,
          -0.29513794889451894
        ]
      ],
      "tx": -0.08315341725247681,
      "ty": 0.09289717715504683,
      "tz": 0.0
    },
    {
      "R": [
        [
          0.4695130307994101,
          -0.8718026734655784,
          0.13970544888379327
        ],
        [
          0.5086699714831142,
          0.39641958798087384,
          0.7642685198125341
        ],
        [
          -0.7216733153033441,
          -0.287770062382007,
          0.6295840032717921
        ]
      ],
      "tx": -0.08864676106142214,
      "ty": -0.0018729803411452056,
      "tz": 0.0
    },
    {
      "R": [
        [
          0.5578605184436669,
          0.8219071085534368,
          -0.11515357949752292
        ],
        [
          0.6764953108478358,
          -0.5307013326469727,
          -0.5105978749736602
        ],
        [
          -0.48077618115153475,
          0.20694153869162296,
          -0.8520736254580883
        ]
      ],
      "tx": -0.040128795318373746,
      "ty": 0.038781927264305405,
      "tz": 0.0
    },
    {
      "R": [
        [
          0.29121501040478204,
          -0.21931563182659378,
          0.9311790758771615
        ],
        [
          -0.23843680206201487,
          0.9260098690850884,
          0.292666386487169
        ],
        [
          -0.9264673276146235,
          -0.3072562057852036,
          0.21737505576560168
        ]
      ],
      "tx": 0.09778878518821954,
      "ty": 0.021175768023789718,
      "tz": 0.0
    }
  ],
  "points_N": 12932
}