{
  "type": "scene",
  "distance_m": 0.6,
  "num_objects": 11,
  "intrinsics": {
    "width": 640,
    "height": 480,
    "fx": 554.2562584220408,
    "fy": 554.2562584220408,
    "cx": -0.09613591345262601,
    "cy": 0.09845678004382005
  },
  "T_wc": [
    [
      0.999999999999,
      0.0,
      0.0,
      0.0
    ],
    [
      -0.0,
      0.9999999999973334,
      0.0,
      0.0
    ],
    [
      0.0,
      0.0,
      -0.9999999999983333,
      0.6150141660124063
    ],
    [
      0.0,
      0.0,
      0.0,
      1.0
    ]
  ],
  "bin_size": {
    "w": 0.25,
    "d": 0.25
  },
  "z_floor": 0.0,
  "piece_aabb": {
    "w": 0.0300283320248127,
    "d": 0.0300283320248127,
    "h": 0.0300283320248127
  },
  "poses": [
    {
      "R": [
        [
          -0.3657939260031198,
          -0.61167796297992,
          -0.701459103087243
        ],
        [
          0.4836053030064775,
          0.5190341367034901,
          -0.7047903772331712
        ],
        [
          0.7951859622775272,
          -0.5970373811924998,
          0.10595117203487958
        ]
      ],
      "tx": 0.0942446609974184,
      "ty": 0.08861695422144594,
      "tz": 0.0
    },
    {
      "R": [
        [
          0.33397744569069243,
          -0.7686037743960502,
          0.5456256076780728
        ],
        [
          -0.8848364382583603,
          -0.45514465959679984,
          -0.09953801470178153
        ],
        [
          0.3248438752696123,
          -0.44954596742119574,
          -0.8320966770004323
        ]
      ],
      "tx": -0.039838854845637275,
      "ty": -0.012645437366967063,
      "tz": 0.0
    },
    {
      "R": [
        [
          -0.3629579778971641,
          -0.8822835179482919,
          0.29972871106650334
        ],
        [
          0.8442765849822208,
          -0.44749419023123616,
          -0.29486606749514066
        ],
        [
          0.39428232820094833,
          0.14602994099182526,
          0.9073129019265425
        ]
      ],
      "tx": -0.07051730045992982,
      "ty": 0.046060225353338674,
      "tz": 0.0
    },
    {
      "R": [
        [
          0.7436400474491026,
          0.5540216269644596,
          0.3742452627429633
        ],
        [
          0.27715581592013827,
          0.25394879517549473,
          -0.9266577918145172
        ],
        [
          -0.6084275910340843,
          0.7928240954238007,
          0.035296178035210124
        ]
      ],
      "tx": -0.0039058255333240255,
      "ty": 0.0938681869356037,
      "tz": 0.0
    },
    {
      "R": [
        [
          0.23317315013307027,
          0.6381039493658555,
          -0.7337939982452285
        ],
        [
          0.5797127128903808,
          0.514632014899161,
          0.6317333771094453
        ],
        [
          0.7807454467176197,
          -0.5726929710102329,
          -0.24991860351957973
        ]
      ],
      "tx": 0.06553178959386344,
      "ty": -0.06641311146957415,
      "tz": 0.0
    },
    {
      "R": [
        [
          0.8463286830462254,
          -0.24455969003316494,
          0.47320008269665803
        ],
        [
          -0.004444377283609718,
          0.8850969531847032,
          0.4653854649360208
        ],
        [
          -0.5326424764922553,
          -0.3959721473462971,
          0.7479960232261664
        ]
      ],
      "tx": -0.08142596388522932,
      "ty": -0.07225213598761016,
      "tz": 0.0
    },
    {
      "R": [
        [
          0.8917012934721675,
          -0.4472374590419607,
          0.06962369172741228
        ],
        [
          0.3865851419182453,
          0.6725302938529669,
          -0.6310744265917388
        ],
        [
          0.23541608115868673,
          0.5896453672163738,
          0.7725914895027994
        ]
      ],
      "tx": 0.007336904932567098,
      "ty": -0.0800016005777856,
      "tz": 0.0
    },
    {
      "R": [
        [
          0.32108650250163473,
          -0.9437116133454948,
          -0.07944714436725109
        ],
        [
          0.6422665385258988,
          0.27863565973219573,
          -0.714041919368579
        ],
        [
          0.6959864592082434,
          0.17824298012108947,
          0.6955805407257487
        ]
      ],
      "tx": 0.04580977450164936,
      "ty": 0.05287027180778106,
      "tz": 0.0
    },
    {
      "R": [
        [
          -0.21710197840340073,
          -0.05015527355762722,
          0.9748595691214651
        ],
        [
          -0.5563590480910714,
          -0.8142341960492065,
          -0.16579289366947686
        ],
        [
          0.8020793854603957,
          -0.5783659071197584,
          0.14886751459271674
        ]
      ],
      "tx": 0.056885054484287545,
      "ty": -0.003513267352664648,
      "tz": 0.0
    },
    {
      "R": [
        [
          0.7309265937653759,
          0.4196177507667076,
          -0.5382074486367076
        ],
        [
          -0.2843681199197604,
          0.9041742928114913,
          0.31875322836347936
        ],
        [
          0.620387851992482,
          -0.07993617116380342,
          0.7802109468854082
        ]
      ],
      "tx": -0.0976771422685026,
      "ty": -0.006989615075154235,
      "tz": 0.0
    },
    {
      "R": [
        [
          -0.3136615231306301,
          0.9494429561505836,
          -0.01321067460099258
        ],
        [
          -0.9417800786905993,
          -0.3128442370984643,
          -0.12320213754561157
        ],
        [
          -0.12110628509247988,
          -0.026202219950227285,
          0.9922936618666769
        ]
      ],
      "tx": -0.09613591345262601,
      "ty": 0.09845678004382005,
      "tz": 0.0
    }
  ],
  "points_N": 12802
}