{
  "type": "scene",
  "distance_m": 0.6,
  "num_objects": 11,
  "intrinsics": {
    "width": 640,
    "height": 480,
    "fx": 554.2562584220408,
    "fy": 554.2562584220408,
    "cx": 0.09707348021194243,
    "cy": -0.09880976034865746
  },
  "T_wc": [
    [
      0.999999999999,
      0.0,
      0.0,
      0.0
    ],
    [
      -0.0,
      0.9999999999973334,
      0.0,
      0.0
    ],
    [
      0.0,
      0.0,
      -0.9999999999983333,
      0.6150141660124063
    ],
    [
      0.0,
      0.0,
      0.0,
      1.0
    ]
  ],
  "bin_size": {
    "w": 0.25,
    "d": 0.25
  },
  "z_floor": 0.0,
  "piece_aabb": {
    "w": 0.0300283320248127,
    "d": 0.0300283320248127,
    "h": 0.0300283320248127
  },
  "poses": [
    {
      "R": [
        [
          0.7409545938457305,
          0.5558099475579314,
          -0.37691058893928425
        ],
        [
          -0.49323616697539996,
          0.8312999795196345,
          0.2562390049115678
        ],
        [
          0.4557459527481555,
          -0.0039555336308317035,
          0.8901011067892071
        ]
      ],
      "tx": 0.047560744262312105,
      "ty": -0.06708391448800183,
      "tz": 0.0
    },
    {
      "R": [
        [
          0.6488932824206775,
          0.38882010056298244,
          0.6540309147337848
        ],
        [
          0.13468724349378283,
          -0.9046951896603708,
          0.4042102921072546
        ],
        [
          0.7488637088745624,
          -0.1741997221684865,
          -0.6394197387687188
        ]
      ],
      "tx": -0.022101011112618807,
      "ty": -0.09065334753841839,
      "tz": 0.0
    },
    {
      "R": [
        [
          0.39379172124571904,
          -0.18134135508473181,
          0.9011345033980039
        ],
        [
          0.8065956457676279,
          0.5383264904355387,
          -0.24414760683664144
        ],
        [
          -0.4408305167601686,
          0.8229944730260277,
          0.3582576626697238
        ]
      ],
      "tx": -0.06109367486649453,
      "ty": -0.018628519116994688,
      "tz": 0.0
    },
    {
      "R": [
        [
          0.11573723748716269,
          -0.9693969162208634,
          -0.2165052209077654
        ],
        [
          0.7514647529031332,
          -0.05708317477606406,
          0.6572991984642294
        ],
        [
          -0.6495426213906775,
          -0.23877003576446837,
          0.721860965157392
        ]
      ],
      "tx": -0.0978232582989632,
      "ty": 0.03527355588735406,
      "tz": 0.0
    },
    {
      "R": [
        [
          -0.9190576909859094,
          -0.09412068988938757,
          0.3827195531644474
        ],
        [
          -0.17293586182118667,
          -0.7762865853585685,
          -0.6061949563370659
        ],
        [
          0.3541555425738978,
          -0.6233140726207611,
          0.6971753140617563
        ]
      ],
      "tx": 0.09023533470011225,
      "ty": -0.002237368963192654,
      "tz": 0.0
    },
    {
      "R": [
        [
          -0.7316733433678657,
          0.4840428337451195,
          -0.4799548454853687
        ],
        [
          -0.6804440032595429,
          -0.5605959219413648,
          0.47194085511940864
        ],
        [
          -0.040621140223002034,
          0.6718889397829868,
          0.7395371360278518
        ]
      ],
      "tx": -0.0021841058729200197,
      "ty": 0.012895902974351017,
      "tz": 0.0
    },
    {
      "R": [
        [
          -0.47272370997164903,
          0.051378410785486245,
          -0.8797116305561713
        ],
        [
          0.021334329056146906,
          0.9986735215683273,
          0.04686196455591325
        ],
        [
          0.8809524053173156,
          0.003384704340626342,
          -0.4731927760883108
        ]
      ],
      "tx": 0.03945844150961281,
      "ty": 0.08404623763895538,
      "tz": 0.0
    },
    {
      "R": [
        [
          0.8035160847889018,
          -0.017196174729417042,
          -0.5950346150100764
        ],
        [
          -0.08171063895380154,
          -0.9933072795913169,
          -0.08163344775678538
        ],
        [
          -0.5896484316669349,
          0.11421444692145419,
          -0.7995434867142319
        ]
      ],
      "tx": -0.04669731655636067,
      "ty": 0.0885866529047962,
      "tz": 0.0
    },
    {
      "R": [
        [
          -0.6528778284480086,
          0.6914498003171278,
          0.30926964733451723
        ],
        [
          0.29700296623245837,
          -0.1419161914599525,
          0.9442716942970509
        ],
        [
          0.6968068449506891,
          0.7083480558615983,
          -0.11270870679304235
        ]
      ],
      "tx": -0.09830886817906688,
      "ty": -0.07634943019076706,
      "tz": 0.0
    },
    {
      "R": [
        [
          -0.14315999884822372,
          -0.5449595532163691,
          -0.8261502890443071
        ],
        [
          0.9578124882373813,
          -0.28647262637744064,
          0.022992862216953625
        ],
        [
          -0.24919962300592086,
          -0.788005405879063,
          0.5629804865171439
        ]
      ],
      "tx": 0.09751315900943033,
      "ty": 0.07584230490665814,
      "tz": 0.0
    },
    {
      "R": [
        [
          -0.6081525327019102,
          0.7002878766013643,
          0.3738280177480073
        ],
        [
          -0.5728232534041089,
          -0.7131607655859908,
          0.40407331363050336
        ],
        [
          0.5495671181282447,
          0.0316008277416214,
          0.8348517056090023
        ]
      ],
      "tx": 0.09707348021194243,
      "ty": -0.09880976034865746,
      "tz": 0.0
    }
  ],
  "points_N": 13278
}