{
  "type": "scene",
  "distance_m": 0.6,
  "num_objects": 8,
  "intrinsics": {
    "width": 640,
    "height": 480,
    "fx": 554.2562584220408,
    "fy": 554.2562584220408,
    "cx": -0.034800163568677475,
    "cy": 0.024855420910595546
  },
  "T_wc": [
    [
      0.999999999999,
      0.0,
      0.0,
      0.0
    ],
    [
      -0.0,
      0.9999999999973334,
      0.0,
      0.0
    ],
    [
      0.0,
      0.0,
      -0.9999999999983333,
      0.6150141660124063
    ],
    [
      0.0,
      0.0,
      0.0,
      1.0
    ]
  ],
  "bin_size": {
    "w": 0.25,
    "d": 0.25
  },
  "z_floor": 0.0,
  "piece_aabb": {
    "w": 0.0300283320248127,
    "d": 0.0300283320248127,
    "h": 0.0300283320248127
  },
  "poses": [
    {
      "R": [
        [
          -0.33138566227163735,
          -0.10176435542709375,
          -0.937991235995996
        ],
        [
          -0.5575072912952542,
          -0.780921308870083,
          0.2816869352761403
        ],
        [
          -0.7611630331232703,
          0.616283964838567,
          0.20205175497738004
        ]
      ],
      "tx": 0.03670071042279682,
      "ty": 0.019021906976282033,
      "tz": 0.0
    },
    {
      "R": [
        [
          -0.27460455862208355,
          0.6268943429567619,
          -0.7291061782434576
        ],
        [
          -0.881735640631246,
          -0.46664949345899576,
          -0.06914123440515774
        ],
        [
          -0.3835812774687746,
          0.6238924050052801,
          0.6808991632776109
        ]
      ],
      "tx": 0.05482038569691916,
      "ty": -0.0517750621813272,
      "tz": 0.0
    },
    {
      "R": [
        [
          0.3692747531367726,
          -0.8972297540331265,
          -0.24210519443711048
        ],
        [
          -0.702545148643625,
          -0.4400583996033336,
          0.5592664115212536
        ],
        [
          -0.6083308892478523,
          -0.03643313623898614,
          -0.7928468677939704
        ]
      ],
      "tx": -0.01490819381804144,
      "ty": -0.09174935766086541,
      "tz": 0.0
    },
    {
      "R": [
        [
          0.2697197350029068,
          0.9254127481532096,
          0.2662001316781906
        ],
        [
          0.8681297096823769,
          -0.11407172185453862,
          -0.4830511871840631
        ],
        [
          -0.4166558192522381,
          0.3613846812313231,
          -0.8341456949805477
        ]
      ],
      "tx": 0.07364155500459499,
      "ty": 0.08205718261994724,
      "tz": 0.0
    },
    {
      "R": [
        [
          -0.7971091860483341,
          0.3175381445891328,
          0.5136014722021861
        ],
        [
          -0.4997316630602227,
          -0.8243504744972745,
          -0.2659220941012275
        ],
        [
          0.33894720894621033,
          -0.46863186183507527,
          0.8157812008256655
        ]
      ],
      "tx": -0.07608568621170142,
      "ty": 0.07412242079611847,
      "tz": 0.0
    },
    {
      "R": [
        [
          -0.6123686935799826,
          0.20174603658537327,
          0.7643972264766784
        ],
        [
          -0.7267232772724855,
          0.23702016467747988,
          -0.6447439180066752
        ],
        [
          -0.3112520865688827,
          -0.9503262483265174,
          0.0014698122883967102
        ]
      ],
      "tx": -0.07016227697283928,
      "ty": -0.04272701228027618,
      "tz": 0.0
    },
    {
      "R": [
        [
          0.11455802897303602,
          0.6306493579868121,
          0.7675661829892161
        ],
        [
          -0.7040709746984716,
          -0.49354297800803426,
          0.5105873005139329
        ],
        [
          0.7008284530360888,
          -0.598912945368342,
          0.38748259739665736
        ]
      ],
      "tx": -0.02114353372160896,
      "ty": 0.09540193450868939,
      "tz": 0.0
    },
    {
      "R": [
        [
          -0.859324572796947,
          -0.4077275633413403,
          -0.308738583074869
        ],
        [
          0.3964476944729367,
          -0.9124265519475772,
          0.10152345959505352
        ],
        [
          -0.3230951936108575,
          -0.0351570959094856,
          0.9457132094206857
        ]
      ],
      "tx": -0.034800163568677475,
      "ty": 0.024855420910595546,
      "tz": 0.0
    }
  ],
  "points_N": 9466
}