{
  "type": "scene",
  "distance_m": 0.6,
  "num_objects": 10,
  "intrinsics": {
    "width": 640,
    "height": 480,
    "fx": 554.2562584220408,
    "fy": 554.2562584220408,
    "cx": 0.0970587511660092,
    "cy": 0.021692230776740623
  },
  "T_wc": [
    [
      0.999999999999,
      0.0,
      0.0,
      0.0
    ],
    [
      -0.0,
      0.9999999999973334,
      0.0,
      0.0
    ],
    [
      0.0,
      0.0,
      -0.9999999999983333,
      0.6150141660124063
    ],
    [
      0.0,
      0.0,
      0.0,
      1.0
    ]
  ],
  "bin_size": {
    "w": 0.25,
    "d": 0.25
  },
  "z_floor": 0.0,
  "piece_aabb": {
    "w": 0.0300283320248127,
    "d": 0.0300283320248127,
    "h": 0.0300283320248127
  },
  "poses": [
    {
      "R": [
        [
          -0.27966816810578976,
          0.4617388153653793,
          -0.8417737119519284
        ],
        [
          0.36772103148779145,
          0.8614177367506546,
          0.35034372523699453
        ],
        [
          0.8868861024674515,
          -0.21155790979388178,
          -0.4107021938749993
        ]
      ],
      "tx": 0.04190404534143294,
      "ty": -0.00036303229660258896,
      "tz": 0.0
    },
    {
      "R": [
        [
          0.37151508673404054,
          -0.23994630334833605,
          -0.8968847818078232
        ],
        [
          0.215437077365233,
          -0.9173785427262606,
          0.33466920241003506
        ],
        [
          -0.9030854920910449,
          -0.31755689388660846,
          -0.28912663855093723
        ]
      ],
      "tx": -0.08891473099368928,
      "ty": -0.013995999160559491,
      "tz": 0.0
    },
    {
      "R": [
        [
          0.8556729667904289,
          -0.4328760601522341,
          0.28362314865177163
        ],
        [
          0.46304122976637163,
          0.39563165431259284,
          -0.7931383319713701
        ],
        [
          0.2311203007970346,
          0.8099962411350812,
          0.538970774631174
        ]
      ],
      "tx": 0.058961449872343974,
      "ty": 0.07367356763538926,
      "tz": 0.0
    },
    {
      "R": [
        [
          0.44716494559557984,
          0.6219545601792411,
          0.6428188208995975
        ],
        [
          -0.5841937662117471,
          0.7472934260571688,
          -0.3166546681971913
        ],
        [
          -0.6773190938913773,
          -0.2339338804961471,
          0.69750540113047
        ]
      ],
      "tx": 0.021239275772912264,
      "ty": -0.06949803226196896,
      "tz": 0.0
    },
    {
      "R": [
        [
          -0.3963627350588821,
          -0.320123545822527,
          0.8604751580764285
        ],
        [
          -0.264584905079041,
          -0.8576477450634474,
          -0.440948039333319
        ],
        [
          0.8791424288822358,
          -0.40244410891153043,
          0.2552397479654118
        ]
      ],
      "tx": -0.02359493416756102,
      "ty": -0.018601246224919182,
      "tz": 0.0
    },
    {
      "R": [
        [
          0.9730897557542818,
          0.17103321956324127,
          0.15441491201274657
        ],
        [
          0.1888146420988576,
          -0.9759583735377559,
          -0.10887738080344753
        ],
        [
          0.13208087740150912,
          0.135103260239606,
          -0.9819886714710497
        ]
      ],
      "tx": -0.06916583375604571,
      "ty": 0.05648209314336053,
      "tz": 0.0
    },
    {
      "R": [
        [
          0.7663789564974802,
          0.12064815119242936,
          -0.6309574618400847
        ],
        [
          0.5516889753560986,
          0.37956769805592483,
          0.7426759973656508
        ],
        [
          0.32909355737900936,
          -0.9172635314926539,
          0.22433244144629128
        ]
      ],
      "tx": -0.06511321416536414,
      "ty": -0.07509239567328171,
      "tz": 0.0
    },
    {
      "R": [
        [
          0.8711786583776499,
          -0.4843861378983497,
          -0.08011126387243553
        ],
        [
          0.01900399613326678,
          0.1963174496443807,
          -0.9803562143915306
        ],
        [
          0.4905981994649846,
          0.8525429774369425,
          0.18023284468894174
        ]
      ],
      "tx": 0.08152481138349002,
      "ty": -0.08406556708658054,
      "tz": 0.0
    },
    {
      "R": [
        [
          -0.9473644269041954,
          0.3078886525292378,
          -0.08777938414124252
        ],
        [
          0.3180394745846308,
          0.8735513705058395,
          -0.3684547403593846
        ],
        [
          -0.03676323220852014,
          -0.3769782231523457,
          -0.9254922387716078
        ]
      ],
      "tx": -0.007812639093162085,
      "ty": 0.08949618890807778,
      "tz": 0.0
    },
    {
      "R": [
        [
          0.7777704158157067,
          -0.13422870049248228,
          -0.6140487246513604
        ],
        [
          -0.6153465809732281,
          -0.3617821052755872,
          -0.7003301318570565
        ],
        [
          -0.12814743683125712,
          0.9225488411279172,
          -0.36398059037140373
        ]
      ],
      "tx": 0.0970587511660092,
      "ty": 0.021692230776740623,
      "tz": 0.0
    }
  ],
  "points_N": 11498
}