{
  "type": "scene",
  "distance_m": 0.6,
  "num_objects": 11,
  "intrinsics": {
    "width": 640,
    "height": 480,
    "fx": 554.2562584220408,
    "fy": 554.2562584220408,
    "cx": 0.029351554606672464,
    "cy": -0.09889320473726447
  },
  "T_wc": [
    [
      0.999999999999,
      0.0,
      0.0,
      0.0
    ],
    [
      -0.0,
      0.9999999999973334,
      0.0,
      0.0
    ],
    [
      0.0,
      0.0,
      -0.9999999999983333,
      0.6150141660124063
    ],
    [
      0.0,
      0.0,
      0.0,
      1.0
    ]
  ],
  "bin_size": {
    "w": 0.25,
    "d": 0.25
  },
  "z_floor": 0.0,
  "piece_aabb": {
    "w": 0.0300283320248127,
    "d": 0.0300283320248127,
    "h": 0.0300283320248127
  },
  "poses": [
    {
      "R": [
        [
          -0.7626844770774608,
          0.5979463410224245,
          0.24652091530532363
        ],
        [
          0.5728212685290622,
          0.8014715537290008,
          -0.17181135842538858
        ],
        [
          -0.3003134741330065,
          0.010174567367505313,
          -0.9537862944250395
        ]
      ],
      "tx": -0.007321993228226242,
      "ty": -0.054638887372689085,
      "tz": 0.0
    },
    {
      "R": [
        [
          0.8371042762955263,
          0.32027055660263565,
          -0.4434897982830958
        ],
        [
          0.5347363471165298,
          -0.6500591033408456,
          0.5398890638234545
        ],
        [
          -0.11538400963830803,
          -0.6890935587691515,
          -0.7154275627781286
        ]
      ],
      "tx": 0.09357789498027141,
      "ty": 0.08928114950905491,
      "tz": 0.0
    },
    {
      "R": [
        [
          -0.7885058174781223,
          0.14548277494033846,
          0.5975728725426016
        ],
        [
          0.053060553124793436,
          0.9840889969625376,
          -0.16956834539311152
        ],
        [
          -0.6127341621823027,
          -0.10199807965312593,
          -0.7836792955296352
        ]
      ],
      "tx": -0.0331158290625736,
      "ty": 0.08020042558229015,
      "tz": 0.0
    },
    {
      "R": [
        [
          -0.9237131595916179,
          0.31500372249321607,
          0.21800608618267248
        ],
        [
          -0.3768856230075126,
          -0.8492249314982216,
          -0.3698300189169068
        ],
        [
          0.0686383709561133,
          -0.42378021489594986,
          0.9031606188797392
        ]
      ],
      "tx": -0.0757290948240025,
      "ty": -0.047251568018508015,
      "tz": 0.0
    },
    {
      "R": [
        [
          -0.47693378645764417,
          0.3719672377718246,
          0.7963507627669942
        ],
        [
          -0.7987112473595364,
          0.1947665668495585,
          -0.5693209356584474
        ],
        [
          -0.36687123991469817,
          -0.9075827006185362,
          0.20420366025469927
        ]
      ],
      "tx": -0.09679454274934926,
      "ty": 0.050348111085490754,
      "tz": 0.0
    },
    {
      "R": [
        [
          0.502259247703684,
          -0.7427970260761022,
          0.44270557501417107
        ],
        [
          0.8445703474805161,
          0.5312610026604118,
          -0.06680325747217944
        ],
        [
          -0.18557094668285168,
          0.4074485551634125,
          0.8941750939511108
        ]
      ],
      "tx": 0.04061736242304001,
      "ty": 0.06695737901637325,
      "tz": 0.0
    },
    {
      "R": [
        [
          -0.46056674871123193,
          0.5727053244186547,
          0.6781496010203714
        ],
        [
          0.2779143494498335,
          0.8186321089286869,
          -0.50259833326509
        ],
        [
          -0.8429957795573126,
          -0.04301257506234593,
          -0.5361977564621707
        ]
      ],
      "tx": 0.0010094214668278645,
      "ty": 0.00603488982019805,
      "tz": 0.0
    },
    {
      "R": [
        [
          -0.47455278102117227,
          -0.7643391168360876,
          -0.4365608462738053
        ],
        [
          -0.14217859041116032,
          0.5560115431523601,
          -0.818923935606981
        ],
        [
          0.8686684675143717,
          -0.32655302533518327,
          -0.37252948231069216
        ]
      ],
      "tx": 0.05643641346230485,
      "ty": -0.03965539307062892,
      "tz": 0.0
    },
    {
      "R": [
        [
          -0.5658030784728019,
          0.7837241062024651,
          0.25620968316565845
        ],
        [
          -0.6727360527571207,
          -0.2591170033168746,
          -0.6930256719002919
        ],
        [
          -0.4767526399627678,
          -0.5644775495528849,
          0.673848659818584
        ]
      ],
      "tx": 0.09513768703414213,
      "ty": -0.09026409189560816,
      "tz": 0.0
    },
    {
      "R": [
        [
          -0.2602710773415422,
          -0.8859289367826448,
          0.38391260108343056
        ],
        [
          -0.8153778558827469,
          -0.011283860443680238,
          -0.5788191657413755
        ],
        [
          0.5171246643078701,
          -0.46368372137121644,
          -0.7194299744240662
        ]
      ],
      "tx": 0.09445542273052096,
      "ty": 0.021592456714626493,
      "tz": 0.0
    },
    {
      "R": [
        [
          -0.6817436614956884,
          0.7314427348450586,
          -0.014734505517073337
        ],
        [
          0.4981068208430971,
          0.4493226369437602,
          -0.7416190146965547
        ],
        [
          -0.535831293449752,
          -0.5129334202138587,
          -0.6706594749853894
        ]
      ],
      "tx": 0.029351554606672464,
      "ty": -0.09889320473726447,
      "tz": 0.0
    }
  ],
  "points_N": 13202
}