{
  "type": "scene",
  "distance_m": 0.6,
  "num_objects": 7,
  "intrinsics": {
    "width": 640,
    "height": 480,
    "fx": 554.2562584220408,
    "fy": 554.2562584220408,
    "cx": 0.09161799346812802,
    "cy": 0.015816793172236526
  },
  "T_wc": [
    [
      0.999999999999,
      0.0,
      0.0,
      0.0
    ],
    [
      -0.0,
      0.9999999999973334,
      0.0,
      0.0
    ],
    [
      0.0,
      0.0,
      -0.9999999999983333,
      0.6150141660124063
    ],
    [
      0.0,
      0.0,
      0.0,
      1.0
    ]
  ],
  "bin_size": {
    "w": 0.25,
    "d": 0.25
  },
  "z_floor": 0.0,
  "piece_aabb": {
    "w": 0.0300283320248127,
    "d": 0.0300283320248127,
    "h": 0.0300283320248127
  },
  "poses": [
    {
      "R": [
        [
          -0.37236339701689003,
          0.860793960061489,
          0.3469571427189552
        ],
        [
          0.8994662040520393,
          0.42683817042976335,
          -0.09364680470997268
        ],
        [
          -0.2287051558890994,
          0.2772055818085776,
          -0.9331939868451311
        ]
      ],
      "tx": 0.022519514845082453,
      "ty": -0.04415066320028489,
      "tz": 0.0
    },
    {
      "R": [
        [
          -0.3532630919864672,
          -0.054876164896352664,
          0.9339131621122111
        ],
        [
          0.20983301794237125,
          0.9681955897834998,
          0.1362622636865295
        ],
        [
          -0.9116881552490178,
          0.244102245893087,
          -0.33051293640127555
        ]
      ],
      "tx": -0.08193137584727184,
      "ty": 0.07666677401258631,
      "tz": 0.0
    },
    {
      "R": [
        [
          -0.3476800130078801,
          -0.3895367200891636,
          -0.8528656120732137
        ],
        [
          -0.9229528298750215,
          0.30241158070885177,
          0.23812876701243668
        ],
        [
          0.16515653901838184,
          0.8699473429784991,
          -0.4646664804611149
        ]
      ],
      "tx": 0.009695621543720667,
      "ty": 0.07942648067236349,
      "tz": 0.0
    },
    {
      "R": [
        [
          0.812675477040199,
          -0.5805699134067982,
          0.04997143848547779
        ],
        [
          -0.5458560704755363,
          -0.7284483083663358,
          0.41400991819427513
        ],
        [
          -0.20396009252422714,
          -0.36373292081559916,
          -0.9088996880692952
        ]
      ],
      "tx": 0.07801456589318587,
      "ty": 0.09617792924424232,
      "tz": 0.0
    },
    {
      "R": [
        [
          0.5330114562105719,
          -0.5815978900455965,
          0.6145263882395904
        ],
        [
          0.23226962321993924,
          -0.5978180654414575,
          -0.7672446694250148
        ],
        [
          0.813602857466438,
          0.5516860111751456,
          -0.18355635482353572
        ]
      ],
      "tx": -0.03166402568372431,
      "ty": 0.032769621923806835,
      "tz": 0.0
    },
    {
      "R": [
        [
          -0.6235259033322822,
          0.6803502430947687,
          -0.3851480164749022
        ],
        [
          -0.6978628499886083,
          -0.26227914459032764,
          0.6664811272037219
        ],
        [
          0.3524243046094288,
          0.6843487393382528,
          0.6383290001924595
        ]
      ],
      "tx": -0.036024988374176475,
      "ty": -0.02596654374019948,
      "tz": 0.0
    },
    {
      "R": [
        [
          -0.4060378765549757,
          0.4686077233811271,
          0.7845636012397487
        ],
        [
          0.7634194959228727,
          -0.2979681633371265,
          0.5730668781934325
        ],
        [
          0.5023185404179237,
          0.831638007323533,
          -0.23675791164679216
        ]
      ],
      "tx": 0.09161799346812802,
      "ty": 0.015816793172236526,
      "tz": 0.0
    }
  ],
  "points_N": 8071
}