{
  "type": "scene",
  "distance_m": 0.5,
  "num_objects": 14,
  "intrinsics": {
    "width": 640,
    "height": 480,
    "fx": 554.2562584220408,
    "fy": 554.2562584220408,
    "cx": -0.028443415469998942,
    "cy": -0.02800203534240596
  },
  "T_wc": [
    [
      0.999999999999,
      0.0,
      0.0,
      0.0
    ],
    [
      -0.0,
      0.9999999999970001,
      0.0,
      0.0
    ],
    [
      0.0,
      0.0,
      -0.999999999998,
      0.5150141660124063
    ],
    [
      0.0,
      0.0,
      0.0,
      1.0
    ]
  ],
  "bin_size": {
    "w": 0.25,
    "d": 0.25
  },
  "z_floor": 0.0,
  "piece_aabb": {
    "w": 0.0300283320248127,
    "d": 0.0300283320248127,
    "h": 0.0300283320248127
  },
  "poses": [
    {
      "R": [
        [
          0.2582013810414472,
          -0.7296499432466659,
          0.6332006057707359
        ],
        [
          -0.7444726231673342,
          0.2674381609754103,
          0.6117494122665252
        ],
        [
          -0.6157049294772928,
          -0.6293550590677952,
          -0.4741515047357061
        ]
      ],
      "tx": 0.036650809904089615,
      "ty": -0.039254479838193836,
      "tz": 0.0
    },
    {
      "R": [
        [
          0.7533567576146336,
          0.3949600979512489,
          0.5257947477701789
        ],
        [
          -0.26156030934906066,
          -0.5536219704024907,
          0.7906256500145232
        ],
        [
          0.603357108460313,
          -0.7331502130627827,
          -0.3137689671659811
        ]
      ],
      "tx": -0.03787603898764087,
      "ty": 0.028653567545392777,
      "tz": 0.0
    },
    {
      "R": [
        [
          0.9314246191368989,
          -0.2896816416682582,
          -0.22030144199724566
        ],
        [
          -0.25755143968125255,
          -0.9523543144707651,
          0.1633662009934519
        ],
        [
          -0.2571292180670977,
          -0.09542434798992144,
          -0.9616541785002033
        ]
      ],
      "tx": -0.02259717371104311,
      "ty": -0.08695588352658261,
      "tz": 0.0
    },
    {
      "R": [
        [
          0.2954455421845088,
          0.9075992741504361,
          0.29828759472177735
        ],
        [
          0.8815835879565125,
          -0.3793123679506092,
          0.280949292516325
        ],
        [
          0.3681335478451041,
          0.17996023194390276,
          -0.9121907727387253
        ]
      ],
      "tx": -0.07340330537136217,
      "ty": 0.09772392808741695,
      "tz": 0.0
    },
    {
      "R": [
        [
          -0.8747008049281169,
          -0.4480559673679907,
          -0.18478190377858408
        ],
        [
          0.41771919982538686,
          -0.5035969791475603,
          -0.7562412000748767
        ],
        [
          0.24578277391904893,
          -0.7386717354139017,
          0.6276582631856864
        ]
      ],
      "tx": 0.07106751170399717,
      "ty": 0.044835081851667125,
      "tz": 0.0
    },
    {
      "R": [
        [
          -0.5243892867097666,
          0.12068288572907697,
          -0.8428828608271287
        ],
        [
          0.18975549541816872,
          -0.9484472850127845,
          -0.25385153044739234
        ],
        [
          -0.8300654961764328,
          -0.2930586778172258,
          0.47445535449965337
        ]
      ],
      "tx": 0.014194117415655502,
      "ty": 0.08673924839583683,
      "tz": 0.0
    },
    {
      "R": [
        [
          0.8573547556587572,
          0.28835118311306907,
          0.4263759117804453
        ],
        [
          -0.10162124091701782,
          0.9068741982778596,
          -0.40896492746001434
        ],
        [
          -0.5045948338457283,
          0.3072991762032282,
          0.806815511725586
        ]
      ],
      "tx": -0.09545922866999225,
      "ty": -0.03734619638650267,
      "tz": 0.0
    },
    {
      "R": [
        [
          0.7170792537492694,
          0.696981769808834,
          -0.0037089616520652458
        ],
        [
          -0.500334884575501,
          0.5184522166309802,
          0.6934495672702112
        ],
        [
          0.4852446260590744,
          -0.4954025753107958,
          0.7204956219549292
        ]
      ],
      "tx": -0.08103668036036185,
      "ty": -0.09449470392135018,
      "tz": 0.0
    },
    {
      "R": [
        [
          0.7432592370201707,
          0.6689351723194547,
          -0.009562521536464641
        ],
        [
          -0.29108424330556426,
          0.33622972409227914,
          0.8956670899034178
        ],
        [
          0.6023584231032392,
          -0.662929338520156,
          0.4446223366474156
        ]
      ],
      "tx": 0.09629700985550779,
      "ty": -0.007595285161871093,
      "tz": 0.0
    },
    {
      "R": [
        [
          -0.24116036592152246,
          -0.9203222518635606,
          -0.307975048718857
        ],
        [
          -0.905260302928577,
          0.09894972057961504,
          0.41317397877755724
        ],
        [
          -0.34977916154376426,
          0.37843877380892266,
          -0.8569939513367295
        ]
      ],
      "tx": -0.0987910547675705,
      "ty": 0.03171855124452258,
      "tz": 0.0
    },
    {
      "R": [
        [
          0.46749451343776327,
          -0.879193071453831,
          -0.09202403497547657
        ],
        [
          -0.15931653563661136,
          -0.1861910703476457,
          0.969510766724922
        ],
        [
          -0.869521202374236,
          -0.4385800137151449,
          -0.227113298138365
        ]
      ],
      "tx": 0.09665379097782117,
      "ty": -0.06727754354239723,
      "tz": 0.0
    },
    {
      "R": [
        [
          0.008807790944423965,
          0.9366077485976301,
          -0.3502689653474281
        ],
        [
          -0.7927234095141835,
          0.2200517887292056,
          0.5684776216222457
        ],
        [
          0.6095178576767766,
          0.27265937640938653,
          0.74440905799779
        ]
      ],
      "tx": 0.04534539406010227,
      "ty": -0.09581616019289048,
      "tz": 0.0
    },
    {
      "R": [
        [
          0.6889245140558782,
          0.3800436881686733,
          -0.6172113163382736
        ],
        [
          0.6872862310331265,
          -0.6130130568497152,
          0.3896827283368457
        ],
        [
          -0.23026213445799562,
          -0.692662823612557,
          -0.6835185163694748
        ]
      ],
      "tx": 0.09516424033760043,
      "ty": 0.09796155599902281,
      "tz": 0.0
    },
    {
      "R": [
        [
          -0.23133227659211042,
          -0.5452513593036511,
          0.8057210019505712
        ],
        [
          0.25084605760032064,
          -0.8336120065855492,
          -0.49210494598488974
        ],
        [
          0.9399795919024456,
          0.08827217938815893,
          0.329615517160489
        ]
      ],
      "tx": -0.028443415469998942,
      "ty": -0.02800203534240596,
      "tz": 0.0
    }
  ],
  "points_N": 24408
}