{
  "type": "scene",
  "distance_m": 0.5,
  "num_objects": 12,
  "intrinsics": {
    "width": 640,
    "height": 480,
    "fx": 554.2562584220408,
    "fy": 554.2562584220408,
    "cx": -0.09436139764498312,
    "cy": -0.04611311139093658
  },
  "T_wc": [
    [
      0.999999999999,
      0.0,
      0.0,
      0.0
    ],
    [
      -0.0,
      0.9999999999970001,
      0.0,
      0.0
    ],
    [
      0.0,
      0.0,
      -0.999999999998,
      0.5150141660124063
    ],
    [
      0.0,
      0.0,
      0.0,
      1.0
    ]
  ],
  "bin_size": {
    "w": 0.25,
    "d": 0.25
  },
  "z_floor": 0.0,
  "piece_aabb": {
    "w": 0.0300283320248127,
    "d": 0.0300283320248127,
    "h": 0.0300283320248127
  },
  "poses": [
    {
      "R": [
        [
          0.7665918228733061,
          -0.28948865337768837,
          0.573178241622407
        ],
        [
          -0.6070338564992994,
          -0.03562921139251207,
          0.7938768521371156
        ],
        [
          -0.2093964521365387,
          -0.9565181016902504,
          -0.20304247578157142
        ]
      ],
      "tx": 0.087642771714497,
      "ty": 0.009760199563434754,
      "tz": 0.0
    },
    {
      "R": [
        [
          -0.8339509192115926,
          -0.12861950670735534,
          -0.5366403701181043
        ],
        [
          -0.5342353319879494,
          0.431833186295013,
          0.726713636358932
        ],
        [
          0.13826957149664176,
          0.892735751333312,
          -0.42884076752272704
        ]
      ],
      "tx": 0.050884818664617804,
      "ty": -0.03631911002292468,
      "tz": 0.0
    },
    {
      "R": [
        [
          -0.7773528986072564,
          0.23376679041171675,
          -0.5840167452458026
        ],
        [
          0.3627001292979125,
          0.9250929403603559,
          -0.11247963327957859
        ],
        [
          0.5139757652206703,
          -0.2992593179769603,
          -0.8039109237781201
        ]
      ],
      "tx": -0.04075429519104725,
      "ty": -0.021034231726229202,
      "tz": 0.0
    },
    {
      "R": [
        [
          0.9240941135394694,
          0.3816489684706248,
          0.019852813075490694
        ],
        [
          0.2858847756289744,
          -0.7248244825379213,
          0.6268168509039986
        ],
        [
          0.2536138095318811,
          -0.5735621451760418,
          -0.778913667382839
        ]
      ],
      "tx": 0.09172241836317982,
      "ty": 0.08743812255362649,
      "tz": 0.0
    },
    {
      "R": [
        [
          0.030329333708378425,
          -0.3884859937002701,
          0.9209553540837471
        ],
        [
          -0.27421164763925027,
          -0.8892628906374895,
          -0.3660867160032232
        ],
        [
          0.961190981967566,
          -0.24143351886962716,
          -0.13349813538194444
        ]
      ],
      "tx": -0.056582945451500326,
      "ty": -0.09876953904707046,
      "tz": 0.0
    },
    {
      "R": [
        [
          -0.0015272705106603723,
          -0.18204846227991534,
          0.9832883731776274
        ],
        [
          -0.8142602672806688,
          -0.5705718334759275,
          -0.10690182398786102
        ],
        [
          0.5804979625914295,
          -0.8008159215609016,
          -0.14736341201859715
        ]
      ],
      "tx": 0.014446509880484917,
      "ty": 0.047627647433747616,
      "tz": 0.0
    },
    {
      "R": [
        [
          0.5846496378126451,
          0.013389995711667019,
          0.811175387336416
        ],
        [
          0.26172690760627115,
          0.9432909234696629,
          -0.20420886252709258
        ],
        [
          -0.7679087360099515,
          0.33169706316847625,
          0.547990174588018
        ]
      ],
      "tx": -0.06700750506992031,
      "ty": 0.03766907725491572,
      "tz": 0.0
    },
    {
      "R": [
        [
          -0.2548228701493995,
          -0.8512860032475159,
          -0.45866921144076483
        ],
        [
          0.7354595860172114,
          0.13734115645447942,
          -0.6635032811366787
        ],
        [
          0.6278252162697949,
          -0.5064084788178579,
          0.5910887838532961
        ]
      ],
      "tx": 0.09708539135604921,
      "ty": -0.08265189199478572,
      "tz": 0.0
    },
    {
      "R": [
        [
          -0.5511428212662939,
          -0.3422721316608566,
          0.7609805375007717
        ],
        [
          -0.8044985504141944,
          0.45997278248168294,
          -0.3757753607642714
        ],
        [
          -0.22141290149422194,
          -0.8193136318067652,
          -0.5288681308109975
        ]
      ],
      "tx": -0.026909463616784035,
      "ty": 0.09649879858090155,
      "tz": 0.0
    },
    {
      "R": [
        [
          0.40375695542721857,
          -0.24359675692198213,
          0.8818395210928323
        ],
        [
          0.1150247804320172,
          0.969767657760198,
          0.2152207932539643
        ],
        [
          -0.9076065341494128,
          0.014536505061126748,
          0.41957010044794485
        ]
      ],
      "tx": -0.09578668676050532,
      "ty": 0.08919406941006183,
      "tz": 0.0
    },
    {
      "R": [
        [
          -0.9063268968554836,
          -0.422576144131386,
          0.000979003247996782
        ],
        [
          0.4019301249625805,
          -0.8613260743551117,
          0.31075644528082974
        ],
        [
          -0.13047501938637107,
          0.2820404156270215,
          0.9504890705679172
        ]
      ],
      "tx": 0.018357532257820802,
      "ty": -0.0958599487512173,
      "tz": 0.0
    },
    {
      "R": [
        [
          -0.578557186420187,
          -0.24252327088045317,
          0.7787515939778247
        ],
        [
          0.47503806417619837,
          -0.8763201968520482,
          0.08001093783300375
        ],
        [
          0.6630312357840213,
          0.41622755275285794,
          0.6222091326106363
        ]
      ],
      "tx": -0.09436139764498312,
      "ty": -0.04611311139093658,
      "tz": 0.0
    }
  ],
  "points_N": 20262
}