{
  "type": "scene",
  "distance_m": 0.5,
  "num_objects": 7,
  "intrinsics": {
    "width": 640,
    "height": 480,
    "fx": 554.2562584220408,
    "fy": 554.2562584220408,
    "cx": -0.08747065236834944,
    "cy": 0.05694591958846043
  },
  "T_wc": [
    [
      0.999999999999,
      0.0,
      0.0,
      0.0
    ],
    [
      -0.0,
      0.9999999999970001,
      0.0,
      0.0
    ],
    [
      0.0,
      0.0,
      -0.999999999998,
      0.5150141660124063
    ],
    [
      0.0,
      0.0,
      0.0,
      1.0
    ]
  ],
  "bin_size": {
    "w": 0.25,
    "d": 0.25
  },
  "z_floor": 0.0,
  "piece_aabb": {
    "w": 0.0300283320248127,
    "d": 0.0300283320248127,
    "h": 0.0300283320248127
  },
  "poses": [
    {
      "R": [
        [
          -0.8354192542661125,
          -0.12748595510880997,
          -0.5346232326147521
        ],
        [
          0.39006893235923656,
          0.5477456833625178,
          -0.7401492379012855
        ],
        [
          0.3871962004069489,
          -0.8268748379336035,
          -0.407868979922106
        ]
      ],
      "tx": -0.040247358188356445,
      "ty": 0.021659121128705383,
      "tz": 0.0
    },
    {
      "R": [
        [
          0.6366888029022708,
          0.7596677514425709,
          0.13240949995019813
        ],
        [
          -0.7161156151830956,
          0.6461801819296245,
          -0.2638742089942364
        ],
        [
          -0.28601712177736827,
          0.07318524372840181,
          0.9554256256509999
        ]
      ],
      "tx": -0.007359821603994718,
      "ty": -0.08800949546300949,
      "tz": 0.0
    },
    {
      "R": [
        [
          -0.9506158229677324,
          -0.2562127316354098,
          0.17517018373942184
        ],
        [
          0.31036856016826697,
          -0.7864750702937826,
          0.5339740823911463
        ],
        [
          0.0009560242978896433,
          0.5619715294873142,
          0.8271560228053898
        ]
      ],
      "tx": -0.06178508985488409,
      "ty": -0.040790648662357765,
      "tz": 0.0
    },
    {
      "R": [
        [
          -0.14714459851416128,
          0.9587050898065227,
          -0.24337834313507323
        ],
        [
          0.1669417752514556,
          -0.21845535551200745,
          -0.9614612323562584
        ],
        [
          -0.9749250795850924,
          -0.18210383968271954,
          -0.12790340405482414
        ]
      ],
      "tx": 0.08876645702121733,
      "ty": -0.09197791922123344,
      "tz": 0.0
    },
    {
      "R": [
        [
          -0.08641393057086133,
          0.588653333677011,
          0.8037536222961835
        ],
        [
          0.5744982311869329,
          0.6885656173292862,
          -0.44252590093126115
        ],
        [
          -0.8139314559386311,
          0.4235146318403657,
          -0.3976819604291095
        ]
      ],
      "tx": 0.03177560017116429,
      "ty": 0.008438508280647017,
      "tz": 0.0
    },
    {
      "R": [
        [
          0.31815971227655915,
          0.38965527695760743,
          0.8642587359252942
        ],
        [
          -0.7635035193176254,
          -0.4350973163362841,
          0.4772344301353
        ],
        [
          0.5619935706693608,
          -0.811701355460279,
          0.15907273829996194
        ]
      ],
      "tx": 0.06967803859544985,
      "ty": 0.08931435223570452,
      "tz": 0.0
    },
    {
      "R": [
        [
          -0.8092564389227275,
          0.5630926774604698,
          0.16742357257120566
        ],
        [
          0.5558053159488608,
          0.6416188370758885,
          0.5285884208648269
        ],
        [
          0.19022215124714947,
          0.5208184947750837,
          -0.8322040787421816
        ]
      ],
      "tx": -0.08747065236834944,
      "ty": 0.05694591958846043,
      "tz": 0.0
    }
  ],
  "points_N": 11916
}