{
  "type": "scene",
  "distance_m": 0.5,
  "num_objects": 6,
  "intrinsics": {
    "width": 640,
    "height": 480,
    "fx": 554.2562584220408,
    "fy": 554.2562584220408,
    "cx": 0.07926369817737913,
    "cy": -0.06092738825090586
  },
  "T_wc": [
    [
      0.999999999999,
      0.0,
      0.0,
      0.0
    ],
    [
      -0.0,
      0.9999999999970001,
      0.0,
      0.0
    ],
    [
      0.0,
      0.0,
      -0.999999999998,
      0.5150141660124063
    ],
    [
      0.0,
      0.0,
      0.0,
      1.0
    ]
  ],
  "bin_size": {
    "w": 0.25,
    "d": 0.25
  },
  "z_floor": 0.0,
  "piece_aabb": {
    "w": 0.0300283320248127,
    "d": 0.0300283320248127,
    "h": 0.0300283320248127
  },
  "poses": [
    {
      "R": [
        [
          0.9894575999224726,
          -0.011498998596944934,
          0.1443656156670542
        ],
        [
          -0.12649775091572707,
          -0.5539713901335923,
          0.8228693808416484
        ],
        [
          0.07051224694280289,
          -0.8324562883087151,
          -0.5495857995675968
        ]
      ],
      "tx": 0.06255492258133216,
      "ty": 0.08356464071676295,
      "tz": 0.0
    },
    {
      "R": [
        [
          -0.32743007336914154,
          -0.192963038015933,
          -0.924962060310119
        ],
        [
          -0.9249129208991334,
          0.26561576774789586,
          0.2720006483035091
        ],
        [
          0.19319843634799927,
          0.9445705531527846,
          -0.2654445974385815
        ]
      ],
      "tx": -0.09444230178417753,
      "ty": -0.09704124823164698,
      "tz": 0.0
    },
    {
      "R": [
        [
          -0.240276547035432,
          -0.2921086369481759,
          -0.925710389465846
        ],
        [
          -0.9538023825001546,
          -0.10614059705607959,
          0.281060827568709
        ],
        [
          -0.1803557486795428,
          0.9504771001328005,
          -0.2531108177091288
        ]
      ],
      "tx": 0.017554218303962324,
      "ty": -0.05758034137782695,
      "tz": 0.0
    },
    {
      "R": [
        [
          -0.3670268458557453,
          0.9128628424307894,
          -0.1788091869294261
        ],
        [
          -0.22089880770610854,
          -0.2722589078426909,
          -0.9365248549047294
        ],
        [
          -0.9036011350010591,
          -0.3042310273615836,
          0.3015766416938037
        ]
      ],
      "tx": -0.07142323457165826,
      "ty": 0.015607217665357928,
      "tz": 0.0
    },
    {
      "R": [
        [
          -0.20451854329192432,
          0.901189905765879,
          0.3821373041138949
        ],
        [
          -0.7323375577694395,
          0.118164644736791,
          -0.6706107799719006
        ],
        [
          -0.6495027843897532,
          -0.4170058398630816,
          0.6358083536648789
        ]
      ],
      "tx": -0.008459942227196982,
      "ty": 0.033665265395519145,
      "tz": 0.0
    },
    {
      "R": [
        [
          0.37208146699051026,
          -0.44835232487649995,
          0.8127333970620545
        ],
        [
          -0.4848493326174748,
          0.6527686719960124,
          0.5820774738133677
        ],
        [
          -0.7915026889294685,
          -0.6106334855200785,
          0.025499799587859195
        ]
      ],
      "tx": 0.07926369817737913,
      "ty": -0.06092738825090586,
      "tz": 0.0
    }
  ],
  "points_N": 9844
}