{
  "type": "scene",
  "distance_m": 0.5,
  "num_objects": 3,
  "intrinsics": {
    "width": 640,
    "height": 480,
    "fx": 554.2562584220408,
    "fy": 554.2562584220408,
    "cx": 0.02919355265555773,
    "cy": -0.09231445048718209
  },
  "T_wc": [
    [
      0.999999999999,
      0.0,
      0.0,
      0.0
    ],
    [
      -0.0,
      0.9999999999970001,
      0.0,
      0.0
    ],
    [
      0.0,
      0.0,
      -0.999999999998,
      0.5150141660124063
    ],
    [
      0.0,
      0.0,
      0.0,
      1.0
    ]
  ],
  "bin_size": {
    "w": 0.25,
    "d": 0.25
  },
  "z_floor": 0.0,
  "piece_aabb": {
    "w": 0.0300283320248127,
    "d": 0.0300283320248127,
    "h": 0.0300283320248127
  },
  "poses": [
    {
      "R": [
        [
          -0.40493817440525115,
          -0.2652226346160036,
          0.8750325873912861
        ],
        [
          -0.45204616892229155,
          -0.7737943120879847,
          -0.4437303502612393
        ],
        [
          0.7947825715703773,
          -0.5752384867753799,
          0.1934459802124342
        ]
      ],
      "tx": -0.06120262579498871,
      "ty": 0.0813237641083919,
      "tz": 0.0
    },
    {
      "R": [
        [
          -0.8131484385942227,
          0.00039215057695829447,
          0.5820562369992288
        ],
        [
          0.2144006659557407,
          0.9298886434580672,
          0.2988970812929603
        ],
        [
          -0.54113027197664,
          0.3678409397900682,
          -0.7562215758392821
        ]
      ],
      "tx": 0.049804498645498324,
      "ty": 0.03387242654725209,
      "tz": 0.0
    },
    {
      "R": [
        [
          -0.6618760064923999,
          0.16037883719020385,
          0.7322559529366699
        ],
        [
          -0.5508265211253187,
          0.5585078357486497,
          -0.6202089494939089
        ],
        [
          -0.5084390776235155,
          -0.8138474218112861,
          -0.28132201896842557
        ]
      ],
      "tx": 0.02919355265555773,
      "ty": -0.09231445048718209,
      "tz": 0.0
    }
  ],
  "points_N": 5529
}