{
  "type": "scene",
  "distance_m": 0.5,
  "num_objects": 10,
  "intrinsics": {
    "width": 640,
    "height": 480,
    "fx": 554.2562584220408,
    "fy": 554.2562584220408,
    "cx": -0.0982312609970192,
    "cy": -0.08984594487000408
  },
  "T_wc": [
    [
      0.999999999999,
      0.0,
      0.0,
      0.0
    ],
    [
      -0.0,
      0.9999999999970001,
      0.0,
      0.0
    ],
    [
      0.0,
      0.0,
      -0.999999999998,
      0.5150141660124063
    ],
    [
      0.0,
      0.0,
      0.0,
      1.0
    ]
  ],
  "bin_size": {
    "w": 0.25,
    "d": 0.25
  },
  "z_floor": 0.0,
  "piece_aabb": {
    "w": 0.0300283320248127,
    "d": 0.0300283320248127,
    "h": 0.0300283320248127
  },
  "poses": [
    {
      "R": [
        [
          -0.07378847349270101,
          0.12608304441767443,
          0.9892716144163787
        ],
        [
          -0.9053057719984967,
          0.40761132795401533,
          -0.1194757904756038
        ],
        [
          -0.41830218785684514,
          -0.9044092388039471,
          0.08406669019440383
        ]
      ],
      "tx": 0.08906832815820706,
      "ty": -0.05883869586775068,
      "tz": 0.0
    },
    {
      "R": [
        [
          0.6275191136917577,
          0.26987930744388056,
          0.7303320623970455
        ],
        [
          -0.6031777876640793,
          -0.4246300248843071,
          0.6751784197050577
        ],
        [
          0.49233760614051975,
          -0.8642074411739138,
          -0.10367825326199553
        ]
      ],
      "tx": -0.09512497384180765,
      "ty": 0.054147235035710395,
      "tz": 0.0
    },
    {
      "R": [
        [
          0.17045674125314092,
          -0.18388611929107937,
          0.9680549542734787
        ],
        [
          -0.3633145529585339,
          -0.92494341118983,
          -0.11172386363289406
        ],
        [
          0.915940519340585,
          -0.3326643672360894,
          -0.22447134294050053
        ]
      ],
      "tx": 0.07610394564477002,
      "ty": 0.013744887347823226,
      "tz": 0.0
    },
    {
      "R": [
        [
          -0.6174490564470863,
          -0.5727361627296946,
          -0.5391937968803675
        ],
        [
          0.7865341981713946,
          -0.43995418181735646,
          -0.433363903674846
        ],
        [
          0.010982613508796202,
          -0.6916744941105495,
          0.7221258729594389
        ]
      ],
      "tx": 0.005908050383254787,
      "ty": -4.952768875593483e-05,
      "tz": 0.0
    },
    {
      "R": [
        [
          0.43293765315161425,
          -0.8879108168342698,
          -0.15549716985293432
        ],
        [
          -0.6464630646906293,
          -0.18561182812230914,
          -0.7400228072511641
        ],
        [
          0.6282121412981221,
          0.42090691442383554,
          -0.6543598970870954
        ]
      ],
      "tx": -0.056836810191724735,
      "ty": -0.047315378550059926,
      "tz": 0.0
    },
    {
      "R": [
        [
          0.7444422852220245,
          0.10035261803438739,
          0.660102292093471
        ],
        [
          -0.4353239680947119,
          -0.6766657888465617,
          0.5938151673769659
        ],
        [
          0.5062595448736588,
          -0.7294194693441519,
          -0.4600527262890757
        ]
      ],
      "tx": -0.021054284718323407,
      "ty": 0.05753855429232904,
      "tz": 0.0
    },
    {
      "R": [
        [
          -0.49191667569474196,
          -0.26354540355633715,
          0.8297962427233337
        ],
        [
          -0.4249657537954754,
          0.9045188892716584,
          0.03535091302652371
        ],
        [
          -0.7598829464295654,
          -0.3352452821667932,
          -0.5569456961952661
        ]
      ],
      "tx": 0.022887686573913033,
      "ty": 0.09623426380607339,
      "tz": 0.0
    },
    {
      "R": [
        [
          0.9865991977849892,
          -0.163158430600806,
          0.0011616599751115356
        ],
        [
          0.12266584161282915,
          0.7370132136191518,
          -0.664653755162932
        ],
        [
          0.10758770483392663,
          0.6558893576470443,
          0.7471506115194684
        ]
      ],
      "tx": 0.001043249027828333,
      "ty": -0.06469959027210119,
      "tz": 0.0
    },
    {
      "R": [
        [
          0.778028528256741,
          -0.38979404494671177,
          0.49267860897620713
        ],
        [
          -0.22937388860843122,
          0.553839558756116,
          0.8004057485934728
        ],
        [
          -0.5848582977468103,
          -0.7357461149614801,
          0.3414944009435469
        ]
      ],
      "tx": 0.09108671584597133,
      "ty": 0.08929445139737274,
      "tz": 0.0
    },
    {
      "R": [
        [
          -0.6352797478247783,
          -0.5976857300206113,
          0.48907198870249646
        ],
        [
          -0.49984015486060845,
          -0.16453757625594223,
          -0.8503453448974381
        ],
        [
          0.5887099978704361,
          -0.7846649948414604,
          -0.19421993789990277
        ]
      ],
      "tx": -0.0982312609970192,
      "ty": -0.08984594487000408,
      "tz": 0.0
    }
  ],
  "points_N": 17594
}