{
  "type": "scene",
  "distance_m": 0.5,
  "num_objects": 5,
  "intrinsics": {
    "width": 640,
    "height": 480,
    "fx": 554.2562584220408,
    "fy": 554.2562584220408,
    "cx": -0.04633842093358975,
    "cy": 0.04453367659311369
  },
  "T_wc": [
    [
      0.999999999999,
      0.0,
      0.0,
      0.0
    ],
    [
      -0.0,
      0.9999999999970001,
      0.0,
      0.0
    ],
    [
      0.0,
      0.0,
      -0.999999999998,
      0.5150141660124063
    ],
    [
      0.0,
      0.0,
      0.0,
      1.0
    ]
  ],
  "bin_size": {
    "w": 0.25,
    "d": 0.25
  },
  "z_floor": 0.0,
  "piece_aabb": {
    "w": 0.0300283320248127,
    "d": 0.0300283320248127,
    "h": 0.0300283320248127
  },
  "poses": [
    {
      "R": [
        [
          0.715802095425118,
          -0.6737291227935481,
          0.18362034006298544
        ],
        [
          0.07683834535602097,
          0.33734748451396857,
          0.9382390651507997
        ],
        [
          -0.6940628421605346,
          -0.6574844057404965,
          0.29324226731511094
        ]
      ],
      "tx": 0.0696432572546182,
      "ty": -0.018600201242873357,
      "tz": 0.0
    },
    {
      "R": [
        [
          -0.7934337482928617,
          -0.4397209283532575,
          -0.4208424791273919
        ],
        [
          0.6083570020572115,
          -0.5512375374881435,
          -0.5709981920391425
        ],
        [
          0.01909568322689434,
          -0.7090717047183288,
          0.7048777712837462
        ]
      ],
      "tx": -0.09405495294434035,
      "ty": -0.027924228561098705,
      "tz": 0.0
    },
    {
      "R": [
        [
          0.9222183437799708,
          -0.38661884077174774,
          0.0062608590494952765
        ],
        [
          -0.14668519674850627,
          -0.33482125839061316,
          0.9307943800778873
        ],
        [
          -0.35776637551701207,
          -0.8593140269366237,
          -0.3654895671006002
        ]
      ],
      "tx": 0.026369228304037567,
      "ty": 0.0466893772900365,
      "tz": 0.0
    },
    {
      "R": [
        [
          0.3514624758206991,
          0.9019781730741724,
          -0.2508176696083493
        ],
        [
          0.8287064819630799,
          -0.4243795335865239,
          -0.3648939273614462
        ],
        [
          -0.435568243610987,
          -0.07960770547292098,
          -0.8966286401777368
        ]
      ],
      "tx": -0.005402698542323503,
      "ty": -0.04976140168166369,
      "tz": 0.0
    },
    {
      "R": [
        [
          0.9590667272359532,
          0.2530008886028818,
          0.12720677291351218
        ],
        [
          0.10634051222750236,
          -0.7381006496372566,
          0.6662575526508147
        ],
        [
          0.2624551545847596,
          -0.6254582171266222,
          -0.7347920185063783
        ]
      ],
      "tx": -0.04633842093358975,
      "ty": 0.04453367659311369,
      "tz": 0.0
    }
  ],
  "points_N": 8690
}