{
  "type": "scene",
  "distance_m": 0.5,
  "num_objects": 11,
  "intrinsics": {
    "width": 640,
    "height": 480,
    "fx": 554.2562584220408,
    "fy": 554.2562584220408,
    "cx": -0.09717498696488981,
    "cy": 0.02618933722876282
  },
  "T_wc": [
    [
      0.999999999999,
      0.0,
      0.0,
      0.0
    ],
    [
      -0.0,
      0.9999999999970001,
      0.0,
      0.0
    ],
    [
      0.0,
      0.0,
      -0.999999999998,
      0.5150141660124063
    ],
    [
      0.0,
      0.0,
      0.0,
      1.0
    ]
  ],
  "bin_size": {
    "w": 0.25,
    "d": 0.25
  },
  "z_floor": 0.0,
  "piece_aabb": {
    "w": 0.0300283320248127,
    "d": 0.0300283320248127,
    "h": 0.0300283320248127
  },
  "poses": [
    {
      "R": [
        [
          -0.6307089085610413,
          -0.34140937583411257,
          0.69688299645945
        ],
        [
          -0.7702575364099002,
          0.1661893116748946,
          -0.6156983354604558
        ],
        [
          0.09439067891212227,
          -0.9251058051799191,
          -0.3677902241182087
        ]
      ],
      "tx": -0.03924036947329154,
      "ty": -0.0026796838782851135,
      "tz": 0.0
    },
    {
      "R": [
        [
          -0.7739303937233664,
          -0.5089694612051082,
          0.37680476805870794
        ],
        [
          0.017022417773696813,
          0.578078771266827,
          0.8158033902257167
        ],
        [
          -0.6330418492993435,
          0.6377891671792624,
          -0.43872884024696845
        ]
      ],
      "tx": -0.029944459672532453,
      "ty": 0.09698793216733706,
      "tz": 0.0
    },
    {
      "R": [
        [
          -0.006875257092926024,
          -0.6843927339329077,
          -0.7290811454013512
        ],
        [
          0.6871425639011661,
          0.5264618366033911,
          -0.5006725791128529
        ],
        [
          0.7264900740651848,
          -0.5044249402438626,
          0.46665581743372464
        ]
      ],
      "tx": -0.09894145198531523,
      "ty": -0.05791514451477599,
      "tz": 0.0
    },
    {
      "R": [
        [
          -0.5567195425116442,
          -0.7021039610840191,
          0.4439745249625885
        ],
        [
          0.6249658392434266,
          -0.706091643306872,
          -0.3329448768654664
        ],
        [
          0.5472486187870969,
          0.09211199206580768,
          0.8318860079081047
        ]
      ],
      "tx": 0.03686807582337595,
      "ty": -0.04452737400974264,
      "tz": 0.0
    },
    {
      "R": [
        [
          -0.15331216460175878,
          -0.2999864794528494,
          0.941543144168449
        ],
        [
          0.6154633651735542,
          -0.7744258383843479,
          -0.14652462923326182
        ],
        [
          0.773110746474506,
          0.5570213038907809,
          0.30335958975685384
        ]
      ],
      "tx": -0.09829398729047747,
      "ty": 0.08824890364887597,
      "tz": 0.0
    },
    {
      "R": [
        [
          0.9519880894397534,
          0.14913799603420183,
          -0.26735095979582774
        ],
        [
          -0.18681063298741232,
          -0.4088567994878338,
          -0.8932737010096108
        ],
        [
          -0.2425293074407508,
          0.9003299260001678,
          -0.3613662399572519
        ]
      ],
      "tx": 0.09747893190538592,
      "ty": -0.08085308201250399,
      "tz": 0.0
    },
    {
      "R": [
        [
          -0.39290150089285647,
          0.8242688148536166,
          -0.4076877867387678
        ],
        [
          -0.9026603504913797,
          -0.26104313420006076,
          0.3421414528200122
        ],
        [
          0.17559243220287213,
          0.5024314907993163,
          0.8465990165398589
        ]
      ],
      "tx": 0.09705664664650057,
      "ty": 0.029845313629084713,
      "tz": 0.0
    },
    {
      "R": [
        [
          -0.4942916147262608,
          -0.8623061134478756,
          -0.11001802725792331
        ],
        [
          -0.028770179493288972,
          0.14271806554602318,
          -0.9893451523804646
        ],
        [
          0.8688199332331352,
          -0.48585977450003054,
          -0.09535304473140793
        ]
      ],
      "tx": -0.030874897318573263,
      "ty": -0.09002286053733757,
      "tz": 0.0
    },
    {
      "R": [
        [
          -0.10187890058655014,
          0.1408868438512371,
          -0.9847698141418192
        ],
        [
          0.3788583727097229,
          0.9208160480556931,
          0.09254263380105532
        ],
        [
          0.9198298881005208,
          -0.3636601474903906,
          -0.14718788701605434
        ]
      ],
      "tx": 0.05240829161359489,
      "ty": 0.09083004947255915,
      "tz": 0.0
    },
    {
      "R": [
        [
          0.23000192799223806,
          -0.5554451136776728,
          0.7991119063131584
        ],
        [
          0.12861699408917718,
          -0.7965744989673036,
          -0.5907002085884622
        ],
        [
          0.9646537108990549,
          0.23864155817163402,
          -0.11177398964918694
        ]
      ],
      "tx": 0.01964223342976687,
      "ty": 0.023750676416086608,
      "tz": 0.0
    },
    {
      "R": [
        [
          0.4654242850548591,
          -0.4736786268868835,
          0.7476689062089782
        ],
        [
          -0.18828640338562647,
          0.7724161250044553,
          0.6065653799329522
        ],
        [
          -0.86482857560402,
          -0.42308614756767704,
          0.2703139777278699
        ]
      ],
      "tx": -0.09717498696488981,
      "ty": 0.02618933722876282,
      "tz": 0.0
    }
  ],
  "points_N": 19388
}