{
  "type": "scene",
  "distance_m": 0.5,
  "num_objects": 3,
  "intrinsics": {
    "width": 640,
    "height": 480,
    "fx": 554.2562584220408,
    "fy": 554.2562584220408,
    "cx": 0.00024399461156682234,
    "cy": -0.018836022476293984
  },
  "T_wc": [
    [
      0.999999999999,
      0.0,
      0.0,
      0.0
    ],
    [
      -0.0,
      0.9999999999970001,
      0.0,
      0.0
    ],
    [
      0.0,
      0.0,
      -0.999999999998,
      0.5150141660124063
    ],
    [
      0.0,
      0.0,
      0.0,
      1.0
    ]
  ],
  "bin_size": {
    "w": 0.25,
    "d": 0.25
  },
  "z_floor": 0.0,
  "piece_aabb": {
    "w": 0.0300283320248127,
    "d": 0.0300283320248127,
    "h": 0.0300283320248127
  },
  "poses": [
    {
      "R": [
        [
          -0.6399134848649681,
          -0.45579099602091955,
          -0.6186802888683545
        ],
        [
          -0.6364339483222649,
          0.7655467592481732,
          0.09428673728341774
        ],
        [
          0.4306536442559206,
          0.45408449362522574,
          -0.7799645577449128
        ]
      ],
      "tx": -0.09303403911612401,
      "ty": 0.025161347933606276,
      "tz": 0.0
    },
    {
      "R": [
        [
          -0.734458626567525,
          -0.6612404341216074,
          -0.1527468956909211
        ],
        [
          -0.6510527019058334,
          0.750045036308641,
          -0.11645953310005716
        ],
        [
          0.1915748031492106,
          0.013911570415939482,
          -0.9813794184752926
        ]
      ],
      "tx": 0.01380117960852889,
      "ty": 0.05469561629702413,
      "tz": 0.0
    },
    {
      "R": [
        [
          0.7155274929124364,
          -0.2309073972537914,
          0.6593194830883756
        ],
        [
          -0.5873221833424908,
          0.3121793100053517,
          0.7467239994525368
        ],
        [
          -0.37824999648414115,
          -0.9215345095535286,
          0.08775584232223499
        ]
      ],
      "tx": 0.00024399461156682234,
      "ty": -0.018836022476293984,
      "tz": 0.0
    }
  ],
  "points_N": 4707
}