{
  "type": "scene",
  "distance_m": 0.5,
  "num_objects": 3,
  "intrinsics": {
    "width": 640,
    "height": 480,
    "fx": 554.2562584220408,
    "fy": 554.2562584220408,
    "cx": -0.0687555010273782,
    "cy": 0.0929685651977118
  },
  "T_wc": [
    [
      0.999999999999,
      0.0,
      0.0,
      0.0
    ],
    [
      -0.0,
      0.9999999999970001,
      0.0,
      0.0
    ],
    [
      0.0,
      0.0,
      -0.999999999998,
      0.5150141660124063
    ],
    [
      0.0,
      0.0,
      0.0,
      1.0
    ]
  ],
  "bin_size": {
    "w": 0.25,
    "d": 0.25
  },
  "z_floor": 0.0,
  "piece_aabb": {
    "w": 0.0300283320248127,
    "d": 0.0300283320248127,
    "h": 0.0300283320248127
  },
  "poses": [
    {
      "R": [
        [
          -0.7906700538317615,
          0.4917793349237422,
          -0.3646833581555927
        ],
        [
          -0.4372780704414662,
          -0.03669626755808619,
          0.8985773606419722
        ],
        [
          0.4285192587091817,
          0.8699462452871825,
          0.2440589585040187
        ]
      ],
      "tx": 0.02817306437536138,
      "ty": -0.05585088705761929,
      "tz": 0.0
    },
    {
      "R": [
        [
          0.8336321367578834,
          0.0005959990625982736,
          -0.5523197491938913
        ],
        [
          0.2754592639245537,
          0.8663075524988519,
          0.41669343455541974
        ],
        [
          0.47872711901732556,
          -0.4995106297853592,
          0.7220176426160272
        ]
      ],
      "tx": -0.07300195506766063,
      "ty": 0.03465589479687539,
      "tz": 0.0
    },
    {
      "R": [
        [
          0.31557204508334524,
          -0.7714724405625003,
          0.5524894187352863
        ],
        [
          0.24877196646666777,
          0.6291387290958006,
          0.7364081533036065
        ],
        [
          -0.9157110860212528,
          -0.09494594780326526,
          0.3904593114954712
        ]
      ],
      "tx": -0.0687555010273782,
      "ty": 0.0929685651977118,
      "tz": 0.0
    }
  ],
  "points_N": 5434
}