{
  "type": "scene",
  "distance_m": 0.5,
  "num_objects": 11,
  "intrinsics": {
    "width": 640,
    "height": 480,
    "fx": 554.2562584220408,
    "fy": 554.2562584220408,
    "cx": -0.015409277949552519,
    "cy": -0.09628554950139313
  },
  "T_wc": [
    [
      0.999999999999,
      0.0,
      0.0,
      0.0
    ],
    [
      -0.0,
      0.9999999999970001,
      0.0,
      0.0
    ],
    [
      0.0,
      0.0,
      -0.999999999998,
      0.5150141660124063
    ],
    [
      0.0,
      0.0,
      0.0,
      1.0
    ]
  ],
  "bin_size": {
    "w": 0.25,
    "d": 0.25
  },
  "z_floor": 0.0,
  "piece_aabb": {
    "w": 0.0300283320248127,
    "d": 0.0300283320248127,
    "h": 0.0300283320248127
  },
  "poses": [
    {
      "R": [
        [
          -0.9048784927348359,
          0.14366047514619873,
          0.40069512258910706
        ],
        [
          0.3304878581696434,
          -0.35616634702302497,
          0.874027064140874
        ],
        [
          0.2682772614076206,
          0.9233131652527446,
          0.2748092245223671
        ]
      ],
      "tx": 0.027192559612324058,
      "ty": -0.056066525322647456,
      "tz": 0.0
    },
    {
      "R": [
        [
          0.8752412665960088,
          0.12562942950931286,
          -0.4670866854113688
        ],
        [
          -0.3763663687073815,
          -0.42966918729505,
          -0.8208122477127338
        ],
        [
          -0.3038109309314492,
          0.894204470985454,
          -0.3287815115181971
        ]
      ],
      "tx": -0.03152761742002318,
      "ty": 0.08079822753121316,
      "tz": 0.0
    },
    {
      "R": [
        [
          0.6190087406550193,
          0.38351897460257556,
          -0.6853768124998657
        ],
        [
          0.604943651081887,
          0.3237052277943996,
          0.7275012745791528
        ],
        [
          0.5008706000639319,
          -0.8649439991226974,
          -0.031631003354806175
        ]
      ],
      "tx": 0.08877175102888549,
      "ty": -0.009014836247880686,
      "tz": 0.0
    },
    {
      "R": [
        [
          -0.5054622958130688,
          0.7916552969308044,
          -0.34320512576705703
        ],
        [
          -0.1018909361509221,
          -0.4497386756844288,
          -0.8873293417462902
        ],
        [
          -0.8568115922661588,
          -0.4135420346651788,
          0.30798844284049665
        ]
      ],
      "tx": 0.051502669755338126,
      "ty": 0.06608843422373528,
      "tz": 0.0
    },
    {
      "R": [
        [
          -0.33063240528683613,
          0.9022337894063575,
          0.2768689253558197
        ],
        [
          0.7611992478579437,
          0.428366203820853,
          -0.4869066650648895
        ],
        [
          -0.5579049360193389,
          0.04976529591549089,
          -0.8284114302010213
        ]
      ],
      "tx": -0.04270156925757412,
      "ty": -0.004745027935939172,
      "tz": 0.0
    },
    {
      "R": [
        [
          -0.1487120366254806,
          0.9817916163912854,
          0.1181945521015596
        ],
        [
          -0.360567170867281,
          -0.16512998883942198,
          0.9179996743347227
        ],
        [
          0.9208018491811724,
          0.09390052592866,
          0.37855864245167425
        ]
      ],
      "tx": -0.07320339859835512,
      "ty": -0.09015951433391492,
      "tz": 0.0
    },
    {
      "R": [
        [
          0.6992731861229691,
          -0.6675169570513806,
          0.25580876298183536
        ],
        [
          -0.049505203927689034,
          0.3117687839511609,
          0.9488674618394776
        ],
        [
          -0.7131383077310527,
          -0.6761814382268118,
          0.18496598780319284
        ]
      ],
      "tx": 0.00864397901967455,
      "ty": 0.022826943632385147,
      "tz": 0.0
    },
    {
      "R": [
        [
          0.09439053367045169,
          -0.777487641917433,
          0.6217743914146647
        ],
        [
          -0.7230983622219178,
          0.3757400459469701,
          0.5796103660423516
        ],
        [
          -0.6842654351239637,
          -0.5043137758751371,
          -0.5267337370599823
        ]
      ],
      "tx": -0.09362896994272366,
      "ty": 0.06174969897645699,
      "tz": 0.0
    },
    {
      "R": [
        [
          -0.6657995966799874,
          -0.5925451731381814,
          -0.4534325912982098
        ],
        [
          -0.1940175395584992,
          0.7242984829780172,
          -0.6616259531634239
        ],
        [
          0.7204638029800199,
          -0.3525364170499064,
          -0.5972017944122254
        ]
      ],
      "tx": 0.09540312943443782,
      "ty": -0.0734388422715511,
      "tz": 0.0
    },
    {
      "R": [
        [
          -0.24637504365215745,
          0.45992111911731115,
          0.8530954823788935
        ],
        [
          0.6414682255521515,
          0.7372194839964465,
          -0.21219318561864106
        ],
        [
          -0.7265107387178603,
          0.49495453993866256,
          -0.47665726672498687
        ]
      ],
      "tx": -0.0930113918842871,
      "ty": -0.03327854052851202,
      "tz": 0.0
    },
    {
      "R": [
        [
          0.05887385955063462,
          -0.5396438987311842,
          -0.8398323232787717
        ],
        [
          -0.9658517311001042,
          0.18184900943636062,
          -0.18455723041362038
        ],
        [
          0.25231785944031765,
          0.8220190997350497,
          -0.5105098407261455
        ]
      ],
      "tx": -0.015409277949552519,
      "ty": -0.09628554950139313,
      "tz": 0.0
    }
  ],
  "points_N": 18828
}