{
  "type": "scene",
  "distance_m": 0.5,
  "num_objects": 9,
  "intrinsics": {
    "width": 640,
    "height": 480,
    "fx": 554.2562584220408,
    "fy": 554.2562584220408,
    "cx": -0.07051980020864915,
    "cy": 0.010101493698746952
  },
  "T_wc": [
    [
      0.999999999999,
      0.0,
      0.0,
      0.0
    ],
    [
      -0.0,
      0.9999999999970001,
      0.0,
      0.0
    ],
    [
      0.0,
      0.0,
      -0.999999999998,
      0.5150141660124063
    ],
    [
      0.0,
      0.0,
      0.0,
      1.0
    ]
  ],
  "bin_size": {
    "w": 0.25,
    "d": 0.25
  },
  "z_floor": 0.0,
  "piece_aabb": {
    "w": 0.0300283320248127,
    "d": 0.0300283320248127,
    "h": 0.0300283320248127
  },
  "poses": [
    {
      "R": [
        [
          0.3230865671449059,
          0.6774947268310838,
          -0.660769222381457
        ],
        [
          -0.17924892962213906,
          0.72938494568087,
          0.6602025615244398
        ],
        [
          0.9292388774474718,
          -0.09486040338407548,
          0.3570946828363212
        ]
      ],
      "tx": 0.023803908321854236,
      "ty": 0.07262377569863335,
      "tz": 0.0
    },
    {
      "R": [
        [
          0.2466622189745078,
          0.6580208375829154,
          0.7114536717434599
        ],
        [
          0.398477698845528,
          0.6003386867959,
          -0.6934039116265116
        ],
        [
          -0.8833873857223369,
          0.4545349694389344,
          -0.11412575653112822
        ]
      ],
      "tx": -0.04002980249656037,
      "ty": -0.052046718422128053,
      "tz": 0.0
    },
    {
      "R": [
        [
          0.8940260799956898,
          0.041736280090401506,
          -0.44606664436130616
        ],
        [
          0.06798678035221041,
          0.9714816798543617,
          0.2271588505973026
        ],
        [
          0.44282633840466257,
          -0.23341257170847265,
          0.8656924427205983
        ]
      ],
      "tx": 0.07987410018073751,
      "ty": -0.01782488749743001,
      "tz": 0.0
    },
    {
      "R": [
        [
          0.6164602042253099,
          -0.7508956245117182,
          0.23692314723480634
        ],
        [
          0.43621508464512354,
          0.07519201409455945,
          -0.8966953557058558
        ],
        [
          0.655509890493299,
          0.6561264528317389,
          0.37390488277087663
        ]
      ],
      "tx": -0.09681063819881588,
      "ty": -0.04144316788308611,
      "tz": 0.0
    },
    {
      "R": [
        [
          0.55990692974698,
          -0.7178946760912486,
          0.41368038877997554
        ],
        [
          0.5965563451025544,
          0.6957778934462846,
          0.40001706227276435
        ],
        [
          -0.5749997888166505,
          0.022811335587635928,
          0.817835488242908
        ]
      ],
      "tx": -0.042340571851451944,
      "ty": 0.06380269786453935,
      "tz": 0.0
    },
    {
      "R": [
        [
          -0.7899343090782374,
          0.5117804445740318,
          -0.3377640654254011
        ],
        [
          -0.16450576885560272,
          0.3537632854094541,
          0.9207547935848808
        ],
        [
          0.5907128230826848,
          0.7828999389755473,
          -0.19525892091725128
        ]
      ],
      "tx": 0.04364615022345669,
      "ty": -0.08270349684849841,
      "tz": 0.0
    },
    {
      "R": [
        [
          -0.389215569761034,
          0.08586875478770462,
          0.9171356482041262
        ],
        [
          -0.9199956799977442,
          0.013520650043626459,
          -0.39169521417536624
        ],
        [
          -0.04603465043944449,
          -0.9962147102776624,
          0.07373643594120427
        ]
      ],
      "tx": 0.013790184603171218,
      "ty": -0.007894180195984521,
      "tz": 0.0
    },
    {
      "R": [
        [
          -0.28582055583414134,
          0.6881723132548518,
          -0.6668774078735378
        ],
        [
          0.9178933276054253,
          0.3965137208059133,
          0.01577048984939694
        ],
        [
          0.2752788567981608,
          -0.6076147928433906,
          -0.7450005466560288
        ]
      ],
      "tx": 0.09630899540062318,
      "ty": 0.09122887110740618,
      "tz": 0.0
    },
    {
      "R": [
        [
          0.6189594998335652,
          0.4115771196317991,
          -0.6689494840130864
        ],
        [
          -0.6028077068084178,
          -0.29705645489233756,
          -0.7405270631240785
        ],
        [
          -0.5034997578729897,
          0.8616041650331016,
          0.06423594491756546
        ]
      ],
      "tx": -0.07051980020864915,
      "ty": 0.010101493698746952,
      "tz": 0.0
    }
  ],
  "points_N": 14584
}