{
  "type": "scene",
  "distance_m": 0.5,
  "num_objects": 10,
  "intrinsics": {
    "width": 640,
    "height": 480,
    "fx": 554.2562584220408,
    "fy": 554.2562584220408,
    "cx": -0.04970708679257658,
    "cy": 0.04239180363821593
  },
  "T_wc": [
    [
      0.999999999999,
      0.0,
      0.0,
      0.0
    ],
    [
      -0.0,
      0.9999999999970001,
      0.0,
      0.0
    ],
    [
      0.0,
      0.0,
      -0.999999999998,
      0.5150141660124063
    ],
    [
      0.0,
      0.0,
      0.0,
      1.0
    ]
  ],
  "bin_size": {
    "w": 0.25,
    "d": 0.25
  },
  "z_floor": 0.0,
  "piece_aabb": {
    "w": 0.0300283320248127,
    "d": 0.0300283320248127,
    "h": 0.0300283320248127
  },
  "poses": [
    {
      "R": [
        [
          0.4020993592568627,
          -0.44301126998827395,
          0.8012846684846759
        ],
        [
          -0.9153622054260575,
          -0.17472866152084676,
          0.36274223316382276
        ],
        [
          -0.020691499770784716,
          -0.879324120848797,
          -0.47577405596640676
        ]
      ],
      "tx": -0.09518989362217749,
      "ty": -0.010722343728938266,
      "tz": 0.0
    },
    {
      "R": [
        [
          0.2700695371655263,
          0.5095325206993571,
          -0.8169694336050508
        ],
        [
          -0.42875465233474436,
          0.8233720165288302,
          0.3717902237802391
        ],
        [
          0.8621089798839303,
          0.24987023181445006,
          0.44083213818468603
        ]
      ],
      "tx": 0.0927456642527808,
      "ty": 0.08047023827453514,
      "tz": 0.0
    },
    {
      "R": [
        [
          -0.9368748910797606,
          0.0004319314982491329,
          0.34966448475569684
        ],
        [
          0.07343549939729543,
          0.9779400664278964,
          0.19555166555995193
        ],
        [
          -0.34186644452557197,
          0.20888523143147839,
          -0.9162392123224488
        ]
      ],
      "tx": 0.014861528358636578,
      "ty": -0.06536457568600713,
      "tz": 0.0
    },
    {
      "R": [
        [
          0.48976339120191315,
          -0.6879034181433483,
          -0.5356497997246888
        ],
        [
          0.7803468717156716,
          0.6198721611528286,
          -0.0825667222995235
        ],
        [
          0.38883232947115753,
          -0.3775544876364457,
          0.8403939721485478
        ]
      ],
      "tx": 0.08499012480666321,
      "ty": -0.07121561367059345,
      "tz": 0.0
    },
    {
      "R": [
        [
          0.15948010214545683,
          0.868339568765305,
          -0.4696301633585289
        ],
        [
          -0.8386951553114657,
          -0.13175519798469848,
          -0.5284231299452071
        ],
        [
          -0.5207269279351232,
          0.4781495175366141,
          0.7072598570559142
        ]
      ],
      "tx": -0.01877782368697148,
      "ty": -0.007148294761293583,
      "tz": 0.0
    },
    {
      "R": [
        [
          0.9699131534709402,
          0.2287220384844468,
          0.08339486696179615
        ],
        [
          0.2003476327792618,
          -0.9445064841097217,
          0.2603235054973693
        ],
        [
          0.13830871542965945,
          -0.2357832279578258,
          -0.9619131814514168
        ]
      ],
      "tx": 0.07665270686523518,
      "ty": 0.009529659489530648,
      "tz": 0.0
    },
    {
      "R": [
        [
          0.3084052550637375,
          -0.5890092733486147,
          -0.7469633689535304
        ],
        [
          0.11361883923472416,
          0.8024272261269403,
          -0.5858338554071267
        ],
        [
          0.9444453176441847,
          0.09580512867044855,
          0.3143953232801243
        ]
      ],
      "tx": 0.015343779463319232,
      "ty": 0.06365203923708862,
      "tz": 0.0
    },
    {
      "R": [
        [
          0.7853171290986458,
          -0.35703569532749735,
          -0.5057692349345413
        ],
        [
          0.29877294681080024,
          0.9340876349883797,
          -0.1954866144159398
        ],
        [
          0.5422284878151014,
          0.0024088220827028772,
          0.8402276266452575
        ]
      ],
      "tx": -0.08647879351229633,
      "ty": 0.09524588859978139,
      "tz": 0.0
    },
    {
      "R": [
        [
          -0.2964597189690874,
          -0.7599798430082727,
          -0.5783962942912853
        ],
        [
          0.6196156105736439,
          0.30780988428726164,
          -0.7220315576680241
        ],
        [
          0.7267655262615449,
          -0.5724366457139025,
          0.37964214265752394
        ]
      ],
      "tx": -0.05937563481008194,
      "ty": -0.0849600034637732,
      "tz": 0.0
    },
    {
      "R": [
        [
          -0.414043062541978,
          0.39709236045191315,
          -0.8190763087964319
        ],
        [
          0.7415415945179131,
          0.6690025852347278,
          -0.05051340959667655
        ],
        [
          0.5279056790381125,
          -0.6282938788655981,
          -0.5714563813794811
        ]
      ],
      "tx": -0.04970708679257658,
      "ty": 0.04239180363821593,
      "tz": 0.0
    }
  ],
  "points_N": 16761
}