{
  "type": "scene",
  "distance_m": 0.5,
  "num_objects": 11,
  "intrinsics": {
    "width": 640,
    "height": 480,
    "fx": 554.2562584220408,
    "fy": 554.2562584220408,
    "cx": -0.09860707905746079,
    "cy": -0.09843171014736002
  },
  "T_wc": [
    [
      0.999999999999,
      0.0,
      0.0,
      0.0
    ],
    [
      -0.0,
      0.9999999999970001,
      0.0,
      0.0
    ],
    [
      0.0,
      0.0,
      -0.999999999998,
      0.5150141660124063
    ],
    [
      0.0,
      0.0,
      0.0,
      1.0
    ]
  ],
  "bin_size": {
    "w": 0.25,
    "d": 0.25
  },
  "z_floor": 0.0,
  "piece_aabb": {
    "w": 0.0300283320248127,
    "d": 0.0300283320248127,
    "h": 0.0300283320248127
  },
  "poses": [
    {
      "R": [
        [
          0.20918311708766957,
          -0.8156385205977567,
          -0.5394221234270888
        ],
        [
          0.9505094194716687,
          0.04000478727742829,
          0.30810949432063833
        ],
        [
          -0.2297265048293689,
          -0.5771771138151538,
          0.7836404228132257
        ]
      ],
      "tx": 0.09411787488293313,
      "ty": 0.0737719516789668,
      "tz": 0.0
    },
    {
      "R": [
        [
          -0.26678504389343827,
          -0.931668247974743,
          -0.24661714472122437
        ],
        [
          -0.8536406363481198,
          0.10965697351932246,
          0.5091885820928823
        ],
        [
          -0.447351544459113,
          0.34636631457786937,
          -0.8245647165600718
        ]
      ],
      "tx": 0.09241225091779975,
      "ty": 0.0014531506294943042,
      "tz": 0.0
    },
    {
      "R": [
        [
          -0.6063352496018402,
          0.6027736299561236,
          -0.5186728411241446
        ],
        [
          0.07837505757146757,
          -0.6037730972932949,
          -0.793294016954326
        ],
        [
          -0.7913374219894715,
          -0.5216531395615093,
          0.31884649369983253
        ]
      ],
      "tx": 0.03897589996923914,
      "ty": 0.045128620082384746,
      "tz": 0.0
    },
    {
      "R": [
        [
          -0.5199176229703308,
          0.45477649528269337,
          -0.7230933581933052
        ],
        [
          0.7417078619857254,
          -0.17956921777898538,
          -0.6462386118879062
        ],
        [
          -0.4237394397426859,
          -0.8723148716860409,
          -0.2439501011311962
        ]
      ],
      "tx": -0.09842322581490864,
      "ty": 0.02924959204000699,
      "tz": 0.0
    },
    {
      "R": [
        [
          -0.07285828792640059,
          0.2390284763127255,
          -0.968275300414118
        ],
        [
          0.2524073980287241,
          -0.9348304946750268,
          -0.24976479264703055
        ],
        [
          -0.9648741758907236,
          -0.26259728432956375,
          0.007777593582546927
        ]
      ],
      "tx": -0.047822485932910705,
      "ty": -0.07185294881142483,
      "tz": 0.0
    },
    {
      "R": [
        [
          0.6388861177925105,
          -0.691892659509038,
          -0.3363169282232531
        ],
        [
          -0.48563027661504243,
          -0.023665436896355585,
          -0.8738439114231454
        ],
        [
          0.5966471008282968,
          0.7216124270091356,
          -0.3511235427298678
        ]
      ],
      "tx": 0.04923696635249622,
      "ty": -0.05353548957410562,
      "tz": 0.0
    },
    {
      "R": [
        [
          0.6108840787121246,
          -0.08137398460550965,
          0.78752708969626
        ],
        [
          -0.7368659916067641,
          -0.42224464750369517,
          0.5279564073556269
        ],
        [
          0.2895671818238713,
          -0.9028220933738289,
          -0.31790425433875313
        ]
      ],
      "tx": -0.02891176825602587,
      "ty": 0.017585349582728796,
      "tz": 0.0
    },
    {
      "R": [
        [
          0.07142338630077893,
          -0.451333343017753,
          -0.889492503267874
        ],
        [
          -0.0598304008592086,
          0.8882256833717523,
          -0.4554947403997217
        ],
        [
          0.9956500504807679,
          0.08575166983332008,
          0.03643663127185515
        ]
      ],
      "tx": -0.06072511334644821,
      "ty": 0.08464501794299106,
      "tz": 0.0
    },
    {
      "R": [
        [
          0.5564903223253819,
          0.5822118837420436,
          0.5927460194617369
        ],
        [
          -0.5428895614850868,
          0.7948600418894759,
          -0.2710506185899431
        ],
        [
          -0.6289590170978732,
          -0.17095858047200152,
          0.7584086751707653
        ]
      ],
      "tx": 0.09668806139920144,
      "ty": -0.09307332839737617,
      "tz": 0.0
    },
    {
      "R": [
        [
          0.4898359382506079,
          -0.06873143307029084,
          -0.869101112475557
        ],
        [
          -0.8659100723198843,
          0.07747030095883156,
          -0.494164040703409
        ],
        [
          0.10129412743648741,
          0.9946227136846674,
          -0.021567502623818458
        ]
      ],
      "tx": 0.008437791614980733,
      "ty": 0.09368934476664215,
      "tz": 0.0
    },
    {
      "R": [
        [
          -0.4880015928463557,
          0.8188910653633663,
          0.3021123440832406
        ],
        [
          0.8470324323913259,
          0.5278481189356501,
          -0.0625493550192923
        ],
        [
          -0.21069054050111813,
          0.22537476878334567,
          -0.9512180137798063
        ]
      ],
      "tx": -0.09860707905746079,
      "ty": -0.09843171014736002,
      "tz": 0.0
    }
  ],
  "points_N": 18781
}