{
  "type": "scene",
  "distance_m": 0.5,
  "num_objects": 12,
  "intrinsics": {
    "width": 640,
    "height": 480,
    "fx": 554.2562584220408,
    "fy": 554.2562584220408,
    "cx": -0.0965223203951304,
    "cy": 0.041716947321442044
  },
  "T_wc": [
    [
      0.999999999999,
      0.0,
      0.0,
      0.0
    ],
    [
      -0.0,
      0.9999999999970001,
      0.0,
      0.0
    ],
    [
      0.0,
      0.0,
      -0.999999999998,
      0.5150141660124063
    ],
    [
      0.0,
      0.0,
      0.0,
      1.0
    ]
  ],
  "bin_size": {
    "w": 0.25,
    "d": 0.25
  },
  "z_floor": 0.0,
  "piece_aabb": {
    "w": 0.0300283320248127,
    "d": 0.0300283320248127,
    "h": 0.0300283320248127
  },
  "poses": [
    {
      "R": [
        [
          0.29053386539245274,
          0.7458254920418541,
          -0.599445083790539
        ],
        [
          -0.3849952910612236,
          -0.4824077028619653,
          -0.7868045717204021
        ],
        [
          -0.8759958327074413,
          0.4593769080395399,
          0.14698352778195356
        ]
      ],
      "tx": 0.07071913416873166,
      "ty": -0.005986371422414538,
      "tz": 0.0
    },
    {
      "R": [
        [
          -0.3212939615295023,
          0.9174557311786286,
          0.23461707442589685
        ],
        [
          -0.8908259443692966,
          -0.20877311392885467,
          -0.4035380077997615
        ],
        [
          -0.32124652079552496,
          -0.3386573020443197,
          0.8843709089792771
        ]
      ],
      "tx": 0.00841105461687916,
      "ty": 0.0843079321904413,
      "tz": 0.0
    },
    {
      "R": [
        [
          -0.8486581332295542,
          0.502427180925629,
          0.16536716956655428
        ],
        [
          0.3945778715600535,
          0.39313569179122365,
          0.8305134743729171
        ],
        [
          0.35226080704283047,
          0.7700722405767925,
          -0.531884449965002
        ]
      ],
      "tx": -0.008608044627990807,
      "ty": -0.034502762983231114,
      "tz": 0.0
    },
    {
      "R": [
        [
          0.18366855795827652,
          0.5648281433060303,
          -0.8045091853714225
        ],
        [
          -0.2813085751179582,
          0.814404824502812,
          0.5075532163149475
        ],
        [
          0.9418765027234893,
          0.13309376527849257,
          0.308471559890636
        ]
      ],
      "tx": 0.09330008211373744,
      "ty": 0.08215902610551015,
      "tz": 0.0
    },
    {
      "R": [
        [
          0.852347926066439,
          0.4444431334407354,
          0.2756325707669919
        ],
        [
          0.33842145799648093,
          -0.0669167836945197,
          -0.9386123059216284
        ],
        [
          -0.3987153492126635,
          0.8933042288030216,
          -0.2074454750165986
        ]
      ],
      "tx": -0.07188207033639259,
      "ty": 0.09670004025168286,
      "tz": 0.0
    },
    {
      "R": [
        [
          0.9079281299121483,
          0.1669523970969749,
          0.38443908232358875
        ],
        [
          -0.38288704040877947,
          -0.04270324499026179,
          0.9228076436366938
        ],
        [
          0.17048174448085268,
          -0.9850397606040456,
          0.025152431848423307
        ]
      ],
      "tx": -0.048893010802972835,
      "ty": 0.006582574342835476,
      "tz": 0.0
    },
    {
      "R": [
        [
          0.7983566468030332,
          0.5937890399763665,
          0.10020599038661265
        ],
        [
          -0.045219040805316246,
          -0.10682015004763445,
          0.9932495627446549
        ],
        [
          0.6004847232478641,
          -0.797498609119631,
          -0.058430005974585475
        ]
      ],
      "tx": -0.09772569722116771,
      "ty": -0.029035052820202217,
      "tz": 0.0
    },
    {
      "R": [
        [
          -0.24959788649965553,
          0.35455454804574876,
          -0.9011059690818721
        ],
        [
          0.3239013176674063,
          0.9075267539908204,
          0.26736328694157496
        ],
        [
          0.9125726444882198,
          -0.22513609939536536,
          -0.34135744503499144
        ]
      ],
      "tx": -0.003222243406138192,
      "ty": -0.09692769049772178,
      "tz": 0.0
    },
    {
      "R": [
        [
          -0.30325436776775483,
          0.46072483893070876,
          -0.8341279345652269
        ],
        [
          0.31794155160398235,
          -0.7762665915854028,
          -0.5443559024682598
        ],
        [
          -0.8983039341967903,
          -0.43028223479555117,
          0.08892266429833706
        ]
      ],
      "tx": 0.07620371058820027,
      "ty": -0.0802488961562795,
      "tz": 0.0
    },
    {
      "R": [
        [
          -0.7869538740047046,
          -0.6170084648372811,
          -0.0020382610551076957
        ],
        [
          0.5980223768417974,
          -0.7635432876792614,
          0.24366141392602864
        ],
        [
          -0.15189745549374578,
          0.19053136791375258,
          0.9698582168829832
        ]
      ],
      "tx": 0.013266250627529771,
      "ty": 0.02700682700203408,
      "tz": 0.0
    },
    {
      "R": [
        [
          0.8370248959592932,
          0.5471582128129306,
          -0.0026858324024641167
        ],
        [
          -0.4122542507288304,
          0.6274104668611202,
          -0.6606077041854127
        ],
        [
          -0.35977181143100284,
          0.5540523406903636,
          0.7507264798015214
        ]
      ],
      "tx": -0.0592802554294057,
      "ty": -0.07558526613436581,
      "tz": 0.0
    },
    {
      "R": [
        [
          0.6680063022410129,
          -0.30262976436363803,
          -0.6798402796889116
        ],
        [
          -0.5697425238023233,
          0.3797015589894639,
          -0.7288485320506106
        ],
        [
          0.4787076735729727,
          0.8742093295213564,
          0.08122198864945807
        ]
      ],
      "tx": -0.0965223203951304,
      "ty": 0.041716947321442044,
      "tz": 0.0
    }
  ],
  "points_N": 19356
}