{
  "type": "scene",
  "distance_m": 0.5,
  "num_objects": 13,
  "intrinsics": {
    "width": 640,
    "height": 480,
    "fx": 554.2562584220408,
    "fy": 554.2562584220408,
    "cx": -0.09649781695985253,
    "cy": 0.09515921253652654
  },
  "T_wc": [
    [
      0.999999999999,
      0.0,
      0.0,
      0.0
    ],
    [
      -0.0,
      0.9999999999970001,
      0.0,
      0.0
    ],
    [
      0.0,
      0.0,
      -0.999999999998,
      0.5150141660124063
    ],
    [
      0.0,
      0.0,
      0.0,
      1.0
    ]
  ],
  "bin_size": {
    "w": 0.25,
    "d": 0.25
  },
  "z_floor": 0.0,
  "piece_aabb": {
    "w": 0.0300283320248127,
    "d": 0.0300283320248127,
    "h": 0.0300283320248127
  },
  "poses": [
    {
      "R": [
        [
          -0.14633012444727456,
          -0.9564647954220551,
          0.25251255374236575
        ],
        [
          -0.2817850739832974,
          -0.204383746707975,
          -0.9374563756046668
        ],
        [
          0.9482534823344824,
          -0.2083323767441259,
          -0.23961000404964494
        ]
      ],
      "tx": 0.06658082410027694,
      "ty": 0.025332035630263067,
      "tz": 0.0
    },
    {
      "R": [
        [
          0.7740393932064298,
          0.4035091053283284,
          -0.4878969355117472
        ],
        [
          0.5708332197589441,
          -0.11141531074117217,
          0.8134716121365793
        ],
        [
          0.2738840137435171,
          -0.9081668516575465,
          -0.3165762413166233
        ]
      ],
      "tx": 0.06774817523389692,
      "ty": 0.08483711054847162,
      "tz": 0.0
    },
    {
      "R": [
        [
          -0.7765461640377449,
          0.4816760223218332,
          -0.40615793066057515
        ],
        [
          -0.5675595226659462,
          -0.25485349858028483,
          0.7828958311886657
        ],
        [
          0.2735913802543256,
          0.8384735558034048,
          0.4712853200227306
        ]
      ],
      "tx": 0.00012749753191027002,
      "ty": 0.028137378998638718,
      "tz": 0.0
    },
    {
      "R": [
        [
          0.37144439748820024,
          0.8310661822850782,
          0.41395417649388777
        ],
        [
          -0.9039319836717099,
          0.42549571986082135,
          -0.04313190553927321
        ],
        [
          -0.21198119838786467,
          -0.3581653152417558,
          0.9092753040129367
        ]
      ],
      "tx": -0.06386017936513183,
      "ty": -0.08080155430968379,
      "tz": 0.0
    },
    {
      "R": [
        [
          0.5540763138661693,
          -0.26148609100560466,
          0.7903318686622012
        ],
        [
          -0.6972173377343984,
          0.3729676633374208,
          0.6121953169268628
        ],
        [
          -0.4548487906711811,
          -0.8902360059642795,
          0.02433991186777429
        ]
      ],
      "tx": -0.04886792364135446,
      "ty": 0.05991706881539399,
      "tz": 0.0
    },
    {
      "R": [
        [
          -0.6265317245129793,
          -0.6631354170248656,
          -0.40952340209815785
        ],
        [
          0.046887784764044704,
          -0.5565545083848678,
          0.829486958810323
        ],
        [
          -0.7779842760742098,
          0.5004982496310407,
          0.37979200662672175
        ]
      ],
      "tx": 0.04383937376571892,
      "ty": -0.04660571640259041,
      "tz": 0.0
    },
    {
      "R": [
        [
          0.9418374457584759,
          0.1813450268870572,
          0.28294205588862587
        ],
        [
          -0.30086763014584794,
          0.8301065878895335,
          0.46946961762484424
        ],
        [
          -0.14973608415332307,
          -0.5272921713487966,
          0.836386316923406
        ]
      ],
      "tx": -0.02021583293437894,
      "ty": -0.030549898489652283,
      "tz": 0.0
    },
    {
      "R": [
        [
          0.3200262517456619,
          -0.8991596514151855,
          0.29848805580884563
        ],
        [
          0.8111705215388202,
          0.09727871700661705,
          -0.5766621508335579
        ],
        [
          0.48947480341694893,
          0.4266717385584249,
          0.7605035465633743
        ]
      ],
      "tx": -0.09787211885119859,
      "ty": 0.01842416485548201,
      "tz": 0.0
    },
    {
      "R": [
        [
          0.7864918395982632,
          -0.5507951409879381,
          -0.2793837842635419
        ],
        [
          -0.3283834164371591,
          -0.7560737898640622,
          0.5661419928689738
        ],
        [
          -0.5230630153761583,
          -0.3535210558717419,
          -0.7755178560168228
        ]
      ],
      "tx": -0.001568413194549076,
      "ty": -0.08761161456447052,
      "tz": 0.0
    },
    {
      "R": [
        [
          -0.046112919433835664,
          -0.9908854650895038,
          -0.12656853375008364
        ],
        [
          0.6175578062495664,
          0.07131194275453945,
          -0.7832860031692103
        ],
        [
          0.7851725635817335,
          -0.11428299040071888,
          0.608640652194345
        ]
      ],
      "tx": 0.09091161737772024,
      "ty": -0.09435041563964355,
      "tz": 0.0
    },
    {
      "R": [
        [
          0.6943514521646404,
          0.7081516962186993,
          0.12805169276285983
        ],
        [
          0.7188510516608566,
          -0.6908342762822095,
          -0.07746720751205305
        ],
        [
          0.03360396409555584,
          0.14583956204066828,
          -0.9887373745038921
        ]
      ],
      "tx": 0.004998924952271083,
      "ty": 0.09458639987042089,
      "tz": 0.0
    },
    {
      "R": [
        [
          -0.3259601065855977,
          -0.1776527900856507,
          -0.9285415957777496
        ],
        [
          0.1992695428038444,
          0.9472074431264679,
          -0.25117664898745246
        ],
        [
          0.9241437432701975,
          -0.26690362654074745,
          -0.27335104886198014
        ]
      ],
      "tx": 0.09855796110167919,
      "ty": -0.028234695336129337,
      "tz": 0.0
    },
    {
      "R": [
        [
          0.3146855566429565,
          0.1710992240692894,
          -0.9336477151277133
        ],
        [
          0.8414221374415389,
          -0.5055121540204941,
          0.19096138028636106
        ],
        [
          -0.4392969235763261,
          -0.8456846443328905,
          -0.30304404840868937
        ]
      ],
      "tx": -0.09649781695985253,
      "ty": 0.09515921253652654,
      "tz": 0.0
    }
  ],
  "points_N": 21636
}