{
  "type": "scene",
  "distance_m": 0.5,
  "num_objects": 6,
  "intrinsics": {
    "width": 640,
    "height": 480,
    "fx": 554.2562584220408,
    "fy": 554.2562584220408,
    "cx": 0.03241565106632069,
    "cy": -0.05155326578960142
  },
  "T_wc": [
    [
      0.999999999999,
      0.0,
      0.0,
      0.0
    ],
    [
      -0.0,
      0.9999999999970001,
      0.0,
      0.0
    ],
    [
      0.0,
      0.0,
      -0.999999999998,
      0.5150141660124063
    ],
    [
      0.0,
      0.0,
      0.0,
      1.0
    ]
  ],
  "bin_size": {
    "w": 0.25,
    "d": 0.25
  },
  "z_floor": 0.0,
  "piece_aabb": {
    "w": 0.0300283320248127,
    "d": 0.0300283320248127,
    "h": 0.0300283320248127
  },
  "poses": [
    {
      "R": [
        [
          0.9615896249094926,
          -0.20601149490719686,
          -0.18139640909489727
        ],
        [
          -0.23467675760542958,
          -0.2742278107855114,
          -0.9325909753110353
        ],
        [
          0.14238052081034044,
          0.9393393272709749,
          -0.31204072736725963
        ]
      ],
      "tx": 0.08789080029946997,
      "ty": 0.056154180731992576,
      "tz": 0.0
    },
    {
      "R": [
        [
          -0.12293967880813406,
          0.9694745276599877,
          -0.21214376161696835
        ],
        [
          -0.48628057572772404,
          -0.24519204204817924,
          -0.8386966461040353
        ],
        [
          -0.8651109969503719,
          5.2294246655149035e-05,
          0.5015804623595754
        ]
      ],
      "tx": -0.05414068720382569,
      "ty": -0.06814733709526792,
      "tz": 0.0
    },
    {
      "R": [
        [
          -0.8411418586237274,
          0.3307925043739373,
          -0.42785125069472557
        ],
        [
          0.39268233593748475,
          0.9175407934453792,
          -0.06260571384709598
        ],
        [
          0.37186147516743734,
          -0.22066991506239073,
          -0.9016783416899041
        ]
      ],
      "tx": -0.0701995084458619,
      "ty": 0.022252494868576694,
      "tz": 0.0
    },
    {
      "R": [
        [
          -0.5298338958471653,
          0.8003880226869791,
          -0.2804550872254644
        ],
        [
          -0.5849622863011381,
          -0.10544556480243616,
          0.8041768191566083
        ],
        [
          0.6140807491012565,
          0.5901357860719201,
          0.5240654420781021
        ]
      ],
      "tx": 0.04387724269616983,
      "ty": 0.09743658617954498,
      "tz": 0.0
    },
    {
      "R": [
        [
          0.06701636360695451,
          -0.9667935822512879,
          0.2466150367001637
        ],
        [
          -0.9559791416468708,
          -0.1329889361878578,
          -0.2615680094884207
        ],
        [
          0.2856793442743333,
          -0.21822949427001057,
          -0.9331469338135572
        ]
      ],
      "tx": 0.019668046661455954,
      "ty": 0.026848389231438174,
      "tz": 0.0
    },
    {
      "R": [
        [
          0.03555914810833194,
          0.6799806963941899,
          0.7323672572672009
        ],
        [
          0.19244590337103581,
          0.7144556902570149,
          -0.6726943146296677
        ],
        [
          -0.9806631028347685,
          0.1648615151897036,
          -0.10545406368575616
        ]
      ],
      "tx": 0.03241565106632069,
      "ty": -0.05155326578960142,
      "tz": 0.0
    }
  ],
  "points_N": 9467
}