{
  "type": "scene",
  "distance_m": 0.5,
  "num_objects": 11,
  "intrinsics": {
    "width": 640,
    "height": 480,
    "fx": 554.2562584220408,
    "fy": 554.2562584220408,
    "cx": 0.09632374199780006,
    "cy": -0.00012315647305934097
  },
  "T_wc": [
    [
      0.999999999999,
      0.0,
      0.0,
      0.0
    ],
    [
      -0.0,
      0.9999999999970001,
      0.0,
      0.0
    ],
    [
      0.0,
      0.0,
      -0.999999999998,
      0.5150141660124063
    ],
    [
      0.0,
      0.0,
      0.0,
      1.0
    ]
  ],
  "bin_size": {
    "w": 0.25,
    "d": 0.25
  },
  "z_floor": 0.0,
  "piece_aabb": {
    "w": 0.0300283320248127,
    "d": 0.0300283320248127,
    "h": 0.0300283320248127
  },
  "poses": [
    {
      "R": [
        [
          -0.4340272296252108,
          0.3978662874857931,
          0.8082838494156225
        ],
        [
          -0.7836538106890863,
          0.27585621882928246,
          -0.5565878650542828
        ],
        [
          -0.4444176739693618,
          -0.8749890078255174,
          0.1920603218996022
        ]
      ],
      "tx": 0.0649031323579069,
      "ty": 0.09086454324849041,
      "tz": 0.0
    },
    {
      "R": [
        [
          -0.26080956568909675,
          0.6460465634400534,
          0.7173577965787795
        ],
        [
          0.6347519809991171,
          -0.44510958636886855,
          0.631638645698813
        ],
        [
          0.7273708085033114,
          0.6200816833206988,
          -0.29399049805632727
        ]
      ],
      "tx": -0.08447508674720888,
      "ty": -0.046757612186735506,
      "tz": 0.0
    },
    {
      "R": [
        [
          0.9328392510927035,
          0.24534069563708077,
          -0.2638538888951939
        ],
        [
          0.14290165446095193,
          0.4203229332628102,
          0.8960511977145448
        ],
        [
          0.3307416647069533,
          -0.8735768854758353,
          0.35703413896882863
        ]
      ],
      "tx": -0.05916187420927763,
      "ty": 0.022027900599164568,
      "tz": 0.0
    },
    {
      "R": [
        [
          0.5105491497059376,
          -0.4142353517566443,
          0.7534909681539609
        ],
        [
          0.28897338900964353,
          0.9079971070139174,
          0.3033737531472323
        ],
        [
          -0.8098357525935894,
          0.06285162694318909,
          0.583280144366126
        ]
      ],
      "tx": 0.04313112635940383,
      "ty": 0.0273439595394597,
      "tz": 0.0
    },
    {
      "R": [
        [
          0.4233046354862311,
          0.9059306879890192,
          -0.010137757918355694
        ],
        [
          -0.4949171487318668,
          0.2218531417345535,
          -0.8401417733892461
        ],
        [
          -0.7588611213305029,
          0.36065325738477705,
          0.5422720963416443
        ]
      ],
      "tx": -0.020688102616518947,
      "ty": -0.03506299259879282,
      "tz": 0.0
    },
    {
      "R": [
        [
          0.9415520386025066,
          0.143570533569402,
          0.30474130093254687
        ],
        [
          0.04272527762805436,
          0.8464317219017243,
          -0.5307804544348708
        ],
        [
          -0.33414713713433125,
          0.5127775756105949,
          0.7908254223884379
        ]
      ],
      "tx": 0.0797952157531398,
      "ty": -0.062001672621160325,
      "tz": 0.0
    },
    {
      "R": [
        [
          -0.8433450276312335,
          0.28130846009772154,
          0.45785883703071945
        ],
        [
          0.04782430102363966,
          0.8879419905689643,
          -0.45746241115093333
        ],
        [
          -0.5352401335861079,
          -0.36390187092384385,
          -0.7622948430475258
        ]
      ],
      "tx": 0.025514779743728705,
      "ty": -0.09555034029312295,
      "tz": 0.0
    },
    {
      "R": [
        [
          0.5542019540020505,
          0.36047843547105324,
          0.7502769433620167
        ],
        [
          0.020584640338739635,
          -0.9070207362029346,
          0.42058252065440305
        ],
        [
          0.8321276745562749,
          -0.21764347373222193,
          -0.510092983268088
        ]
      ],
      "tx": -0.04870946319574792,
      "ty": 0.09352593478999388,
      "tz": 0.0
    },
    {
      "R": [
        [
          -0.8709951222513239,
          0.4366150008513183,
          -0.22524395229618185
        ],
        [
          -0.4663501537805451,
          -0.5905398275306435,
          0.6586199557931265
        ],
        [
          0.15454782781800344,
          0.6786973207046578,
          0.7179727820642336
        ]
      ],
      "tx": -0.04559698419434573,
      "ty": -0.09669254101898214,
      "tz": 0.0
    },
    {
      "R": [
        [
          0.24153220187311708,
          0.9419035163991366,
          -0.2334094283726888
        ],
        [
          -0.366602135237618,
          0.31127461668349077,
          0.8767616480251432
        ],
        [
          0.8984793096658059,
          -0.12619777653939618,
          0.42048668385451815
        ]
      ],
      "tx": 0.008962493178768266,
      "ty": 0.07689567669973477,
      "tz": 0.0
    },
    {
      "R": [
        [
          0.3644600096955418,
          -0.9235464207293829,
          0.11929337823480174
        ],
        [
          0.6207829886315746,
          0.3364470069768012,
          0.708118558238663
        ],
        [
          -0.6941162599726187,
          -0.18402559673669916,
          0.6959433866251807
        ]
      ],
      "tx": 0.09632374199780006,
      "ty": -0.00012315647305934097,
      "tz": 0.0
    }
  ],
  "points_N": 18583
}