{
  "type": "scene",
  "distance_m": 0.5,
  "num_objects": 13,
  "intrinsics": {
    "width": 640,
    "height": 480,
    "fx": 554.2562584220408,
    "fy": 554.2562584220408,
    "cx": 0.049761505486155905,
    "cy": 0.04640774978224824
  },
  "T_wc": [
    [
      0.999999999999,
      0.0,
      0.0,
      0.0
    ],
    [
      -0.0,
      0.9999999999970001,
      0.0,
      0.0
    ],
    [
      0.0,
      0.0,
      -0.999999999998,
      0.5150141660124063
    ],
    [
      0.0,
      0.0,
      0.0,
      1.0
    ]
  ],
  "bin_size": {
    "w": 0.25,
    "d": 0.25
  },
  "z_floor": 0.0,
  "piece_aabb": {
    "w": 0.0300283320248127,
    "d": 0.0300283320248127,
    "h": 0.0300283320248127
  },
  "poses": [
    {
      "R": [
        [
          -0.027895241942583082,
          -0.6153222007626824,
          0.7877819779136446
        ],
        [
          0.3243514207760223,
          0.7398761376005526,
          0.5893890538938299
        ],
        [
          -0.9455252568374579,
          0.27195935405471416,
          0.17894160618649357
        ]
      ],
      "tx": -0.08980339096534672,
      "ty": -0.01742743520320264,
      "tz": 0.0
    },
    {
      "R": [
        [
          -0.5244304185187201,
          0.6765178567744121,
          -0.5170070846687075
        ],
        [
          -0.7966689680470165,
          -0.6041611350408229,
          0.017546459958808658
        ],
        [
          -0.30048509361228193,
          0.4210853979557357,
          0.8558012597240541
        ]
      ],
      "tx": 0.024508454985364095,
      "ty": -0.007391407264880148,
      "tz": 0.0
    },
    {
      "R": [
        [
          0.9900418826857028,
          -0.13375866115899526,
          0.04388269696705202
        ],
        [
          -0.10741021235507232,
          -0.5162652564755872,
          0.8496665412019202
        ],
        [
          -0.09099514717822757,
          -0.8459189119065427,
          -0.5254912726857255
        ]
      ],
      "tx": -0.08977971561133462,
      "ty": 0.06561879881957564,
      "tz": 0.0
    },
    {
      "R": [
        [
          0.23422539340504211,
          -0.5495972128268416,
          -0.8019235429498383
        ],
        [
          0.5702998843783926,
          0.7457076834759668,
          -0.3444968689014451
        ],
        [
          0.7873350665137718,
          -0.3766469891793574,
          0.48809890245715537
        ]
      ],
      "tx": -0.03596524299439108,
      "ty": -0.09394437550522249,
      "tz": 0.0
    },
    {
      "R": [
        [
          -0.4254446071851834,
          0.1658000720436057,
          -0.8896669165071727
        ],
        [
          -0.5233593350981774,
          -0.8470865051043515,
          0.09240919454085642
        ],
        [
          -0.7383033878986598,
          0.5049304793537734,
          0.4471614008799616
        ]
      ],
      "tx": 0.08125383230772465,
      "ty": 0.09642425744683505,
      "tz": 0.0
    },
    {
      "R": [
        [
          -0.08559992139641626,
          0.3859748710417909,
          -0.9185292877100872
        ],
        [
          -0.9214240098725508,
          0.32003574736709495,
          0.2203517969919338
        ],
        [
          0.37901246349865175,
          0.8652170359692752,
          0.3282514785667009
        ]
      ],
      "tx": -0.009405904953929317,
      "ty": 0.04246115370129799,
      "tz": 0.0
    },
    {
      "R": [
        [
          -0.7739160412844137,
          -0.5182105801075005,
          0.364021641811732
        ],
        [
          0.6154632149851227,
          -0.4800411760849923,
          0.6251123901052622
        ],
        [
          -0.1491944772531404,
          0.7078264363017142,
          0.6904511163214797
        ]
      ],
      "tx": -0.03199158276912979,
      "ty": 0.09607577448935214,
      "tz": 0.0
    },
    {
      "R": [
        [
          -0.7351834991030524,
          0.6242121419393725,
          0.26431879331983515
        ],
        [
          -0.6367627010365611,
          -0.5022207285304174,
          -0.5850705960847805
        ],
        [
          -0.2324617930224578,
          -0.59844259682098,
          0.766699402044208
        ]
      ],
      "tx": 0.09383145995705774,
      "ty": -0.07523425130238055,
      "tz": 0.0
    },
    {
      "R": [
        [
          0.3566456567812769,
          0.8332879135055962,
          0.4224158244011956
        ],
        [
          -0.6523062723744557,
          -0.10157604940799225,
          0.7511183882768465
        ],
        [
          0.6688052052129932,
          -0.5434276027146167,
          0.5073322758191625
        ]
      ],
      "tx": 0.0352125368926664,
      "ty": -0.06985385964014414,
      "tz": 0.0
    },
    {
      "R": [
        [
          0.4340299706562647,
          0.8520230012082298,
          -0.2927025623123971
        ],
        [
          -0.7671860877241844,
          0.17923711845981583,
          -0.6158730081507727
        ],
        [
          -0.47227480493308327,
          0.49186467730295763,
          0.7314544742135873
        ]
      ],
      "tx": 0.09898611058286938,
      "ty": 0.011305088733892632,
      "tz": 0.0
    },
    {
      "R": [
        [
          -0.0093084372284864,
          -0.6736647430013282,
          0.738978461819638
        ],
        [
          -0.8521459220616866,
          -0.38133881283181625,
          -0.3583685775031895
        ],
        [
          0.5232214450020198,
          -0.6330533341393725,
          -0.5705109951832856
        ]
      ],
      "tx": -0.03440601012865291,
      "ty": -0.035840263618118234,
      "tz": 0.0
    },
    {
      "R": [
        [
          0.6449910546302537,
          0.07352713822966928,
          -0.7606446603971582
        ],
        [
          0.06436766643602684,
          -0.9970505004497849,
          -0.041798362054195404
        ],
        [
          -0.761474453257976,
          -0.022001352153636522,
          -0.6478214241122919
        ]
      ],
      "tx": -0.09382795745137726,
      "ty": -0.085289300408382,
      "tz": 0.0
    },
    {
      "R": [
        [
          0.36844180816900085,
          -0.4393319949905735,
          -0.819291176670883
        ],
        [
          -0.642184129493575,
          0.516952666267068,
          -0.566003078318439
        ],
        [
          0.6721980197975421,
          0.734674988697024,
          -0.09166505966447236
        ]
      ],
      "tx": 0.049761505486155905,
      "ty": 0.04640774978224824,
      "tz": 0.0
    }
  ],
  "points_N": 23191
}