{
  "type": "scene",
  "distance_m": 0.5,
  "num_objects": 12,
  "intrinsics": {
    "width": 640,
    "height": 480,
    "fx": 554.2562584220408,
    "fy": 554.2562584220408,
    "cx": 0.04525473579117659,
    "cy": -0.00801350841107161
  },
  "T_wc": [
    [
      0.999999999999,
      0.0,
      0.0,
      0.0
    ],
    [
      -0.0,
      0.9999999999970001,
      0.0,
      0.0
    ],
    [
      0.0,
      0.0,
      -0.999999999998,
      0.5150141660124063
    ],
    [
      0.0,
      0.0,
      0.0,
      1.0
    ]
  ],
  "bin_size": {
    "w": 0.25,
    "d": 0.25
  },
  "z_floor": 0.0,
  "piece_aabb": {
    "w": 0.0300283320248127,
    "d": 0.0300283320248127,
    "h": 0.0300283320248127
  },
  "poses": [
    {
      "R": [
        [
          -0.42398136519891483,
          -0.8495096695386586,
          -0.3139635700593032
        ],
        [
          -0.38842592769870943,
          -0.14260057085753242,
          0.9103792483808616
        ],
        [
          -0.8181473587658038,
          0.5079354275411635,
          -0.26951159676925607
        ]
      ],
      "tx": 0.08132498847827158,
      "ty": 0.08843140114243855,
      "tz": 0.0
    },
    {
      "R": [
        [
          -0.9664466728718983,
          0.24645466878279385,
          0.07239423133096878
        ],
        [
          -0.18340809003371336,
          -0.8594081757664815,
          0.47726204535445094
        ],
        [
          0.17983965359459447,
          0.4479706281229743,
          0.875773952189767
        ]
      ],
      "tx": 0.016601374585846193,
      "ty": 0.04687517262396784,
      "tz": 0.0
    },
    {
      "R": [
        [
          0.8936094406303519,
          0.42472803502142054,
          -0.14514910913661352
        ],
        [
          0.42950661386539646,
          -0.7152603286951091,
          0.5512955022860653
        ],
        [
          0.13033125589125108,
          -0.5549853677907255,
          -0.8215868823660721
        ]
      ],
      "tx": -0.01402707157436843,
      "ty": -0.01863898258228254,
      "tz": 0.0
    },
    {
      "R": [
        [
          0.9988928298836085,
          -0.03949241792321685,
          -0.02556292889506854
        ],
        [
          -0.030810030699460852,
          -0.9598224768973016,
          0.278911374545799
        ],
        [
          -0.03555075829591585,
          -0.27781497758275503,
          -0.9599765527424502
        ]
      ],
      "tx": 0.09189860526776189,
      "ty": -0.04179106425799101,
      "tz": 0.0
    },
    {
      "R": [
        [
          0.9833569479850253,
          -0.18168240006295835,
          0.0007863567507318155
        ],
        [
          -0.17643388135076163,
          -0.9538984540590782,
          0.2427937908085915
        ],
        [
          -0.043361254145626735,
          -0.23889170109290922,
          -0.9700776034873988
        ]
      ],
      "tx": -0.07199933143063598,
      "ty": -0.02032076332145641,
      "tz": 0.0
    },
    {
      "R": [
        [
          -0.3990935183549995,
          -0.8974625667031579,
          -0.18784383134297183
        ],
        [
          0.21157424912021838,
          0.10920115385704388,
          -0.9712422175263521
        ],
        [
          0.8921662965592474,
          -0.4273593913357582,
          0.14629849596249156
        ]
      ],
      "tx": -0.00029354968346682886,
      "ty": -0.08227995491403498,
      "tz": 0.0
    },
    {
      "R": [
        [
          -0.7505713027861822,
          -0.27326919135442157,
          0.601636658200241
        ],
        [
          -0.6253370097882152,
          -0.00047556314434094027,
          -0.7803546616948152
        ],
        [
          0.2135330035919198,
          -0.9619374838814612,
          -0.1705283949400127
        ]
      ],
      "tx": -0.06565289212943115,
      "ty": 0.05469175901745843,
      "tz": 0.0
    },
    {
      "R": [
        [
          -0.06052608963718553,
          0.6372328666261247,
          -0.7682908734097282
        ],
        [
          0.9584391983767597,
          -0.17788692708388631,
          -0.223048300122566
        ],
        [
          -0.2788026102606385,
          -0.7498603302376408,
          -0.5999821577745048
        ]
      ],
      "tx": 0.09273465587661353,
      "ty": 0.027839667980539995,
      "tz": 0.0
    },
    {
      "R": [
        [
          -0.1678083141902369,
          -0.2889490284853452,
          0.942522587859838
        ],
        [
          -0.13193951425168102,
          -0.9408957260414772,
          -0.31194101573200056
        ],
        [
          0.9769505280553674,
          -0.1767022683902415,
          0.11976633115396751
        ]
      ],
      "tx": -0.05545504346819588,
      "ty": -0.09805779103712782,
      "tz": 0.0
    },
    {
      "R": [
        [
          0.20102272768671736,
          -0.3199591107228283,
          -0.9258596170148307
        ],
        [
          0.192311647260281,
          0.939650984988944,
          -0.28297041671762213
        ],
        [
          0.9605238639833106,
          -0.12117010305667147,
          0.25042306771503
        ]
      ],
      "tx": -0.014947577132473217,
      "ty": 0.09495573180219263,
      "tz": 0.0
    },
    {
      "R": [
        [
          0.378279386476284,
          -0.7357102194797146,
          -0.5618141852251831
        ],
        [
          -0.7409782179605718,
          -0.6044295507638899,
          0.29260245841642835
        ],
        [
          -0.5548477144902927,
          0.30560659534190787,
          -0.7737884869965606
        ]
      ],
      "tx": 0.06286981611715103,
      "ty": -0.09771733230737659,
      "tz": 0.0
    },
    {
      "R": [
        [
          -0.8010709159765788,
          -0.5961400110199526,
          -0.05387462146109642
        ],
        [
          0.36752507635122034,
          -0.41882420960533406,
          -0.8303683518183343
        ],
        [
          0.4724518026523714,
          -0.6849842105549574,
          0.5546042962878366
        ]
      ],
      "tx": 0.04525473579117659,
      "ty": -0.00801350841107161,
      "tz": 0.0
    }
  ],
  "points_N": 20212
}