{
  "type": "scene",
  "distance_m": 0.5,
  "num_objects": 9,
  "intrinsics": {
    "width": 640,
    "height": 480,
    "fx": 554.2562584220408,
    "fy": 554.2562584220408,
    "cx": -0.03274553690285656,
    "cy": 0.08652333780390986
  },
  "T_wc": [
    [
      0.999999999999,
      0.0,
      0.0,
      0.0
    ],
    [
      -0.0,
      0.9999999999970001,
      0.0,
      0.0
    ],
    [
      0.0,
      0.0,
      -0.999999999998,
      0.5150141660124063
    ],
    [
      0.0,
      0.0,
      0.0,
      1.0
    ]
  ],
  "bin_size": {
    "w": 0.25,
    "d": 0.25
  },
  "z_floor": 0.0,
  "piece_aabb": {
    "w": 0.0300283320248127,
    "d": 0.0300283320248127,
    "h": 0.0300283320248127
  },
  "poses": [
    {
      "R": [
        [
          -0.00867299026670465,
          0.9003485538326121,
          0.4350830505218029
        ],
        [
          -0.9969842578526875,
          0.025769459703367414,
          -0.07320057746030875
        ],
        [
          -0.07711788919414092,
          -0.4344058201245934,
          0.8974098364783616
        ]
      ],
      "tx": -0.009603519812463088,
      "ty": -0.07726083930041114,
      "tz": 0.0
    },
    {
      "R": [
        [
          0.11154363700700443,
          -0.8869510160876186,
          0.4481918251199928
        ],
        [
          0.6277925723223259,
          0.41250548339945226,
          0.660087655014318
        ],
        [
          -0.7703470017986482,
          0.20774292100219663,
          0.6028336218172543
        ]
      ],
      "tx": -0.05733065055868739,
      "ty": -0.03727800153100457,
      "tz": 0.0
    },
    {
      "R": [
        [
          -0.8262860527350468,
          0.20271376294542243,
          -0.525507839492469
        ],
        [
          -0.29396907717027865,
          0.6406317197042644,
          0.7093470105501338
        ],
        [
          0.48045139267483683,
          0.7406065959882238,
          -0.469753477108521
        ]
      ],
      "tx": 0.05150145056235886,
      "ty": -0.0033073405856263033,
      "tz": 0.0
    },
    {
      "R": [
        [
          0.4065183557318718,
          -0.4851933459875391,
          -0.7741642225409744
        ],
        [
          0.509631908584566,
          -0.5828484361453397,
          0.6329004805144203
        ],
        [
          -0.7582995082455928,
          -0.6518244529720771,
          0.010331423045465082
        ]
      ],
      "tx": -0.06769048323414108,
      "ty": 0.023346661739833935,
      "tz": 0.0
    },
    {
      "R": [
        [
          0.6072069401130822,
          -0.05188619378466325,
          -0.7928477500586404
        ],
        [
          0.39130806931157996,
          -0.8489294609588685,
          0.35524184045200663
        ],
        [
          -0.6915039600538464,
          -0.5259530332744794,
          -0.49517237404687986
        ]
      ],
      "tx": 0.028456740518840645,
      "ty": 0.08973780645082105,
      "tz": 0.0
    },
    {
      "R": [
        [
          0.5282026086084958,
          0.21349737331660043,
          0.8218399332267156
        ],
        [
          -0.4544429129770713,
          -0.7465137288357448,
          0.4860029747899347
        ],
        [
          0.7172751516009,
          -0.630187372331963,
          -0.2972881306901465
        ]
      ],
      "tx": 0.06828102916843867,
      "ty": -0.09824044508032774,
      "tz": 0.0
    },
    {
      "R": [
        [
          0.5704580441067799,
          -0.743804708501939,
          0.34832768411972737
        ],
        [
          0.16280776042012174,
          0.5180940516625907,
          0.8396857666882445
        ],
        [
          -0.8050287280966135,
          -0.42229504998541745,
          0.4166480981559407
        ]
      ],
      "tx": 0.09597407488185958,
      "ty": -0.04178111453570984,
      "tz": 0.0
    },
    {
      "R": [
        [
          0.6869724750197531,
          -0.47415339095679293,
          -0.550679017585934
        ],
        [
          -0.6736050002572885,
          -0.6998011832132176,
          -0.23777007297336375
        ],
        [
          -0.2726263417089643,
          0.5342816352987955,
          -0.8001362458911805
        ]
      ],
      "tx": 0.0946062143302753,
      "ty": 0.05848491689966853,
      "tz": 0.0
    },
    {
      "R": [
        [
          -0.23218678117407054,
          -0.207881340245809,
          -0.9501971621856333
        ],
        [
          0.421823554692283,
          -0.9017699935855963,
          0.09421129112479285
        ],
        [
          -0.8764440583145003,
          -0.3789409281751447,
          0.29706831806668466
        ]
      ],
      "tx": -0.03274553690285656,
      "ty": 0.08652333780390986,
      "tz": 0.0
    }
  ],
  "points_N": 15937
}