{
  "type": "scene",
  "distance_m": 0.5,
  "num_objects": 6,
  "intrinsics": {
    "width": 640,
    "height": 480,
    "fx": 554.2562584220408,
    "fy": 554.2562584220408,
    "cx": 0.023502386466932687,
    "cy": 0.015344982453531372
  },
  "T_wc": [
    [
      0.999999999999,
      0.0,
      0.0,
      0.0
    ],
    [
      -0.0,
      0.9999999999970001,
      0.0,
      0.0
    ],
    [
      0.0,
      0.0,
      -0.999999999998,
      0.5150141660124063
    ],
    [
      0.0,
      0.0,
      0.0,
      1.0
    ]
  ],
  "bin_size": {
    "w": 0.25,
    "d": 0.25
  },
  "z_floor": 0.0,
  "piece_aabb": {
    "w": 0.0300283320248127,
    "d": 0.0300283320248127,
    "h": 0.0300283320248127
  },
  "poses": [
    {
      "R": [
        [
          -0.16972505572028895,
          -0.9478260972143597,
          -0.26985013414882725
        ],
        [
          -0.09745239262885536,
          0.28862295796049886,
          -0.9524703771294116
        ],
        [
          0.9806612241909314,
          -0.13536054660619312,
          -0.14135446859160972
        ]
      ],
      "tx": -0.09837969480037041,
      "ty": -0.01991001132008531,
      "tz": 0.0
    },
    {
      "R": [
        [
          -0.3644829413658577,
          -0.05844360735692458,
          0.9293742681032238
        ],
        [
          0.42522128475526333,
          -0.8983468750824306,
          0.1102712610824586
        ],
        [
          0.8284558192470957,
          0.43538171388879215,
          0.35228357720291426
        ]
      ],
      "tx": -0.037199475346432594,
      "ty": 0.09826016299475185,
      "tz": 0.0
    },
    {
      "R": [
        [
          0.33818942145412034,
          0.39881965309993,
          0.8523912244490665
        ],
        [
          -0.3984591479055983,
          0.8812474106775416,
          -0.2542308176135869
        ],
        [
          -0.8525598059179612,
          -0.25366490785163764,
          0.45694189111718386
        ]
      ],
      "tx": 0.06862167004255529,
      "ty": -0.020555858162593296,
      "tz": 0.0
    },
    {
      "R": [
        [
          0.7323491600029157,
          -0.3326331929769809,
          0.5941547498530684
        ],
        [
          -0.014577511589052239,
          0.864705707223492,
          0.5020672624768433
        ],
        [
          -0.6807732397787789,
          -0.3763498356915531,
          0.6284175341093262
        ]
      ],
      "tx": -0.0925470337382017,
      "ty": 0.0681825991307973,
      "tz": 0.0
    },
    {
      "R": [
        [
          -0.3785620470198363,
          0.7854243023474381,
          0.4896932119584584
        ],
        [
          -0.8757212678183595,
          -0.4752320713624074,
          0.0852451725272508
        ],
        [
          0.2996715496118316,
          -0.39656417340783057,
          0.8677175915714788
        ]
      ],
      "tx": 0.07833871013794708,
      "ty": 0.054616204263466195,
      "tz": 0.0
    },
    {
      "R": [
        [
          0.9794131468731132,
          0.17246783751293324,
          0.10490344491825834
        ],
        [
          0.08241363996958315,
          -0.8160106190533714,
          0.5721316819920897
        ],
        [
          0.18427663899439214,
          -0.5517078163446175,
          -0.813425230556063
        ]
      ],
      "tx": 0.023502386466932687,
      "ty": 0.015344982453531372,
      "tz": 0.0
    }
  ],
  "points_N": 10734
}