{
  "type": "scene",
  "distance_m": 0.5,
  "num_objects": 5,
  "intrinsics": {
    "width": 640,
    "height": 480,
    "fx": 554.2562584220408,
    "fy": 554.2562584220408,
    "cx": -0.09336446784426379,
    "cy": 0.007785124010685401
  },
  "T_wc": [
    [
      0.999999999999,
      0.0,
      0.0,
      0.0
    ],
    [
      -0.0,
      0.9999999999970001,
      0.0,
      0.0
    ],
    [
      0.0,
      0.0,
      -0.999999999998,
      0.5150141660124063
    ],
    [
      0.0,
      0.0,
      0.0,
      1.0
    ]
  ],
  "bin_size": {
    "w": 0.25,
    "d": 0.25
  },
  "z_floor": 0.0,
  "piece_aabb": {
    "w": 0.0300283320248127,
    "d": 0.0300283320248127,
    "h": 0.0300283320248127
  },
  "poses": [
    {
      "R": [
        [
          -0.5944015909304334,
          -0.7212718810383124,
          0.3556031809796198
        ],
        [
          0.7222105247364149,
          -0.2843037660756964,
          0.6305420894398153
        ],
        [
          -0.35369295534308015,
          0.6316155810448554,
          0.6899007545452083
        ]
      ],
      "tx": 0.003636920917554215,
      "ty": -0.017737185732711602,
      "tz": 0.0
    },
    {
      "R": [
        [
          0.5507672418495058,
          -0.7785078819393806,
          -0.3009666477597601
        ],
        [
          -0.8341390668137486,
          -0.5261189492147458,
          -0.16556227979905347
        ],
        [
          -0.029452716692633357,
          0.3422343189036293,
          -0.9391529206918285
        ]
      ],
      "tx": -0.037444345188736565,
      "ty": 0.03754570229264198,
      "tz": 0.0
    },
    {
      "R": [
        [
          -0.12955559588283805,
          0.9340206602345296,
          0.33289751250271654
        ],
        [
          0.8230155265376349,
          0.2885421279361793,
          -0.48927383282170445
        ],
        [
          -0.553046825009802,
          0.21059165857439613,
          -0.8060957528020245
        ]
      ],
      "tx": -0.08046971822997252,
      "ty": -0.09335298653089624,
      "tz": 0.0
    },
    {
      "R": [
        [
          -0.8355566868440896,
          -0.3695074714204172,
          0.4065824044823107
        ],
        [
          0.4925112485438845,
          -0.8317207552498891,
          0.2562679366294148
        ],
        [
          0.24347010725728063,
          0.4143727957420026,
          0.8769364247316249
        ]
      ],
      "tx": -0.0719185413957101,
      "ty": 0.09494408027082735,
      "tz": 0.0
    },
    {
      "R": [
        [
          -0.6825529255551266,
          -0.7061353854815366,
          0.18839936620641584
        ],
        [
          -0.7263817354583983,
          0.6270461966802934,
          -0.2813941037428184
        ],
        [
          0.08056722788195579,
          -0.3289162273279022,
          -0.9409160627770135
        ]
      ],
      "tx": -0.09336446784426379,
      "ty": 0.007785124010685401,
      "tz": 0.0
    }
  ],
  "points_N": 8354
}