{
  "type": "scene",
  "distance_m": 0.5,
  "num_objects": 7,
  "intrinsics": {
    "width": 640,
    "height": 480,
    "fx": 554.2562584220408,
    "fy": 554.2562584220408,
    "cx": 0.06082435798143038,
    "cy": -0.021184024549251237
  },
  "T_wc": [
    [
      0.999999999999,
      0.0,
      0.0,
      0.0
    ],
    [
      -0.0,
      0.9999999999970001,
      0.0,
      0.0
    ],
    [
      0.0,
      0.0,
      -0.999999999998,
      0.5150141660124063
    ],
    [
      0.0,
      0.0,
      0.0,
      1.0
    ]
  ],
  "bin_size": {
    "w": 0.25,
    "d": 0.25
  },
  "z_floor": 0.0,
  "piece_aabb": {
    "w": 0.0300283320248127,
    "d": 0.0300283320248127,
    "h": 0.0300283320248127
  },
  "poses": [
    {
      "R": [
        [
          0.13898504803604017,
          0.9357545099229441,
          -0.32410901496454897
        ],
        [
          0.3066488845060444,
          -0.3518662072218497,
          -0.8843961973270289
        ],
        [
          -0.941620740029455,
          0.023530180071156592,
          -0.3358522183523591
        ]
      ],
      "tx": -0.03806082140450366,
      "ty": 0.06590408279083779,
      "tz": 0.0
    },
    {
      "R": [
        [
          -0.7174776601781765,
          -0.018163179418649256,
          0.6963446747542881
        ],
        [
          -0.6933362777818564,
          -0.07776160888298378,
          -0.716406266091755
        ],
        [
          0.06716109779366053,
          -0.9968065163798518,
          0.04319902598224323
        ]
      ],
      "tx": -0.049426732539067354,
      "ty": -0.0816123354377241,
      "tz": 0.0
    },
    {
      "R": [
        [
          0.12053325788867197,
          0.5652009022190403,
          -0.8161002842013508
        ],
        [
          -0.5264475756657228,
          0.7333655819017659,
          0.4301486642517528
        ],
        [
          0.8416202729369261,
          0.3777867962391843,
          0.3859435875473346
        ]
      ],
      "tx": 0.024945737325219305,
      "ty": 0.05336074927300216,
      "tz": 0.0
    },
    {
      "R": [
        [
          -0.4641999758092499,
          -0.883047980583503,
          -0.06888139404867488
        ],
        [
          -0.5622991548663612,
          0.2337145824237734,
          0.7932194869007297
        ],
        [
          -0.6843522798203184,
          0.4069444162903312,
          -0.6050274366959352
        ]
      ],
      "tx": 0.025983472776452216,
      "ty": -0.07872119772704914,
      "tz": 0.0
    },
    {
      "R": [
        [
          -0.9800556624947512,
          0.19774207469975197,
          -0.019722330121246967
        ],
        [
          0.1021156402310916,
          0.4159838606361024,
          -0.9036203980159356
        ],
        [
          -0.17047960122011077,
          -0.8876122461884588,
          -0.4278798966814288
        ]
      ],
      "tx": 0.09126185448987828,
      "ty": 0.08461977995671158,
      "tz": 0.0
    },
    {
      "R": [
        [
          -0.16075235407319632,
          0.5599796861384856,
          -0.8127616082051174
        ],
        [
          0.9373238345981976,
          0.3445569369896556,
          0.05200525229663977
        ],
        [
          0.3091645350845669,
          -0.7534608604861632,
          -0.5802706454417577
        ]
      ],
      "tx": -0.08560652419250503,
      "ty": -0.0247183749135564,
      "tz": 0.0
    },
    {
      "R": [
        [
          -0.021663362517375218,
          -0.9622286508567169,
          -0.27137929581105347
        ],
        [
          -0.920307335637803,
          -0.08685647875038272,
          0.3814319861657288
        ],
        [
          -0.3905958354817537,
          0.25801545606716436,
          -0.8836644825581508
        ]
      ],
      "tx": 0.06082435798143038,
      "ty": -0.021184024549251237,
      "tz": 0.0
    }
  ],
  "points_N": 11521
}