{
  "type": "scene",
  "distance_m": 0.5,
  "num_objects": 9,
  "intrinsics": {
    "width": 640,
    "height": 480,
    "fx": 554.2562584220408,
    "fy": 554.2562584220408,
    "cx": 0.022807801539433237,
    "cy": -0.08613342758851127
  },
  "T_wc": [
    [
      0.999999999999,
      0.0,
      0.0,
      0.0
    ],
    [
      -0.0,
      0.9999999999970001,
      0.0,
      0.0
    ],
    [
      0.0,
      0.0,
      -0.999999999998,
      0.5150141660124063
    ],
    [
      0.0,
      0.0,
      0.0,
      1.0
    ]
  ],
  "bin_size": {
    "w": 0.25,
    "d": 0.25
  },
  "z_floor": 0.0,
  "piece_aabb": {
    "w": 0.0300283320248127,
    "d": 0.0300283320248127,
    "h": 0.0300283320248127
  },
  "poses": [
    {
      "R": [
        [
          0.24293602516642632,
          0.13943263099042125,
          0.9599690771537521
        ],
        [
          0.8256224156247424,
          0.4897991851782,
          -0.2800792477438064
        ],
        [
          -0.5092442581849133,
          0.8606133275832186,
          0.0038711615617215145
        ]
      ],
      "tx": -0.04027374316749684,
      "ty": -0.048513050581912714,
      "tz": 0.0
    },
    {
      "R": [
        [
          -0.8054467765783557,
          -0.35655957770972446,
          -0.47341393900370055
        ],
        [
          0.4201916875344608,
          0.21977032466880475,
          -0.8804203258227914
        ],
        [
          0.41796463466001355,
          -0.908056315400334,
          -0.027189928927643603
        ]
      ],
      "tx": 0.07975168869490612,
      "ty": -0.07696684338721566,
      "tz": 0.0
    },
    {
      "R": [
        [
          -0.22410161523097294,
          -0.7165376543584866,
          -0.6605696450317005
        ],
        [
          0.9041863490832495,
          0.10003389329707202,
          -0.41525927602322643
        ],
        [
          0.36362826097867185,
          -0.6903383301528808,
          0.6254658086093587
        ]
      ],
      "tx": 0.021561902542638955,
      "ty": -0.002987830431527713,
      "tz": 0.0
    },
    {
      "R": [
        [
          0.44972205420664213,
          0.295533745083562,
          0.8428581609482358
        ],
        [
          -0.6465676853438952,
          0.7587611736494302,
          0.07894117829863617
        ],
        [
          -0.6161982653571786,
          -0.5804664390634686,
          0.5323142031655559
        ]
      ],
      "tx": -0.08517755232156757,
      "ty": -0.09615312847745909,
      "tz": 0.0
    },
    {
      "R": [
        [
          0.4423449615497903,
          0.5409151355389659,
          -0.7153612731594972
        ],
        [
          0.7100447053889007,
          0.2760501497489374,
          0.6477907310025195
        ],
        [
          0.5478753976413833,
          -0.794485450444784,
          -0.2619645351776547
        ]
      ],
      "tx": 0.08733673573002529,
      "ty": 0.013689052858559023,
      "tz": 0.0
    },
    {
      "R": [
        [
          -0.674789548096016,
          -0.7380084292627411,
          0.0016199128111981376
        ],
        [
          -0.5711057195196363,
          0.5235716932675917,
          0.6322269680588335
        ],
        [
          -0.46743697212814983,
          0.42569500859893633,
          -0.7747815413015584
        ]
      ],
      "tx": 0.02164044954329597,
      "ty": 0.0944932345281114,
      "tz": 0.0
    },
    {
      "R": [
        [
          -0.26341622321228564,
          -0.4375205595277296,
          0.8597602301450782
        ],
        [
          -0.94039392433434,
          0.3151916884007685,
          -0.1277241818847653
        ],
        [
          -0.21510732303581648,
          -0.8421579184176893,
          -0.49446828009767185
        ]
      ],
      "tx": 0.09788223712973665,
      "ty": 0.0708623990871359,
      "tz": 0.0
    },
    {
      "R": [
        [
          -0.607427990450625,
          -0.7739553700858166,
          -0.17895340603755558
        ],
        [
          0.5596727819301426,
          -0.2570906052818289,
          -0.7878266293052033
        ],
        [
          0.5637354109719299,
          -0.5787032968552622,
          0.589325784795778
        ]
      ],
      "tx": -0.04682782878727611,
      "ty": 0.05175445437733034,
      "tz": 0.0
    },
    {
      "R": [
        [
          -0.8023905398131828,
          -0.1729057069532437,
          -0.5712031496073082
        ],
        [
          0.3403804992424244,
          0.6535893855435574,
          -0.6759896677023054
        ],
        [
          0.49021478695954074,
          -0.7368341276079673,
          -0.46558020902785224
        ]
      ],
      "tx": 0.022807801539433237,
      "ty": -0.08613342758851127,
      "tz": 0.0
    }
  ],
  "points_N": 15992
}