{
  "type": "scene",
  "distance_m": 0.5,
  "num_objects": 12,
  "intrinsics": {
    "width": 640,
    "height": 480,
    "fx": 554.2562584220408,
    "fy": 554.2562584220408,
    "cx": -0.026098111400983823,
    "cy": 0.08310965292704431
  },
  "T_wc": [
    [
      0.999999999999,
      0.0,
      0.0,
      0.0
    ],
    [
      -0.0,
      0.9999999999970001,
      0.0,
      0.0
    ],
    [
      0.0,
      0.0,
      -0.999999999998,
      0.5150141660124063
    ],
    [
      0.0,
      0.0,
      0.0,
      1.0
    ]
  ],
  "bin_size": {
    "w": 0.25,
    "d": 0.25
  },
  "z_floor": 0.0,
  "piece_aabb": {
    "w": 0.0300283320248127,
    "d": 0.0300283320248127,
    "h": 0.0300283320248127
  },
  "poses": [
    {
      "R": [
        [
          0.3006755743419115,
          -0.1542533092094997,
          -0.9411695466769419
        ],
        [
          -0.7382063200958942,
          0.5871799683555714,
          -0.33207094683580574
        ],
        [
          0.6038589470767493,
          0.7946229303008242,
          0.06267990647321797
        ]
      ],
      "tx": 0.09204484637176352,
      "ty": 0.07231207370903897,
      "tz": 0.0
    },
    {
      "R": [
        [
          0.2825354473647964,
          -0.8455778067205253,
          0.452959042038108
        ],
        [
          0.4384252707058067,
          -0.3061640922228732,
          -0.8450129174396592
        ],
        [
          0.8532039632988788,
          0.4373347932820464,
          0.28422047005104234
        ]
      ],
      "tx": -0.051381125820990844,
      "ty": -0.016823185312185712,
      "tz": 0.0
    },
    {
      "R": [
        [
          -0.3379840934054983,
          -0.915642584082728,
          -0.2176359593889931
        ],
        [
          0.6048279999391328,
          -0.3884878984022939,
          0.6951692191722796
        ],
        [
          -0.7210754766974754,
          0.10332381627327203,
          0.6851090029303626
        ]
      ],
      "tx": 0.01515163833241888,
      "ty": -0.09321954543781685,
      "tz": 0.0
    },
    {
      "R": [
        [
          0.559864686721137,
          -0.13398015034134336,
          -0.8176801647815326
        ],
        [
          0.7675315005931209,
          -0.2879287637401562,
          0.5727062271429719
        ],
        [
          -0.3121649053944327,
          -0.9482332763226444,
          -0.058367161268203516
        ]
      ],
      "tx": -0.051564407087471925,
      "ty": -0.07965596077703357,
      "tz": 0.0
    },
    {
      "R": [
        [
          -0.38471124076907826,
          -0.8659247466191257,
          0.3196429170473181
        ],
        [
          -0.7988274752984325,
          0.4858433109071427,
          0.35472657351137005
        ],
        [
          -0.46246289141319,
          -0.11887224419261264,
          -0.8786338620986349
        ]
      ],
      "tx": 0.00018469237448238973,
      "ty": 0.03172029845039845,
      "tz": 0.0
    },
    {
      "R": [
        [
          0.320709147770859,
          0.37135932120032594,
          0.8713425830829814
        ],
        [
          -0.35254002416384195,
          -0.807039891538107,
          0.47371103515615803
        ],
        [
          0.8791252322045177,
          -0.4591065976696416,
          -0.1279060517628421
        ]
      ],
      "tx": 0.06900845776343828,
      "ty": 0.00976867177007533,
      "tz": 0.0
    },
    {
      "R": [
        [
          -0.7909180391725052,
          -0.39088316959894875,
          0.4708067576360809
        ],
        [
          0.6052873136665761,
          -0.3867524942310936,
          0.6957368583885205
        ],
        [
          -0.08986614059711168,
          0.8352441894023016,
          0.5424861480663561
        ]
      ],
      "tx": -0.08327465318077062,
      "ty": 0.085221962357456,
      "tz": 0.0
    },
    {
      "R": [
        [
          -0.5752257972965193,
          0.13158512636157377,
          0.8073417099623881
        ],
        [
          -0.8085993866111045,
          0.05768975260067899,
          -0.5855244866075356
        ],
        [
          -0.12362165706998762,
          -0.9896248011066019,
          0.07321501852754841
        ]
      ],
      "tx": 0.06822456187416065,
      "ty": -0.05129897999803468,
      "tz": 0.0
    },
    {
      "R": [
        [
          0.6560931584826605,
          0.5552792095769816,
          0.5110839136617479
        ],
        [
          -0.750509528968752,
          0.40897649245177004,
          0.5191085392756982
        ],
        [
          0.07922887301576628,
          -0.7241569084344979,
          0.6850690167036033
        ]
      ],
      "tx": 0.029562170897643375,
      "ty": 0.09675659309278634,
      "tz": 0.0
    },
    {
      "R": [
        [
          0.6447099881711047,
          0.3069636370787582,
          0.7000873921617177
        ],
        [
          0.6652376665130787,
          0.2258622806195293,
          -0.7116495466488957
        ],
        [
          -0.3765738681914188,
          0.9245320739188692,
          -0.0585881053681252
        ]
      ],
      "tx": 0.015163917369696689,
      "ty": -0.023840241361227976,
      "tz": 0.0
    },
    {
      "R": [
        [
          -0.8866239981377826,
          -0.11309872900383962,
          0.44844906446985733
        ],
        [
          0.1254644407137244,
          -0.9920957835436812,
          -0.0021518343901027297
        ],
        [
          0.44514779572920105,
          0.0543565430520203,
          0.8938057989210337
        ]
      ],
      "tx": -0.09860005490923182,
      "ty": 0.019241778733123063,
      "tz": 0.0
    },
    {
      "R": [
        [
          -0.5260211311227858,
          -0.7873514815885869,
          -0.32152669259730504
        ],
        [
          -0.6468489024875781,
          0.6158392345065669,
          -0.4498094425342596
        ],
        [
          0.5521668832544382,
          -0.028630083524553235,
          -0.8332418924624807
        ]
      ],
      "tx": -0.026098111400983823,
      "ty": 0.08310965292704431,
      "tz": 0.0
    }
  ],
  "points_N": 19622
}