{
  "type": "scene",
  "distance_m": 0.5,
  "num_objects": 4,
  "intrinsics": {
    "width": 640,
    "height": 480,
    "fx": 554.2562584220408,
    "fy": 554.2562584220408,
    "cx": -0.06635963638138734,
    "cy": 0.022540116327127116
  },
  "T_wc": [
    [
      0.999999999999,
      0.0,
      0.0,
      0.0
    ],
    [
      -0.0,
      0.9999999999970001,
      0.0,
      0.0
    ],
    [
      0.0,
      0.0,
      -0.999999999998,
      0.5150141660124063
    ],
    [
      0.0,
      0.0,
      0.0,
      1.0
    ]
  ],
  "bin_size": {
    "w": 0.25,
    "d": 0.25
  },
  "z_floor": 0.0,
  "piece_aabb": {
    "w": 0.0300283320248127,
    "d": 0.0300283320248127,
    "h": 0.0300283320248127
  },
  "poses": [
    {
      "R": [
        [
          -0.7566545978996981,
          -0.2657003366976197,
          0.5973919572240807
        ],
        [
          -0.6457804747040776,
          0.4465145674492147,
          -0.6193483022876682
        ],
        [
          -0.1021831589266175,
          -0.8544168023479011,
          -0.5094413900512653
        ]
      ],
      "tx": 0.01050164004599037,
      "ty": -0.024457829456198454,
      "tz": 0.0
    },
    {
      "R": [
        [
          0.2908547290376189,
          0.4324103406701966,
          -0.8534780746322296
        ],
        [
          -0.6132738490651988,
          0.7689493458410286,
          0.18058817675421013
        ],
        [
          0.7343696022094112,
          0.4708908587052191,
          0.48883850762665215
        ]
      ],
      "tx": 0.068357123380688,
      "ty": 0.042197158807491114,
      "tz": 0.0
    },
    {
      "R": [
        [
          -0.43335574371283125,
          -0.689020858714268,
          -0.5809070972606137
        ],
        [
          0.8936769712238993,
          -0.24530591173857386,
          -0.3757212806991176
        ],
        [
          0.11637985433560738,
          -0.6819642702684358,
          0.7220667999444808
        ]
      ],
      "tx": -0.007091838941855069,
      "ty": -0.09036838084875443,
      "tz": 0.0
    },
    {
      "R": [
        [
          -0.5233929881240371,
          -0.6031933903467965,
          0.6018450912191018
        ],
        [
          0.7071578053080725,
          0.08656483934506931,
          0.7017366792330528
        ],
        [
          -0.4753815503092878,
          0.792883511261963,
          0.381245484162683
        ]
      ],
      "tx": -0.06635963638138734,
      "ty": 0.022540116327127116,
      "tz": 0.0
    }
  ],
  "points_N": 7241
}