{
  "type": "scene",
  "distance_m": 0.5,
  "num_objects": 7,
  "intrinsics": {
    "width": 640,
    "height": 480,
    "fx": 554.2562584220408,
    "fy": 554.2562584220408,
    "cx": -0.01032154692404226,
    "cy": -0.06312897471805724
  },
  "T_wc": [
    [
      0.999999999999,
      0.0,
      0.0,
      0.0
    ],
    [
      -0.0,
      0.9999999999970001,
      0.0,
      0.0
    ],
    [
      0.0,
      0.0,
      -0.999999999998,
      0.5150141660124063
    ],
    [
      0.0,
      0.0,
      0.0,
      1.0
    ]
  ],
  "bin_size": {
    "w": 0.25,
    "d": 0.25
  },
  "z_floor": 0.0,
  "piece_aabb": {
    "w": 0.0300283320248127,
    "d": 0.0300283320248127,
    "h": 0.0300283320248127
  },
  "poses": [
    {
      "R": [
        [
          -0.1406592923526082,
          0.8408394910084955,
          -0.5226891177702455
        ],
        [
          -0.03524348636090785,
          -0.5318556916032668,
          -0.8461013059783915
        ],
        [
          -0.9894305736856892,
          -0.1005906241644075,
          0.104444560347693
        ]
      ],
      "tx": -0.0049988880995357615,
      "ty": -0.0008186447820342224,
      "tz": 0.0
    },
    {
      "R": [
        [
          0.1269049409312777,
          0.9640091313105064,
          0.2336269049514461
        ],
        [
          0.06865816553145754,
          0.2264293411721776,
          -0.9716047600553368
        ],
        [
          -0.9895358468863491,
          0.13934183939612937,
          -0.037452096344789965
        ]
      ],
      "tx": -0.08677804289189553,
      "ty": -0.06303408228894043,
      "tz": 0.0
    },
    {
      "R": [
        [
          -0.5139665647663216,
          -0.4001121767465884,
          -0.7587810068270112
        ],
        [
          -0.3431367590051928,
          0.9065992939620742,
          -0.2456316038438069
        ],
        [
          0.7861905207529013,
          0.13411922385167424,
          -0.6032549203045972
        ]
      ],
      "tx": 0.05818808571285383,
      "ty": -0.0411352158654663,
      "tz": 0.0
    },
    {
      "R": [
        [
          -0.2977907868446872,
          0.47191975331353486,
          0.8298267251076668
        ],
        [
          -0.9504085489036609,
          -0.06489177463972262,
          -0.30415891858524474
        ],
        [
          -0.08968967299115466,
          -0.8792501373423836,
          0.46784074057540104
        ]
      ],
      "tx": -0.04402778118037772,
      "ty": 0.08574700971787852,
      "tz": 0.0
    },
    {
      "R": [
        [
          0.09902054345784572,
          -0.7535506915755675,
          0.6498894422894537
        ],
        [
          -0.32431855463975945,
          0.5929988467375619,
          0.7370005718344451
        ],
        [
          -0.940750980381998,
          -0.2837494017507448,
          -0.18567140306575025
        ]
      ],
      "tx": -0.07403223581751027,
      "ty": 0.0028889171374747308,
      "tz": 0.0
    },
    {
      "R": [
        [
          -0.5229013167899408,
          -0.5556907216212457,
          -0.6463606074037971
        ],
        [
          0.523040983762747,
          0.3895750023970863,
          -0.7580629570238927
        ],
        [
          0.6730544868016586,
          -0.7344652063994385,
          0.0869397399627263
        ]
      ],
      "tx": 0.021862984875471503,
      "ty": 0.06456234411760478,
      "tz": 0.0
    },
    {
      "R": [
        [
          0.25812795808011335,
          -0.06753386837199948,
          0.9637474429953653
        ],
        [
          0.9245160346627607,
          -0.2722881617102537,
          -0.26670069112001993
        ],
        [
          0.28042834897498603,
          0.9598428692318158,
          -0.007849042998937739
        ]
      ],
      "tx": -0.01032154692404226,
      "ty": -0.06312897471805724,
      "tz": 0.0
    }
  ],
  "points_N": 11094
}