{
  "type": "scene",
  "distance_m": 0.5,
  "num_objects": 12,
  "intrinsics": {
    "width": 640,
    "height": 480,
    "fx": 554.2562584220408,
    "fy": 554.2562584220408,
    "cx": 0.08920181467864455,
    "cy": -0.09515190436393489
  },
  "T_wc": [
    [
      0.999999999999,
      0.0,
      0.0,
      0.0
    ],
    [
      -0.0,
      0.9999999999970001,
      0.0,
      0.0
    ],
    [
      0.0,
      0.0,
      -0.999999999998,
      0.5150141660124063
    ],
    [
      0.0,
      0.0,
      0.0,
      1.0
    ]
  ],
  "bin_size": {
    "w": 0.25,
    "d": 0.25
  },
  "z_floor": 0.0,
  "piece_aabb": {
    "w": 0.0300283320248127,
    "d": 0.0300283320248127,
    "h": 0.0300283320248127
  },
  "poses": [
    {
      "R": [
        [
          0.6609597025734034,
          0.6501323246493402,
          -0.3747802449704667
        ],
        [
          -0.2006363566774228,
          0.6343452131130212,
          0.7465595776492361
        ],
        [
          0.7231025680726684,
          -0.4182512534908184,
          0.5497168043639117
        ]
      ],
      "tx": 0.017231601322991924,
      "ty": 0.09446482262075429,
      "tz": 0.0
    },
    {
      "R": [
        [
          0.2954976082346704,
          -0.15505114477179555,
          0.942677201396398
        ],
        [
          0.8533212461384354,
          -0.40084318998414625,
          -0.3334180378025183
        ],
        [
          0.42956258498190586,
          0.9029307169148082,
          0.013860232154388807
        ]
      ],
      "tx": 0.05042316783413109,
      "ty": -0.05229783964498287,
      "tz": 0.0
    },
    {
      "R": [
        [
          -0.8366674092140118,
          0.5476481509424459,
          -0.008315595494827133
        ],
        [
          -0.3458056489152776,
          -0.51640773492341,
          0.7834165587282141
        ],
        [
          0.4247423919711775,
          0.6583346824226971,
          0.6214413458903496
        ]
      ],
      "tx": -0.021776321801715556,
      "ty": 0.012504682420276608,
      "tz": 0.0
    },
    {
      "R": [
        [
          -0.058945355869651994,
          0.8273189371426228,
          0.5586312032697429
        ],
        [
          0.5624918589802339,
          -0.4347824200152035,
          0.7032546877388616
        ],
        [
          0.824698947254306,
          0.35567910184733076,
          -0.4397317624492405
        ]
      ],
      "tx": -0.07924298971226662,
      "ty": -0.03241568427719296,
      "tz": 0.0
    },
    {
      "R": [
        [
          -0.809089507902848,
          -0.08640620741496699,
          0.5812986629278349
        ],
        [
          0.4612794101153672,
          0.5195059038527863,
          0.7192599819715527
        ],
        [
          -0.3641366144802604,
          0.8500868092037784,
          -0.38046937171419315
        ]
      ],
      "tx": 0.09113437710531111,
      "ty": 0.07960730422250126,
      "tz": 0.0
    },
    {
      "R": [
        [
          0.3952221972365848,
          0.5682714906858471,
          -0.7217111109614227
        ],
        [
          -0.10495575702357848,
          -0.7525952220192975,
          -0.6500651666266477
        ],
        [
          -0.9125698350696747,
          0.33266791950443425,
          -0.2377989727763714
        ]
      ],
      "tx": -0.07970372647742041,
      "ty": 0.0445732626168929,
      "tz": 0.0
    },
    {
      "R": [
        [
          -0.33926832638965165,
          0.2659173074362295,
          -0.9023219981329454
        ],
        [
          0.4363929327783584,
          0.894242663116792,
          0.09945485248539093
        ],
        [
          0.8333415931836526,
          -0.36002506172161614,
          -0.41943264537047953
        ]
      ],
      "tx": -0.03747604280216941,
      "ty": -0.09098537791997578,
      "tz": 0.0
    },
    {
      "R": [
        [
          -0.41296725237619447,
          -0.7368320948590139,
          -0.5352910539608646
        ],
        [
          -0.8417408612061157,
          0.5332143635458875,
          -0.08458584446786005
        ],
        [
          0.3477504436242217,
          0.41564516897713516,
          -0.840421752731999
        ]
      ],
      "tx": -0.042427834528685905,
      "ty": 0.09575973777201219,
      "tz": 0.0
    },
    {
      "R": [
        [
          -0.3789326893859921,
          0.9242742135347902,
          0.04612152544468018
        ],
        [
          -0.4260290142817492,
          -0.12998595515312727,
          -0.8953228079598164
        ],
        [
          -0.8215286336487733,
          -0.35891618751119914,
          0.44302355968684715
        ]
      ],
      "tx": 0.09410567894114008,
      "ty": 0.008627350449180643,
      "tz": 0.0
    },
    {
      "R": [
        [
          -0.5117363094374137,
          0.8294976338724994,
          0.22374008358651487
        ],
        [
          -0.30242649468075167,
          -0.41767503207521606,
          0.8567880618309761
        ],
        [
          0.8041543166075085,
          0.3707846315327702,
          0.464601541216362
        ]
      ],
      "tx": 0.03782463168963976,
      "ty": 0.020256809967852424,
      "tz": 0.0
    },
    {
      "R": [
        [
          0.9575896587302142,
          0.14804751584567094,
          -0.24719218949003588
        ],
        [
          0.26969764359506687,
          -0.1585775670883547,
          0.9497980502483709
        ],
        [
          0.10141610588175962,
          -0.9761839418205283,
          -0.1917803045140858
        ]
      ],
      "tx": -0.09590358945821079,
      "ty": -0.09795668097713353,
      "tz": 0.0
    },
    {
      "R": [
        [
          -0.024499458717786693,
          -0.1914517903633919,
          0.9811962028509831
        ],
        [
          0.6094214894315344,
          0.7751732097189945,
          0.16646904563011758
        ],
        [
          -0.7924678067540574,
          0.6020404528772164,
          0.09768351118694751
        ]
      ],
      "tx": 0.08920181467864455,
      "ty": -0.09515190436393489,
      "tz": 0.0
    }
  ],
  "points_N": 21298
}