{
  "type": "scene",
  "distance_m": 0.5,
  "num_objects": 11,
  "intrinsics": {
    "width": 640,
    "height": 480,
    "fx": 554.2562584220408,
    "fy": 554.2562584220408,
    "cx": 0.03002899112112234,
    "cy": 0.01631992018062617
  },
  "T_wc": [
    [
      0.999999999999,
      0.0,
      0.0,
      0.0
    ],
    [
      -0.0,
      0.9999999999970001,
      0.0,
      0.0
    ],
    [
      0.0,
      0.0,
      -0.999999999998,
      0.5150141660124063
    ],
    [
      0.0,
      0.0,
      0.0,
      1.0
    ]
  ],
  "bin_size": {
    "w": 0.25,
    "d": 0.25
  },
  "z_floor": 0.0,
  "piece_aabb": {
    "w": 0.0300283320248127,
    "d": 0.0300283320248127,
    "h": 0.0300283320248127
  },
  "poses": [
    {
      "R": [
        [
          0.7798026890445454,
          -0.5032334261798662,
          0.37237599940674093
        ],
        [
          0.504008947615377,
          0.15185161580177964,
          -0.8502447103640393
        ],
        [
          0.37132566149208723,
          0.8507039470659942,
          0.3720484478717818
        ]
      ],
      "tx": -0.079061669709044,
      "ty": -0.010089876620841418,
      "tz": 0.0
    },
    {
      "R": [
        [
          0.06044344599697005,
          0.8878829967528605,
          0.4560815430525237
        ],
        [
          -0.399399359039545,
          0.4402582369212319,
          -0.8041472730923167
        ],
        [
          -0.9147823467004662,
          -0.13355324369017857,
          0.38123062477327263
        ]
      ],
      "tx": -0.07987856503960264,
      "ty": -0.09766344903641114,
      "tz": 0.0
    },
    {
      "R": [
        [
          0.3885183207766486,
          -0.0501917021752088,
          -0.9200729902859057
        ],
        [
          0.565719117801331,
          -0.775179678768652,
          0.2811731590643275
        ],
        [
          -0.7273344445129606,
          -0.6297438039845131,
          -0.27277710161987256
        ]
      ],
      "tx": -0.011459725180374455,
      "ty": -0.02310224866034641,
      "tz": 0.0
    },
    {
      "R": [
        [
          0.3506516428116825,
          -0.888114074139946,
          -0.29714780279856473
        ],
        [
          0.9352623653234406,
          0.3157446662528195,
          0.15996753965257654
        ],
        [
          -0.04824658954860167,
          -0.3340040374717679,
          0.941336055587741
        ]
      ],
      "tx": 0.0916592067539817,
      "ty": 0.018815516921149175,
      "tz": 0.0
    },
    {
      "R": [
        [
          -0.8749706357666958,
          -0.3354441601498326,
          0.34914696327964523
        ],
        [
          -0.37963802451655304,
          0.0277523944467839,
          -0.9247187545106023
        ],
        [
          0.30050184173677463,
          -0.9416512199449666,
          -0.15162988850804737
        ]
      ],
      "tx": -0.09035495777650852,
      "ty": 0.08554431070873678,
      "tz": 0.0
    },
    {
      "R": [
        [
          0.5335289194773919,
          -0.4602997287243754,
          0.7095569405041099
        ],
        [
          0.39587059301480154,
          0.8772732042466179,
          0.2714372831741821
        ],
        [
          -0.7474177986022249,
          0.13607308641733007,
          0.6502697513228382
        ]
      ],
      "tx": -0.005547802385233905,
      "ty": 0.06880723372708053,
      "tz": 0.0
    },
    {
      "R": [
        [
          0.5989754849463738,
          0.25675606080593955,
          0.7584884268548026
        ],
        [
          0.7942083974069842,
          -0.31146576031377315,
          -0.5217490791945809
        ],
        [
          0.102280936256402,
          0.9149127856749955,
          -0.3904781744053487
        ]
      ],
      "tx": 0.03554522407911692,
      "ty": -0.08064114087828411,
      "tz": 0.0
    },
    {
      "R": [
        [
          -0.2979583160095902,
          -0.30956605560982725,
          -0.9029893128575232
        ],
        [
          0.6671440024558022,
          -0.7441079257499208,
          0.0349610472297644
        ],
        [
          -0.6827442580556654,
          -0.5920069695960704,
          0.4282382818498319
        ]
      ],
      "tx": 0.054435620787527145,
      "ty": 0.09046059013913466,
      "tz": 0.0
    },
    {
      "R": [
        [
          0.06258238182550757,
          -0.3838814830172612,
          0.9212591668371688
        ],
        [
          -0.6787833936028345,
          0.6603338938565244,
          0.321266638780468
        ],
        [
          -0.7316669666276221,
          -0.64544105510941,
          -0.21924710790609225
        ]
      ],
      "tx": -0.022954979455354393,
      "ty": -0.09064983846639597,
      "tz": 0.0
    },
    {
      "R": [
        [
          -0.4599076632024113,
          0.8533198234492769,
          0.24562210860627437
        ],
        [
          0.3523780280713286,
          -0.07851178800737912,
          0.932558643987844
        ],
        [
          0.8150550083646253,
          0.5154427010370594,
          -0.2645829837449136
        ]
      ],
      "tx": 0.09332925956557114,
      "ty": -0.07121542961585711,
      "tz": 0.0
    },
    {
      "R": [
        [
          -0.43125211132061825,
          0.5848710014851057,
          -0.6869843725320968
        ],
        [
          0.0012504328176752844,
          -0.7610398990910388,
          -0.6487038680393932
        ],
        [
          -0.9022305985164092,
          -0.2806139405184841,
          0.32746872138787686
        ]
      ],
      "tx": 0.03002899112112234,
      "ty": 0.01631992018062617,
      "tz": 0.0
    }
  ],
  "points_N": 18354
}