{
  "type": "scene",
  "distance_m": 0.5,
  "num_objects": 12,
  "intrinsics": {
    "width": 640,
    "height": 480,
    "fx": 554.2562584220408,
    "fy": 554.2562584220408,
    "cx": -0.09522543302747323,
    "cy": -0.035120929397081585
  },
  "T_wc": [
    [
      0.999999999999,
      0.0,
      0.0,
      0.0
    ],
    [
      -0.0,
      0.9999999999970001,
      0.0,
      0.0
    ],
    [
      0.0,
      0.0,
      -0.999999999998,
      0.5150141660124063
    ],
    [
      0.0,
      0.0,
      0.0,
      1.0
    ]
  ],
  "bin_size": {
    "w": 0.25,
    "d": 0.25
  },
  "z_floor": 0.0,
  "piece_aabb": {
    "w": 0.0300283320248127,
    "d": 0.0300283320248127,
    "h": 0.0300283320248127
  },
  "poses": [
    {
      "R": [
        [
          0.354989950554916,
          0.865699462994747,
          -0.35291156792548656
        ],
        [
          -0.33947624693756406,
          -0.23236129255103988,
          -0.9114626199078032
        ],
        [
          -0.8710556886733503,
          0.44336516495392064,
          0.2113984809197511
        ]
      ],
      "tx": -0.0917130833104692,
      "ty": 0.02736287649827132,
      "tz": 0.0
    },
    {
      "R": [
        [
          0.544302889797408,
          0.6979227023784541,
          0.4654441595540183
        ],
        [
          -0.49977047743793007,
          0.7154049382540334,
          -0.4882880750163842
        ],
        [
          -0.6737683830810511,
          0.03316136044402368,
          0.7381981374494571
        ]
      ],
      "tx": -0.002689648561087582,
      "ty": 0.060553381186531446,
      "tz": 0.0
    },
    {
      "R": [
        [
          -0.884809597139167,
          -0.34823613212158994,
          -0.30958613194944584
        ],
        [
          -0.4526439433960235,
          0.8000498164896048,
          0.39374325599538484
        ],
        [
          0.1105686995370869,
          0.4885200992998592,
          -0.8655187318959268
        ]
      ],
      "tx": 0.05116448742243487,
      "ty": 0.03363528764928825,
      "tz": 0.0
    },
    {
      "R": [
        [
          0.8104219695253948,
          -0.2847439329178863,
          -0.5119932850897894
        ],
        [
          -0.377147014000431,
          0.41518168700979086,
          -0.8278793973775787
        ],
        [
          0.44830387143224487,
          0.8640283904121198,
          0.22908203644263092
        ]
      ],
      "tx": -0.017195560768709622,
      "ty": -0.08590309860468541,
      "tz": 0.0
    },
    {
      "R": [
        [
          -0.9615633440123483,
          0.22380925553873146,
          -0.15907656202907372
        ],
        [
          0.0769104498792311,
          0.7756777792382639,
          0.6264253870137845
        ],
        [
          0.26359195388168666,
          0.5901130399603064,
          -0.7630765898110368
        ]
      ],
      "tx": 0.055393510503432164,
      "ty": -0.034977662770278126,
      "tz": 0.0
    },
    {
      "R": [
        [
          -0.3215919539866763,
          0.23320270952472114,
          -0.9177118891031978
        ],
        [
          -0.5259182936474285,
          -0.8499446846848386,
          -0.031685665259975876
        ],
        [
          -0.7873935252070648,
          0.4724516157727885,
          0.39598094299558506
        ]
      ],
      "tx": -0.09455025585833778,
      "ty": -0.09335048735348628,
      "tz": 0.0
    },
    {
      "R": [
        [
          -0.0622217960563578,
          0.025093233078665567,
          0.9977468505333307
        ],
        [
          -0.869076739251528,
          0.4901835907656117,
          -0.06652569906481959
        ],
        [
          -0.4907484787418627,
          -0.8712579279397066,
          -0.008692158233505776
        ]
      ],
      "tx": -0.040607786859981385,
      "ty": -0.00672868335208282,
      "tz": 0.0
    },
    {
      "R": [
        [
          -0.07188410821456181,
          0.6171653976383332,
          0.7835429451817656
        ],
        [
          0.9044691121937521,
          -0.29080788783735034,
          0.3120358912994222
        ],
        [
          0.42043822384940566,
          0.7311208137712243,
          -0.537302573599699
        ]
      ],
      "tx": 0.09793078588217197,
      "ty": -0.09020662665472218,
      "tz": 0.0
    },
    {
      "R": [
        [
          0.8059624807148905,
          0.5666755919289435,
          0.17118193009742966
        ],
        [
          0.5794423725317015,
          -0.6960365893615847,
          -0.424004249017301
        ],
        [
          -0.12112397200691799,
          0.4409215800818486,
          -0.8893352256733076
        ]
      ],
      "tx": 0.08624642685947309,
      "ty": 0.08591737984566339,
      "tz": 0.0
    },
    {
      "R": [
        [
          0.8423023767951322,
          -0.0683983969342335,
          -0.5346478891215211
        ],
        [
          -0.48377414029630156,
          0.34145241052360586,
          -0.8058367282075157
        ],
        [
          0.23767475092202264,
          0.9374070143989995,
          0.2545168012719564
        ]
      ],
      "tx": -0.06797640471234781,
      "ty": 0.09778216835296188,
      "tz": 0.0
    },
    {
      "R": [
        [
          0.24754382959405274,
          -0.5634815390279388,
          0.7881691491073577
        ],
        [
          -0.9419438284042874,
          -0.33043821158632114,
          0.059602117870997784
        ],
        [
          0.2268565109512733,
          -0.7571652022500369,
          -0.6125658984474045
        ]
      ],
      "tx": 0.04056237108973107,
      "ty": -0.09097050762828221,
      "tz": 0.0
    },
    {
      "R": [
        [
          0.43886709793356204,
          -0.8962406603994427,
          0.0644076780993062
        ],
        [
          -0.889626357259171,
          -0.42331196576621144,
          0.1713823914785972
        ],
        [
          -0.12633532689295912,
          -0.13251286083213262,
          -0.9830970078750787
        ]
      ],
      "tx": -0.09522543302747323,
      "ty": -0.035120929397081585,
      "tz": 0.0
    }
  ],
  "points_N": 20482
}