{
  "type": "scene",
  "distance_m": 0.5,
  "num_objects": 11,
  "intrinsics": {
    "width": 640,
    "height": 480,
    "fx": 554.2562584220408,
    "fy": 554.2562584220408,
    "cx": 0.03177705306486381,
    "cy": -0.09870230584263924
  },
  "T_wc": [
    [
      0.999999999999,
      0.0,
      0.0,
      0.0
    ],
    [
      -0.0,
      0.9999999999970001,
      0.0,
      0.0
    ],
    [
      0.0,
      0.0,
      -0.999999999998,
      0.5150141660124063
    ],
    [
      0.0,
      0.0,
      0.0,
      1.0
    ]
  ],
  "bin_size": {
    "w": 0.25,
    "d": 0.25
  },
  "z_floor": 0.0,
  "piece_aabb": {
    "w": 0.0300283320248127,
    "d": 0.0300283320248127,
    "h": 0.0300283320248127
  },
  "poses": [
    {
      "R": [
        [
          0.9216791202425546,
          0.17264431174146505,
          -0.3474212729989723
        ],
        [
          0.3605076928209306,
          -0.7119825843296805,
          0.602590244717054
        ],
        [
          -0.1433241177396189,
          -0.6806428881833303,
          -0.7184590844575733
        ]
      ],
      "tx": -0.012520281593077609,
      "ty": 0.08860588582602283,
      "tz": 0.0
    },
    {
      "R": [
        [
          -0.7616479431958847,
          0.06520250446791889,
          -0.6447022910123631
        ],
        [
          0.4054233368236557,
          -0.7281850129200256,
          -0.552610626858944
        ],
        [
          -0.5054941429771974,
          -0.6822721014153909,
          0.5281860004259631
        ]
      ],
      "tx": 0.06572487605875021,
      "ty": 0.03475729240222569,
      "tz": 0.0
    },
    {
      "R": [
        [
          0.995953147602287,
          -0.08947705056056177,
          0.008437132455976878
        ],
        [
          -0.08982563961998147,
          -0.9940995558181356,
          0.060806476538663355
        ],
        [
          0.002946565451205794,
          -0.06131827252270302,
          -0.9981139149450196
        ]
      ],
      "tx": -0.01142192136212103,
      "ty": -0.05673193600298554,
      "tz": 0.0
    },
    {
      "R": [
        [
          0.11963663661444446,
          0.6664240333119996,
          -0.7359117358785292
        ],
        [
          -0.8487085213193838,
          0.45325985636833577,
          0.2724873363017458
        ],
        [
          0.5151513573887276,
          0.5919750927438775,
          0.6198262406121808
        ]
      ],
      "tx": -0.022325326023056716,
      "ty": 0.02685366036348119,
      "tz": 0.0
    },
    {
      "R": [
        [
          -0.16838118974202576,
          0.2980758323889419,
          0.9395736123831382
        ],
        [
          0.06572841771776265,
          0.9544569745985002,
          -0.29101831341789675
        ],
        [
          -0.9835281135002596,
          0.01275467702128294,
          -0.18030465376330018
        ]
      ],
      "tx": -0.077370191443421,
      "ty": -0.06738125187121062,
      "tz": 0.0
    },
    {
      "R": [
        [
          0.9474661328922902,
          -0.3197040621099678,
          0.00986101883757276
        ],
        [
          -0.02420095184774204,
          -0.10239427952970237,
          -0.9944494584689845
        ],
        [
          0.3189392433548942,
          0.9419685367303832,
          -0.1047522546689501
        ]
      ],
      "tx": 0.05257574266901199,
      "ty": -0.023137866902097737,
      "tz": 0.0
    },
    {
      "R": [
        [
          0.9614441404733779,
          -0.21458943882594406,
          0.17197830529974975
        ],
        [
          0.07473636562381797,
          -0.39794656247038396,
          -0.9143593435139973
        ],
        [
          0.2646500338234449,
          0.8919584666128638,
          -0.3665657559495681
        ]
      ],
      "tx": 0.09014034772312127,
      "ty": -0.09773227482023689,
      "tz": 0.0
    },
    {
      "R": [
        [
          0.23649746441306152,
          -0.4548738591538961,
          0.858579478897926
        ],
        [
          0.6625756236546556,
          -0.5708222178281632,
          -0.4849283849934761
        ],
        [
          0.7106774882215117,
          0.6835581671607606,
          0.16639032376609197
        ]
      ],
      "tx": -0.08883794896104868,
      "ty": 0.030086141948068468,
      "tz": 0.0
    },
    {
      "R": [
        [
          -0.4289056014963577,
          0.28104784158152635,
          0.8585173823210644
        ],
        [
          0.24564181736353602,
          -0.8782749139048946,
          0.4102356312751107
        ],
        [
          0.8693101187535933,
          0.3868401302188213,
          0.30765992765535555
        ]
      ],
      "tx": -0.07279097635424245,
      "ty": 0.09052595048675338,
      "tz": 0.0
    },
    {
      "R": [
        [
          0.23313236130458226,
          -0.12103666934625773,
          0.9648831156083699
        ],
        [
          -0.8434828623673511,
          0.4686013918335743,
          0.2625821708803125
        ],
        [
          -0.48392764232386076,
          -0.875078773737086,
          0.0071537926771827465
        ]
      ],
      "tx": 0.06910723214260694,
      "ty": 0.09830246450086791,
      "tz": 0.0
    },
    {
      "R": [
        [
          -0.6047136250571938,
          0.6954974813640484,
          -0.3880781945516289
        ],
        [
          -0.3136479727885897,
          -0.6558484678397383,
          -0.6866496460334595
        ],
        [
          -0.7320835886944843,
          -0.2935064575925581,
          0.614741879584979
        ]
      ],
      "tx": 0.03177705306486381,
      "ty": -0.09870230584263924,
      "tz": 0.0
    }
  ],
  "points_N": 18800
}