{
  "type": "scene",
  "distance_m": 0.5,
  "num_objects": 11,
  "intrinsics": {
    "width": 640,
    "height": 480,
    "fx": 554.2562584220408,
    "fy": 554.2562584220408,
    "cx": 0.0003895380956909361,
    "cy": 0.07776574622974528
  },
  "T_wc": [
    [
      0.999999999999,
      0.0,
      0.0,
      0.0
    ],
    [
      -0.0,
      0.9999999999970001,
      0.0,
      0.0
    ],
    [
      0.0,
      0.0,
      -0.999999999998,
      0.5150141660124063
    ],
    [
      0.0,
      0.0,
      0.0,
      1.0
    ]
  ],
  "bin_size": {
    "w": 0.25,
    "d": 0.25
  },
  "z_floor": 0.0,
  "piece_aabb": {
    "w": 0.0300283320248127,
    "d": 0.0300283320248127,
    "h": 0.0300283320248127
  },
  "poses": [
    {
      "R": [
        [
          -0.5628455169386128,
          -0.8149959693587854,
          0.1377914873678343
        ],
        [
          -0.4018484495008079,
          0.4154858196489921,
          0.8160204392687735
        ],
        [
          -0.7223037779881142,
          0.4039221504195321,
          -0.5613591975772361
        ]
      ],
      "tx": -0.09609107410798365,
      "ty": -0.0775496872412554,
      "tz": 0.0
    },
    {
      "R": [
        [
          0.2371071789657635,
          0.5207780011467122,
          0.8201039319528547
        ],
        [
          -0.5158618929093741,
          0.7828226421332979,
          -0.3479586446797953
        ],
        [
          -0.8232051342933029,
          -0.3405568740828434,
          0.4542623937638549
        ]
      ],
      "tx": -0.07266743049289398,
      "ty": 0.07344821922565056,
      "tz": 0.0
    },
    {
      "R": [
        [
          0.6555801395556948,
          0.19888978816423428,
          0.7284624443196244
        ],
        [
          0.14344324564004615,
          -0.979925747767195,
          0.13845419510853962
        ],
        [
          0.7413762310058134,
          0.01372519678876051,
          -0.6709492552143754
        ]
      ],
      "tx": 0.09099206202957572,
      "ty": 0.04363335340039845,
      "tz": 0.0
    },
    {
      "R": [
        [
          0.013715471003452162,
          0.9683472227117118,
          0.2492298981295535
        ],
        [
          0.9554360336636982,
          0.06081473839263707,
          -0.28886597787073365
        ],
        [
          -0.2948794184614001,
          0.24208515828267807,
          -0.9243597268959292
        ]
      ],
      "tx": 0.08645996318068747,
      "ty": -0.021692949623217925,
      "tz": 0.0
    },
    {
      "R": [
        [
          -0.01252733715194454,
          0.3725239948895237,
          0.9279380038857292
        ],
        [
          0.9868828272918687,
          0.1539825991267152,
          -0.04849375591340471
        ],
        [
          -0.16095139334683944,
          0.9151585831962301,
          -0.3695665252454279
        ]
      ],
      "tx": 0.023974090746809285,
      "ty": -0.07348137732587631,
      "tz": 0.0
    },
    {
      "R": [
        [
          -0.6454767294532571,
          -0.20856838405699152,
          -0.734750992449947
        ],
        [
          -0.3341200139547128,
          -0.7879552949374129,
          0.5171946146809704
        ],
        [
          -0.6868213799884432,
          0.5793321002257256,
          0.4389199353399439
        ]
      ],
      "tx": -6.920842676394479e-06,
      "ty": 0.006233266253585723,
      "tz": 0.0
    },
    {
      "R": [
        [
          0.9394953779623885,
          0.3111831789673239,
          0.14322522094623993
        ],
        [
          0.3384484823193557,
          -0.9077867977748264,
          -0.24774130580396006
        ],
        [
          0.052925037581786925,
          0.2812261703922964,
          -0.9581809753295301
        ]
      ],
      "tx": -0.037390861575763316,
      "ty": -0.06745298891486155,
      "tz": 0.0
    },
    {
      "R": [
        [
          -0.6846269613882969,
          -0.705707485478143,
          0.18238110834279056
        ],
        [
          -0.6540755051732673,
          0.4843866300543762,
          -0.5809946868577202
        ],
        [
          0.32166932908277635,
          -0.5170556426195169,
          -0.7932101267399174
        ]
      ],
      "tx": 0.05627651191305366,
      "ty": 0.09241942216451843,
      "tz": 0.0
    },
    {
      "R": [
        [
          0.862072153724438,
          0.3293967833941625,
          -0.3851355097397384
        ],
        [
          -0.37188675910821495,
          -0.10510320371076665,
          -0.922308817571274
        ],
        [
          -0.34428453374047674,
          0.9383235452973097,
          0.03189175705084679
        ]
      ],
      "tx": -0.059973042983214625,
      "ty": -0.014779545137821495,
      "tz": 0.0
    },
    {
      "R": [
        [
          -0.29445784746181336,
          0.945835734531311,
          0.13670895856443116
        ],
        [
          -0.8058208857908481,
          -0.16883145369837083,
          -0.5675813952776715
        ],
        [
          -0.5137579937007395,
          -0.27729172999876994,
          0.811887935852529
        ]
      ],
      "tx": 0.08454718117347015,
      "ty": -0.08376083554982787,
      "tz": 0.0
    },
    {
      "R": [
        [
          -0.6425748265098568,
          -0.6596423804403566,
          -0.389832684959596
        ],
        [
          -0.44769898268045627,
          -0.08966268883963102,
          0.889677595051675
        ],
        [
          -0.6218224933553885,
          0.7462121227620385,
          -0.2377062359305291
        ]
      ],
      "tx": 0.0003895380956909361,
      "ty": 0.07776574622974528,
      "tz": 0.0
    }
  ],
  "points_N": 18882
}