{
  "type": "scene",
  "distance_m": 0.5,
  "num_objects": 3,
  "intrinsics": {
    "width": 640,
    "height": 480,
    "fx": 554.2562584220408,
    "fy": 554.2562584220408,
    "cx": 0.021152147960065232,
    "cy": 0.09124595636801505
  },
  "T_wc": [
    [
      0.999999999999,
      0.0,
      0.0,
      0.0
    ],
    [
      -0.0,
      0.9999999999970001,
      0.0,
      0.0
    ],
    [
      0.0,
      0.0,
      -0.999999999998,
      0.5150141660124063
    ],
    [
      0.0,
      0.0,
      0.0,
      1.0
    ]
  ],
  "bin_size": {
    "w": 0.25,
    "d": 0.25
  },
  "z_floor": 0.0,
  "piece_aabb": {
    "w": 0.0300283320248127,
    "d": 0.0300283320248127,
    "h": 0.0300283320248127
  },
  "poses": [
    {
      "R": [
        [
          0.603975336038107,
          0.6474227180413368,
          -0.4648199841031184
        ],
        [
          0.3108307903230693,
          0.34568597443189875,
          0.8853730439019502
        ],
        [
          0.7338923717036385,
          -0.679223844726491,
          0.007546887449268125
        ]
      ],
      "tx": -0.044003955010570014,
      "ty": -0.03916742989626824,
      "tz": 0.0
    },
    {
      "R": [
        [
          -0.5732993632060115,
          0.8117241656151315,
          -0.11149761927503299
        ],
        [
          0.7015120656508838,
          0.5565934157912542,
          0.4450669514174854
        ],
        [
          0.423330440547112,
          0.17693967461890106,
          -0.8885289469971958
        ]
      ],
      "tx": 0.06751291793900327,
      "ty": -0.02341419896200589,
      "tz": 0.0
    },
    {
      "R": [
        [
          0.06272610997374872,
          0.10076526945594638,
          -0.9929309117954943
        ],
        [
          0.7645651460848548,
          0.6346166927198219,
          0.11270222142264874
        ],
        [
          0.6414870010528708,
          -0.7662297395643332,
          -0.03723457650314521
        ]
      ],
      "tx": 0.021152147960065232,
      "ty": 0.09124595636801505,
      "tz": 0.0
    }
  ],
  "points_N": 4818
}