{
  "type": "scene",
  "distance_m": 0.5,
  "num_objects": 10,
  "intrinsics": {
    "width": 640,
    "height": 480,
    "fx": 554.2562584220408,
    "fy": 554.2562584220408,
    "cx": 0.09539648507784348,
    "cy": -0.05932931888684361
  },
  "T_wc": [
    [
      0.999999999999,
      0.0,
      0.0,
      0.0
    ],
    [
      -0.0,
      0.9999999999970001,
      0.0,
      0.0
    ],
    [
      0.0,
      0.0,
      -0.999999999998,
      0.5150141660124063
    ],
    [
      0.0,
      0.0,
      0.0,
      1.0
    ]
  ],
  "bin_size": {
    "w": 0.25,
    "d": 0.25
  },
  "z_floor": 0.0,
  "piece_aabb": {
    "w": 0.0300283320248127,
    "d": 0.0300283320248127,
    "h": 0.0300283320248127
  },
  "poses": [
    {
      "R": [
        [
          -0.41748091521069197,
          -0.9054815247469102,
          -0.07624233585648671
        ],
        [
          0.22623061334527705,
          -0.18483353636931943,
          0.956376637846529
        ],
        [
          -0.8800735168270106,
          0.38202064365060395,
          0.28201211464140263
        ]
      ],
      "tx": 0.008181267497375272,
      "ty": 0.021930108944668167,
      "tz": 0.0
    },
    {
      "R": [
        [
          0.12280734667362458,
          0.22492414572782438,
          -0.9666061681323955
        ],
        [
          0.9877415751019096,
          -0.12226833834302964,
          0.09704140484367152
        ],
        [
          -0.09635837492498023,
          -0.9666744964606458,
          -0.23718238019375315
        ]
      ],
      "tx": -0.08492207270277713,
      "ty": 0.046543898515609666,
      "tz": 0.0
    },
    {
      "R": [
        [
          -0.8592174156780372,
          0.05398685529274952,
          -0.5087542157576237
        ],
        [
          -0.46337663966688536,
          -0.5036266298722278,
          0.729138057911235
        ],
        [
          -0.21685830029441003,
          0.8622329367051236,
          0.45774101897719166
        ]
      ],
      "tx": 0.07434141314635415,
      "ty": 0.06250610816959051,
      "tz": 0.0
    },
    {
      "R": [
        [
          0.22433576396344812,
          -0.8786328572903616,
          -0.42151840659301115
        ],
        [
          0.9497164307861558,
          0.2940696987768968,
          -0.10752540795584031
        ],
        [
          0.21843114727927598,
          -0.37620116208092735,
          0.9004224117308604
        ]
      ],
      "tx": -0.0008108774999416729,
      "ty": -0.06895456575319084,
      "tz": 0.0
    },
    {
      "R": [
        [
          -0.16721568218452387,
          -0.9376532733914971,
          -0.3047051928172134
        ],
        [
          -0.8958444024855308,
          0.2735576249532312,
          -0.3501842834355789
        ],
        [
          0.4117058685116196,
          0.21441213754859595,
          -0.8857345613133403
        ]
      ],
      "tx": -0.03666084274488539,
      "ty": 0.09335542596918461,
      "tz": 0.0
    },
    {
      "R": [
        [
          -0.03770730970355518,
          -0.9184036757903287,
          -0.39384368357221744
        ],
        [
          0.35314809277241216,
          -0.38093926981246873,
          0.854500846860874
        ],
        [
          -0.9348072439632289,
          -0.10686421762945686,
          0.3386967015255923
        ]
      ],
      "tx": 0.026324248702165626,
      "ty": 0.09899292413203614,
      "tz": 0.0
    },
    {
      "R": [
        [
          -0.07331248423779635,
          -0.9321553523763264,
          -0.3545584277535226
        ],
        [
          -0.9883750747998294,
          0.020429808228316637,
          0.1506563455357463
        ],
        [
          -0.1331915581758652,
          0.3614817035092111,
          -0.9228168761237328
        ]
      ],
      "tx": 0.0621122168244744,
      "ty": -0.004888561017146131,
      "tz": 0.0
    },
    {
      "R": [
        [
          -0.7610451455458525,
          -0.45803332064650204,
          0.459364521506212
        ],
        [
          -0.21445312718444642,
          0.8459623058453127,
          0.48821883754080336
        ],
        [
          -0.612225565197913,
          0.2730444181198735,
          -0.7420421841456695
        ]
      ],
      "tx": -0.08688367491959854,
      "ty": -0.08891899195620458,
      "tz": 0.0
    },
    {
      "R": [
        [
          0.9503704258969049,
          -0.3106448241824487,
          0.017200197359074465
        ],
        [
          -0.28583096202454766,
          -0.893616700466531,
          -0.34604891821161904
        ],
        [
          0.12286868896776423,
          0.32395830882378324,
          -0.9380587931549798
        ]
      ],
      "tx": -0.06250632498765624,
      "ty": -0.03001893613140187,
      "tz": 0.0
    },
    {
      "R": [
        [
          0.26552485518122626,
          -0.470364238722207,
          0.8415782995136386
        ],
        [
          -0.6521792258217621,
          0.5552495767466419,
          0.5161009251388743
        ],
        [
          -0.7100414133608798,
          -0.6858975072515964,
          -0.15932922160900231
        ]
      ],
      "tx": 0.09539648507784348,
      "ty": -0.05932931888684361,
      "tz": 0.0
    }
  ],
  "points_N": 16519
}