{
  "type": "scene",
  "distance_m": 0.5,
  "num_objects": 5,
  "intrinsics": {
    "width": 640,
    "height": 480,
    "fx": 554.2562584220408,
    "fy": 554.2562584220408,
    "cx": 0.04031410994980411,
    "cy": 0.029591454685066354
  },
  "T_wc": [
    [
      0.999999999999,
      0.0,
      0.0,
      0.0
    ],
    [
      -0.0,
      0.9999999999970001,
      0.0,
      0.0
    ],
    [
      0.0,
      0.0,
      -0.999999999998,
      0.5150141660124063
    ],
    [
      0.0,
      0.0,
      0.0,
      1.0
    ]
  ],
  "bin_size": {
    "w": 0.25,
    "d": 0.25
  },
  "z_floor": 0.0,
  "piece_aabb": {
    "w": 0.0300283320248127,
    "d": 0.0300283320248127,
    "h": 0.0300283320248127
  },
  "poses": [
    {
      "R": [
        [
          0.1975768703765709,
          0.9187594797847073,
          0.34182509942649586
        ],
        [
          -0.9644489361589278,
          0.24461269510004857,
          -0.10001439365312954
        ],
        [
          -0.17550393110728946,
          -0.30991232260370793,
          0.9344264136165368
        ]
      ],
      "tx": -0.039283950403152745,
      "ty": 0.03826966561459469,
      "tz": 0.0
    },
    {
      "R": [
        [
          0.5788942389144178,
          -0.6367454588810834,
          0.5093492718616721
        ],
        [
          0.39284923013196005,
          0.7651770540313771,
          0.510072110949608
        ],
        [
          -0.7145284756651924,
          -0.0951803371405115,
          0.6931015516397256
        ]
      ],
      "tx": -0.06698628811888138,
      "ty": -0.027054431190309133,
      "tz": 0.0
    },
    {
      "R": [
        [
          0.9790293791962564,
          -0.0276297727261825,
          0.20183674177337546
        ],
        [
          0.15307680299125834,
          -0.5539630981493677,
          -0.8183473457369613
        ],
        [
          0.13442085796693992,
          0.832082617020602,
          -0.5381166708025114
        ]
      ],
      "tx": 0.09449293444912579,
      "ty": -0.06398925132077818,
      "tz": 0.0
    },
    {
      "R": [
        [
          -0.5551566162993442,
          -0.4163572461560722,
          -0.7200331762859224
        ],
        [
          0.27249534089932154,
          -0.9089573571458438,
          0.31550406032031464
        ],
        [
          -0.7858418546802053,
          -0.021051519274723596,
          0.6180691004806833
        ]
      ],
      "tx": -0.06072087274398299,
      "ty": -0.08437730646063309,
      "tz": 0.0
    },
    {
      "R": [
        [
          -0.02421836396774002,
          0.501679645033219,
          -0.8647144063828641
        ],
        [
          -0.8362846091405565,
          -0.48410104294257916,
          -0.2574378230496317
        ],
        [
          -0.5477604616630819,
          0.7169126264624233,
          0.4312711011155248
        ]
      ],
      "tx": 0.04031410994980411,
      "ty": 0.029591454685066354,
      "tz": 0.0
    }
  ],
  "points_N": 8498
}