{
  "type": "scene",
  "distance_m": 0.5,
  "num_objects": 3,
  "intrinsics": {
    "width": 640,
    "height": 480,
    "fx": 554.2562584220408,
    "fy": 554.2562584220408,
    "cx": 0.021685888611956333,
    "cy": -0.09476117985627414
  },
  "T_wc": [
    [
      0.999999999999,
      0.0,
      0.0,
      0.0
    ],
    [
      -0.0,
      0.9999999999970001,
      0.0,
      0.0
    ],
    [
      0.0,
      0.0,
      -0.999999999998,
      0.5150141660124063
    ],
    [
      0.0,
      0.0,
      0.0,
      1.0
    ]
  ],
  "bin_size": {
    "w": 0.25,
    "d": 0.25
  },
  "z_floor": 0.0,
  "piece_aabb": {
    "w": 0.0300283320248127,
    "d": 0.0300283320248127,
    "h": 0.0300283320248127
  },
  "poses": [
    {
      "R": [
        [
          0.4367630238189507,
          0.8915836412234319,
          0.1196522951192045
        ],
        [
          -0.5919195687370604,
          0.18467682883110903,
          0.7845544551138673
        ],
        [
          0.6773989114035089,
          -0.41348891109152086,
          0.608405814595562
        ]
      ],
      "tx": -0.03976636613233657,
      "ty": -0.06048231916365682,
      "tz": 0.0
    },
    {
      "R": [
        [
          0.9134083090025321,
          -0.36304645527317253,
          -0.18407208468075492
        ],
        [
          -0.2720162766391206,
          -0.20801371588344342,
          -0.9395410790634707
        ],
        [
          0.30280754001266896,
          0.9082552313738391,
          -0.2887560014848687
        ]
      ],
      "tx": -0.09498407040312241,
      "ty": -0.02128918993083069,
      "tz": 0.0
    },
    {
      "R": [
        [
          0.8985428605359826,
          0.2433039813026986,
          -0.3652723647664435
        ],
        [
          -0.0027839935612269523,
          -0.8290955450762281,
          -0.5591000147689174
        ],
        [
          -0.4388769499069924,
          0.503392242507777,
          -0.744300526013066
        ]
      ],
      "tx": 0.021685888611956333,
      "ty": -0.09476117985627414,
      "tz": 0.0
    }
  ],
  "points_N": 5522
}