{
  "type": "scene",
  "distance_m": 0.5,
  "num_objects": 11,
  "intrinsics": {
    "width": 640,
    "height": 480,
    "fx": 554.2562584220408,
    "fy": 554.2562584220408,
    "cx": 0.043570614063627194,
    "cy": -0.023196504521155584
  },
  "T_wc": [
    [
      0.999999999999,
      0.0,
      0.0,
      0.0
    ],
    [
      -0.0,
      0.9999999999970001,
      0.0,
      0.0
    ],
    [
      0.0,
      0.0,
      -0.999999999998,
      0.5150141660124063
    ],
    [
      0.0,
      0.0,
      0.0,
      1.0
    ]
  ],
  "bin_size": {
    "w": 0.25,
    "d": 0.25
  },
  "z_floor": 0.0,
  "piece_aabb": {
    "w": 0.0300283320248127,
    "d": 0.0300283320248127,
    "h": 0.0300283320248127
  },
  "poses": [
    {
      "R": [
        [
          0.06594066699197243,
          -0.9558659512906447,
          0.28630772186562514
        ],
        [
          -0.1015086436786638,
          0.2790175480123148,
          0.9549058608887651
        ],
        [
          -0.9926468776433901,
          -0.0920298379028564,
          -0.07863005303573223
        ]
      ],
      "tx": -0.054066792926361955,
      "ty": -0.08526889829490512,
      "tz": 0.0
    },
    {
      "R": [
        [
          0.5389217997792457,
          -0.8298941332846362,
          0.14435726951712932
        ],
        [
          0.8166071555241806,
          0.556767116917934,
          0.15219438578869582
        ],
        [
          -0.2066786086400945,
          0.03586230693407967,
          0.9777514242750867
        ]
      ],
      "tx": 0.05201693595916004,
      "ty": -0.08379784796208789,
      "tz": 0.0
    },
    {
      "R": [
        [
          -0.33688853751923853,
          0.8007565463950823,
          -0.49527271951276397
        ],
        [
          -0.9324517710916176,
          -0.356675183681328,
          0.05758913034589638
        ],
        [
          -0.1305366150788897,
          0.48121904238227253,
          0.8668266408991099
        ]
      ],
      "tx": 0.08528177818614052,
      "ty": 0.01957858420881231,
      "tz": 0.0
    },
    {
      "R": [
        [
          -0.47672096983937085,
          -0.8091293938878896,
          0.34357930796546293
        ],
        [
          0.02199908459319655,
          0.37974715191873565,
          0.9248287089438078
        ],
        [
          -0.8787793563759172,
          0.4484436693233892,
          -0.16323332457345718
        ]
      ],
      "tx": 0.02581750198573328,
      "ty": 0.07517284709173402,
      "tz": 0.0
    },
    {
      "R": [
        [
          0.0962160491715609,
          -0.6203847098971581,
          -0.7783734859356621
        ],
        [
          0.8061984950549358,
          0.5072087193142552,
          -0.30460351544712927
        ],
        [
          0.5837691825139213,
          -0.598215786131904,
          0.5489548385519668
        ]
      ],
      "tx": -0.0713965579711547,
      "ty": -0.025269758317076355,
      "tz": 0.0
    },
    {
      "R": [
        [
          0.22812228017374903,
          -0.5836119079175037,
          0.7793313584254267
        ],
        [
          -0.9357378307699329,
          -0.35255772043736666,
          0.009887660288874334
        ],
        [
          0.26898873090579456,
          -0.7315054303946752,
          -0.626534011805258
        ]
      ],
      "tx": -0.03726280941961409,
      "ty": 0.09191134381442209,
      "tz": 0.0
    },
    {
      "R": [
        [
          0.36393720907274485,
          -0.9200474120505382,
          0.14512914053162507
        ],
        [
          -0.004878262867027028,
          -0.15769502266010638,
          -0.9874758135669089
        ],
        [
          0.9314107098395108,
          0.35867121351919995,
          -0.06187931955769277
        ]
      ],
      "tx": -0.019146192103036308,
      "ty": 0.027049777151160304,
      "tz": 0.0
    },
    {
      "R": [
        [
          -0.6444799918357709,
          0.4017156718828846,
          -0.6505920834801541
        ],
        [
          0.29534481159879333,
          0.9156186243108931,
          0.27278925396118675
        ],
        [
          0.7052779469011053,
          -0.016341780157320906,
          -0.7087425229490973
        ]
      ],
      "tx": -0.09482615148718897,
      "ty": 0.061890454533326394,
      "tz": 0.0
    },
    {
      "R": [
        [
          0.7396631275372363,
          0.6418656688083128,
          0.20225459442764576
        ],
        [
          -0.5513858138068567,
          0.7503142239944687,
          -0.3646947348182156
        ],
        [
          -0.3858395289422593,
          0.15823093400734117,
          0.908895389705977
        ]
      ],
      "tx": -0.0050957624798351475,
      "ty": -0.0533007773412329,
      "tz": 0.0
    },
    {
      "R": [
        [
          -0.14315027893259025,
          -0.4463243647666513,
          0.8833473603612378
        ],
        [
          0.973037065724885,
          -0.2265652533264999,
          0.043209428491994495
        ],
        [
          0.1808503977519193,
          0.8657151652828684,
          0.4667230294641871
        ]
      ],
      "tx": 0.09326782078260384,
      "ty": 0.08177940687401455,
      "tz": 0.0
    },
    {
      "R": [
        [
          0.7862226743318375,
          0.11945621734452563,
          -0.6062871584523549
        ],
        [
          0.2181824723669192,
          0.8642825649996346,
          0.4532240688550322
        ],
        [
          0.5781438533084581,
          -0.48861627068220914,
          0.6534552967925642
        ]
      ],
      "tx": 0.043570614063627194,
      "ty": -0.023196504521155584,
      "tz": 0.0
    }
  ],
  "points_N": 18147
}