{
  "type": "scene",
  "distance_m": 0.5,
  "num_objects": 6,
  "intrinsics": {
    "width": 640,
    "height": 480,
    "fx": 554.2562584220408,
    "fy": 554.2562584220408,
    "cx": -0.04905484836866658,
    "cy": -0.04801681444205029
  },
  "T_wc": [
    [
      0.999999999999,
      0.0,
      0.0,
      0.0
    ],
    [
      -0.0,
      0.9999999999970001,
      0.0,
      0.0
    ],
    [
      0.0,
      0.0,
      -0.999999999998,
      0.5150141660124063
    ],
    [
      0.0,
      0.0,
      0.0,
      1.0
    ]
  ],
  "bin_size": {
    "w": 0.25,
    "d": 0.25
  },
  "z_floor": 0.0,
  "piece_aabb": {
    "w": 0.0300283320248127,
    "d": 0.0300283320248127,
    "h": 0.0300283320248127
  },
  "poses": [
    {
      "R": [
        [
          0.6024734802115735,
          0.6744730937000061,
          -0.42674553485244276
        ],
        [
          -0.6451074434596855,
          0.7263348792334257,
          0.2372214779523002
        ],
        [
          0.4699596706470283,
          0.13237707159364015,
          0.8727051156499708
        ]
      ],
      "tx": -0.03966805044819937,
      "ty": 0.029881028862446063,
      "tz": 0.0
    },
    {
      "R": [
        [
          -0.9360268732478849,
          -0.20057543702256037,
          0.2891767394189887
        ],
        [
          -0.2000061558620822,
          0.9792771117527791,
          0.031841419792583356
        ],
        [
          -0.2895707688546295,
          -0.02803270340769787,
          -0.9567460150764129
        ]
      ],
      "tx": -0.03536451973617234,
      "ty": 0.0968212343789363,
      "tz": 0.0
    },
    {
      "R": [
        [
          0.06657466164296921,
          0.9972058407627514,
          0.0338869528842341
        ],
        [
          0.3539786889366904,
          -0.05535801469126023,
          0.9336137199013863
        ],
        [
          0.9328809689375093,
          -0.05015975835364811,
          -0.3566750572105062
        ]
      ],
      "tx": -0.006133743400417446,
      "ty": -0.08666418833674865,
      "tz": 0.0
    },
    {
      "R": [
        [
          0.9236445836096175,
          -0.38312728145316644,
          -0.00970409062830252
        ],
        [
          0.1235949727832065,
          0.321739854501248,
          -0.9387266634799685
        ],
        [
          0.3627739873134988,
          0.8658504213961102,
          0.34452587986513217
        ]
      ],
      "tx": 0.028617643695185713,
      "ty": 0.06728143531164807,
      "tz": 0.0
    },
    {
      "R": [
        [
          -0.1924276879170903,
          0.5051699640676981,
          0.8412935827205168
        ],
        [
          -0.0281462135221916,
          -0.8598043711731851,
          0.5098472653411472
        ],
        [
          0.9809074245754519,
          0.07442950164634701,
          0.17966878887951132
        ]
      ],
      "tx": 0.05005897191455938,
      "ty": -0.0262717349151933,
      "tz": 0.0
    },
    {
      "R": [
        [
          0.6841709921829227,
          -0.0428262816810479,
          0.7280631586976578
        ],
        [
          0.05766873709929544,
          -0.9919720731057153,
          -0.11254209407915627
        ],
        [
          0.7270380803072201,
          0.11898451905909802,
          -0.6762087798952832
        ]
      ],
      "tx": -0.04905484836866658,
      "ty": -0.04801681444205029,
      "tz": 0.0
    }
  ],
  "points_N": 9323
}