{
  "type": "scene",
  "distance_m": 0.5,
  "num_objects": 10,
  "intrinsics": {
    "width": 640,
    "height": 480,
    "fx": 554.2562584220408,
    "fy": 554.2562584220408,
    "cx": 0.09695954963965478,
    "cy": 0.09862793610403209
  },
  "T_wc": [
    [
      0.999999999999,
      0.0,
      0.0,
      0.0
    ],
    [
      -0.0,
      0.9999999999970001,
      0.0,
      0.0
    ],
    [
      0.0,
      0.0,
      -0.999999999998,
      0.5150141660124063
    ],
    [
      0.0,
      0.0,
      0.0,
      1.0
    ]
  ],
  "bin_size": {
    "w": 0.25,
    "d": 0.25
  },
  "z_floor": 0.0,
  "piece_aabb": {
    "w": 0.0300283320248127,
    "d": 0.0300283320248127,
    "h": 0.0300283320248127
  },
  "poses": [
    {
      "R": [
        [
          -0.7018397082184276,
          -0.566406243453882,
          0.4319779986808751
        ],
        [
          0.45587763648322077,
          0.10882791755189603,
          0.88336406136756
        ],
        [
          -0.5473541856260394,
          0.8169090841322426,
          0.1818321856544537
        ]
      ],
      "tx": -0.058332529927997555,
      "ty": 0.001706116802271035,
      "tz": 0.0
    },
    {
      "R": [
        [
          0.841759800722082,
          -0.3441995000867674,
          -0.4158931858402351
        ],
        [
          -0.3472331729687011,
          -0.9350801439756082,
          0.07109323408485689
        ],
        [
          -0.4133637157255206,
          0.08456848397940901,
          -0.9066303602014527
        ]
      ],
      "tx": 0.053223700683201675,
      "ty": -0.07322905189580645,
      "tz": 0.0
    },
    {
      "R": [
        [
          0.7863085663211938,
          0.6166006001977193,
          0.03901971765301465
        ],
        [
          -0.43021023066389885,
          0.5011006380240133,
          0.7508776917741276
        ],
        [
          0.4434388300115627,
          -0.6072082430334251,
          0.6592876107058567
        ]
      ],
      "tx": -0.0813087460865757,
      "ty": 0.07893767842771263,
      "tz": 0.0
    },
    {
      "R": [
        [
          0.6345169230182257,
          0.7032134097173247,
          0.32074783677714325
        ],
        [
          0.35363805224921496,
          0.10486322685422977,
          -0.9294857888397754
        ],
        [
          -0.6872615240247808,
          0.7032031029848007,
          -0.18214552848665577
        ]
      ],
      "tx": -0.09089174603914266,
      "ty": -0.09154423334197904,
      "tz": 0.0
    },
    {
      "R": [
        [
          -0.7499542799560228,
          -0.6581424440083313,
          -0.06646127722504741
        ],
        [
          0.22086625565960374,
          -0.15443066386006654,
          -0.9630001387178748
        ],
        [
          0.6235276057132921,
          -0.7368851290767646,
          0.2611773946170868
        ]
      ],
      "tx": 0.06050708028484042,
      "ty": 0.05348061340042026,
      "tz": 0.0
    },
    {
      "R": [
        [
          -0.8282882308987607,
          0.5234655341503218,
          -0.19980600869673543
        ],
        [
          -0.177492720671742,
          0.09310344750858968,
          0.9797081617351967
        ],
        [
          0.5314460844367419,
          0.8469448521708681,
          0.015794832006761794
        ]
      ],
      "tx": 0.041805478522252554,
      "ty": -0.0007085926277682758,
      "tz": 0.0
    },
    {
      "R": [
        [
          0.23083547306302754,
          -0.494029764165148,
          -0.8382419558186625
        ],
        [
          0.9613756544830768,
          -0.01692450566365089,
          0.2747187872630426
        ],
        [
          -0.14990608841205905,
          -0.8692802501075068,
          0.4710414115871625
        ]
      ],
      "tx": -0.004444029081177608,
      "ty": 0.07197425422875794,
      "tz": 0.0
    },
    {
      "R": [
        [
          -0.10808097620737289,
          0.7010312909559914,
          -0.7048926384086001
        ],
        [
          -0.6988885864028446,
          0.45068233413718173,
          0.5553739078247154
        ],
        [
          0.7070171471597382,
          0.5526667737409566,
          0.44123258132743004
        ]
      ],
      "tx": -0.005742255222618245,
      "ty": -0.081692219776167,
      "tz": 0.0
    },
    {
      "R": [
        [
          -0.6422545016650563,
          0.7646744184534551,
          0.05274645821133722
        ],
        [
          -0.6622792557455166,
          -0.5189747407857372,
          -0.5404178067343278
        ],
        [
          -0.3858695926088694,
          -0.3820186542424948,
          0.8397418682610855
        ]
      ],
      "tx": 0.09684494442163205,
      "ty": -0.024074855757659164,
      "tz": 0.0
    },
    {
      "R": [
        [
          0.12703311459314348,
          -0.9767555616271562,
          0.17265908787893045
        ],
        [
          -0.9385397366672665,
          -0.06204139434085243,
          0.3395497431670082
        ],
        [
          -0.32094508952981904,
          -0.20518147630490885,
          -0.924605219154659
        ]
      ],
      "tx": 0.09695954963965478,
      "ty": 0.09862793610403209,
      "tz": 0.0
    }
  ],
  "points_N": 17272
}