{
  "type": "scene",
  "distance_m": 0.5,
  "num_objects": 9,
  "intrinsics": {
    "width": 640,
    "height": 480,
    "fx": 554.2562584220408,
    "fy": 554.2562584220408,
    "cx": 0.06934995924724191,
    "cy": -0.051135028390964524
  },
  "T_wc": [
    [
      0.999999999999,
      0.0,
      0.0,
      0.0
    ],
    [
      -0.0,
      0.9999999999970001,
      0.0,
      0.0
    ],
    [
      0.0,
      0.0,
      -0.999999999998,
      0.5150141660124063
    ],
    [
      0.0,
      0.0,
      0.0,
      1.0
    ]
  ],
  "bin_size": {
    "w": 0.25,
    "d": 0.25
  },
  "z_floor": 0.0,
  "piece_aabb": {
    "w": 0.0300283320248127,
    "d": 0.0300283320248127,
    "h": 0.0300283320248127
  },
  "poses": [
    {
      "R": [
        [
          -0.8529211094316747,
          -0.39558275929505116,
          -0.34064624118630016
        ],
        [
          0.2915717170893216,
          0.1802844440344492,
          -0.9394059042995069
        ],
        [
          0.43302599792555874,
          -0.9005619355645136,
          -0.038427663640545395
        ]
      ],
      "tx": -0.02048804182664836,
      "ty": -0.010212196895795042,
      "tz": 0.0
    },
    {
      "R": [
        [
          -0.8964138960741268,
          0.04809223413065247,
          -0.4406010258062585
        ],
        [
          -0.3264246864232725,
          -0.7440927155258503,
          0.5829004673139611
        ],
        [
          -0.29981502800672444,
          0.666343130614917,
          0.6827135426103972
        ]
      ],
      "tx": 0.005869071744900381,
      "ty": -0.07430788321314644,
      "tz": 0.0
    },
    {
      "R": [
        [
          -0.058849394210572115,
          0.9366315864621388,
          0.34533754508084663
        ],
        [
          0.9816890141745143,
          -0.008484108427444292,
          0.19030160102653343
        ],
        [
          0.18117237165230032,
          0.3502132081255766,
          -0.9189816541173563
        ]
      ],
      "tx": -0.0769444602810836,
      "ty": -0.0756484558938603,
      "tz": 0.0
    },
    {
      "R": [
        [
          0.07293769100560721,
          -0.1820552233590515,
          -0.9805794148759479
        ],
        [
          -0.934119580257204,
          -0.35694579281061656,
          -0.0032110395365327338
        ],
        [
          -0.3494291101366276,
          0.9162126372422976,
          -0.19609615076956088
        ]
      ],
      "tx": 0.08378643240352437,
      "ty": 0.061754693277479455,
      "tz": 0.0
    },
    {
      "R": [
        [
          0.6080212563136828,
          -0.4092818650848734,
          0.6802929565881
        ],
        [
          0.7472603625631161,
          0.0055956467011073485,
          -0.6645078173204864
        ],
        [
          0.2681643197980881,
          0.9123908393066231,
          0.30924238703092566
        ]
      ],
      "tx": 0.0019998813873811777,
      "ty": 0.06259169086307062,
      "tz": 0.0
    },
    {
      "R": [
        [
          -0.5071048124650419,
          0.8570176041666953,
          0.09146330041700956
        ],
        [
          0.2021353548316207,
          0.22141873511067778,
          -0.9539994979396383
        ],
        [
          -0.8378460523878413,
          -0.46528976981056125,
          -0.28551606365972737
        ]
      ],
      "tx": 0.053704326430864896,
      "ty": 0.011049205443107432,
      "tz": 0.0
    },
    {
      "R": [
        [
          -0.9146831315544115,
          -0.1665726919671523,
          0.3682503321663556
        ],
        [
          0.0011117026858600415,
          0.9100831462698814,
          0.4144242162237287
        ],
        [
          -0.4041701782256495,
          0.379476224770841,
          -0.8322525228959758
        ]
      ],
      "tx": -0.09713566205651172,
      "ty": -0.010630046958512468,
      "tz": 0.0
    },
    {
      "R": [
        [
          -0.09868037803575347,
          -0.8828753591731819,
          -0.45912229651319
        ],
        [
          -0.9706020146128469,
          -0.016389985221378023,
          0.2401314173820783
        ],
        [
          -0.21953111902462402,
          0.4693212849949039,
          -0.8553032323278851
        ]
      ],
      "tx": -0.05655074627523773,
      "ty": 0.06457727196584043,
      "tz": 0.0
    },
    {
      "R": [
        [
          0.32456078819377043,
          0.34354517856180045,
          0.8812701090210533
        ],
        [
          -0.9293448721591167,
          -0.057548547402561656,
          0.36470025127960953
        ],
        [
          0.17600682759084568,
          -0.9373712578155977,
          0.30059394814701523
        ]
      ],
      "tx": 0.06934995924724191,
      "ty": -0.051135028390964524,
      "tz": 0.0
    }
  ],
  "points_N": 14882
}