{
  "type": "scene",
  "distance_m": 0.5,
  "num_objects": 3,
  "intrinsics": {
    "width": 640,
    "height": 480,
    "fx": 554.2562584220408,
    "fy": 554.2562584220408,
    "cx": -0.04349234787597864,
    "cy": -0.08280497334351232
  },
  "T_wc": [
    [
      0.999999999999,
      0.0,
      0.0,
      0.0
    ],
    [
      -0.0,
      0.9999999999970001,
      0.0,
      0.0
    ],
    [
      0.0,
      0.0,
      -0.999999999998,
      0.5150141660124063
    ],
    [
      0.0,
      0.0,
      0.0,
      1.0
    ]
  ],
  "bin_size": {
    "w": 0.25,
    "d": 0.25
  },
  "z_floor": 0.0,
  "piece_aabb": {
    "w": 0.0300283320248127,
    "d": 0.0300283320248127,
    "h": 0.0300283320248127
  },
  "poses": [
    {
      "R": [
        [
          -0.30179700051000546,
          -0.46434989546855726,
          -0.8326450294462246
        ],
        [
          -0.8226163397075128,
          0.5682872467835605,
          -0.018760671346591706
        ],
        [
          0.48189306711072155,
          0.6792854920587519,
          -0.5534891978612784
        ]
      ],
      "tx": -0.07208254986338693,
      "ty": -0.008856841581229666,
      "tz": 0.0
    },
    {
      "R": [
        [
          0.624847443254376,
          0.7618378110723781,
          -0.17078882363584802
        ],
        [
          -0.7436485276675818,
          0.6473719375055405,
          0.16702227943648812
        ],
        [
          0.23780777942764414,
          0.022643412966469115,
          0.9710482665104361
        ]
      ],
      "tx": 0.08810132420641956,
      "ty": -0.04144437485575796,
      "tz": 0.0
    },
    {
      "R": [
        [
          0.9962541095585346,
          0.02703173672635615,
          0.08214033355963749
        ],
        [
          0.01699153203646723,
          -0.9925607357636379,
          0.12055900488723012
        ],
        [
          0.08478818919392753,
          -0.11871171395402577,
          -0.9893020226115543
        ]
      ],
      "tx": -0.04349234787597864,
      "ty": -0.08280497334351232,
      "tz": 0.0
    }
  ],
  "points_N": 4730
}