{
  "type": "scene",
  "distance_m": 0.5,
  "num_objects": 9,
  "intrinsics": {
    "width": 640,
    "height": 480,
    "fx": 554.2562584220408,
    "fy": 554.2562584220408,
    "cx": -0.09855694112683831,
    "cy": 0.09620423505403083
  },
  "T_wc": [
    [
      0.999999999999,
      0.0,
      0.0,
      0.0
    ],
    [
      -0.0,
      0.9999999999970001,
      0.0,
      0.0
    ],
    [
      0.0,
      0.0,
      -0.999999999998,
      0.5150141660124063
    ],
    [
      0.0,
      0.0,
      0.0,
      1.0
    ]
  ],
  "bin_size": {
    "w": 0.25,
    "d": 0.25
  },
  "z_floor": 0.0,
  "piece_aabb": {
    "w": 0.0300283320248127,
    "d": 0.0300283320248127,
    "h": 0.0300283320248127
  },
  "poses": [
    {
      "R": [
        [
          -0.0898844127964673,
          -0.20545605309585002,
          0.9745299392950992
        ],
        [
          0.9918192855462435,
          -0.10751456755544098,
          0.06881222697970019
        ],
        [
          0.09063827643315753,
          0.9727427347503768,
          0.2134391595644638
        ]
      ],
      "tx": 0.07183500892940536,
      "ty": 0.010832614333767268,
      "tz": 0.0
    },
    {
      "R": [
        [
          0.3297601731143349,
          0.3388786554837008,
          -0.8811466876094826
        ],
        [
          0.12524125211860113,
          0.9094013941951523,
          0.39661534640464696
        ],
        [
          0.9357205015363129,
          -0.24114385974656777,
          0.2574427740511642
        ]
      ],
      "tx": 0.018911008835238607,
      "ty": 0.045605842800821444,
      "tz": 0.0
    },
    {
      "R": [
        [
          0.22916361469527757,
          0.6429895615466975,
          0.7307861940689492
        ],
        [
          -0.8208472345702841,
          -0.2758512457827662,
          0.5001158942669315
        ],
        [
          0.523157581611995,
          -0.7144721925604112,
          0.4645811348513922
        ]
      ],
      "tx": 0.017922415416451287,
      "ty": -0.06418360467526923,
      "tz": 0.0
    },
    {
      "R": [
        [
          -0.17747725892916533,
          0.7275810265575845,
          -0.6626670901413484
        ],
        [
          0.635587673273983,
          0.5988313285968028,
          0.4872672259378345
        ],
        [
          0.751352202462437,
          -0.3347041823527153,
          -0.5687204745483019
        ]
      ],
      "tx": -0.09266671898806306,
      "ty": -0.05232801933532728,
      "tz": 0.0
    },
    {
      "R": [
        [
          0.6556240946618341,
          -0.07387275129821147,
          -0.7514651443110871
        ],
        [
          -0.7412801963886003,
          0.12647765618104834,
          -0.6591715049431573
        ],
        [
          0.14373836280175328,
          0.9892149509093467,
          0.028161391238546107
        ]
      ],
      "tx": 0.07355205182027574,
      "ty": 0.08162693578563354,
      "tz": 0.0
    },
    {
      "R": [
        [
          0.10177114042707625,
          -0.1204544617098248,
          -0.9874884088587413
        ],
        [
          0.40683284759039096,
          0.9108792437348623,
          -0.06918119292480582
        ],
        [
          0.9078158784123939,
          -0.3947020724384429,
          0.14170605108862544
        ]
      ],
      "tx": -0.0482448332030405,
      "ty": 0.06119871259736456,
      "tz": 0.0
    },
    {
      "R": [
        [
          -0.030231622531633695,
          -0.8843320711712053,
          -0.46587856453924925
        ],
        [
          0.24489719750755895,
          -0.458438751788552,
          0.8543180166141284
        ],
        [
          -0.969077608683664,
          -0.08826493503425431,
          0.23042979319382795
        ]
      ],
      "tx": -0.03591335321341661,
      "ty": -0.0966013454401074,
      "tz": 0.0
    },
    {
      "R": [
        [
          -0.4368714273204144,
          -0.14920604029275164,
          -0.8870630831745742
        ],
        [
          0.8982379960173169,
          -0.1250732591098842,
          -0.4213373735694783
        ],
        [
          -0.04808178971105648,
          -0.9808640259464048,
          0.18866346785319144
        ]
      ],
      "tx": -0.03625965157574389,
      "ty": -0.03672358400994124,
      "tz": 0.0
    },
    {
      "R": [
        [
          -0.8203650431715792,
          -0.09736810509166179,
          -0.5634897053655485
        ],
        [
          -0.3374949505510411,
          0.8779160139990718,
          0.3396478039330329
        ],
        [
          0.46162577299653007,
          0.468810115585021,
          -0.7530728525385282
        ]
      ],
      "tx": -0.09855694112683831,
      "ty": 0.09620423505403083,
      "tz": 0.0
    }
  ],
  "points_N": 14218
}