{
  "type": "scene",
  "distance_m": 0.5,
  "num_objects": 5,
  "intrinsics": {
    "width": 640,
    "height": 480,
    "fx": 554.2562584220408,
    "fy": 554.2562584220408,
    "cx": -0.08805422915166496,
    "cy": -0.09824823302593041
  },
  "T_wc": [
    [
      0.999999999999,
      0.0,
      0.0,
      0.0
    ],
    [
      -0.0,
      0.9999999999970001,
      0.0,
      0.0
    ],
    [
      0.0,
      0.0,
      -0.999999999998,
      0.5150141660124063
    ],
    [
      0.0,
      0.0,
      0.0,
      1.0
    ]
  ],
  "bin_size": {
    "w": 0.25,
    "d": 0.25
  },
  "z_floor": 0.0,
  "piece_aabb": {
    "w": 0.0300283320248127,
    "d": 0.0300283320248127,
    "h": 0.0300283320248127
  },
  "poses": [
    {
      "R": [
        [
          0.40208460643830823,
          0.9149345209649093,
          -0.034968437369474525
        ],
        [
          -0.26461550181114935,
          0.07955850362227257,
          -0.9610666369730139
        ],
        [
          -0.8765310065631361,
          0.39568329109035805,
          0.27409510700725515
        ]
      ],
      "tx": 0.08414157647806683,
      "ty": -0.05157660120208057,
      "tz": 0.0
    },
    {
      "R": [
        [
          0.45700163748863054,
          0.8823028064488778,
          0.11265549726996965
        ],
        [
          0.02274632216881195,
          0.11502101081062754,
          -0.9931025988788338
        ],
        [
          -0.8891749592518352,
          0.456412012116832,
          0.03249564640012115
        ]
      ],
      "tx": -0.018705135425453767,
      "ty": -0.08833040108737941,
      "tz": 0.0
    },
    {
      "R": [
        [
          -0.42383322428083736,
          -0.3164603932885025,
          0.848656713562908
        ],
        [
          0.42699558235360413,
          -0.8961329357003485,
          -0.12091540101898245
        ],
        [
          0.7987741674880426,
          0.31112470334700393,
          0.514938101446206
        ]
      ],
      "tx": -0.024580530900956285,
      "ty": 0.05501949085196797,
      "tz": 0.0
    },
    {
      "R": [
        [
          0.5624985462299645,
          0.2361008991278397,
          -0.7923709679942862
        ],
        [
          0.5165868221828878,
          -0.8486310725805626,
          0.11385674243429408
        ],
        [
          -0.645548945190186,
          -0.4733726524439169,
          -0.5993203578071151
        ]
      ],
      "tx": 0.03579345976489301,
      "ty": -0.015242958631929704,
      "tz": 0.0
    },
    {
      "R": [
        [
          -0.7619969311288148,
          -0.4575576880754746,
          -0.45825935782403293
        ],
        [
          -0.6295543620141655,
          0.35760913232878766,
          0.6897659122803829
        ],
        [
          -0.15172996480328269,
          0.8140986860068492,
          -0.5605544997792062
        ]
      ],
      "tx": -0.08805422915166496,
      "ty": -0.09824823302593041,
      "tz": 0.0
    }
  ],
  "points_N": 8926
}