{
  "type": "scene",
  "distance_m": 0.5,
  "num_objects": 10,
  "intrinsics": {
    "width": 640,
    "height": 480,
    "fx": 554.2562584220408,
    "fy": 554.2562584220408,
    "cx": 0.012416280938972749,
    "cy": 0.03431229073837827
  },
  "T_wc": [
    [
      0.999999999999,
      0.0,
      0.0,
      0.0
    ],
    [
      -0.0,
      0.9999999999970001,
      0.0,
      0.0
    ],
    [
      0.0,
      0.0,
      -0.999999999998,
      0.5150141660124063
    ],
    [
      0.0,
      0.0,
      0.0,
      1.0
    ]
  ],
  "bin_size": {
    "w": 0.25,
    "d": 0.25
  },
  "z_floor": 0.0,
  "piece_aabb": {
    "w": 0.0300283320248127,
    "d": 0.0300283320248127,
    "h": 0.0300283320248127
  },
  "poses": [
    {
      "R": [
        [
          0.8026871489496682,
          -0.5942954291829516,
          0.05006279819691031
        ],
        [
          -0.31078833076087375,
          -0.34516612190930407,
          0.8855907416797906
        ],
        [
          -0.5090225480014839,
          -0.7264112410600094,
          -0.4617604947239795
        ]
      ],
      "tx": -0.03295606913684046,
      "ty": -0.0027648810913103866,
      "tz": 0.0
    },
    {
      "R": [
        [
          -0.8299065199119118,
          0.5506788038762956,
          -0.08948755873902828
        ],
        [
          -0.5348989293012752,
          -0.8309693380267702,
          -0.152882617362799
        ],
        [
          -0.15855063430982566,
          -0.07901148157529382,
          0.9841843740576401
        ]
      ],
      "tx": -0.06884947033834776,
      "ty": 0.07744120184057962,
      "tz": 0.0
    },
    {
      "R": [
        [
          -0.5743233447745262,
          0.3346752112364241,
          -0.7470911581800818
        ],
        [
          -0.45288578965226545,
          0.6303400637781946,
          0.630528243243033
        ],
        [
          0.6819436612932516,
          0.7004740587487566,
          -0.21044936645663426
        ]
      ],
      "tx": 0.08878266454630107,
      "ty": 0.04309262335091779,
      "tz": 0.0
    },
    {
      "R": [
        [
          -0.18694571672056925,
          0.026737828288763782,
          -0.9820063072802705
        ],
        [
          0.5062455348710742,
          0.8592960430238215,
          -0.07297786559432173
        ],
        [
          0.84188286443123,
          -0.5107792076641369,
          -0.1741776208215735
        ]
      ],
      "tx": 0.08148291207721003,
      "ty": -0.09708151453663291,
      "tz": 0.0
    },
    {
      "R": [
        [
          0.9940136496816854,
          0.06334918820959493,
          -0.08901541776389602
        ],
        [
          0.06694468230483933,
          -0.9970327482962664,
          0.038001425445608986
        ],
        [
          -0.08634392716109077,
          -0.04373304446273282,
          -0.9953050522650937
        ]
      ],
      "tx": 0.041693987689275264,
      "ty": 0.08674843329957257,
      "tz": 0.0
    },
    {
      "R": [
        [
          -0.07073131887433415,
          0.979079649023268,
          -0.19078815843435193
        ],
        [
          0.7608946337000253,
          0.1766369208697316,
          0.6243706868456944
        ],
        [
          0.6450088657815498,
          -0.10100712377913879,
          -0.7574702132817266
        ]
      ],
      "tx": 0.029736059121449998,
      "ty": -0.020484344255634473,
      "tz": 0.0
    },
    {
      "R": [
        [
          -0.0902356830131048,
          -0.3455477526830496,
          -0.9340526067234397
        ],
        [
          0.6686757176410175,
          -0.7160657907636168,
          0.20030618546451978
        ],
        [
          -0.7380584706840162,
          -0.6065035316581184,
          0.2956740772164529
        ]
      ],
      "tx": -0.05281834619641193,
      "ty": -0.0874526303188708,
      "tz": 0.0
    },
    {
      "R": [
        [
          -0.7529608426866063,
          -0.6160739814479614,
          -0.23130676333287994
        ],
        [
          -0.6373457794954576,
          0.5952122977922638,
          0.48940032480187534
        ],
        [
          -0.16383017652436208,
          0.5159216703528845,
          -0.8408237052559153
        ]
      ],
      "tx": 0.09621402169784918,
      "ty": -0.019801434071069282,
      "tz": 0.0
    },
    {
      "R": [
        [
          -0.7982603541237925,
          0.09318618251286626,
          0.5950602846962955
        ],
        [
          -0.383431250132772,
          -0.8405309086130404,
          -0.3827378581846278
        ],
        [
          0.46450068186793547,
          -0.5336891670765066,
          0.7066929952174477
        ]
      ],
      "tx": -0.09678698709030495,
      "ty": -0.022316815518204747,
      "tz": 0.0
    },
    {
      "R": [
        [
          0.35125552269381255,
          -0.6118079350704752,
          0.7087387447867499
        ],
        [
          -0.6926985198895418,
          -0.6790906340362197,
          -0.2429087715730402
        ],
        [
          0.6299113575098758,
          -0.40561923197635313,
          -0.6623327866948601
        ]
      ],
      "tx": 0.012416280938972749,
      "ty": 0.03431229073837827,
      "tz": 0.0
    }
  ],
  "points_N": 16820
}