{
  "type": "scene",
  "distance_m": 0.5,
  "num_objects": 12,
  "intrinsics": {
    "width": 640,
    "height": 480,
    "fx": 554.2562584220408,
    "fy": 554.2562584220408,
    "cx": -0.015376211332865125,
    "cy": -0.09843684185639778
  },
  "T_wc": [
    [
      0.999999999999,
      0.0,
      0.0,
      0.0
    ],
    [
      -0.0,
      0.9999999999970001,
      0.0,
      0.0
    ],
    [
      0.0,
      0.0,
      -0.999999999998,
      0.5150141660124063
    ],
    [
      0.0,
      0.0,
      0.0,
      1.0
    ]
  ],
  "bin_size": {
    "w": 0.25,
    "d": 0.25
  },
  "z_floor": 0.0,
  "piece_aabb": {
    "w": 0.0300283320248127,
    "d": 0.0300283320248127,
    "h": 0.0300283320248127
  },
  "poses": [
    {
      "R": [
        [
          0.06102924086874495,
          0.6719795621763409,
          -0.7380507433613747
        ],
        [
          0.009232567410656312,
          0.7390173750620843,
          0.673623098665236
        ],
        [
          0.9980932779344786,
          -0.047924809583759886,
          0.03889757278247519
        ]
      ],
      "tx": -0.034274588876817697,
      "ty": -0.04050395042772407,
      "tz": 0.0
    },
    {
      "R": [
        [
          0.03756330612718095,
          0.9331394182903485,
          0.3575469536516086
        ],
        [
          0.6405238405948113,
          -0.2971160670848345,
          0.7081322279840911
        ],
        [
          0.7670190399608529,
          0.20241756028761415,
          -0.6088587057969539
        ]
      ],
      "tx": -0.08305126866199605,
      "ty": 0.09166723232061078,
      "tz": 0.0
    },
    {
      "R": [
        [
          -0.11439902627685661,
          0.060357520477225965,
          0.9915996331729598
        ],
        [
          -0.11562314334829281,
          -0.9921780369802127,
          0.04705349781208981
        ],
        [
          0.9866834099695644,
          -0.10926899219784841,
          0.12048292756610501
        ]
      ],
      "tx": 0.09188487274337631,
      "ty": -0.04705809170891511,
      "tz": 0.0
    },
    {
      "R": [
        [
          0.6976752663074562,
          -0.6191857946354067,
          -0.3603583972998826
        ],
        [
          -0.6138662044536163,
          -0.7760009368240672,
          0.1448821213189559
        ],
        [
          -0.3693474053144695,
          0.1201311690190755,
          -0.921493893858
        ]
      ],
      "tx": 0.024477653269615277,
      "ty": 0.0917470173527917,
      "tz": 0.0
    },
    {
      "R": [
        [
          0.8419457132841532,
          0.3336239836127357,
          -0.42405477646267303
        ],
        [
          0.3832977234540458,
          -0.9229658871308777,
          0.034883038681548476
        ],
        [
          -0.37975027462450156,
          -0.1919088553222119,
          -0.9049644855857795
        ]
      ],
      "tx": 0.03235005851701672,
      "ty": -0.06287079866454896,
      "tz": 0.0
    },
    {
      "R": [
        [
          -0.8058399044344364,
          -0.5909427850877281,
          0.03753229507847777
        ],
        [
          0.3594909816153895,
          -0.4378841526887223,
          0.8240289454632549
        ],
        [
          -0.4705191627960571,
          0.677527928263359,
          0.5653031256457532
        ]
      ],
      "tx": -0.03928154352091398,
      "ty": 0.02979437547723382,
      "tz": 0.0
    },
    {
      "R": [
        [
          0.37126560944969933,
          0.925733435641568,
          0.07196841929070141
        ],
        [
          0.18242898027508836,
          -0.14872117054259837,
          0.9719062097693536
        ],
        [
          0.9104293022501718,
          -0.34770622595475364,
          -0.22409566269021575
        ]
      ],
      "tx": -0.09367897219459277,
      "ty": -0.07791831086799053,
      "tz": 0.0
    },
    {
      "R": [
        [
          0.0429812771839293,
          -0.696142428538368,
          0.7166158866508204
        ],
        [
          0.18588856499671924,
          0.7103261078377808,
          0.6788830988671686
        ],
        [
          -0.9816303027184413,
          0.10403143617547789,
          0.1599356404062856
        ]
      ],
      "tx": 0.07534066155399358,
      "ty": 0.02801337533272527,
      "tz": 0.0
    },
    {
      "R": [
        [
          0.7742017965348511,
          -0.46519961905945395,
          0.42918631463403856
        ],
        [
          -0.35939980719173137,
          0.23505608214816853,
          0.9030949102036285
        ],
        [
          -0.521002261830748,
          -0.8534271806499325,
          0.014788187689920962
        ]
      ],
      "tx": 0.009949796001230776,
      "ty": -0.002094239146521279,
      "tz": 0.0
    },
    {
      "R": [
        [
          0.6702692029218351,
          -0.6762467115373515,
          -0.3056625275519489
        ],
        [
          -0.7131428168072821,
          -0.7008954289957334,
          -0.013149922017313576
        ],
        [
          -0.2053448768552626,
          0.2267950236398594,
          -0.9520491052469362
        ]
      ],
      "tx": -0.09877133479287294,
      "ty": 0.03334294229772711,
      "tz": 0.0
    },
    {
      "R": [
        [
          -0.8624325158890338,
          -0.020379032681453413,
          0.5057616539085189
        ],
        [
          -0.498696919118828,
          -0.13687613389721354,
          -0.8559008744187271
        ],
        [
          0.08666913175232224,
          -0.9903785230891877,
          0.10788346770927504
        ]
      ],
      "tx": 0.08690475916683787,
      "ty": 0.08471981267124148,
      "tz": 0.0
    },
    {
      "R": [
        [
          -0.21304614218080653,
          -0.4361232691271599,
          -0.8743042007377724
        ],
        [
          -0.9605226102325293,
          -0.07036647683182373,
          0.2691558547948852
        ],
        [
          -0.178906837583041,
          0.8971315695393378,
          -0.40391495441728864
        ]
      ],
      "tx": -0.015376211332865125,
      "ty": -0.09843684185639778,
      "tz": 0.0
    }
  ],
  "points_N": 18812
}