{
  "type": "scene",
  "distance_m": 0.5,
  "num_objects": 11,
  "intrinsics": {
    "width": 640,
    "height": 480,
    "fx": 554.2562584220408,
    "fy": 554.2562584220408,
    "cx": 0.040248078716061564,
    "cy": -0.03707285591744962
  },
  "T_wc": [
    [
      0.999999999999,
      0.0,
      0.0,
      0.0
    ],
    [
      -0.0,
      0.9999999999970001,
      0.0,
      0.0
    ],
    [
      0.0,
      0.0,
      -0.999999999998,
      0.5150141660124063
    ],
    [
      0.0,
      0.0,
      0.0,
      1.0
    ]
  ],
  "bin_size": {
    "w": 0.25,
    "d": 0.25
  },
  "z_floor": 0.0,
  "piece_aabb": {
    "w": 0.0300283320248127,
    "d": 0.0300283320248127,
    "h": 0.0300283320248127
  },
  "poses": [
    {
      "R": [
        [
          -0.22382482767925915,
          0.917743636541799,
          -0.3280991680900526
        ],
        [
          0.6907921175973819,
          0.38685965646287634,
          0.6108566578721641
        ],
        [
          0.6875381420544427,
          -0.08992343292190158,
          -0.7205588660420921
        ]
      ],
      "tx": -0.06528826032404306,
      "ty": 0.09625234576686026,
      "tz": 0.0
    },
    {
      "R": [
        [
          0.8215200053348898,
          -0.2821130204311526,
          0.4954968461431159
        ],
        [
          0.3494705655258501,
          0.9357868469194541,
          -0.046618676124367445
        ],
        [
          -0.45052769578085333,
          0.2114597380963057,
          0.8673578122658703
        ]
      ],
      "tx": -0.0636825713839444,
      "ty": 0.0034548848121884745,
      "tz": 0.0
    },
    {
      "R": [
        [
          -0.9615378942315578,
          0.10530942939341154,
          0.2536824827172268
        ],
        [
          -0.08826743698367312,
          0.7561253292104151,
          -0.6484468722222159
        ],
        [
          -0.26010332086514254,
          -0.6458981425946939,
          -0.7177477634013565
        ]
      ],
      "tx": 0.09746565924400807,
      "ty": -0.08517727031145117,
      "tz": 0.0
    },
    {
      "R": [
        [
          0.1430808940879712,
          0.983733579413971,
          -0.1086098636421361
        ],
        [
          0.8298443281370425,
          -0.0594428963217124,
          0.5548197303049587
        ],
        [
          0.5393387143583962,
          -0.16951338239284475,
          -0.8248508740275238
        ]
      ],
      "tx": 0.08441035414101797,
      "ty": 0.06045566223202223,
      "tz": 0.0
    },
    {
      "R": [
        [
          0.4982775162229224,
          0.5178337115472642,
          -0.6953903680752992
        ],
        [
          0.8664711973019359,
          -0.2689428546792412,
          0.4205917321621175
        ],
        [
          0.030776307004983017,
          -0.8121071284640748,
          -0.582696173683138
        ]
      ],
      "tx": 0.03742929796058636,
      "ty": -0.09643565849447666,
      "tz": 0.0
    },
    {
      "R": [
        [
          -0.40816003644630494,
          0.24374531166393643,
          -0.8797690649767139
        ],
        [
          0.45578121657669746,
          -0.7805879897852144,
          -0.42772172357613947
        ],
        [
          -0.790992330723893,
          -0.5755611290253437,
          0.20751028767522595
        ]
      ],
      "tx": 0.007124704245468627,
      "ty": 0.009795974722741935,
      "tz": 0.0
    },
    {
      "R": [
        [
          -0.5309870647364938,
          -0.5960579697524518,
          0.6023019456859726
        ],
        [
          -0.024428901987589624,
          0.7212536691081812,
          0.6922401126384305
        ],
        [
          -0.8470277243574758,
          0.3528569703046427,
          -0.3975374104121838
        ]
      ],
      "tx": -0.02092859602674671,
      "ty": -0.05010402378215722,
      "tz": 0.0
    },
    {
      "R": [
        [
          0.6890080780285379,
          0.19213747831432715,
          -0.6988211916065739
        ],
        [
          -0.018288895441747666,
          -0.959302484246747,
          -0.2817876150960882
        ],
        [
          -0.7245228669372286,
          0.2069346107953713,
          -0.6574531786675211
        ]
      ],
      "tx": -0.09023096838388617,
      "ty": -0.06481087074655505,
      "tz": 0.0
    },
    {
      "R": [
        [
          -0.33485801860322195,
          -0.15619285265734373,
          -0.929232963339057
        ],
        [
          0.7732435810813625,
          -0.6091196500183382,
          -0.17626008135141408
        ],
        [
          -0.5384834924986972,
          -0.7775455258313162,
          0.324743719825507
        ]
      ],
      "tx": 0.09322789441694829,
      "ty": -0.010496727539727677,
      "tz": 0.0
    },
    {
      "R": [
        [
          -0.6437018105647729,
          -0.7075076378492574,
          0.29168634088794276
        ],
        [
          -0.6985082454238697,
          0.3874836633163494,
          -0.6016166900425958
        ],
        [
          0.31262471135612435,
          -0.5910070668341504,
          -0.7436238543790765
        ]
      ],
      "tx": 0.01940815381280682,
      "ty": 0.08448907555321791,
      "tz": 0.0
    },
    {
      "R": [
        [
          0.31184957516639156,
          0.7078006895928802,
          -0.6338517384060599
        ],
        [
          -0.7836204920941435,
          -0.18565561872608116,
          -0.5928498255085921
        ],
        [
          -0.5372976519943794,
          0.681579177386809,
          0.496750498856365
        ]
      ],
      "tx": 0.040248078716061564,
      "ty": -0.03707285591744962,
      "tz": 0.0
    }
  ],
  "points_N": 19234
}