{
  "type": "scene",
  "distance_m": 0.5,
  "num_objects": 6,
  "intrinsics": {
    "width": 640,
    "height": 480,
    "fx": 554.2562584220408,
    "fy": 554.2562584220408,
    "cx": 0.0783181316780408,
    "cy": -0.09426268771336235
  },
  "T_wc": [
    [
      0.999999999999,
      0.0,
      0.0,
      0.0
    ],
    [
      -0.0,
      0.9999999999970001,
      0.0,
      0.0
    ],
    [
      0.0,
      0.0,
      -0.999999999998,
      0.5150141660124063
    ],
    [
      0.0,
      0.0,
      0.0,
      1.0
    ]
  ],
  "bin_size": {
    "w": 0.25,
    "d": 0.25
  },
  "z_floor": 0.0,
  "piece_aabb": {
    "w": 0.0300283320248127,
    "d": 0.0300283320248127,
    "h": 0.0300283320248127
  },
  "poses": [
    {
      "R": [
        [
          0.8140606108796182,
          -0.2873560472836038,
          -0.5047096431651036
        ],
        [
          0.17077807106009588,
          0.9490378466579457,
          -0.26488113571155375
        ],
        [
          0.5551037490949738,
          0.12943595984266887,
          0.8216484406607922
        ]
      ],
      "tx": -0.053311954735791034,
      "ty": -0.058410882022937725,
      "tz": 0.0
    },
    {
      "R": [
        [
          0.2512678437092277,
          -0.7884107702186519,
          -0.5614916990668226
        ],
        [
          0.561910655651327,
          -0.3535225277438854,
          0.7478490739735324
        ],
        [
          -0.7881122291800902,
          -0.5034185930026882,
          0.3541875695672886
        ]
      ],
      "tx": -0.08140616226490685,
      "ty": -0.0027631637945703946,
      "tz": 0.0
    },
    {
      "R": [
        [
          0.23812643879306727,
          0.18508968732740558,
          -0.9534346368749014
        ],
        [
          0.14833426817832027,
          0.9632258159766212,
          0.22403788144011383
        ],
        [
          0.9598399575094454,
          -0.19477637197877873,
          0.20191438999499434
        ]
      ],
      "tx": 0.08581928235819539,
      "ty": 0.08773071217883699,
      "tz": 0.0
    },
    {
      "R": [
        [
          0.5429588307597304,
          0.7846157730172875,
          0.29928881842212385
        ],
        [
          0.47734922562585436,
          -0.5815890399168224,
          0.6587047179450184
        ],
        [
          0.690893208024528,
          -0.2147842577590675,
          -0.6903146367595454
        ]
      ],
      "tx": 0.024392409565168402,
      "ty": 0.016582407052786977,
      "tz": 0.0
    },
    {
      "R": [
        [
          0.24365297643274542,
          0.21939885658959307,
          -0.9447207888062182
        ],
        [
          0.9154274696516702,
          0.2697199702931877,
          0.2987368163320055
        ],
        [
          0.3203525790166274,
          -0.9376114756935419,
          -0.13512566656699398
        ]
      ],
      "tx": -0.009366362619329022,
      "ty": 0.0686816500041553,
      "tz": 0.0
    },
    {
      "R": [
        [
          0.6300852672484589,
          -0.03187896856245942,
          -0.7758713085040791
        ],
        [
          0.7754184653860714,
          -0.027513765686998592,
          0.6308479977268937
        ],
        [
          -0.04145792487267225,
          -0.9991129686182212,
          0.007383522474889159
        ]
      ],
      "tx": 0.0783181316780408,
      "ty": -0.09426268771336235,
      "tz": 0.0
    }
  ],
  "points_N": 10022
}