{
  "type": "scene",
  "distance_m": 0.5,
  "num_objects": 6,
  "intrinsics": {
    "width": 640,
    "height": 480,
    "fx": 554.2562584220408,
    "fy": 554.2562584220408,
    "cx": -0.05051781511665226,
    "cy": 0.09280061271366458
  },
  "T_wc": [
    [
      0.999999999999,
      0.0,
      0.0,
      0.0
    ],
    [
      -0.0,
      0.9999999999970001,
      0.0,
      0.0
    ],
    [
      0.0,
      0.0,
      -0.999999999998,
      0.5150141660124063
    ],
    [
      0.0,
      0.0,
      0.0,
      1.0
    ]
  ],
  "bin_size": {
    "w": 0.25,
    "d": 0.25
  },
  "z_floor": 0.0,
  "piece_aabb": {
    "w": 0.0300283320248127,
    "d": 0.0300283320248127,
    "h": 0.0300283320248127
  },
  "poses": [
    {
      "R": [
        [
          -0.6615868312360329,
          0.7373197507860721,
          -0.13661057732046078
        ],
        [
          -0.7177479271396664,
          -0.5699017641352901,
          0.40006236054169897
        ],
        [
          0.21711927095902217,
          0.36272794810470377,
          0.9062492250159302
        ]
      ],
      "tx": 0.07643649001717301,
      "ty": -0.09644834976583488,
      "tz": 0.0
    },
    {
      "R": [
        [
          -0.7691767390986852,
          0.6209549589865692,
          -0.15093734772912207
        ],
        [
          -0.17680070499824133,
          0.020190404355409974,
          0.9840395613409504
        ],
        [
          0.6140917315366154,
          0.783586170425406,
          0.09425528513780113
        ]
      ],
      "tx": -0.05683437427820639,
      "ty": -0.08193605543353435,
      "tz": 0.0
    },
    {
      "R": [
        [
          -0.4592592242206093,
          0.3172268603520917,
          0.8297277168080133
        ],
        [
          -0.811058399826044,
          0.23122125474346733,
          -0.5373276499738997
        ],
        [
          -0.362305447157369,
          -0.9197303139649204,
          0.15109901566220674
        ]
      ],
      "tx": 0.06234778675845429,
      "ty": 0.019224012914207902,
      "tz": 0.0
    },
    {
      "R": [
        [
          0.5311462865873322,
          0.15158429462066642,
          0.8336101150231099
        ],
        [
          0.4145572364872551,
          -0.9045500599400218,
          -0.09965684491570656
        ],
        [
          0.7389356669700939,
          0.39851146870179055,
          -0.5432887716423047
        ]
      ],
      "tx": -0.011325566965650222,
      "ty": 0.01824913675881569,
      "tz": 0.0
    },
    {
      "R": [
        [
          -0.8562985430522885,
          0.20931355728483264,
          0.47216590294439714
        ],
        [
          -0.3582511652318407,
          -0.8992319011359975,
          -0.25107387476471743
        ],
        [
          0.3720334766879953,
          -0.38414817807209467,
          0.8449977926050063
        ]
      ],
      "tx": 0.05755819033365803,
      "ty": 0.09589483566603912,
      "tz": 0.0
    },
    {
      "R": [
        [
          -0.2524043557489595,
          0.2036094552107089,
          0.9459573092628181
        ],
        [
          -0.13678389713934508,
          0.9602855925781049,
          -0.24319076086539773
        ],
        [
          -0.9579051136111162,
          -0.190774134608747,
          -0.21452977155154485
        ]
      ],
      "tx": -0.05051781511665226,
      "ty": 0.09280061271366458,
      "tz": 0.0
    }
  ],
  "points_N": 9875
}