{
  "type": "scene",
  "distance_m": 0.5,
  "num_objects": 11,
  "intrinsics": {
    "width": 640,
    "height": 480,
    "fx": 554.2562584220408,
    "fy": 554.2562584220408,
    "cx": -0.0964874422272013,
    "cy": -0.03609636109847973
  },
  "T_wc": [
    [
      0.999999999999,
      0.0,
      0.0,
      0.0
    ],
    [
      -0.0,
      0.9999999999970001,
      0.0,
      0.0
    ],
    [
      0.0,
      0.0,
      -0.999999999998,
      0.5150141660124063
    ],
    [
      0.0,
      0.0,
      0.0,
      1.0
    ]
  ],
  "bin_size": {
    "w": 0.25,
    "d": 0.25
  },
  "z_floor": 0.0,
  "piece_aabb": {
    "w": 0.0300283320248127,
    "d": 0.0300283320248127,
    "h": 0.0300283320248127
  },
  "poses": [
    {
      "R": [
        [
          0.1622701959099282,
          0.3163971364195338,
          -0.9346449783660493
        ],
        [
          0.9644514688633009,
          0.14935565873982948,
          0.21800516372281886
        ],
        [
          0.20857072595830656,
          -0.9367954628775219,
          -0.28091371095999307
        ]
      ],
      "tx": 0.03363749755392251,
      "ty": -0.018268671071589637,
      "tz": 0.0
    },
    {
      "R": [
        [
          0.8263744536221397,
          0.5630767866678588,
          0.007056537147126063
        ],
        [
          -0.034137980397266954,
          0.03758513963941823,
          0.9987101459245726
        ],
        [
          0.5620852788457512,
          -0.8255494470921072,
          0.050281703539259426
        ]
      ],
      "tx": 0.001572713743639556,
      "ty": -0.07117395374191614,
      "tz": 0.0
    },
    {
      "R": [
        [
          0.18996885951913822,
          -0.5636481671713994,
          -0.8038734826185772
        ],
        [
          0.932023542402547,
          0.36090992370564645,
          -0.03280462434157766
        ],
        [
          0.3086161836657395,
          -0.7429971538405153,
          0.5938950080312917
        ]
      ],
      "tx": 0.004423749628326215,
      "ty": 0.03197063199971559,
      "tz": 0.0
    },
    {
      "R": [
        [
          -0.09640880936343854,
          0.5330994715498649,
          0.8405416675634698
        ],
        [
          -0.02724140579819334,
          -0.8455722662818523,
          0.5331654980445657
        ],
        [
          0.9949689680021494,
          0.028504314203754766,
          0.09604299445827025
        ]
      ],
      "tx": 0.06771206059558937,
      "ty": 0.09014009348600102,
      "tz": 0.0
    },
    {
      "R": [
        [
          -0.42563327385517913,
          0.04682712403824446,
          -0.9036833165670533
        ],
        [
          0.6505843728071934,
          -0.6782837952879341,
          -0.3415714667662783
        ],
        [
          -0.6289485591416781,
          -0.7333064253803472,
          0.2582351572685335
        ]
      ],
      "tx": -0.060581708661342326,
      "ty": -0.08217501136486305,
      "tz": 0.0
    },
    {
      "R": [
        [
          -0.005788851636174597,
          0.7038904216118044,
          -0.7102849875647739
        ],
        [
          -0.5089019499077873,
          0.6093636766548722,
          0.6080252584833201
        ],
        [
          0.8608050270396814,
          0.3649851831743484,
          0.35468369216303264
        ]
      ],
      "tx": 0.09317204446121294,
      "ty": -0.015223463636690929,
      "tz": 0.0
    },
    {
      "R": [
        [
          0.04999727568430301,
          0.42838496197885834,
          -0.9022120575421942
        ],
        [
          0.703283155678066,
          -0.6565073340593757,
          -0.27274699497107563
        ],
        [
          -0.7091495437237824,
          -0.6208739362194413,
          -0.33409950607525296
        ]
      ],
      "tx": 0.0952911289499778,
      "ty": -0.08147777119492908,
      "tz": 0.0
    },
    {
      "R": [
        [
          -0.6764000472727791,
          -0.02889988770138885,
          0.735967236050783
        ],
        [
          -0.6968474939352088,
          -0.2984663603768545,
          -0.6521666979535313
        ],
        [
          0.23850900663413319,
          -0.9539825093859114,
          0.181743845948517
        ]
      ],
      "tx": -0.09453367769514322,
      "ty": 0.04150584734729429,
      "tz": 0.0
    },
    {
      "R": [
        [
          0.8374922101349991,
          -0.14414097017664637,
          0.5270959862109839
        ],
        [
          0.10222614873048003,
          0.9888814321558037,
          0.1079968872385695
        ],
        [
          -0.5368022098305187,
          -0.03656355909948676,
          0.8429154724330608
        ]
      ],
      "tx": -0.049484783249553896,
      "ty": -0.00018101824224474317,
      "tz": 0.0
    },
    {
      "R": [
        [
          -0.2905123646563501,
          0.27608996782306666,
          -0.916175144636239
        ],
        [
          -0.9469028774850581,
          0.054895536857196614,
          0.3167987068213457
        ],
        [
          0.1377588711927205,
          0.959562822175087,
          0.24548255275495512
        ]
      ],
      "tx": -0.02915631790223369,
      "ty": 0.09254699709731345,
      "tz": 0.0
    },
    {
      "R": [
        [
          -0.6914134274929897,
          -0.42595940736953775,
          -0.5835289671951074
        ],
        [
          0.07260806776361217,
          0.7626387694096646,
          -0.6427364746837907
        ],
        [
          0.7188014613076628,
          -0.4867655397280139,
          -0.4963705959817366
        ]
      ],
      "tx": -0.0964874422272013,
      "ty": -0.03609636109847973,
      "tz": 0.0
    }
  ],
  "points_N": 18318
}