{
  "type": "scene",
  "distance_m": 0.5,
  "num_objects": 5,
  "intrinsics": {
    "width": 640,
    "height": 480,
    "fx": 554.2562584220408,
    "fy": 554.2562584220408,
    "cx": -0.09434902182358629,
    "cy": 0.011414765066228585
  },
  "T_wc": [
    [
      0.999999999999,
      0.0,
      0.0,
      0.0
    ],
    [
      -0.0,
      0.9999999999970001,
      0.0,
      0.0
    ],
    [
      0.0,
      0.0,
      -0.999999999998,
      0.5150141660124063
    ],
    [
      0.0,
      0.0,
      0.0,
      1.0
    ]
  ],
  "bin_size": {
    "w": 0.25,
    "d": 0.25
  },
  "z_floor": 0.0,
  "piece_aabb": {
    "w": 0.0300283320248127,
    "d": 0.0300283320248127,
    "h": 0.0300283320248127
  },
  "poses": [
    {
      "R": [
        [
          -0.895527358790253,
          0.3425397513474407,
          -0.2840726463512223
        ],
        [
          -0.23458358466118773,
          -0.9058336228035389,
          -0.35275485766481396
        ],
        [
          -0.3781551156148235,
          -0.24926284629974294,
          0.8915529944926943
        ]
      ],
      "tx": -0.023684769025757474,
      "ty": -0.06329730936520749,
      "tz": 0.0
    },
    {
      "R": [
        [
          -0.7398854236832797,
          -0.6423495016297486,
          0.1998916646011724
        ],
        [
          -0.4471283690485333,
          0.2475446407752413,
          -0.8595335202395864
        ],
        [
          0.5026388180522995,
          -0.7253335567719656,
          -0.47036735644336236
        ]
      ],
      "tx": 0.07919018121323207,
      "ty": 0.04771137413036944,
      "tz": 0.0
    },
    {
      "R": [
        [
          0.7966243852565067,
          0.5879846922461415,
          0.14022692501407508
        ],
        [
          -0.4013306256957919,
          0.3410028195792385,
          0.8500887047347667
        ],
        [
          0.4520213686246668,
          -0.7334787513781293,
          0.5076274259567379
        ]
      ],
      "tx": -0.008468054879601603,
      "ty": 0.046530599664968725,
      "tz": 0.0
    },
    {
      "R": [
        [
          0.5316669706628768,
          -0.691266434310936,
          -0.48936790771484384
        ],
        [
          0.5014199041890623,
          -0.20875541684365384,
          0.8396423379162485
        ],
        [
          -0.6825747665927822,
          -0.6917889076398063,
          0.23562638917857293
        ]
      ],
      "tx": 0.08721001254145097,
      "ty": -0.07524167994034041,
      "tz": 0.0
    },
    {
      "R": [
        [
          -0.9382280316583811,
          0.20646305575868595,
          -0.277670969345422
        ],
        [
          -0.2803598002112418,
          -0.9239189862120618,
          0.26033073069153584
        ],
        [
          -0.2027968023316767,
          0.32209736652705206,
          0.9247306329090568
        ]
      ],
      "tx": -0.09434902182358629,
      "ty": 0.011414765066228585,
      "tz": 0.0
    }
  ],
  "points_N": 9312
}