{
  "type": "scene",
  "distance_m": 0.5,
  "num_objects": 7,
  "intrinsics": {
    "width": 640,
    "height": 480,
    "fx": 554.2562584220408,
    "fy": 554.2562584220408,
    "cx": -0.034846354947926234,
    "cy": -0.08454459792455148
  },
  "T_wc": [
    [
      0.999999999999,
      0.0,
      0.0,
      0.0
    ],
    [
      -0.0,
      0.9999999999970001,
      0.0,
      0.0
    ],
    [
      0.0,
      0.0,
      -0.999999999998,
      0.5150141660124063
    ],
    [
      0.0,
      0.0,
      0.0,
      1.0
    ]
  ],
  "bin_size": {
    "w": 0.25,
    "d": 0.25
  },
  "z_floor": 0.0,
  "piece_aabb": {
    "w": 0.0300283320248127,
    "d": 0.0300283320248127,
    "h": 0.0300283320248127
  },
  "poses": [
    {
      "R": [
        [
          -0.2441545279076105,
          -0.934073277147279,
          0.2605679938548756
        ],
        [
          0.16276011579463268,
          -0.3043598960621805,
          -0.9385489856025291
        ],
        [
          0.9559799742718095,
          -0.18674090764575751,
          0.2263407214862343
        ]
      ],
      "tx": 0.06352187135605802,
      "ty": -0.06358602331922403,
      "tz": 0.0
    },
    {
      "R": [
        [
          0.5266087456487611,
          -0.03107909917188001,
          0.8495394744218205
        ],
        [
          -0.835856632144643,
          -0.2011447640301658,
          0.5107685135196411
        ],
        [
          0.15500619183133751,
          -0.9790683701856135,
          -0.1319022630436386
        ]
      ],
      "tx": -0.09534714602722019,
      "ty": -0.010590528572691826,
      "tz": 0.0
    },
    {
      "R": [
        [
          -0.9189875170361481,
          0.39414620691712715,
          0.010521934450346937
        ],
        [
          0.29349463534042003,
          0.7016420331205553,
          -0.6492760248036636
        ],
        [
          -0.26329231389869723,
          -0.5935884305908387,
          -0.7604800671356058
        ]
      ],
      "tx": 0.008059841555056332,
      "ty": 0.014776540167441232,
      "tz": 0.0
    },
    {
      "R": [
        [
          0.48862793164048934,
          0.8602898822850485,
          0.1454099819775606
        ],
        [
          0.7672767265256409,
          -0.5030355073605386,
          0.3977960573794344
        ],
        [
          0.41536630743577907,
          -0.0828045697561593,
          -0.905877604246105
        ]
      ],
      "tx": -0.08139979662947544,
      "ty": 0.05038537048635,
      "tz": 0.0
    },
    {
      "R": [
        [
          0.5488743916639109,
          -0.43433858280092547,
          0.7142036807984506
        ],
        [
          -0.7482106671472248,
          -0.6362438028513193,
          0.1880814209335839
        ],
        [
          0.37271664806213894,
          -0.6376078879874172,
          -0.6741946910452117
        ]
      ],
      "tx": 0.05084419135074272,
      "ty": 0.07827409243289066,
      "tz": 0.0
    },
    {
      "R": [
        [
          0.40946212303652507,
          0.8381344558714923,
          -0.36037675241255346
        ],
        [
          -0.8708391349191433,
          0.2412936271204168,
          -0.4282716271297353
        ],
        [
          -0.27199259345007804,
          0.48919118899676683,
          0.828680885332967
        ]
      ],
      "tx": 0.07856788758960931,
      "ty": 0.010478947880116177,
      "tz": 0.0
    },
    {
      "R": [
        [
          -0.27941377721020055,
          0.2251457203676257,
          -0.933400956559008
        ],
        [
          0.6054084072567556,
          0.7958425700369451,
          0.0107361138140592
        ],
        [
          0.7452574062214792,
          -0.5620889683289763,
          -0.3586744905271355
        ]
      ],
      "tx": -0.034846354947926234,
      "ty": -0.08454459792455148,
      "tz": 0.0
    }
  ],
  "points_N": 11572
}