{
  "type": "scene",
  "distance_m": 0.5,
  "num_objects": 11,
  "intrinsics": {
    "width": 640,
    "height": 480,
    "fx": 554.2562584220408,
    "fy": 554.2562584220408,
    "cx": 0.09618977273208021,
    "cy": -0.07958651005294293
  },
  "T_wc": [
    [
      0.999999999999,
      0.0,
      0.0,
      0.0
    ],
    [
      -0.0,
      0.9999999999970001,
      0.0,
      0.0
    ],
    [
      0.0,
      0.0,
      -0.999999999998,
      0.5150141660124063
    ],
    [
      0.0,
      0.0,
      0.0,
      1.0
    ]
  ],
  "bin_size": {
    "w": 0.25,
    "d": 0.25
  },
  "z_floor": 0.0,
  "piece_aabb": {
    "w": 0.0300283320248127,
    "d": 0.0300283320248127,
    "h": 0.0300283320248127
  },
  "poses": [
    {
      "R": [
        [
          -0.8526701555013834,
          0.025068865388491457,
          0.5218478302200558
        ],
        [
          -0.2890135809760326,
          0.8094628034638597,
          -0.5111175205565145
        ],
        [
          -0.4352295439519894,
          -0.5866357658688758,
          -0.6829595319451809
        ]
      ],
      "tx": -0.058937219666732196,
      "ty": 0.0226061739422474,
      "tz": 0.0
    },
    {
      "R": [
        [
          0.4277995528287417,
          0.8511809918711906,
          -0.3041027156680862
        ],
        [
          -0.13088143105445388,
          0.39123242532407865,
          0.9109375611863733
        ],
        [
          0.8943475798618046,
          -0.34989728271625015,
          0.2787728429081958
        ]
      ],
      "tx": 0.09855840759621873,
      "ty": -0.021397703963461925,
      "tz": 0.0
    },
    {
      "R": [
        [
          0.1240204704005522,
          -0.8501115491643287,
          0.5117902665145665
        ],
        [
          -0.5818948154255243,
          0.355470096702475,
          0.731463898036826
        ],
        [
          -0.8037520430471831,
          -0.38852459938562234,
          -0.45058993438571293
        ]
      ],
      "tx": -0.07176200569075555,
      "ty": 0.08858682002686824,
      "tz": 0.0
    },
    {
      "R": [
        [
          -0.7118152345356628,
          0.4397327711073524,
          -0.5476807116351537
        ],
        [
          -0.5887920464466463,
          -0.7987238854108585,
          0.1239519298573136
        ],
        [
          -0.3829399403615532,
          0.4107009190255494,
          0.8274549880129185
        ]
      ],
      "tx": 0.036994170309430974,
      "ty": -0.057412604252011834,
      "tz": 0.0
    },
    {
      "R": [
        [
          0.5271460259410978,
          0.3997761673003847,
          0.7498640432725935
        ],
        [
          -0.2386845175991574,
          0.9165599358392287,
          -0.3208544608897411
        ],
        [
          -0.8155653060258049,
          -0.00984378346997225,
          0.5785813093542094
        ]
      ],
      "tx": -0.04301390630938099,
      "ty": -0.08680915473788145,
      "tz": 0.0
    },
    {
      "R": [
        [
          0.28936396904534145,
          0.22638697006053565,
          0.9300631339888367
        ],
        [
          -0.8140081124818106,
          -0.4530313343515582,
          0.36352909499714925
        ],
        [
          0.5036459929674083,
          -0.8622711579790063,
          0.0531898851795789
        ]
      ],
      "tx": 0.02363207009492649,
      "ty": 0.0770876667750428,
      "tz": 0.0
    },
    {
      "R": [
        [
          -0.8667717742877883,
          -0.1560496946455644,
          0.4736614657105066
        ],
        [
          -0.09310570548083416,
          0.9837193612696695,
          0.15371254298237863
        ],
        [
          -0.48993674990238845,
          0.08913310868706158,
          -0.8671892930790053
        ]
      ],
      "tx": 0.09377431548014259,
      "ty": 0.08909087888732681,
      "tz": 0.0
    },
    {
      "R": [
        [
          0.2650059299480019,
          0.16467914037257222,
          -0.9500803322975091
        ],
        [
          -0.6195702638543114,
          0.7840728238970078,
          -0.03691198956532504
        ],
        [
          0.7388535343624565,
          0.5984234182853495,
          0.3098142462957183
        ]
      ],
      "tx": -0.010496103171962465,
      "ty": -0.008761645194444417,
      "tz": 0.0
    },
    {
      "R": [
        [
          -0.45355475898758457,
          0.34994960296631344,
          0.8196483123775915
        ],
        [
          0.24175581577169228,
          0.9335105833470017,
          -0.2647869262628053
        ],
        [
          -0.85781245394333,
          0.07805937588054551,
          -0.5080005193864099
        ]
      ],
      "tx": 0.05332895889953018,
      "ty": 0.016855176360785415,
      "tz": 0.0
    },
    {
      "R": [
        [
          -0.7297530741568632,
          -0.2320738994852474,
          0.6431190837911119
        ],
        [
          0.6803508551593029,
          -0.3396233889272884,
          0.649444891871165
        ],
        [
          0.06769907416363408,
          0.9114810249650045,
          0.4057328881002027
        ]
      ],
      "tx": -0.09346155366440916,
      "ty": -0.036777841717829135,
      "tz": 0.0
    },
    {
      "R": [
        [
          0.6219318522706583,
          -0.032042822254671866,
          -0.7824155089676735
        ],
        [
          0.26508517575417906,
          -0.9315561421530258,
          0.24886342361292796
        ],
        [
          -0.7368382595431403,
          -0.36218284271749696,
          -0.5708703598143006
        ]
      ],
      "tx": 0.09618977273208021,
      "ty": -0.07958651005294293,
      "tz": 0.0
    }
  ],
  "points_N": 18892
}