{
  "type": "scene",
  "distance_m": 0.5,
  "num_objects": 12,
  "intrinsics": {
    "width": 640,
    "height": 480,
    "fx": 554.2562584220408,
    "fy": 554.2562584220408,
    "cx": -0.05248805393950581,
    "cy": -0.09894200999841497
  },
  "T_wc": [
    [
      0.999999999999,
      0.0,
      0.0,
      0.0
    ],
    [
      -0.0,
      0.9999999999970001,
      0.0,
      0.0
    ],
    [
      0.0,
      0.0,
      -0.999999999998,
      0.5150141660124063
    ],
    [
      0.0,
      0.0,
      0.0,
      1.0
    ]
  ],
  "bin_size": {
    "w": 0.25,
    "d": 0.25
  },
  "z_floor": 0.0,
  "piece_aabb": {
    "w": 0.0300283320248127,
    "d": 0.0300283320248127,
    "h": 0.0300283320248127
  },
  "poses": [
    {
      "R": [
        [
          -0.723591835442635,
          -0.28102473705996794,
          0.6304283883528202
        ],
        [
          0.28540064091464395,
          0.7098084291680731,
          0.6439863880917539
        ],
        [
          -0.6284594894233589,
          0.6459079586460662,
          -0.43340694400459534
        ]
      ],
      "tx": 0.08998495871218995,
      "ty": -0.01259467994268293,
      "tz": 0.0
    },
    {
      "R": [
        [
          -0.9075126004049314,
          -0.25702301804663424,
          -0.33220482883377783
        ],
        [
          0.12486605236552666,
          -0.9202487168409501,
          0.37087837375510974
        ],
        [
          -0.40103534641341737,
          0.29509569184721224,
          0.8672307556701881
        ]
      ],
      "tx": -0.004690960489394588,
      "ty": 0.055477880154650216,
      "tz": 0.0
    },
    {
      "R": [
        [
          0.6814928856347324,
          0.49521361358877297,
          -0.538823648094249
        ],
        [
          -0.061369650552221267,
          0.7723524834541735,
          0.6322225931531306
        ],
        [
          0.7292470176972572,
          -0.3977877803785833,
          0.5567438090909824
        ]
      ],
      "tx": -0.012718183748362658,
      "ty": -0.05029560082295944,
      "tz": 0.0
    },
    {
      "R": [
        [
          0.6687882392867405,
          0.20764066153726657,
          -0.71386808772217
        ],
        [
          0.7428306329643815,
          -0.14735133051698246,
          0.6530621992770761
        ],
        [
          0.030412854543398704,
          -0.9670434018549744,
          -0.2527886809318818
        ]
      ],
      "tx": -0.08740420654733347,
      "ty": -0.048274915681318656,
      "tz": 0.0
    },
    {
      "R": [
        [
          -0.19276180132216547,
          -0.4515845030763853,
          -0.8711568885868307
        ],
        [
          -0.07872219285927007,
          0.8920625499673532,
          -0.44500249807969755
        ],
        [
          0.978082667417464,
          -0.01720010252869192,
          -0.2075053063671881
        ]
      ],
      "tx": 0.041561808079019824,
      "ty": -0.07260639405276498,
      "tz": 0.0
    },
    {
      "R": [
        [
          -0.2824647860636649,
          0.5521414062001839,
          -0.7844447158297974
        ],
        [
          0.8695854393617868,
          -0.1978764671838178,
          -0.45240033972668453
        ],
        [
          -0.4050121088115468,
          -0.8099288680459136,
          -0.42424099333031084
        ]
      ],
      "tx": -0.07293205420845583,
      "ty": 0.06692443796539921,
      "tz": 0.0
    },
    {
      "R": [
        [
          0.5308829053983921,
          0.017726742971518217,
          -0.8472597614305684
        ],
        [
          -0.7279514901791833,
          0.5214104185358686,
          -0.4452165803158692
        ],
        [
          0.43387782693019505,
          0.8531218775918668,
          0.2897120868594536
        ]
      ],
      "tx": 0.09767405102209617,
      "ty": 0.06510763820214788,
      "tz": 0.0
    },
    {
      "R": [
        [
          0.7754512270243529,
          -0.5925248513445295,
          -0.21815062467379925
        ],
        [
          -0.629694607850639,
          -0.7511557784882519,
          -0.19811536358278384
        ],
        [
          -0.046476825948589706,
          0.2909970738389855,
          -0.9555943740242996
        ]
      ],
      "tx": 0.02854027518858318,
      "ty": -0.0008778806904150976,
      "tz": 0.0
    },
    {
      "R": [
        [
          0.9705082560444303,
          -0.1530180142670632,
          -0.18627724568331835
        ],
        [
          0.11457458884899067,
          -0.38707666533756835,
          0.9149012617442568
        ],
        [
          -0.2120999494099026,
          -0.9092618668243561,
          -0.35812912336111924
        ]
      ],
      "tx": -0.05364054808726423,
      "ty": 0.007406410228684393,
      "tz": 0.0
    },
    {
      "R": [
        [
          0.5737133948057014,
          0.7103307727636937,
          0.40777829011051003
        ],
        [
          -0.3711387712877715,
          0.6692753090760668,
          -0.6436820434874182
        ],
        [
          -0.7301431045127529,
          0.21794667679519467,
          0.6476034998410758
        ]
      ],
      "tx": 0.040251663739989924,
      "ty": 0.09830109284294461,
      "tz": 0.0
    },
    {
      "R": [
        [
          -0.5730797397163334,
          -0.20950146188103633,
          -0.7922681044926447
        ],
        [
          0.5211562144100572,
          -0.8392597752855546,
          -0.15504589568711066
        ],
        [
          -0.6324364095373052,
          -0.5017491076796735,
          0.5901457623623281
        ]
      ],
      "tx": 0.09891876572611374,
      "ty": -0.09044723470820412,
      "tz": 0.0
    },
    {
      "R": [
        [
          -0.5586063494307201,
          -0.42283042560344475,
          -0.7135638566797611
        ],
        [
          -0.7356018269356599,
          -0.1449182933840445,
          0.6617315471182978
        ],
        [
          -0.38320868803382346,
          0.8945463204477822,
          -0.23008255472488592
        ]
      ],
      "tx": -0.05248805393950581,
      "ty": -0.09894200999841497,
      "tz": 0.0
    }
  ],
  "points_N": 20979
}