{
  "type": "scene",
  "distance_m": 0.5,
  "num_objects": 3,
  "intrinsics": {
    "width": 640,
    "height": 480,
    "fx": 554.2562584220408,
    "fy": 554.2562584220408,
    "cx": -0.08827786652550287,
    "cy": -0.01431483775962579
  },
  "T_wc": [
    [
      0.999999999999,
      0.0,
      0.0,
      0.0
    ],
    [
      -0.0,
      0.9999999999970001,
      0.0,
      0.0
    ],
    [
      0.0,
      0.0,
      -0.999999999998,
      0.5150141660124063
    ],
    [
      0.0,
      0.0,
      0.0,
      1.0
    ]
  ],
  "bin_size": {
    "w": 0.25,
    "d": 0.25
  },
  "z_floor": 0.0,
  "piece_aabb": {
    "w": 0.0300283320248127,
    "d": 0.0300283320248127,
    "h": 0.0300283320248127
  },
  "poses": [
    {
      "R": [
        [
          0.4350331637703624,
          0.22628571986266044,
          -0.8715164481558489
        ],
        [
          -0.8944159962867648,
          0.22013870306193883,
          -0.3893057628658499
        ],
        [
          0.103760165797395,
          0.9488591699511815,
          0.2981612040377688
        ]
      ],
      "tx": 0.09338595110486908,
      "ty": 0.04793312235182348,
      "tz": 0.0
    },
    {
      "R": [
        [
          0.6116202270856692,
          0.7149259729912635,
          -0.33882377567427213
        ],
        [
          0.7295980155406262,
          -0.34407249143852137,
          0.5910167987075061
        ],
        [
          0.3059533192152921,
          -0.6086829829868614,
          -0.7320502665004376
        ]
      ],
      "tx": -0.06066614519667817,
      "ty": 0.09657539569867776,
      "tz": 0.0
    },
    {
      "R": [
        [
          0.32985384023829245,
          -0.7848009120403308,
          0.5246751114172614
        ],
        [
          0.9336445856215541,
          0.35342043739382145,
          -0.058324798944500406
        ],
        [
          -0.13965755196052762,
          0.5090987358980816,
          0.8493022108103616
        ]
      ],
      "tx": -0.08827786652550287,
      "ty": -0.01431483775962579,
      "tz": 0.0
    }
  ],
  "points_N": 4927
}