{
  "type": "scene",
  "distance_m": 0.5,
  "num_objects": 3,
  "intrinsics": {
    "width": 640,
    "height": 480,
    "fx": 554.2562584220408,
    "fy": 554.2562584220408,
    "cx": 0.06978128313035831,
    "cy": 0.08530480032715992
  },
  "T_wc": [
    [
      0.999999999999,
      0.0,
      0.0,
      0.0
    ],
    [
      -0.0,
      0.9999999999970001,
      0.0,
      0.0
    ],
    [
      0.0,
      0.0,
      -0.999999999998,
      0.5150141660124063
    ],
    [
      0.0,
      0.0,
      0.0,
      1.0
    ]
  ],
  "bin_size": {
    "w": 0.25,
    "d": 0.25
  },
  "z_floor": 0.0,
  "piece_aabb": {
    "w": 0.0300283320248127,
    "d": 0.0300283320248127,
    "h": 0.0300283320248127
  },
  "poses": [
    {
      "R": [
        [
          0.2360684646824226,
          -0.4382716384214447,
          -0.8672886779716811
        ],
        [
          0.902231882934212,
          -0.23262189447793946,
          0.36313177171170347
        ],
        [
          -0.3609006918800104,
          -0.8682194567993029,
          0.34050795208871854
        ]
      ],
      "tx": 0.0250884734333916,
      "ty": -0.04314595300222008,
      "tz": 0.0
    },
    {
      "R": [
        [
          0.35040088578889494,
          0.5507388555773044,
          0.7575657939715592
        ],
        [
          0.07086558791868822,
          -0.8221179661868254,
          0.564889474252952
        ],
        [
          0.9339150323703418,
          -0.1442524267741752,
          -0.3270992963649797
        ]
      ],
      "tx": -0.0843933392424682,
      "ty": 0.08724506510398755,
      "tz": 0.0
    },
    {
      "R": [
        [
          -0.22326232235258603,
          -0.602697845312383,
          -0.7661000213245924
        ],
        [
          -0.9465677276021902,
          0.32170019714699416,
          0.022771039010350824
        ],
        [
          0.23273047174737516,
          0.7302494713530412,
          -0.6423178629844015
        ]
      ],
      "tx": 0.06978128313035831,
      "ty": 0.08530480032715992,
      "tz": 0.0
    }
  ],
  "points_N": 5181
}