{
  "type": "scene",
  "distance_m": 0.5,
  "num_objects": 10,
  "intrinsics": {
    "width": 640,
    "height": 480,
    "fx": 554.2562584220408,
    "fy": 554.2562584220408,
    "cx": -0.02408069032092068,
    "cy": 0.09515216378214444
  },
  "T_wc": [
    [
      0.999999999999,
      0.0,
      0.0,
      0.0
    ],
    [
      -0.0,
      0.9999999999970001,
      0.0,
      0.0
    ],
    [
      0.0,
      0.0,
      -0.999999999998,
      0.5150141660124063
    ],
    [
      0.0,
      0.0,
      0.0,
      1.0
    ]
  ],
  "bin_size": {
    "w": 0.25,
    "d": 0.25
  },
  "z_floor": 0.0,
  "piece_aabb": {
    "w": 0.0300283320248127,
    "d": 0.0300283320248127,
    "h": 0.0300283320248127
  },
  "poses": [
    {
      "R": [
        [
          -0.4145997948756124,
          0.9082740924653203,
          -0.056081931541262287
        ],
        [
          0.28903508784312676,
          0.1898717384889982,
          0.9383002935727354
        ],
        [
          0.8628822214442803,
          0.37280946323754205,
          -0.34124386593156464
        ]
      ],
      "tx": 0.09384216121298136,
      "ty": 0.08842778246208471,
      "tz": 0.0
    },
    {
      "R": [
        [
          -0.2829936669483768,
          -0.23037859039272138,
          0.9310425820314417
        ],
        [
          0.4804135966270694,
          0.8061252258974376,
          0.34549225222521085
        ],
        [
          -0.8301309298194802,
          0.5450576348061441,
          -0.1174513264998629
        ]
      ],
      "tx": -0.06759454241763363,
      "ty": -0.07947248183721257,
      "tz": 0.0
    },
    {
      "R": [
        [
          -0.8397897836374977,
          -0.5175407770494327,
          -0.16402641064522086
        ],
        [
          0.15066271787894464,
          0.06809877721818203,
          -0.9862369400822087
        ],
        [
          0.521587830321428,
          -0.8529443713586825,
          0.020785442697413004
        ]
      ],
      "tx": 0.0455496864380866,
      "ty": -0.008831355180927966,
      "tz": 0.0
    },
    {
      "R": [
        [
          0.6037576212282416,
          0.6601962957839617,
          -0.44678583890041856
        ],
        [
          0.6226448241182748,
          -0.7405286408499017,
          -0.25284531848487923
        ],
        [
          -0.4977852527019434,
          -0.12553160205355915,
          -0.8581676171228609
        ]
      ],
      "tx": 0.020107215500475853,
      "ty": 0.053377245594989825,
      "tz": 0.0
    },
    {
      "R": [
        [
          -0.21788021513954137,
          -0.6586072361200266,
          0.7202532335096362
        ],
        [
          0.9743923553709815,
          -0.18880862504554563,
          0.12210995415199055
        ],
        [
          0.055567523296777166,
          0.7284145877443353,
          0.6828795199124895
        ]
      ],
      "tx": -0.06316852609915272,
      "ty": 0.011735790071706234,
      "tz": 0.0
    },
    {
      "R": [
        [
          0.5105830883050738,
          -0.7975362576480505,
          0.3213111072988227
        ],
        [
          -0.8237568216361508,
          -0.560827753704189,
          -0.08304775423224783
        ],
        [
          0.24643378166306645,
          -0.2222794376721686,
          -0.9433250992332303
        ]
      ],
      "tx": 0.06494292213412886,
      "ty": -0.07479260655991113,
      "tz": 0.0
    },
    {
      "R": [
        [
          0.4091069827548359,
          0.2569901486004244,
          -0.8755498501990429
        ],
        [
          0.4784298446947967,
          -0.8774671908385281,
          -0.03400312790398988
        ],
        [
          -0.7770047363861736,
          -0.4049782617922525,
          -0.4819297117933057
        ]
      ],
      "tx": -0.08567551325206624,
      "ty": 0.09251119249822945,
      "tz": 0.0
    },
    {
      "R": [
        [
          0.7591978599176842,
          0.5214208389541007,
          0.389536799546346
        ],
        [
          0.5844472959759789,
          -0.8095342610309266,
          -0.05545843888424826
        ],
        [
          0.28642619943499403,
          0.26976765729329577,
          -0.9193396778969738
        ]
      ],
      "tx": 0.08976281251349927,
      "ty": 0.03003378421434874,
      "tz": 0.0
    },
    {
      "R": [
        [
          -0.008085500981732219,
          -0.6021371250643367,
          0.7983517440909927
        ],
        [
          -0.5297934758341006,
          0.6796964252598159,
          0.5072786635101557
        ],
        [
          -0.8480881426110712,
          -0.41885994330836035,
          -0.32450400653030576
        ]
      ],
      "tx": -0.007603210158862075,
      "ty": -0.04645416793834836,
      "tz": 0.0
    },
    {
      "R": [
        [
          0.950765557784057,
          -0.30529336713632105,
          0.05329928812037124
        ],
        [
          0.03645801651056277,
          -0.060606570285597794,
          -0.9974956925572823
        ],
        [
          0.30775910573642884,
          0.9503277348477125,
          -0.0464922489833437
        ]
      ],
      "tx": -0.02408069032092068,
      "ty": 0.09515216378214444,
      "tz": 0.0
    }
  ],
  "points_N": 16105
}