{
  "type": "scene",
  "distance_m": 0.5,
  "num_objects": 4,
  "intrinsics": {
    "width": 640,
    "height": 480,
    "fx": 554.2562584220408,
    "fy": 554.2562584220408,
    "cx": 0.09049779395227586,
    "cy": 0.043971898413712796
  },
  "T_wc": [
    [
      0.999999999999,
      0.0,
      0.0,
      0.0
    ],
    [
      -0.0,
      0.9999999999970001,
      0.0,
      0.0
    ],
    [
      0.0,
      0.0,
      -0.999999999998,
      0.5150141660124063
    ],
    [
      0.0,
      0.0,
      0.0,
      1.0
    ]
  ],
  "bin_size": {
    "w": 0.25,
    "d": 0.25
  },
  "z_floor": 0.0,
  "piece_aabb": {
    "w": 0.0300283320248127,
    "d": 0.0300283320248127,
    "h": 0.0300283320248127
  },
  "poses": [
    {
      "R": [
        [
          -0.27363292895217706,
          -0.15941561787128947,
          0.9485313284081703
        ],
        [
          -0.13146367919949778,
          0.9831130526227759,
          0.12730289397361916
        ],
        [
          -0.9528075992793009,
          -0.08986315452643533,
          -0.28996946772750687
        ]
      ],
      "tx": -0.04664070680561152,
      "ty": -0.040240001522664555,
      "tz": 0.0
    },
    {
      "R": [
        [
          0.6599145254984224,
          0.4923720115661681,
          0.5675232341168749
        ],
        [
          -0.1394964416162487,
          -0.6619228429071542,
          0.73647735390446
        ],
        [
          0.738277428757372,
          -0.5651795752360447,
          -0.36812835522872644
        ]
      ],
      "tx": 0.05006071448055621,
      "ty": -0.025023157408808824,
      "tz": 0.0
    },
    {
      "R": [
        [
          -0.23639164296067405,
          0.8557491631163606,
          0.46023076924951567
        ],
        [
          -0.9339834943071444,
          -0.33073508588837375,
          0.13523732962546098
        ],
        [
          0.2679436946452908,
          -0.39787896751155083,
          0.877438603955726
        ]
      ],
      "tx": -0.005350975318479223,
      "ty": -0.09273887010550795,
      "tz": 0.0
    },
    {
      "R": [
        [
          -0.17061687678292903,
          -0.02364848470978581,
          -0.9850536180979035
        ],
        [
          -0.7094365748734739,
          -0.6908326037605836,
          0.13946347125024233
        ],
        [
          -0.6838052556017928,
          0.7226278867801217,
          0.10109060123999081
        ]
      ],
      "tx": 0.09049779395227586,
      "ty": 0.043971898413712796,
      "tz": 0.0
    }
  ],
  "points_N": 6684
}