{
  "type": "scene",
  "distance_m": 0.5,
  "num_objects": 10,
  "intrinsics": {
    "width": 640,
    "height": 480,
    "fx": 554.2562584220408,
    "fy": 554.2562584220408,
    "cx": 0.034052241163160885,
    "cy": -0.024479534198455707
  },
  "T_wc": [
    [
      0.999999999999,
      0.0,
      0.0,
      0.0
    ],
    [
      -0.0,
      0.9999999999970001,
      0.0,
      0.0
    ],
    [
      0.0,
      0.0,
      -0.999999999998,
      0.5150141660124063
    ],
    [
      0.0,
      0.0,
      0.0,
      1.0
    ]
  ],
  "bin_size": {
    "w": 0.25,
    "d": 0.25
  },
  "z_floor": 0.0,
  "piece_aabb": {
    "w": 0.0300283320248127,
    "d": 0.0300283320248127,
    "h": 0.0300283320248127
  },
  "poses": [
    {
      "R": [
        [
          -0.3884224457871499,
          0.32368415059258293,
          -0.8627610180483856
        ],
        [
          -0.9204958304195492,
          -0.0930013279333941,
          0.379523621376654
        ],
        [
          0.042607860647456475,
          0.9415834130111806,
          0.33407371425070775
        ]
      ],
      "tx": -0.007323153363954241,
      "ty": -0.07994288282527956,
      "tz": 0.0
    },
    {
      "R": [
        [
          -0.7698249126755363,
          -0.266155268486272,
          0.5801129001160925
        ],
        [
          0.6207869868546566,
          -0.10104751591725858,
          0.7774399761260465
        ],
        [
          -0.14830077806950098,
          0.9586192010302902,
          0.24301462227616843
        ]
      ],
      "tx": 0.05921293649952916,
      "ty": -0.07678474929198298,
      "tz": 0.0
    },
    {
      "R": [
        [
          -0.08545441857007874,
          0.7573136109873334,
          -0.6474362030039528
        ],
        [
          -0.827907360689602,
          -0.4154975001548018,
          -0.3767376135735424
        ],
        [
          -0.554316646387989,
          0.5038233043224939,
          0.662491610179885
        ]
      ],
      "tx": -0.07180689248460001,
      "ty": 0.07757255345645564,
      "tz": 0.0
    },
    {
      "R": [
        [
          -0.1917964650593995,
          0.253913574706282,
          -0.9480200486121569
        ],
        [
          0.2561959540308017,
          0.945414264450446,
          0.20138396587581053
        ],
        [
          0.9474057996069932,
          -0.20425416801989532,
          -0.24637874445157504
        ]
      ],
      "tx": -0.0647215712211208,
      "ty": -0.06252203018027705,
      "tz": 0.0
    },
    {
      "R": [
        [
          0.4153772430285104,
          0.38167992740014367,
          0.8257010227642053
        ],
        [
          0.3787517757377903,
          -0.8978570297652788,
          0.22449910128225686
        ],
        [
          0.8270482684520318,
          0.21948391084745028,
          -0.5175113279239438
        ]
      ],
      "tx": -0.009326871543365353,
      "ty": 0.014864577773654103,
      "tz": 0.0
    },
    {
      "R": [
        [
          -0.41716332728119965,
          -0.6110598425313085,
          0.6727411294229685
        ],
        [
          0.46963863185173627,
          -0.7786743354407535,
          -0.4160598932826022
        ],
        [
          0.7780837447499519,
          0.14238029418256362,
          0.6118116850668827
        ]
      ],
      "tx": 0.05859734923155979,
      "ty": 0.04579953159434069,
      "tz": 0.0
    },
    {
      "R": [
        [
          -0.4431435007293607,
          -0.5470219515478202,
          -0.7102047748967484
        ],
        [
          -0.437607999081796,
          -0.5594307551587621,
          0.7039435128773641
        ],
        [
          -0.7823829477314506,
          0.6227392830931024,
          0.008526921586063052
        ]
      ],
      "tx": -0.08651183597484481,
      "ty": -0.0015579685839143403,
      "tz": 0.0
    },
    {
      "R": [
        [
          0.13486673252402082,
          -0.8987373379464757,
          -0.4172315446358011
        ],
        [
          -0.894103108912809,
          -0.29187083963367977,
          0.3396925721943013
        ],
        [
          -0.4270721193086057,
          0.3272347939208377,
          -0.8429275144144026
        ]
      ],
      "tx": 0.015942019222726422,
      "ty": 0.09606904547792736,
      "tz": 0.0
    },
    {
      "R": [
        [
          0.7813224532838032,
          -0.0666132647487937,
          0.6205625648990488
        ],
        [
          -0.6021472586622353,
          0.1810930731018202,
          0.7775757054847415
        ],
        [
          -0.16417643826120154,
          -0.98120740510559,
          0.10138108938958945
        ]
      ],
      "tx": 0.08960493179202347,
      "ty": -0.002857023053512528,
      "tz": 0.0
    },
    {
      "R": [
        [
          0.735311995824967,
          0.26627174444629864,
          0.6232299951907232
        ],
        [
          0.13377904402924104,
          0.8444667521445793,
          -0.5186319233338881
        ],
        [
          -0.6643940368294452,
          0.46473138761214594,
          0.5853249535032341
        ]
      ],
      "tx": 0.034052241163160885,
      "ty": -0.024479534198455707,
      "tz": 0.0
    }
  ],
  "points_N": 16788
}