{
  "type": "scene",
  "distance_m": 0.5,
  "num_objects": 8,
  "intrinsics": {
    "width": 640,
    "height": 480,
    "fx": 554.2562584220408,
    "fy": 554.2562584220408,
    "cx": 0.09132861362162706,
    "cy": 0.01649618662358414
  },
  "T_wc": [
    [
      0.999999999999,
      0.0,
      0.0,
      0.0
    ],
    [
      -0.0,
      0.9999999999970001,
      0.0,
      0.0
    ],
    [
      0.0,
      0.0,
      -0.999999999998,
      0.5150141660124063
    ],
    [
      0.0,
      0.0,
      0.0,
      1.0
    ]
  ],
  "bin_size": {
    "w": 0.25,
    "d": 0.25
  },
  "z_floor": 0.0,
  "piece_aabb": {
    "w": 0.0300283320248127,
    "d": 0.0300283320248127,
    "h": 0.0300283320248127
  },
  "poses": [
    {
      "R": [
        [
          -0.4084767189928131,
          -0.7811827138866985,
          0.47212322286186936
        ],
        [
          0.911638092623881,
          -0.37489410848556215,
          0.16843513736719892
        ],
        [
          0.04541759700774364,
          0.4992073466480914,
          0.8652914346823355
        ]
      ],
      "tx": -0.09563960212908107,
      "ty": -0.09075799812385929,
      "tz": 0.0
    },
    {
      "R": [
        [
          -0.31275162701578463,
          -0.9409917534754654,
          -0.12930947254609088
        ],
        [
          -0.14798956233562788,
          0.18275109268134537,
          -0.9719573692109564
        ],
        [
          0.9382353165590649,
          -0.2848447963627616,
          -0.19641265933327245
        ]
      ],
      "tx": 0.044615769471767625,
      "ty": -0.09780752794272322,
      "tz": 0.0
    },
    {
      "R": [
        [
          0.6927369761189794,
          0.14037453501844066,
          -0.7073969690604345
        ],
        [
          -0.6005250147066638,
          0.6554310438061588,
          -0.45801730701659144
        ],
        [
          0.39935596731374123,
          0.7420950995212985,
          0.5383397390471749
        ]
      ],
      "tx": 0.029518093110108168,
      "ty": 0.0581466112548861,
      "tz": 0.0
    },
    {
      "R": [
        [
          -0.4116137698208886,
          -0.8536473732456624,
          -0.3191555524264264
        ],
        [
          0.507061356836159,
          -0.5055005450123846,
          0.6981102917130326
        ],
        [
          -0.7572733224518806,
          0.12552036146762396,
          0.64092258031663
        ]
      ],
      "tx": -0.06439847805208729,
      "ty": 0.0026359230440212433,
      "tz": 0.0
    },
    {
      "R": [
        [
          0.39552424203605474,
          -0.24521324045337714,
          0.8851163995024376
        ],
        [
          -0.3859732579936479,
          -0.91885096363692,
          -0.08208258485983813
        ],
        [
          0.833417793231926,
          -0.30916560825851547,
          -0.4580735842575612
        ]
      ],
      "tx": -0.019217314014445264,
      "ty": -0.054004346492294415,
      "tz": 0.0
    },
    {
      "R": [
        [
          0.3600427983676603,
          -0.642526743253118,
          0.676408580333016
        ],
        [
          0.7553202425697546,
          0.6263223973912193,
          0.1929030473851635
        ],
        [
          -0.5475952104501567,
          0.4414517399791933,
          0.7108163242085759
        ]
      ],
      "tx": 0.06980382553740322,
      "ty": -0.03831979237164782,
      "tz": 0.0
    },
    {
      "R": [
        [
          0.3199045973174428,
          0.36581733032464864,
          0.873978677914577
        ],
        [
          0.489621163614187,
          -0.8535618246381302,
          0.17805428290697078
        ],
        [
          0.8111301774414846,
          0.37095807358052335,
          -0.45217025874019257
        ]
      ],
      "tx": -0.05823545897306543,
      "ty": 0.07511763781253264,
      "tz": 0.0
    },
    {
      "R": [
        [
          0.6540997543980369,
          0.08618314349381492,
          -0.751482519473309
        ],
        [
          0.2018094674607536,
          0.9375923911843943,
          0.28318447492109594
        ],
        [
          0.7289900206035984,
          -0.3368871825561998,
          0.5958863785066
        ]
      ],
      "tx": 0.09132861362162706,
      "ty": 0.01649618662358414,
      "tz": 0.0
    }
  ],
  "points_N": 14276
}