{
  "type": "scene",
  "distance_m": 0.5,
  "num_objects": 10,
  "intrinsics": {
    "width": 640,
    "height": 480,
    "fx": 554.2562584220408,
    "fy": 554.2562584220408,
    "cx": 0.06790105742285366,
    "cy": 0.07658400219645292
  },
  "T_wc": [
    [
      0.999999999999,
      0.0,
      0.0,
      0.0
    ],
    [
      -0.0,
      0.9999999999970001,
      0.0,
      0.0
    ],
    [
      0.0,
      0.0,
      -0.999999999998,
      0.5150141660124063
    ],
    [
      0.0,
      0.0,
      0.0,
      1.0
    ]
  ],
  "bin_size": {
    "w": 0.25,
    "d": 0.25
  },
  "z_floor": 0.0,
  "piece_aabb": {
    "w": 0.0300283320248127,
    "d": 0.0300283320248127,
    "h": 0.0300283320248127
  },
  "poses": [
    {
      "R": [
        [
          -0.1086556049899079,
          -0.6096119553091763,
          0.7852179464635278
        ],
        [
          -0.45553107007469423,
          -0.6715452719130246,
          -0.5843957494437014
        ],
        [
          0.8835640348615832,
          -0.4211890451037209,
          -0.20473002853449396
        ]
      ],
      "tx": -0.07489409377947735,
      "ty": -0.039119768611244374,
      "tz": 0.0
    },
    {
      "R": [
        [
          -0.45390968715469704,
          -0.16406562443237388,
          0.8758130318662427
        ],
        [
          0.793748798168969,
          0.3721683858481897,
          0.48109618371015006
        ],
        [
          -0.4048812681669065,
          0.913549759703744,
          -0.038703943375182126
        ]
      ],
      "tx": 0.005149063036199289,
      "ty": -0.038335396566697974,
      "tz": 0.0
    },
    {
      "R": [
        [
          -0.7306443846598356,
          -0.664266257610695,
          0.15782624041943077
        ],
        [
          -0.229247377089374,
          0.45642134772806475,
          0.8597239053531891
        ],
        [
          -0.6431208465465046,
          0.5919711921521003,
          -0.48576299200261097
        ]
      ],
      "tx": 0.05724328568130094,
      "ty": -0.07510468745119876,
      "tz": 0.0
    },
    {
      "R": [
        [
          0.9048687849750715,
          0.23326869501863368,
          -0.35608734588867585
        ],
        [
          -0.2205188088999014,
          0.9723688443710885,
          0.07661778786811027
        ],
        [
          0.36412077240814833,
          0.00919491276400329,
          0.9313063495328247
        ]
      ],
      "tx": -0.03186362498393573,
      "ty": 0.0718086203338699,
      "tz": 0.0
    },
    {
      "R": [
        [
          -0.32462372793889926,
          -0.6563834961009998,
          0.6810140536767799
        ],
        [
          -0.13912351815771923,
          0.7453119464334992,
          0.6520389169358893
        ],
        [
          -0.9355554937866968,
          0.1169222329146073,
          -0.3332643237668744
        ]
      ],
      "tx": 0.07910313296082414,
      "ty": 0.0007384641037807282,
      "tz": 0.0
    },
    {
      "R": [
        [
          -0.6963184821077684,
          -0.5889463538952526,
          -0.41022282202313043
        ],
        [
          -0.40129238533445927,
          -0.15440923367223802,
          0.9028411876013034
        ],
        [
          -0.595067217167702,
          0.7932843001032099,
          -0.1288216839745817
        ]
      ],
      "tx": -0.0969753527266906,
      "ty": 0.06622448390447849,
      "tz": 0.0
    },
    {
      "R": [
        [
          -0.5286022441625204,
          -0.27227011219525615,
          -0.8040203066288374
        ],
        [
          -0.2715630328455088,
          -0.8431501237759236,
          0.4640596814725385
        ],
        [
          -0.8042594025922831,
          0.4636451819892313,
          0.3717525501729293
        ]
      ],
      "tx": -0.05926000444715038,
      "ty": 0.018490470452807772,
      "tz": 0.0
    },
    {
      "R": [
        [
          -0.2275496517756399,
          0.9508285413587083,
          0.21011006856991843
        ],
        [
          -0.26556414580140014,
          0.14699626925542209,
          -0.9528209597242074
        ],
        [
          -0.9368547595233518,
          -0.2726117784738186,
          0.2190570195081274
        ]
      ],
      "tx": -0.05176647362268114,
      "ty": -0.09704053764066034,
      "tz": 0.0
    },
    {
      "R": [
        [
          0.255391378452681,
          -0.8444291606292291,
          0.470865837039655
        ],
        [
          0.10598909674927198,
          -0.4596286723133256,
          -0.8817640245313727
        ],
        [
          0.9610106946243173,
          0.2751015744529739,
          -0.027884916194637954
        ]
      ],
      "tx": 0.01791146042923801,
      "ty": 0.022711989120553056,
      "tz": 0.0
    },
    {
      "R": [
        [
          -0.33313395089195574,
          0.6033864893835732,
          -0.7245319283457998
        ],
        [
          0.9221036148830064,
          0.04806689801355013,
          -0.3839459554872888
        ],
        [
          -0.19684179988713846,
          -0.7959989433062848,
          -0.5723975786745343
        ]
      ],
      "tx": 0.06790105742285366,
      "ty": 0.07658400219645292,
      "tz": 0.0
    }
  ],
  "points_N": 16599
}