{
  "type": "scene",
  "distance_m": 0.5,
  "num_objects": 9,
  "intrinsics": {
    "width": 640,
    "height": 480,
    "fx": 554.2562584220408,
    "fy": 554.2562584220408,
    "cx": 0.09699489429804448,
    "cy": -0.08763809251717497
  },
  "T_wc": [
    [
      0.999999999999,
      0.0,
      0.0,
      0.0
    ],
    [
      -0.0,
      0.9999999999970001,
      0.0,
      0.0
    ],
    [
      0.0,
      0.0,
      -0.999999999998,
      0.5150141660124063
    ],
    [
      0.0,
      0.0,
      0.0,
      1.0
    ]
  ],
  "bin_size": {
    "w": 0.25,
    "d": 0.25
  },
  "z_floor": 0.0,
  "piece_aabb": {
    "w": 0.0300283320248127,
    "d": 0.0300283320248127,
    "h": 0.0300283320248127
  },
  "poses": [
    {
      "R": [
        [
          -0.2880393028599113,
          -0.8113165787342074,
          0.5087226838651845
        ],
        [
          -0.5224516571692273,
          -0.31207184665615095,
          -0.7935083039551304
        ],
        [
          0.8025444697517415,
          -0.4943445879097291,
          -0.3339847338955113
        ]
      ],
      "tx": 0.052566157861733326,
      "ty": -0.05004397835076767,
      "tz": 0.0
    },
    {
      "R": [
        [
          0.21935810374471176,
          -0.5163753987931254,
          -0.8277913202267615
        ],
        [
          -0.029106283951866513,
          0.8446147540229496,
          -0.5345827733113606
        ],
        [
          0.9752101550722478,
          0.14135899266757979,
          0.1702433218542494
        ]
      ],
      "tx": -0.03562765125115919,
      "ty": 0.07346833874142095,
      "tz": 0.0
    },
    {
      "R": [
        [
          0.2612173443468224,
          -0.688110672443718,
          0.6769558342177483
        ],
        [
          -0.24873205340347335,
          -0.7256053208778188,
          -0.641583419302189
        ],
        [
          0.9326831533924503,
          -0.0007878977413702803,
          -0.3606958754893985
        ]
      ],
      "tx": -0.012328787465831229,
      "ty": 0.0007991388781372205,
      "tz": 0.0
    },
    {
      "R": [
        [
          -0.30360603088081106,
          0.6695702129352952,
          -0.6778636352265724
        ],
        [
          -0.33569382786553437,
          -0.7409968724998408,
          -0.5815782740770499
        ],
        [
          -0.8917023224965747,
          0.05098396704100894,
          0.4497417071597609
        ]
      ],
      "tx": -0.08473502049647189,
      "ty": -0.03527918361216199,
      "tz": 0.0
    },
    {
      "R": [
        [
          0.8131891028370714,
          -0.16550337074397153,
          -0.5579714305405095
        ],
        [
          -0.33615503026479104,
          -0.9161920181244212,
          -0.21815586527246594
        ],
        [
          -0.4751034399525187,
          0.3649668754797953,
          -0.8006721558464487
        ]
      ],
      "tx": 0.08638911164023133,
      "ty": 0.014745622485976786,
      "tz": 0.0
    },
    {
      "R": [
        [
          0.9537244614470524,
          -0.1207304173048821,
          -0.2753794073181923
        ],
        [
          0.11771340269754679,
          0.9926661689054822,
          -0.027521481353260713
        ],
        [
          0.27668250118663995,
          -0.006167937086394465,
          0.9609415955661422
        ]
      ],
      "tx": -0.03959728173265466,
      "ty": -0.08034573636374956,
      "tz": 0.0
    },
    {
      "R": [
        [
          0.6077764742238522,
          -0.7936016119489248,
          -0.028359105981876798
        ],
        [
          -0.5598193155773273,
          -0.45351683748737925,
          0.6934874274433378
        ],
        [
          -0.563214072344216,
          -0.40560936826892213,
          -0.7199103757315419
        ]
      ],
      "tx": -0.09627909810961152,
      "ty": 0.09550053760490648,
      "tz": 0.0
    },
    {
      "R": [
        [
          -0.709664899090626,
          -0.5296306207529565,
          -0.4646150412540794
        ],
        [
          -0.6786533506318005,
          0.6909981227006627,
          0.2489000283254107
        ],
        [
          0.18922304477764415,
          0.49194816798621965,
          -0.8498127083893723
        ]
      ],
      "tx": 0.04873486569858357,
      "ty": 0.09693450186559682,
      "tz": 0.0
    },
    {
      "R": [
        [
          -0.8293904405157202,
          0.02959328896078158,
          0.5578850548541543
        ],
        [
          -0.09501758457044396,
          -0.9915192083739841,
          -0.08866407416663061
        ],
        [
          0.5505298863854147,
          -0.12654602591117164,
          0.825168435849646
        ]
      ],
      "tx": 0.09699489429804448,
      "ty": -0.08763809251717497,
      "tz": 0.0
    }
  ],
  "points_N": 15221
}