{
  "type": "scene",
  "distance_m": 0.5,
  "num_objects": 11,
  "intrinsics": {
    "width": 640,
    "height": 480,
    "fx": 554.2562584220408,
    "fy": 554.2562584220408,
    "cx": -0.09736043746089743,
    "cy": 0.006367002879203526
  },
  "T_wc": [
    [
      0.999999999999,
      0.0,
      0.0,
      0.0
    ],
    [
      -0.0,
      0.9999999999970001,
      0.0,
      0.0
    ],
    [
      0.0,
      0.0,
      -0.999999999998,
      0.5150141660124063
    ],
    [
      0.0,
      0.0,
      0.0,
      1.0
    ]
  ],
  "bin_size": {
    "w": 0.25,
    "d": 0.25
  },
  "z_floor": 0.0,
  "piece_aabb": {
    "w": 0.0300283320248127,
    "d": 0.0300283320248127,
    "h": 0.0300283320248127
  },
  "poses": [
    {
      "R": [
        [
          0.9609709030478688,
          -0.008963206527585733,
          0.2765042213495256
        ],
        [
          -0.11452103278076206,
          0.8969300465028687,
          0.42708479805676713
        ],
        [
          -0.2518329933630446,
          -0.4420816130638163,
          0.8608972010900622
        ]
      ],
      "tx": -0.057509337522792976,
      "ty": 0.06346752944147194,
      "tz": 0.0
    },
    {
      "R": [
        [
          -0.14418047199166684,
          0.943935939379428,
          -0.29697968591157453
        ],
        [
          0.9882160426471056,
          0.15293468501479324,
          0.006327335483474333
        ],
        [
          0.051391094084041064,
          -0.2925678117416596,
          -0.954862833595246
        ]
      ],
      "tx": 0.0075313478518807125,
      "ty": -0.09577700907850464,
      "tz": 0.0
    },
    {
      "R": [
        [
          -0.6509344176287057,
          -0.1878041258641694,
          0.7355365349557921
        ],
        [
          0.03401820116225514,
          -0.9751583307690783,
          -0.21888122788706468
        ],
        [
          0.7583713773185683,
          -0.11745569479620818,
          0.6411528786676994
        ]
      ],
      "tx": -0.04019706716219132,
      "ty": 6.268707119266859e-05,
      "tz": 0.0
    },
    {
      "R": [
        [
          -0.21726170537966194,
          0.9236322564968611,
          -0.3157543446004147
        ],
        [
          -0.6463995405126624,
          0.1062491312010283,
          0.7555651898705005
        ],
        [
          0.7314130060373139,
          0.36825884494135797,
          0.5739515987624018
        ]
      ],
      "tx": 0.04217841378545875,
      "ty": -0.03206109440731074,
      "tz": 0.0
    },
    {
      "R": [
        [
          -0.8464190226914265,
          0.2055761318343722,
          0.4912364929910103
        ],
        [
          0.4741680145379047,
          -0.12889132749645027,
          0.8709487468762923
        ],
        [
          0.2423623981051341,
          0.9701162196954648,
          0.011618445184659487
        ]
      ],
      "tx": 0.04961341413567272,
      "ty": 0.058276246359892564,
      "tz": 0.0
    },
    {
      "R": [
        [
          0.070031380492113,
          0.32568674532904235,
          0.9428805595956173
        ],
        [
          0.9492001398049936,
          0.2689273141259563,
          -0.16339276088976468
        ],
        [
          -0.30678119293814193,
          0.9064249795950985,
          -0.29030855313868376
        ]
      ],
      "tx": -0.07420915451608993,
      "ty": -0.05891872080201695,
      "tz": 0.0
    },
    {
      "R": [
        [
          -0.4562945658683648,
          0.5087201435631734,
          -0.7300678630730605
        ],
        [
          0.37897570959047233,
          -0.6312255289501008,
          -0.6767065413767359
        ],
        [
          -0.8050917219170738,
          -0.585455503975093,
          0.09523220130749421
        ]
      ],
      "tx": 0.09252164606950977,
      "ty": 0.0007801538132157226,
      "tz": 0.0
    },
    {
      "R": [
        [
          -0.1462013871412975,
          0.8864006848397625,
          0.43922543222536703
        ],
        [
          0.9395607451407402,
          -0.014533344396479908,
          0.34207365886783864
        ],
        [
          0.3095977399603195,
          0.46269061781740656,
          -0.830702492830742
        ]
      ],
      "tx": 0.06968043285893535,
      "ty": -0.08564638890729584,
      "tz": 0.0
    },
    {
      "R": [
        [
          -0.19910742900000677,
          -0.7408049281296564,
          0.6415327662526851
        ],
        [
          -0.16601791734764582,
          -0.6196793509624614,
          -0.7670955306285479
        ],
        [
          0.9658127576484781,
          -0.25924035266439077,
          0.00039587104557026187
        ]
      ],
      "tx": -0.0063368844469486735,
      "ty": 0.09430750690383621,
      "tz": 0.0
    },
    {
      "R": [
        [
          0.3499957087730823,
          0.5334698837719453,
          0.7700083681030844
        ],
        [
          -0.9363067695848587,
          0.22454488123375094,
          0.2700170912021813
        ],
        [
          -0.02885545130463507,
          -0.8154688709080611,
          0.5780812084040943
        ]
      ],
      "tx": 0.09385523428307416,
      "ty": 0.09480279345393794,
      "tz": 0.0
    },
    {
      "R": [
        [
          0.7344616093586616,
          0.13068551600778955,
          0.6659485267526782
        ],
        [
          0.6783850865018682,
          -0.16880545062872665,
          -0.7150513228082898
        ],
        [
          0.01896889006076874,
          0.9769472942507238,
          -0.21263622801877413
        ]
      ],
      "tx": -0.09736043746089743,
      "ty": 0.006367002879203526,
      "tz": 0.0
    }
  ],
  "points_N": 17881
}