{
  "type": "scene",
  "distance_m": 0.5,
  "num_objects": 10,
  "intrinsics": {
    "width": 640,
    "height": 480,
    "fx": 554.2562584220408,
    "fy": 554.2562584220408,
    "cx": -0.029627198957016695,
    "cy": -0.09897136339092477
  },
  "T_wc": [
    [
      0.999999999999,
      0.0,
      0.0,
      0.0
    ],
    [
      -0.0,
      0.9999999999970001,
      0.0,
      0.0
    ],
    [
      0.0,
      0.0,
      -0.999999999998,
      0.5150141660124063
    ],
    [
      0.0,
      0.0,
      0.0,
      1.0
    ]
  ],
  "bin_size": {
    "w": 0.25,
    "d": 0.25
  },
  "z_floor": 0.0,
  "piece_aabb": {
    "w": 0.0300283320248127,
    "d": 0.0300283320248127,
    "h": 0.0300283320248127
  },
  "poses": [
    {
      "R": [
        [
          0.9021192192751639,
          0.3669807988040288,
          0.2269493501280092
        ],
        [
          0.3550545726596379,
          -0.9302230703925616,
          0.09285090060369543
        ],
        [
          0.24518801897289083,
          -0.0031831774365187193,
          -0.9694703207079405
        ]
      ],
      "tx": -0.05113790616602545,
      "ty": -0.04586967819557019,
      "tz": 0.0
    },
    {
      "R": [
        [
          0.2948836324333166,
          0.9091019359448551,
          -0.2942402307371466
        ],
        [
          0.02211598744408244,
          -0.31434403326485016,
          -0.9490514800842786
        ],
        [
          -0.9552771987346427,
          0.2733523345649409,
          -0.11280059736362569
        ]
      ],
      "tx": 0.0764758104594668,
      "ty": -0.04045953679573166,
      "tz": 0.0
    },
    {
      "R": [
        [
          -0.3601164788276374,
          -0.41121113969890094,
          -0.8373897063281317
        ],
        [
          0.9291024700282478,
          -0.0770999981885907,
          -0.36169626825104
        ],
        [
          0.08417078985130616,
          -0.9082736310533572,
          0.4098222654626722
        ]
      ],
      "tx": -0.06864393262948623,
      "ty": 0.02509397281098151,
      "tz": 0.0
    },
    {
      "R": [
        [
          0.3579447249297393,
          -0.20587870320783727,
          0.9107631599161402
        ],
        [
          -0.15626320615619568,
          0.9484263781800792,
          0.275806482110199
        ],
        [
          -0.9205744860122725,
          -0.24104224679021824,
          0.3073129528112408
        ]
      ],
      "tx": -0.0014326888293029888,
      "ty": 0.09535000920575162,
      "tz": 0.0
    },
    {
      "R": [
        [
          -0.3000176712449838,
          -0.4058284041126149,
          0.8633033669320103
        ],
        [
          -0.7792867676729706,
          0.6262244298409049,
          0.02356050084882061
        ],
        [
          -0.5501831791963026,
          -0.6656923237396102,
          -0.5041351003883858
        ]
      ],
      "tx": 0.08292482973325449,
      "ty": 0.05242817326966728,
      "tz": 0.0
    },
    {
      "R": [
        [
          0.5685573746995156,
          -0.7125972313299794,
          -0.41103247751928573
        ],
        [
          0.6026229401106998,
          0.02065824946631878,
          0.7977586281459591
        ],
        [
          -0.5599893782270609,
          -0.7012691513462107,
          0.4411728387412748
        ]
      ],
      "tx": 0.011835762728031857,
      "ty": -0.011544096630242515,
      "tz": 0.0
    },
    {
      "R": [
        [
          0.13958453292718342,
          -0.27938377216402105,
          0.9499794029445597
        ],
        [
          0.5023927058248567,
          -0.8067419601806098,
          -0.31107712679965105
        ],
        [
          0.8532981467819315,
          0.5206842781718587,
          0.02775166955646713
        ]
      ],
      "tx": 0.049732877181540125,
      "ty": -0.09605563148119703,
      "tz": 0.0
    },
    {
      "R": [
        [
          0.7721042616440545,
          0.4992042276471784,
          -0.3932558305356365
        ],
        [
          -0.12282528754367195,
          0.7243732786191006,
          0.6783784356555188
        ],
        [
          0.623513398325091,
          -0.475477120713288,
          0.6206065982466651
        ]
      ],
      "tx": -0.08211928597373996,
      "ty": 0.08217851561278955,
      "tz": 0.0
    },
    {
      "R": [
        [
          0.945429004501131,
          0.3005938312607231,
          0.12572726854585015
        ],
        [
          -0.21192889841564597,
          0.8604051237794126,
          -0.46345351977352
        ],
        [
          -0.24748765517562926,
          0.41151715830829416,
          0.8771564791720661
        ]
      ],
      "tx": -0.09057504740565415,
      "ty": -0.09400856789329419,
      "tz": 0.0
    },
    {
      "R": [
        [
          -0.5386439422783622,
          -0.834873127903439,
          -0.11335591626179992
        ],
        [
          0.8422231238555661,
          -0.529898315590287,
          -0.0993377308858432
        ],
        [
          0.022867293014172584,
          -0.1489786408828607,
          0.9885759715221181
        ]
      ],
      "tx": -0.029627198957016695,
      "ty": -0.09897136339092477,
      "tz": 0.0
    }
  ],
  "points_N": 16762
}