{
  "type": "scene",
  "distance_m": 0.5,
  "num_objects": 10,
  "intrinsics": {
    "width": 640,
    "height": 480,
    "fx": 554.2562584220408,
    "fy": 554.2562584220408,
    "cx": 0.09841964203260686,
    "cy": 0.0927078491044733
  },
  "T_wc": [
    [
      0.999999999999,
      0.0,
      0.0,
      0.0
    ],
    [
      -0.0,
      0.9999999999970001,
      0.0,
      0.0
    ],
    [
      0.0,
      0.0,
      -0.999999999998,
      0.5150141660124063
    ],
    [
      0.0,
      0.0,
      0.0,
      1.0
    ]
  ],
  "bin_size": {
    "w": 0.25,
    "d": 0.25
  },
  "z_floor": 0.0,
  "piece_aabb": {
    "w": 0.0300283320248127,
    "d": 0.0300283320248127,
    "h": 0.0300283320248127
  },
  "poses": [
    {
      "R": [
        [
          -0.15908882003695313,
          0.1605406141121951,
          0.9741239441466005
        ],
        [
          0.8675513639091482,
          0.493675689778005,
          0.060323662866139216
        ],
        [
          -0.47121691217381684,
          0.8546993767066232,
          -0.21781551170355895
        ]
      ],
      "tx": -0.014876502243743525,
      "ty": -0.07540346875859774,
      "tz": 0.0
    },
    {
      "R": [
        [
          0.17915200745500748,
          0.8918579370806657,
          0.41532394379695986
        ],
        [
          -0.11547301140696653,
          0.43829774547148403,
          -0.8913815512737633
        ],
        [
          -0.9770212596773151,
          0.11173408781940058,
          0.18150744270612962
        ]
      ],
      "tx": 0.0801340112369226,
      "ty": 0.009890433602930487,
      "tz": 0.0
    },
    {
      "R": [
        [
          -0.0200482790829426,
          0.2671045304700724,
          -0.9634589956548097
        ],
        [
          0.44539942253955406,
          0.8651321978866788,
          0.23057674336583964
        ],
        [
          0.8951074912585887,
          -0.4245014134041566,
          -0.13631261537594064
        ]
      ],
      "tx": -0.06378100466516362,
      "ty": 0.08583753888848655,
      "tz": 0.0
    },
    {
      "R": [
        [
          0.28301408758268864,
          -0.015119557607939427,
          0.9589965720519955
        ],
        [
          0.9588794461158483,
          -0.017733683530675393,
          -0.2832591115657141
        ],
        [
          0.021289294171064232,
          0.9997284208454682,
          0.009478950760703375
        ]
      ],
      "tx": 0.0022807117520081688,
      "ty": 0.004759627496775595,
      "tz": 0.0
    },
    {
      "R": [
        [
          -0.23643822168726292,
          0.7156639517118198,
          -0.6572077871918336
        ],
        [
          0.9582598675487496,
          0.2836384690498134,
          -0.035878198401407324
        ],
        [
          0.16073267735845537,
          -0.638258824533825,
          -0.7528550188010188
        ]
      ],
      "tx": -0.09655109005477601,
      "ty": -0.020645426585069113,
      "tz": 0.0
    },
    {
      "R": [
        [
          0.6907685949421003,
          -0.17544422593345926,
          0.7014685109314073
        ],
        [
          0.1465644384528234,
          -0.9160065820608521,
          -0.3734311275218017
        ],
        [
          0.7080661082291152,
          0.3607648336628792,
          -0.6070346951941628
        ]
      ],
      "tx": 0.07133455421189402,
      "ty": -0.05978627339892649,
      "tz": 0.0
    },
    {
      "R": [
        [
          -0.9185242932696649,
          -0.2732195270468993,
          -0.2857695097692061
        ],
        [
          0.19164125604244384,
          -0.9398885602527682,
          0.28263602616873473
        ],
        [
          -0.34581317449735516,
          0.2048428283983794,
          0.9156706088970061
        ]
      ],
      "tx": 0.0402689594225798,
      "ty": 0.08481189112090762,
      "tz": 0.0
    },
    {
      "R": [
        [
          0.9146821698555104,
          0.35812368709947817,
          -0.18736048912908576
        ],
        [
          0.29135751237288143,
          -0.2629606146128718,
          0.9197622057609822
        ],
        [
          0.2801202030063192,
          -0.8958789761461623,
          -0.34486741215574823
        ]
      ],
      "tx": -0.07282000435782605,
      "ty": -0.08881617105457512,
      "tz": 0.0
    },
    {
      "R": [
        [
          0.5582567220488689,
          0.8129909044639286,
          0.1655150190954743
        ],
        [
          0.8242443549897293,
          -0.5206847672559871,
          -0.22250531772329435
        ],
        [
          -0.09471365030879761,
          0.2606399094661103,
          -0.960778935051493
        ]
      ],
      "tx": -0.05577046061855692,
      "ty": 0.026176337705158897,
      "tz": 0.0
    },
    {
      "R": [
        [
          -0.6506297270519905,
          0.6542211907275648,
          -0.38558474020539196
        ],
        [
          -0.4758342694957065,
          -0.7469332771278541,
          -0.46440545592459603
        ],
        [
          -0.5918299639674724,
          -0.11868156184535064,
          0.7972778566022065
        ]
      ],
      "tx": 0.09841964203260686,
      "ty": 0.0927078491044733,
      "tz": 0.0
    }
  ],
  "points_N": 16094
}