{
  "type": "scene",
  "distance_m": 0.5,
  "num_objects": 13,
  "intrinsics": {
    "width": 640,
    "height": 480,
    "fx": 554.2562584220408,
    "fy": 554.2562584220408,
    "cx": 0.09819713127518478,
    "cy": -0.09766026649629027
  },
  "T_wc": [
    [
      0.999999999999,
      0.0,
      0.0,
      0.0
    ],
    [
      -0.0,
      0.9999999999970001,
      0.0,
      0.0
    ],
    [
      0.0,
      0.0,
      -0.999999999998,
      0.5150141660124063
    ],
    [
      0.0,
      0.0,
      0.0,
      1.0
    ]
  ],
  "bin_size": {
    "w": 0.25,
    "d": 0.25
  },
  "z_floor": 0.0,
  "piece_aabb": {
    "w": 0.0300283320248127,
    "d": 0.0300283320248127,
    "h": 0.0300283320248127
  },
  "poses": [
    {
      "R": [
        [
          -0.9152890485988594,
          -0.364223278244883,
          0.17200977036071147
        ],
        [
          -0.030421079389045064,
          -0.3633112971144785,
          -0.9311710150760709
        ],
        [
          0.4016472525037356,
          -0.857523355351646,
          0.32145478621830315
        ]
      ],
      "tx": 0.05461793705720214,
      "ty": -0.05026970321672411,
      "tz": 0.0
    },
    {
      "R": [
        [
          -0.11791269695667617,
          -0.8901410338140386,
          0.44016535054099526
        ],
        [
          -0.9929867636399622,
          0.10185551215080035,
          -0.060022844653777996
        ],
        [
          0.008595529782183836,
          -0.44415582239229107,
          -0.8959083224877369
        ]
      ],
      "tx": -0.04144472282189649,
      "ty": 0.034464666123549675,
      "tz": 0.0
    },
    {
      "R": [
        [
          0.16056409536722416,
          0.6219697423658005,
          -0.7664025123003739
        ],
        [
          0.3594341075873865,
          0.6863164556619803,
          0.6322790878958723
        ],
        [
          0.9192531172543088,
          -0.3769925228290302,
          -0.11335935845460288
        ]
      ],
      "tx": 0.08834195862788391,
      "ty": 0.06609129818371101,
      "tz": 0.0
    },
    {
      "R": [
        [
          0.09392934814626341,
          -0.8941532752458357,
          0.43779812462362505
        ],
        [
          0.025848160518926577,
          0.4417842892366022,
          0.8967488580318896
        ],
        [
          -0.9952432617981424,
          -0.07291475948568504,
          0.06460872769633264
        ]
      ],
      "tx": -0.03917212738806247,
      "ty": -0.06035093496680973,
      "tz": 0.0
    },
    {
      "R": [
        [
          -0.5023735373785845,
          -0.7152818329437063,
          0.4857908278286237
        ],
        [
          -0.38100589293617154,
          0.6874758390401207,
          0.6182325454745914
        ],
        [
          -0.7761799652719968,
          0.12549450265559042,
          -0.6178962625826341
        ]
      ],
      "tx": 0.01613525607768769,
      "ty": 0.08250802223364051,
      "tz": 0.0
    },
    {
      "R": [
        [
          -0.04041784763630485,
          0.7768853436282447,
          -0.6283435051371764
        ],
        [
          -0.8309027126062108,
          0.32313535833572604,
          0.45297265080453014
        ],
        [
          0.5549478171649018,
          0.5404005024506049,
          0.6324557037256004
        ]
      ],
      "tx": 0.0371350930257722,
      "ty": 0.014620003692191505,
      "tz": 0.0
    },
    {
      "R": [
        [
          0.7744797438408461,
          -0.6170320509130844,
          0.1394724866280453
        ],
        [
          -0.5253663869889829,
          -0.7501820842903995,
          -0.4015183679881329
        ],
        [
          0.3523794627987841,
          0.23769368640269836,
          -0.9051687277198297
        ]
      ],
      "tx": -0.049007205697832054,
      "ty": 0.09678849049103389,
      "tz": 0.0
    },
    {
      "R": [
        [
          -0.9973819109952289,
          -0.07120387538884518,
          0.01262266806641868
        ],
        [
          -0.03289225678350198,
          0.602148705014161,
          0.797706109098744
        ],
        [
          -0.06440048961920511,
          0.7952024554661402,
          -0.6029142822635967
        ]
      ],
      "tx": -0.08218459159608603,
      "ty": -0.011118992254807558,
      "tz": 0.0
    },
    {
      "R": [
        [
          -0.8218720196100784,
          0.4915765560787039,
          0.28788690990708915
        ],
        [
          -0.49377837953047754,
          -0.3627008728232377,
          -0.7903359973843516
        ],
        [
          -0.28409381424154095,
          -0.7917073742027814,
          0.5408235741372875
        ]
      ],
      "tx": -0.09617496912257867,
      "ty": -0.07113411395985256,
      "tz": 0.0
    },
    {
      "R": [
        [
          0.4071589618823884,
          0.9132992742444592,
          -0.010296379140243395
        ],
        [
          -0.8667693931396878,
          0.38281192599715574,
          -0.3196339287851109
        ],
        [
          -0.28797985845387347,
          0.1390664049254599,
          0.947485164076987
        ]
      ],
      "tx": -0.09846483828613124,
      "ty": 0.06514084408415907,
      "tz": 0.0
    },
    {
      "R": [
        [
          0.4202330831996076,
          0.14176040667297365,
          -0.8962745912299784
        ],
        [
          0.1967692541331922,
          -0.9784557155123574,
          -0.06250018727226749
        ],
        [
          -0.8858250484223277,
          -0.1500946364168767,
          -0.4390735515906954
        ]
      ],
      "tx": 0.09826215839066027,
      "ty": -0.005638282027203831,
      "tz": 0.0
    },
    {
      "R": [
        [
          -0.9212430926402047,
          0.3860037368886496,
          0.04808616610532926
        ],
        [
          0.22060758055690072,
          0.620275664628368,
          -0.7527219906915613
        ],
        [
          -0.3203801798856192,
          -0.6828317618402314,
          -0.6565800220526237
        ]
      ],
      "tx": 0.010756510845498862,
      "ty": -0.0918440371568535,
      "tz": 0.0
    },
    {
      "R": [
        [
          -0.2639685837905179,
          -0.2152775764206588,
          -0.9402000594884452
        ],
        [
          0.9545472244456471,
          -0.1981966036951699,
          -0.22261559376380496
        ],
        [
          -0.13842031308568864,
          -0.9562288802238443,
          0.25781028984722987
        ]
      ],
      "tx": 0.09819713127518478,
      "ty": -0.09766026649629027,
      "tz": 0.0
    }
  ],
  "points_N": 21925
}