{
  "type": "scene",
  "distance_m": 0.5,
  "num_objects": 11,
  "intrinsics": {
    "width": 640,
    "height": 480,
    "fx": 554.2562584220408,
    "fy": 554.2562584220408,
    "cx": -0.019321094313890674,
    "cy": 0.0938886360692284
  },
  "T_wc": [
    [
      0.999999999999,
      0.0,
      0.0,
      0.0
    ],
    [
      -0.0,
      0.9999999999970001,
      0.0,
      0.0
    ],
    [
      0.0,
      0.0,
      -0.999999999998,
      0.5150141660124063
    ],
    [
      0.0,
      0.0,
      0.0,
      1.0
    ]
  ],
  "bin_size": {
    "w": 0.25,
    "d": 0.25
  },
  "z_floor": 0.0,
  "piece_aabb": {
    "w": 0.0300283320248127,
    "d": 0.0300283320248127,
    "h": 0.0300283320248127
  },
  "poses": [
    {
      "R": [
        [
          -0.2962210984035796,
          0.9458001970999538,
          -0.1330978888873342
        ],
        [
          0.8402355334421504,
          0.19178697434149805,
          -0.5071705874891784
        ],
        [
          -0.45415560020962165,
          -0.26206820417330645,
          -0.8515062813389085
        ]
      ],
      "tx": 0.09261787332934901,
      "ty": 0.017981148814908032,
      "tz": 0.0
    },
    {
      "R": [
        [
          0.36031606470543187,
          0.8858853674271189,
          -0.2921976202738648
        ],
        [
          0.8641403612091035,
          -0.43496063573079136,
          -0.2531218708331346
        ],
        [
          -0.35133142422019575,
          -0.16129588073842627,
          -0.9222526059666216
        ]
      ],
      "tx": 0.0018634818867338115,
      "ty": -0.016470629190910482,
      "tz": 0.0
    },
    {
      "R": [
        [
          -0.7936722476346905,
          0.536311952162249,
          0.2871477900009252
        ],
        [
          -0.584476297704186,
          -0.541318835933023,
          -0.6044513010045759
        ],
        [
          -0.16873594980473433,
          -0.6475672998476946,
          0.7430913614162529
        ]
      ],
      "tx": -0.08993430183696734,
      "ty": 0.024444348900986804,
      "tz": 0.0
    },
    {
      "R": [
        [
          0.31552624913725524,
          -0.8547341173653893,
          0.4121562503674837
        ],
        [
          -0.1063025954752786,
          0.3997712609996209,
          0.9104299517667422
        ],
        [
          -0.9429437651846447,
          -0.3310778269385948,
          0.03527787137886862
        ]
      ],
      "tx": 0.01587857811402009,
      "ty": -0.07324283411933688,
      "tz": 0.0
    },
    {
      "R": [
        [
          -0.8168676534060453,
          0.058707501323369146,
          -0.5738298232989186
        ],
        [
          -0.12566553902142674,
          0.9528003341795027,
          0.27636876721127923
        ],
        [
          0.5629701671681687,
          0.29786734039802787,
          -0.7709342633473037
        ]
      ],
      "tx": -0.09413688899052391,
      "ty": -0.041050130282359716,
      "tz": 0.0
    },
    {
      "R": [
        [
          0.5235571045849922,
          0.6573331392287658,
          -0.5420342261428104
        ],
        [
          -0.03236303174954008,
          -0.6203946255253598,
          -0.7836218110767631
        ],
        [
          -0.8513757057930169,
          0.42781263736699493,
          -0.30353872058526243
        ]
      ],
      "tx": 0.01727448818308669,
      "ty": 0.04775119702626751,
      "tz": 0.0
    },
    {
      "R": [
        [
          -0.9129912961235158,
          -0.40166563441903036,
          -0.07149553363295577
        ],
        [
          0.22042083205347363,
          -0.633098189616683,
          0.7420251606926368
        ],
        [
          -0.3433096998331938,
          0.6617034082055472,
          0.6665486100575153
        ]
      ],
      "tx": 0.07425353086757921,
      "ty": -0.0661068218171129,
      "tz": 0.0
    },
    {
      "R": [
        [
          0.21113762306768202,
          -0.8535894015303993,
          0.47624157495991903
        ],
        [
          -0.8152262106893515,
          -0.42259220562223665,
          -0.3960076427954571
        ],
        [
          0.5392839043865584,
          -0.30463250211083504,
          -0.7850935671162267
        ]
      ],
      "tx": -0.046942761994315026,
      "ty": -0.08184568622493482,
      "tz": 0.0
    },
    {
      "R": [
        [
          0.05637626891701464,
          0.9194764617453474,
          0.38908193558587745
        ],
        [
          0.6061402250823885,
          -0.341185643627796,
          0.7184611222045055
        ],
        [
          0.7933572611630069,
          0.195334054579694,
          -0.5765664430760684
        ]
      ],
      "tx": 0.06729372007110188,
      "ty": 0.08549504743700198,
      "tz": 0.0
    },
    {
      "R": [
        [
          0.8552903415622117,
          0.5092272735300436,
          0.09573931023123798
        ],
        [
          -0.5133308180889431,
          0.8076077626315468,
          0.29027775136479794
        ],
        [
          0.07049753776219032,
          -0.2974176955569814,
          0.9521411720638087
        ]
      ],
      "tx": -0.0777226629673978,
      "ty": 0.08445369018775203,
      "tz": 0.0
    },
    {
      "R": [
        [
          -0.2486755405051977,
          -0.9558317717237309,
          0.156671949365294
        ],
        [
          -0.9089413668362919,
          0.28617415031904714,
          0.30319951738573847
        ],
        [
          -0.33464319387703234,
          -0.06700731193418304,
          -0.9399595485653274
        ]
      ],
      "tx": -0.019321094313890674,
      "ty": 0.0938886360692284,
      "tz": 0.0
    }
  ],
  "points_N": 18794
}