{
  "type": "scene",
  "distance_m": 0.5,
  "num_objects": 11,
  "intrinsics": {
    "width": 640,
    "height": 480,
    "fx": 554.2562584220408,
    "fy": 554.2562584220408,
    "cx": 0.08061298631851554,
    "cy": -0.04149626837479319
  },
  "T_wc": [
    [
      0.999999999999,
      0.0,
      0.0,
      0.0
    ],
    [
      -0.0,
      0.9999999999970001,
      0.0,
      0.0
    ],
    [
      0.0,
      0.0,
      -0.999999999998,
      0.5150141660124063
    ],
    [
      0.0,
      0.0,
      0.0,
      1.0
    ]
  ],
  "bin_size": {
    "w": 0.25,
    "d": 0.25
  },
  "z_floor": 0.0,
  "piece_aabb": {
    "w": 0.0300283320248127,
    "d": 0.0300283320248127,
    "h": 0.0300283320248127
  },
  "poses": [
    {
      "R": [
        [
          0.3217440260613863,
          0.2113177675058603,
          -0.9229439759975409
        ],
        [
          -0.8136366361211081,
          0.5602285550708961,
          -0.15536856324463938
        ],
        [
          0.48422743215903985,
          0.8009299390205833,
          0.35218606832915367
        ]
      ],
      "tx": -0.0037395844389429556,
      "ty": -0.0019862935311415475,
      "tz": 0.0
    },
    {
      "R": [
        [
          -0.8551625168238619,
          0.20750937281027174,
          -0.47501255774491447
        ],
        [
          0.05545639986125797,
          0.9477412673144447,
          0.31418319169497044
        ],
        [
          0.5153849605235937,
          0.2423352026122039,
          -0.8219805302079823
        ]
      ],
      "tx": 0.04837391718747602,
      "ty": -0.09006828690014076,
      "tz": 0.0
    },
    {
      "R": [
        [
          -0.057828190355531994,
          0.9875845040848423,
          0.14605734384720295
        ],
        [
          -0.8106682383098922,
          -0.13183761766587976,
          0.570469850179412
        ],
        [
          0.5826430363402105,
          -0.08541481054056718,
          0.8082273209590103
        ]
      ],
      "tx": 0.06263635718778177,
      "ty": 0.02746073794283438,
      "tz": 0.0
    },
    {
      "R": [
        [
          0.7293476809896016,
          0.5880015067005269,
          0.34972301661886734
        ],
        [
          0.10370338210199262,
          0.4102577588418638,
          -0.9060541815204317
        ],
        [
          -0.6762378048997988,
          0.6970959757651463,
          0.2382428000933925
        ]
      ],
      "tx": -0.015548708169548078,
      "ty": 0.06529327203561455,
      "tz": 0.0
    },
    {
      "R": [
        [
          0.08706418498013968,
          -0.8400050892166655,
          0.535547642870217
        ],
        [
          0.9873589223713779,
          0.001287989773361975,
          -0.15849510874463868
        ],
        [
          0.13244691807428038,
          0.5425769910090598,
          0.8294986574553207
        ]
      ],
      "tx": -0.09455953616390411,
      "ty": 0.02270604634380377,
      "tz": 0.0
    },
    {
      "R": [
        [
          -0.44847625341492603,
          -0.88582063311384,
          -0.11912537963300163
        ],
        [
          -0.7746780539188246,
          0.3187620952350314,
          0.5461360997204959
        ],
        [
          -0.44580597001324884,
          0.3372128891237234,
          -0.8291830343834694
        ]
      ],
      "tx": 0.04243852194858519,
      "ty": 0.09142194634839124,
      "tz": 0.0
    },
    {
      "R": [
        [
          -0.3336847740187203,
          -0.7441607455309807,
          0.5786875291544227
        ],
        [
          0.04440183195403835,
          0.6007833107479529,
          0.7981778566496656
        ],
        [
          -0.9416384385246819,
          0.2920345841463024,
          -0.16743014291129077
        ]
      ],
      "tx": -0.060564933021306944,
      "ty": -0.025883273065182955,
      "tz": 0.0
    },
    {
      "R": [
        [
          0.9357082200889935,
          0.3216780049268903,
          -0.1448219182449376
        ],
        [
          0.21286400312128836,
          -0.8422023316043883,
          -0.49536264374225025
        ],
        [
          -0.2813166241676236,
          0.4326875244173177,
          -0.8565293125051496
        ]
      ],
      "tx": -0.09267190228496718,
      "ty": 0.09896437962713614,
      "tz": 0.0
    },
    {
      "R": [
        [
          0.9661457275705659,
          -0.25437893027961545,
          0.043055695638792746
        ],
        [
          0.18419262624132726,
          0.7969455014251356,
          0.5752833599162781
        ],
        [
          -0.1806530086532315,
          -0.5478770186711956,
          0.816820214537139
        ]
      ],
      "tx": -0.02667280359816783,
      "ty": -0.07500073200248564,
      "tz": 0.0
    },
    {
      "R": [
        [
          -0.2857429875510269,
          0.7743218524771551,
          -0.5646030586542733
        ],
        [
          0.5707343756235406,
          -0.33577599513367984,
          -0.7493442156803471
        ],
        [
          -0.769813755103805,
          -0.5363582290487712,
          -0.345986463007796
        ]
      ],
      "tx": -0.09526844204829561,
      "ty": -0.09562611894510292,
      "tz": 0.0
    },
    {
      "R": [
        [
          0.5729137908483014,
          -0.6246884490905984,
          -0.5305978984396863
        ],
        [
          0.8043879878040749,
          0.5527559479240607,
          0.21776323636253314
        ],
        [
          0.15725696592628305,
          -0.5515661371108237,
          0.8191733901075546
        ]
      ],
      "tx": 0.08061298631851554,
      "ty": -0.04149626837479319,
      "tz": 0.0
    }
  ],
  "points_N": 18922
}