{
  "type": "scene",
  "distance_m": 0.5,
  "num_objects": 13,
  "intrinsics": {
    "width": 640,
    "height": 480,
    "fx": 554.2562584220408,
    "fy": 554.2562584220408,
    "cx": -0.007666520708065588,
    "cy": -0.09708305521712374
  },
  "T_wc": [
    [
      0.999999999999,
      0.0,
      0.0,
      0.0
    ],
    [
      -0.0,
      0.9999999999970001,
      0.0,
      0.0
    ],
    [
      0.0,
      0.0,
      -0.999999999998,
      0.5150141660124063
    ],
    [
      0.0,
      0.0,
      0.0,
      1.0
    ]
  ],
  "bin_size": {
    "w": 0.25,
    "d": 0.25
  },
  "z_floor": 0.0,
  "piece_aabb": {
    "w": 0.0300283320248127,
    "d": 0.0300283320248127,
    "h": 0.0300283320248127
  },
  "poses": [
    {
      "R": [
        [
          -0.6861515312944921,
          0.12722716265637027,
          -0.7162466929659316
        ],
        [
          -0.07250251743696565,
          0.967725106612657,
          0.24135348142677418
        ],
        [
          0.7238366259505845,
          0.21753474921016927,
          -0.6547817741954511
        ]
      ],
      "tx": 0.09541210708157513,
      "ty": 0.0523678248028665,
      "tz": 0.0
    },
    {
      "R": [
        [
          -0.7503228396828552,
          0.164701973441227,
          -0.6402256603689216
        ],
        [
          0.6597166177689286,
          0.24853023019081066,
          -0.7092296587994806
        ],
        [
          0.04230390631822928,
          -0.9545187188451927,
          -0.29513453692231684
        ]
      ],
      "tx": 0.05098661320123685,
      "ty": -0.07341431528954082,
      "tz": 0.0
    },
    {
      "R": [
        [
          -0.6825621752859725,
          -0.2645758600884747,
          0.6812550852120856
        ],
        [
          0.23726657227640396,
          -0.9618993136084644,
          -0.13584654636674473
        ],
        [
          0.691240515702811,
          0.06891534472096908,
          0.7193310953329504
        ]
      ],
      "tx": -0.02393476630954794,
      "ty": 0.08053741745751075,
      "tz": 0.0
    },
    {
      "R": [
        [
          -0.954413863811375,
          -0.2117095500517558,
          -0.2104120789819938
        ],
        [
          0.19671469089797594,
          0.08404976999131542,
          -0.9768515580933066
        ],
        [
          0.22449389067312162,
          -0.9737118170081382,
          -0.03857188703128789
        ]
      ],
      "tx": -0.05065205121019548,
      "ty": -0.05597414746784325,
      "tz": 0.0
    },
    {
      "R": [
        [
          0.1370906461287985,
          0.511278615659327,
          -0.8484104737174516
        ],
        [
          0.7211799242585353,
          -0.6386626345732411,
          -0.2683459633503364
        ],
        [
          -0.6790476210034477,
          -0.5750688796739474,
          -0.4562785465481687
        ]
      ],
      "tx": -0.012046011913828536,
      "ty": 0.0041398671910871515,
      "tz": 0.0
    },
    {
      "R": [
        [
          -0.8976165635887696,
          -0.4406790757744769,
          -0.009298222714107712
        ],
        [
          0.23104178981228968,
          -0.4883630693664791,
          0.8414993783950676
        ],
        [
          -0.37537207692025,
          0.7531955022791256,
          0.5401780625081638
        ]
      ],
      "tx": 0.05128871646287861,
      "ty": -0.0026657080723377635,
      "tz": 0.0
    },
    {
      "R": [
        [
          0.7143083173047622,
          0.563853090976723,
          0.41452782732312976
        ],
        [
          -0.04305593556167103,
          0.6266111575074671,
          -0.7781417889434172
        ],
        [
          -0.6985054146119044,
          0.5379852684629456,
          0.4718707838748909
        ]
      ],
      "tx": -0.06866431124933378,
      "ty": 0.033453586497234816,
      "tz": 0.0
    },
    {
      "R": [
        [
          -0.420254712506708,
          -0.493339646021264,
          0.7615786041371687
        ],
        [
          0.6870890341695635,
          -0.7212188805276507,
          -0.08804536043641908
        ],
        [
          0.5927011352611372,
          0.4862708299230548,
          0.642063894192862
        ]
      ],
      "tx": 0.040566040267193876,
      "ty": 0.09887512259585399,
      "tz": 0.0
    },
    {
      "R": [
        [
          0.020674736067055832,
          0.8591091779799015,
          -0.5113745942059064
        ],
        [
          0.864914084661378,
          -0.2719299789813312,
          -0.42187404836702525
        ],
        [
          -0.5014939495576473,
          -0.4335729544631566,
          -0.7486777088408343
        ]
      ],
      "tx": 0.09713379352943805,
      "ty": -0.0395266088106737,
      "tz": 0.0
    },
    {
      "R": [
        [
          0.016436609793466617,
          -0.23537300851491316,
          0.9717661162651927
        ],
        [
          -0.19118322568988622,
          -0.9547050934296823,
          -0.2280069270751038
        ],
        [
          0.981416737208668,
          -0.18203771983317166,
          -0.06069148609675312
        ]
      ],
      "tx": -0.09709315171798395,
      "ty": 0.09030386781199096,
      "tz": 0.0
    },
    {
      "R": [
        [
          0.864170148571229,
          0.14530505158028334,
          -0.4817638387256055
        ],
        [
          0.4217639742347599,
          0.31302847418251645,
          0.8509572988045089
        ],
        [
          0.274454193547996,
          -0.9385625265991695,
          0.20922542701044322
        ]
      ],
      "tx": -0.09834722021706149,
      "ty": -0.02083686387804981,
      "tz": 0.0
    },
    {
      "R": [
        [
          0.42004321567448455,
          0.6427791155382111,
          -0.6406236848523114
        ],
        [
          0.7158363693776703,
          0.19921750635666868,
          0.66924635033538
        ],
        [
          0.5578010301550492,
          -0.739694121775309,
          -0.37644470638995586
        ]
      ],
      "tx": -0.09877491400354306,
      "ty": -0.08852379593065965,
      "tz": 0.0
    },
    {
      "R": [
        [
          0.25464668767014675,
          -0.9508377435393557,
          0.17624599263418483
        ],
        [
          -0.9022098043397383,
          -0.29920270620612066,
          -0.3106367807459135
        ],
        [
          0.3480984536189061,
          -0.07990823524468639,
          -0.934046112634813
        ]
      ],
      "tx": -0.007666520708065588,
      "ty": -0.09708305521712374,
      "tz": 0.0
    }
  ],
  "points_N": 22426
}