{
  "type": "scene",
  "distance_m": 0.5,
  "num_objects": 6,
  "intrinsics": {
    "width": 640,
    "height": 480,
    "fx": 554.2562584220408,
    "fy": 554.2562584220408,
    "cx": 0.025023169192875103,
    "cy": -0.08090681604121447
  },
  "T_wc": [
    [
      0.999999999999,
      0.0,
      0.0,
      0.0
    ],
    [
      -0.0,
      0.9999999999970001,
      0.0,
      0.0
    ],
    [
      0.0,
      0.0,
      -0.999999999998,
      0.5150141660124063
    ],
    [
      0.0,
      0.0,
      0.0,
      1.0
    ]
  ],
  "bin_size": {
    "w": 0.25,
    "d": 0.25
  },
  "z_floor": 0.0,
  "piece_aabb": {
    "w": 0.0300283320248127,
    "d": 0.0300283320248127,
    "h": 0.0300283320248127
  },
  "poses": [
    {
      "R": [
        [
          0.8837708759067325,
          0.23561993794747332,
          -0.4042675892780369
        ],
        [
          -0.3999936094637055,
          -0.06789621026264236,
          -0.913999571673952
        ],
        [
          -0.24280475960582687,
          0.9694706542611797,
          0.034241776226661025
        ]
      ],
      "tx": -0.03330393421234577,
      "ty": 0.03130297048791733,
      "tz": 0.0
    },
    {
      "R": [
        [
          0.10012949660537651,
          -0.5716478750903468,
          -0.8143664966182271
        ],
        [
          0.9904504121723531,
          0.13522856929719707,
          0.026855447742477
        ],
        [
          0.09477375658466669,
          -0.8092786546984445,
          0.5797292420710776
        ]
      ],
      "tx": 0.07495291593350964,
      "ty": -0.047711293448179544,
      "tz": 0.0
    },
    {
      "R": [
        [
          -0.5505961580819874,
          -0.4495946594332768,
          0.7033551826171691
        ],
        [
          -0.7505033272926728,
          0.6355199364186775,
          -0.18127097433684058
        ],
        [
          -0.36549777896450064,
          -0.6276775068643737,
          -0.687337123214323
        ]
      ],
      "tx": 0.011168398488619571,
      "ty": 0.07398565226940945,
      "tz": 0.0
    },
    {
      "R": [
        [
          -0.013249535569910487,
          0.9512377540676751,
          0.30817395257137914
        ],
        [
          -0.5156450873109051,
          0.25755887495531704,
          -0.8171741368055404
        ],
        [
          -0.8566998270919111,
          -0.16973556247303156,
          0.4870885392745893
        ]
      ],
      "tx": 0.08983978625548411,
      "ty": 0.07538181228265861,
      "tz": 0.0
    },
    {
      "R": [
        [
          0.8938574722865179,
          0.09919870900526484,
          -0.43723956290487437
        ],
        [
          0.3767530276401636,
          -0.6948602415938745,
          0.6125572632955001
        ],
        [
          -0.24305549860376935,
          -0.7122702161285359,
          -0.658479433099229
        ]
      ],
      "tx": -0.0899281776304739,
      "ty": -0.04051986154564656,
      "tz": 0.0
    },
    {
      "R": [
        [
          -0.796372035463528,
          -0.24805595079552045,
          -0.551597522117901
        ],
        [
          0.4630976193305387,
          0.33652174930854584,
          -0.8199351847632249
        ],
        [
          0.3890143649045179,
          -0.9084169513594772,
          -0.15312239020041507
        ]
      ],
      "tx": 0.025023169192875103,
      "ty": -0.08090681604121447,
      "tz": 0.0
    }
  ],
  "points_N": 10194
}