{
  "type": "scene",
  "distance_m": 0.5,
  "num_objects": 9,
  "intrinsics": {
    "width": 640,
    "height": 480,
    "fx": 554.2562584220408,
    "fy": 554.2562584220408,
    "cx": -0.054855157866957036,
    "cy": 0.08881896891348753
  },
  "T_wc": [
    [
      0.999999999999,
      0.0,
      0.0,
      0.0
    ],
    [
      -0.0,
      0.9999999999970001,
      0.0,
      0.0
    ],
    [
      0.0,
      0.0,
      -0.999999999998,
      0.5150141660124063
    ],
    [
      0.0,
      0.0,
      0.0,
      1.0
    ]
  ],
  "bin_size": {
    "w": 0.25,
    "d": 0.25
  },
  "z_floor": 0.0,
  "piece_aabb": {
    "w": 0.0300283320248127,
    "d": 0.0300283320248127,
    "h": 0.0300283320248127
  },
  "poses": [
    {
      "R": [
        [
          0.12397994225972164,
          -0.7750282854827326,
          0.6196451650896442
        ],
        [
          0.040982804908562376,
          0.6279296643182218,
          0.7771902896788097
        ],
        [
          -0.9914380382147454,
          -0.07096121032579239,
          0.10961351654789597
        ]
      ],
      "tx": 0.00889040438463827,
      "ty": 0.078906328693341,
      "tz": 0.0
    },
    {
      "R": [
        [
          -0.15913302033342092,
          -0.6888716767584878,
          0.7072004629519927
        ],
        [
          -0.22365001033900064,
          0.7228598616626258,
          0.6537998877886524
        ],
        [
          -0.9615910537827025,
          -0.054124240013499414,
          -0.26909703069345303
        ]
      ],
      "tx": 0.0027531730105276597,
      "ty": 0.004765167354514974,
      "tz": 0.0
    },
    {
      "R": [
        [
          -0.5911850421274802,
          0.10212679922475676,
          0.8000439755693654
        ],
        [
          -0.74171739944362,
          -0.4584583756548064,
          -0.489562270967187
        ],
        [
          0.3167894337368631,
          -0.8828284287856063,
          0.3467829580596704
        ]
      ],
      "tx": -0.016124113847706623,
      "ty": -0.09410942640956535,
      "tz": 0.0
    },
    {
      "R": [
        [
          0.515314280473386,
          -0.5192525129116512,
          -0.6817829714616903
        ],
        [
          -0.37115284916159424,
          -0.8522874241951315,
          0.3685806683998215
        ],
        [
          -0.77246149088445,
          0.06311081043501049,
          -0.6319179303571067
        ]
      ],
      "tx": 0.06088564680467859,
      "ty": 0.05230479669056662,
      "tz": 0.0
    },
    {
      "R": [
        [
          0.574772137400932,
          -0.6743992367804368,
          0.4634896541429252
        ],
        [
          -0.6102085666920052,
          -0.7306107284243166,
          -0.3063551348467626
        ],
        [
          0.5452361829549217,
          -0.10674096187150311,
          -0.8314588816384689
        ]
      ],
      "tx": -0.07425102138061304,
      "ty": -0.07810916196188296,
      "tz": 0.0
    },
    {
      "R": [
        [
          -0.7533207512466435,
          -0.030156240738749673,
          -0.6569615261837629
        ],
        [
          0.5449794668364559,
          -0.587769241373413,
          -0.5979336916598482
        ],
        [
          -0.36811034550504634,
          -0.8084664000685674,
          0.45921329847068504
        ]
      ],
      "tx": 0.06261050554561534,
      "ty": -0.09583888543194484,
      "tz": 0.0
    },
    {
      "R": [
        [
          0.7574582770035434,
          -0.6116948885018694,
          0.22822427999559766
        ],
        [
          0.06707669169548575,
          0.4206248590385462,
          0.9047515931956085
        ],
        [
          -0.6494287305239984,
          -0.6700030532314676,
          0.35963625043993985
        ]
      ],
      "tx": 0.061848176152014905,
      "ty": -0.015006877892363268,
      "tz": 0.0
    },
    {
      "R": [
        [
          0.01765609731947837,
          -0.9986687495160601,
          0.048466390080896024
        ],
        [
          -0.954497262101332,
          -0.031268286257460254,
          -0.29657591088215907
        ],
        [
          0.2976965550161875,
          -0.041024663491002145,
          -0.9537786630644152
        ]
      ],
      "tx": -0.08620573809068693,
      "ty": 0.034319911456287266,
      "tz": 0.0
    },
    {
      "R": [
        [
          -0.10926713663597454,
          0.1659104522838003,
          -0.9800685765161337
        ],
        [
          -0.9269968457939669,
          0.3388897334635378,
          0.16071899838242176
        ],
        [
          0.35880014038376845,
          0.9260817838484878,
          0.11676895514044383
        ]
      ],
      "tx": -0.054855157866957036,
      "ty": 0.08881896891348753,
      "tz": 0.0
    }
  ],
  "points_N": 14733
}