{
  "type": "scene",
  "distance_m": 0.5,
  "num_objects": 4,
  "intrinsics": {
    "width": 640,
    "height": 480,
    "fx": 554.2562584220408,
    "fy": 554.2562584220408,
    "cx": -0.03441597208642953,
    "cy": 0.062384401038628884
  },
  "T_wc": [
    [
      0.999999999999,
      0.0,
      0.0,
      0.0
    ],
    [
      -0.0,
      0.9999999999970001,
      0.0,
      0.0
    ],
    [
      0.0,
      0.0,
      -0.999999999998,
      0.5150141660124063
    ],
    [
      0.0,
      0.0,
      0.0,
      1.0
    ]
  ],
  "bin_size": {
    "w": 0.25,
    "d": 0.25
  },
  "z_floor": 0.0,
  "piece_aabb": {
    "w": 0.0300283320248127,
    "d": 0.0300283320248127,
    "h": 0.0300283320248127
  },
  "poses": [
    {
      "R": [
        [
          -0.8156343275064211,
          0.023075981806375545,
          0.5781073800400925
        ],
        [
          0.5480736074346444,
          -0.2892946997548813,
          0.7848081915521196
        ],
        [
          0.18535362048453086,
          0.9569618988013081,
          0.22331135129202817
        ]
      ],
      "tx": 0.07004799973965994,
      "ty": 0.043240466510309467,
      "tz": 0.0
    },
    {
      "R": [
        [
          0.7024164831052475,
          0.5323026149913944,
          0.47250927010523175
        ],
        [
          -0.643487730943178,
          0.7586368510417746,
          0.10194934216080248
        ],
        [
          -0.3041950433318327,
          -0.37566481644511723,
          0.8754092307587353
        ]
      ],
      "tx": 0.07947778287095891,
      "ty": -0.08538095868780357,
      "tz": 0.0
    },
    {
      "R": [
        [
          -0.13154150325420932,
          0.9021601400628385,
          0.4108575356536892
        ],
        [
          0.6032706679973925,
          -0.25602523576644587,
          0.7553248174028944
        ],
        [
          0.7866138404932899,
          0.3472148619119513,
          -0.5105688059525981
        ]
      ],
      "tx": 0.004045086369148909,
      "ty": -0.061086333005566255,
      "tz": 0.0
    },
    {
      "R": [
        [
          -0.27368592794747015,
          0.8416843996121024,
          0.4654711422775281
        ],
        [
          -0.9138683256736708,
          -0.07666317618454754,
          -0.39870721180798624
        ],
        [
          -0.2999011440023755,
          -0.5344998866855929,
          0.7901703455326292
        ]
      ],
      "tx": -0.03441597208642953,
      "ty": 0.062384401038628884,
      "tz": 0.0
    }
  ],
  "points_N": 6791
}