{
  "type": "scene",
  "distance_m": 0.5,
  "num_objects": 13,
  "intrinsics": {
    "width": 640,
    "height": 480,
    "fx": 554.2562584220408,
    "fy": 554.2562584220408,
    "cx": -0.0942924985278326,
    "cy": -0.0033843627460152237
  },
  "T_wc": [
    [
      0.999999999999,
      0.0,
      0.0,
      0.0
    ],
    [
      -0.0,
      0.9999999999970001,
      0.0,
      0.0
    ],
    [
      0.0,
      0.0,
      -0.999999999998,
      0.5150141660124063
    ],
    [
      0.0,
      0.0,
      0.0,
      1.0
    ]
  ],
  "bin_size": {
    "w": 0.25,
    "d": 0.25
  },
  "z_floor": 0.0,
  "piece_aabb": {
    "w": 0.0300283320248127,
    "d": 0.0300283320248127,
    "h": 0.0300283320248127
  },
  "poses": [
    {
      "R": [
        [
          -0.5657210799772869,
          -0.2577257384109875,
          -0.7832860929633844
        ],
        [
          -0.389783748923254,
          -0.7534981889274734,
          0.5294422615907719
        ],
        [
          -0.7266555502744515,
          0.6048288378074651,
          0.32581250468913137
        ]
      ],
      "tx": -0.05572743943103741,
      "ty": -0.05037217364901851,
      "tz": 0.0
    },
    {
      "R": [
        [
          -0.730876212281824,
          0.2714579621477683,
          -0.6262032713960818
        ],
        [
          -0.5793033584574537,
          0.23838244364886174,
          0.779475098665706
        ],
        [
          0.36087058788503246,
          0.9324614658775867,
          -0.016971548336346842
        ]
      ],
      "tx": 0.01652347826433495,
      "ty": -0.06577614468322246,
      "tz": 0.0
    },
    {
      "R": [
        [
          -0.030900400341572265,
          -0.21135649375706128,
          -0.9769204664687152
        ],
        [
          0.9450283701831361,
          0.312138123413215,
          -0.0974226434720481
        ],
        [
          0.3255250294643038,
          -0.9262279549110995,
          0.19009268984752237
        ]
      ],
      "tx": 0.04119018051741699,
      "ty": 0.005929531364909479,
      "tz": 0.0
    },
    {
      "R": [
        [
          -0.8749275065349529,
          -0.4837043125915362,
          0.023065044740454843
        ],
        [
          -0.40873091898347097,
          0.7120950484873887,
          -0.57084120190003
        ],
        [
          0.2596938470111623,
          -0.5088720663389699,
          -0.8207364533907642
        ]
      ],
      "tx": 0.08579754143723825,
      "ty": -0.08634765095461784,
      "tz": 0.0
    },
    {
      "R": [
        [
          0.515582221006204,
          -0.5964859808354043,
          0.6151255547033756
        ],
        [
          0.8275170146931229,
          0.16043469835474466,
          -0.5380300158515358
        ],
        [
          0.2222398789049604,
          0.7864255732303266,
          0.5763195762714127
        ]
      ],
      "tx": -0.09649825856333837,
      "ty": -0.0920468897236346,
      "tz": 0.0
    },
    {
      "R": [
        [
          0.4994321893456982,
          -0.3058748267816695,
          0.8105603485161648
        ],
        [
          -0.7703731339787654,
          0.2712346420071293,
          0.5770242658840266
        ],
        [
          -0.3963492433310525,
          -0.9126184083813718,
          -0.1001744378289895
        ]
      ],
      "tx": -0.06556908630161792,
      "ty": 0.04652980698035569,
      "tz": 0.0
    },
    {
      "R": [
        [
          -0.07719202903096267,
          -0.8119447025333084,
          -0.5786079766838514
        ],
        [
          0.05240864891260083,
          0.5762328002222881,
          -0.8156035148692877
        ],
        [
          0.9956378479011527,
          -0.09328215250559951,
          -0.0019276541918373802
        ]
      ],
      "tx": 0.0352318227114482,
      "ty": 0.08397337907159064,
      "tz": 0.0
    },
    {
      "R": [
        [
          -0.857588487084012,
          -0.5134551044801161,
          0.03009721755027034
        ],
        [
          0.013706399124318258,
          -0.08131027205780583,
          -0.9965945887274977
        ],
        [
          0.5141537916265913,
          -0.8542555211066526,
          0.07676837379286627
        ]
      ],
      "tx": -0.01687154272583155,
      "ty": 0.0033942020184247468,
      "tz": 0.0
    },
    {
      "R": [
        [
          0.9943025664788528,
          0.10568372632665232,
          -0.01390526099286605
        ],
        [
          0.10659043966138237,
          -0.9869187072349181,
          0.12095430328248523
        ],
        [
          -0.0009404607167064222,
          -0.12174734206327247,
          -0.9925606783638818
        ]
      ],
      "tx": 0.09731061380051603,
      "ty": 0.060690237504661015,
      "tz": 0.0
    },
    {
      "R": [
        [
          -0.12581479283993713,
          -0.28244101243619735,
          -0.9509982715003533
        ],
        [
          -0.46542354783902085,
          0.8633754025680381,
          -0.1948431044646356
        ],
        [
          0.8761001991893294,
          0.4181028446859625,
          -0.24008009548049491
        ]
      ],
      "tx": -0.02242593543099071,
      "ty": 0.0945502959819309,
      "tz": 0.0
    },
    {
      "R": [
        [
          -0.5733287705733601,
          -0.7156080592397549,
          -0.39899777741730735
        ],
        [
          -0.019070477937844443,
          0.4985067654456721,
          -0.8666760188652481
        ],
        [
          0.8191034352901115,
          -0.48928121806994096,
          -0.29945525866134504
        ]
      ],
      "tx": -0.09517484160618217,
      "ty": 0.09817781629064437,
      "tz": 0.0
    },
    {
      "R": [
        [
          0.9341710997245509,
          -0.33606599292994077,
          0.11993333496337047
        ],
        [
          -0.2616397082981803,
          -0.8736689959768056,
          -0.41017941014941717
        ],
        [
          0.2426293870928791,
          0.3517984278886045,
          -0.9040845351260247
        ]
      ],
      "tx": 0.09750243131852815,
      "ty": -0.028650978569373015,
      "tz": 0.0
    },
    {
      "R": [
        [
          0.5448484975733243,
          -0.3694102683803595,
          -0.7527789637783737
        ],
        [
          0.8248310833346884,
          0.39774091548356705,
          0.4018156892347764
        ],
        [
          0.15097615261032343,
          -0.8398441627858377,
          0.52140961208779
        ]
      ],
      "tx": -0.0942924985278326,
      "ty": -0.0033843627460152237,
      "tz": 0.0
    }
  ],
  "points_N": 21011
}