{
  "type": "scene",
  "distance_m": 0.5,
  "num_objects": 10,
  "intrinsics": {
    "width": 640,
    "height": 480,
    "fx": 554.2562584220408,
    "fy": 554.2562584220408,
    "cx": -0.09054337091855637,
    "cy": -0.0792339791709018
  },
  "T_wc": [
    [
      0.999999999999,
      0.0,
      0.0,
      0.0
    ],
    [
      -0.0,
      0.9999999999970001,
      0.0,
      0.0
    ],
    [
      0.0,
      0.0,
      -0.999999999998,
      0.5150141660124063
    ],
    [
      0.0,
      0.0,
      0.0,
      1.0
    ]
  ],
  "bin_size": {
    "w": 0.25,
    "d": 0.25
  },
  "z_floor": 0.0,
  "piece_aabb": {
    "w": 0.0300283320248127,
    "d": 0.0300283320248127,
    "h": 0.0300283320248127
  },
  "poses": [
    {
      "R": [
        [
          0.8353194917038775,
          -0.4643283144250617,
          -0.29434769100972524
        ],
        [
          0.3474313828636974,
          0.8607933230533474,
          -0.37192242361572436
        ],
        [
          0.4260666391317144,
          0.2084084245177159,
          0.8803596694584828
        ]
      ],
      "tx": 0.08292482862468062,
      "ty": 0.04405147204833687,
      "tz": 0.0
    },
    {
      "R": [
        [
          0.243476987371831,
          0.964259446039279,
          -0.1045116134425278
        ],
        [
          -0.11049112488697094,
          -0.07947757717090087,
          -0.990694214199445
        ],
        [
          -0.9635925840009093,
          0.2527588484130015,
          0.08719114982258414
        ]
      ],
      "tx": -0.025697258795997463,
      "ty": 0.04396667152198275,
      "tz": 0.0
    },
    {
      "R": [
        [
          0.20518592973848837,
          -0.2183972839357055,
          0.9540447372145914
        ],
        [
          0.5947173399665722,
          0.802003895916633,
          0.055686950694278814
        ],
        [
          -0.7773094749071546,
          0.5559607695728623,
          0.2944445667957112
        ]
      ],
      "tx": 0.011479309170932914,
      "ty": -0.04207534712108405,
      "tz": 0.0
    },
    {
      "R": [
        [
          -0.3672904591853361,
          0.7682562732858078,
          -0.5242900124439025
        ],
        [
          -0.13436783268918912,
          0.5139477120393847,
          0.8472325742249833
        ],
        [
          0.9203493924210715,
          0.38162815389654353,
          -0.08553916076091128
        ]
      ],
      "tx": -0.08633131106336618,
      "ty": -0.02170462984966859,
      "tz": 0.0
    },
    {
      "R": [
        [
          0.45569897876631804,
          -0.7588418376754521,
          -0.4652929250963068
        ],
        [
          -0.6581096802447347,
          -0.6391885578147312,
          0.39790656733320817
        ],
        [
          -0.5993580645319688,
          0.1248881617771137,
          -0.7906787321842073
        ]
      ],
      "tx": -0.08122472571006126,
      "ty": 0.08204375476284967,
      "tz": 0.0
    },
    {
      "R": [
        [
          0.5283101150231724,
          -0.07539870924800268,
          0.8456970243579773
        ],
        [
          -0.8245136937918585,
          -0.28329087491380434,
          0.4898198127273708
        ],
        [
          0.20264646829863014,
          -0.9560655389848054,
          -0.21183270297993628
        ]
      ],
      "tx": 0.07806750500733173,
      "ty": -0.08706118225282973,
      "tz": 0.0
    },
    {
      "R": [
        [
          -0.9685514467438292,
          0.1290516057354854,
          -0.21272935403354346
        ],
        [
          -0.05285473790650061,
          0.728748064984384,
          0.6827390676256568
        ],
        [
          0.24313467809276193,
          0.6725116659498249,
          -0.6990090038548291
        ]
      ],
      "tx": 0.03794656185797654,
      "ty": 0.08637232201260595,
      "tz": 0.0
    },
    {
      "R": [
        [
          -0.6975137716750095,
          0.3520402018934458,
          -0.6241331865671982
        ],
        [
          -0.4834807132644178,
          0.4116572873706409,
          0.7725183995582083
        ],
        [
          0.5288865078871201,
          0.8405985807776906,
          -0.11693197924220633
        ]
      ],
      "tx": -0.012048457049640957,
      "ty": -0.09886328005350659,
      "tz": 0.0
    },
    {
      "R": [
        [
          -0.9945887965412803,
          0.0329990930250355,
          0.09850982516527203
        ],
        [
          -0.10334878190388738,
          -0.410929435993328,
          -0.9057902781070175
        ],
        [
          0.01059032924654034,
          -0.911069733057646,
          0.41211622927606173
        ]
      ],
      "tx": 0.07210963487631533,
      "ty": -0.015649069299927598,
      "tz": 0.0
    },
    {
      "R": [
        [
          -0.8926494740840409,
          -0.21908088100571455,
          -0.3939295419173905
        ],
        [
          0.4086474960094785,
          -0.7621431031945538,
          -0.5021405323792919
        ],
        [
          -0.19022129329459528,
          -0.6092138030533577,
          0.7698534936899333
        ]
      ],
      "tx": -0.09054337091855637,
      "ty": -0.0792339791709018,
      "tz": 0.0
    }
  ],
  "points_N": 16481
}