{
  "type": "scene",
  "distance_m": 0.5,
  "num_objects": 11,
  "intrinsics": {
    "width": 640,
    "height": 480,
    "fx": 554.2562584220408,
    "fy": 554.2562584220408,
    "cx": 0.022420937812165656,
    "cy": -0.03421576261043528
  },
  "T_wc": [
    [
      0.999999999999,
      0.0,
      0.0,
      0.0
    ],
    [
      -0.0,
      0.9999999999970001,
      0.0,
      0.0
    ],
    [
      0.0,
      0.0,
      -0.999999999998,
      0.5150141660124063
    ],
    [
      0.0,
      0.0,
      0.0,
      1.0
    ]
  ],
  "bin_size": {
    "w": 0.25,
    "d": 0.25
  },
  "z_floor": 0.0,
  "piece_aabb": {
    "w": 0.0300283320248127,
    "d": 0.0300283320248127,
    "h": 0.0300283320248127
  },
  "poses": [
    {
      "R": [
        [
          0.43045076878604627,
          -0.7992392534569202,
          0.41943861456132825
        ],
        [
          0.7071248319716195,
          0.5874057457921193,
          0.3936101647817456
        ],
        [
          -0.560969346453628,
          0.1271656618117835,
          0.818011177671406
        ]
      ],
      "tx": -0.030137052649129997,
      "ty": -0.0019508596414992696,
      "tz": 0.0
    },
    {
      "R": [
        [
          0.48471668987637817,
          0.22842382090565655,
          0.8443176467409335
        ],
        [
          -0.809655645192531,
          -0.24802976435728796,
          0.5319200806519102
        ],
        [
          0.330919124202808,
          -0.9414370897918398,
          0.06472046972262979
        ]
      ],
      "tx": -0.047358879754633,
      "ty": -0.07103614855363706,
      "tz": 0.0
    },
    {
      "R": [
        [
          -0.30103326190046964,
          0.7723087593870133,
          -0.5593908789063832
        ],
        [
          0.5912751850629501,
          0.6113960905684737,
          0.5259167956686313
        ],
        [
          0.7481795444666591,
          -0.17243549695952715,
          -0.6406975640893164
        ]
      ],
      "tx": 0.030421025953640296,
      "ty": 0.08202860028489425,
      "tz": 0.0
    },
    {
      "R": [
        [
          -0.21914506634115116,
          -0.07304209468527273,
          -0.972954414298183
        ],
        [
          0.9311187666404857,
          0.28230461951930064,
          -0.2309154481795525
        ],
        [
          0.29153607376829554,
          -0.9565400954492449,
          0.006145200543218099
        ]
      ],
      "tx": -0.06785864435081702,
      "ty": 0.0783008026972701,
      "tz": 0.0
    },
    {
      "R": [
        [
          0.3885328669180881,
          -0.39196148407082443,
          -0.833911509891432
        ],
        [
          -0.8898651213384038,
          0.07525448932314815,
          -0.4499742522212796
        ],
        [
          0.23912816051188718,
          0.9168985531898873,
          -0.3195540110974857
        ]
      ],
      "tx": 0.07092370857033786,
      "ty": 0.001823173816079049,
      "tz": 0.0
    },
    {
      "R": [
        [
          0.40851095195817444,
          0.5893622135071297,
          -0.6969727278884035
        ],
        [
          0.49926036043668387,
          -0.7835177721378408,
          -0.36991754924683834
        ],
        [
          -0.7641059446352048,
          -0.19685548515124235,
          -0.6143207821155086
        ]
      ],
      "tx": 0.0916160181801654,
      "ty": -0.07825406337063993,
      "tz": 0.0
    },
    {
      "R": [
        [
          0.491442248969301,
          -0.2976047706055802,
          -0.8184839133671444
        ],
        [
          -0.018005199940888866,
          -0.9430739236587606,
          0.3320954490654121
        ],
        [
          -0.8707240255689996,
          -0.1484687678525994,
          -0.46882480338527976
        ]
      ],
      "tx": -0.09729379615606952,
      "ty": 0.00720238935420546,
      "tz": 0.0
    },
    {
      "R": [
        [
          -0.37236092114347064,
          -0.07443374367179692,
          -0.9250983527215837
        ],
        [
          -0.49566754578259653,
          0.8586638752700304,
          0.13042251862355395
        ],
        [
          0.7846407002335807,
          0.5071054792735481,
          -0.3566272625973812
        ]
      ],
      "tx": 0.01512383838720227,
      "ty": -0.09296253288321113,
      "tz": 0.0
    },
    {
      "R": [
        [
          -0.1365410982198505,
          0.9463059579085319,
          0.2930214369696064
        ],
        [
          -0.8758774282184186,
          -0.2535121017645736,
          0.41057319079111515
        ],
        [
          0.46281233695138907,
          -0.2005907482555574,
          0.8634628495076493
        ]
      ],
      "tx": -0.09781294258742552,
      "ty": -0.09812512022536712,
      "tz": 0.0
    },
    {
      "R": [
        [
          -0.7124702894690462,
          0.17746367469131777,
          0.6788908091799064
        ],
        [
          0.03543691367834878,
          0.9753564021444964,
          -0.21777078303734104
        ],
        [
          -0.7008069004888915,
          -0.13109741782658252,
          -0.7012012230924556
        ]
      ],
      "tx": 0.09084080502932476,
      "ty": 0.058562267233570664,
      "tz": 0.0
    },
    {
      "R": [
        [
          0.03352649620383574,
          0.8190835614708384,
          -0.5726937169033209
        ],
        [
          -0.9720062293620232,
          0.1600525372873316,
          0.17200893985287238
        ],
        [
          0.23255077753840322,
          0.550895003277516,
          0.8015203249014649
        ]
      ],
      "tx": 0.022420937812165656,
      "ty": -0.03421576261043528,
      "tz": 0.0
    }
  ],
  "points_N": 18544
}