{
  "type": "scene",
  "distance_m": 0.5,
  "num_objects": 3,
  "intrinsics": {
    "width": 640,
    "height": 480,
    "fx": 554.2562584220408,
    "fy": 554.2562584220408,
    "cx": 0.03389910577251232,
    "cy": 0.07213487641346786
  },
  "T_wc": [
    [
      0.999999999999,
      0.0,
      0.0,
      0.0
    ],
    [
      -0.0,
      0.9999999999970001,
      0.0,
      0.0
    ],
    [
      0.0,
      0.0,
      -0.999999999998,
      0.5150141660124063
    ],
    [
      0.0,
      0.0,
      0.0,
      1.0
    ]
  ],
  "bin_size": {
    "w": 0.25,
    "d": 0.25
  },
  "z_floor": 0.0,
  "piece_aabb": {
    "w": 0.0300283320248127,
    "d": 0.0300283320248127,
    "h": 0.0300283320248127
  },
  "poses": [
    {
      "R": [
        [
          0.9691612092992725,
          0.16655260316403953,
          0.18162263286510735
        ],
        [
          0.23977120565672472,
          -0.4671880472586314,
          -0.8510259087927858
        ],
        [
          -0.056888657283260126,
          0.8683291765672443,
          -0.4927150513172487
        ]
      ],
      "tx": 0.08292055251756436,
      "ty": 0.009790688433567021,
      "tz": 0.0
    },
    {
      "R": [
        [
          0.6526815111009547,
          -0.7191296063573636,
          0.2384522055408122
        ],
        [
          -0.45980449592164296,
          -0.6261239513572943,
          -0.6297210676696254
        ],
        [
          0.6021517006512713,
          0.30136590184862067,
          -0.7393185528618564
        ]
      ],
      "tx": -0.008609368257364317,
      "ty": 0.0286115922801925,
      "tz": 0.0
    },
    {
      "R": [
        [
          -0.055433825755153654,
          -0.9931549387791988,
          0.10281224898149532
        ],
        [
          0.9741509153229361,
          -0.07638094782282279,
          -0.21259337944812146
        ],
        [
          0.21899106177566474,
          0.08836978209870684,
          0.971716880821875
        ]
      ],
      "tx": 0.03389910577251232,
      "ty": 0.07213487641346786,
      "tz": 0.0
    }
  ],
  "points_N": 4975
}