{
  "type": "scene",
  "distance_m": 0.5,
  "num_objects": 13,
  "intrinsics": {
    "width": 640,
    "height": 480,
    "fx": 554.2562584220408,
    "fy": 554.2562584220408,
    "cx": -0.0987156354946895,
    "cy": -0.013751769289741297
  },
  "T_wc": [
    [
      0.999999999999,
      0.0,
      0.0,
      0.0
    ],
    [
      -0.0,
      0.9999999999970001,
      0.0,
      0.0
    ],
    [
      0.0,
      0.0,
      -0.999999999998,
      0.5150141660124063
    ],
    [
      0.0,
      0.0,
      0.0,
      1.0
    ]
  ],
  "bin_size": {
    "w": 0.25,
    "d": 0.25
  },
  "z_floor": 0.0,
  "piece_aabb": {
    "w": 0.0300283320248127,
    "d": 0.0300283320248127,
    "h": 0.0300283320248127
  },
  "poses": [
    {
      "R": [
        [
          0.9242452728622889,
          0.37598895928865916,
          -0.06635494016834187
        ],
        [
          0.3196065450312291,
          -0.8569903620512149,
          -0.4042513768987413
        ],
        [
          -0.20885959868991927,
          0.3524199509737755,
          -0.9122378232625126
        ]
      ],
      "tx": 0.0224390126698793,
      "ty": 0.021989270478173117,
      "tz": 0.0
    },
    {
      "R": [
        [
          0.40757574128287777,
          0.28980397237139033,
          -0.8659651683038267
        ],
        [
          0.7227540410581945,
          -0.6819793941624908,
          0.11194061850736525
        ],
        [
          -0.5581295649325184,
          -0.6715041053750336,
          -0.48741524926156465
        ]
      ],
      "tx": 0.0900889890584729,
      "ty": 0.013204351186572483,
      "tz": 0.0
    },
    {
      "R": [
        [
          0.7632385529193787,
          -0.6460902225435468,
          -0.005859664765418628
        ],
        [
          -0.6454162407257753,
          -0.7628018620373369,
          0.03963830823558515
        ],
        [
          -0.03007968658315482,
          -0.02647156221309053,
          -0.99919691194932
        ]
      ],
      "tx": 0.09026562873252719,
      "ty": -0.09813513097412555,
      "tz": 0.0
    },
    {
      "R": [
        [
          0.07425055433844241,
          -0.7642484560792593,
          0.640633399504664
        ],
        [
          -0.8366792899804361,
          0.301817078901936,
          0.45702758844618546
        ],
        [
          -0.542636730141139,
          -0.5699392496254061,
          -0.6170207701837609
        ]
      ],
      "tx": -0.05752873751272744,
      "ty": 0.039217941389564914,
      "tz": 0.0
    },
    {
      "R": [
        [
          0.7257980207182637,
          -0.34513343941319863,
          -0.5950631412886088
        ],
        [
          -0.6561551514643269,
          -0.08755698189374472,
          -0.7495293137219414
        ],
        [
          0.20658569729842638,
          0.9344606379727689,
          -0.2900097683721161
        ]
      ],
      "tx": -0.04792623150246693,
      "ty": -0.040708836464640345,
      "tz": 0.0
    },
    {
      "R": [
        [
          0.06705724480647302,
          0.5974647573594797,
          -0.7990864719367629
        ],
        [
          -0.38941608023743823,
          0.7530428478172915,
          0.5303598644352084
        ],
        [
          0.9186176801975204,
          0.2756126504074182,
          0.2831593624867884
        ]
      ],
      "tx": -0.003520818247186641,
      "ty": -0.09392676676040686,
      "tz": 0.0
    },
    {
      "R": [
        [
          0.42640171967195684,
          -0.8870600942224839,
          0.1769349109101878
        ],
        [
          0.7364480266390311,
          0.22688403710469818,
          -0.6373130610355879
        ],
        [
          0.5251912770793847,
          0.4020547511783341,
          0.7500173994879404
        ]
      ],
      "tx": 0.029114831179061218,
      "ty": 0.08686094841515377,
      "tz": 0.0
    },
    {
      "R": [
        [
          0.4240131954418336,
          -0.3514684516732042,
          0.8346752287983907
        ],
        [
          0.8210103551829105,
          0.5382151010612514,
          -0.19043765822982084
        ],
        [
          -0.38230198374274305,
          0.76602508605663,
          0.5167695431798356
        ]
      ],
      "tx": 0.03890376572720955,
      "ty": -0.046473343255474024,
      "tz": 0.0
    },
    {
      "R": [
        [
          0.18481783936190443,
          0.8749781850307258,
          -0.4474992089087244
        ],
        [
          0.9820804992486899,
          -0.18151855964944952,
          0.0506843713410062
        ],
        [
          -0.0368816926000029,
          -0.4488476224991351,
          -0.8928468807851839
        ]
      ],
      "tx": -0.08821590307524879,
      "ty": -0.09487693953921089,
      "tz": 0.0
    },
    {
      "R": [
        [
          -0.6155034041797085,
          -0.07059749019418164,
          0.7849659571099077
        ],
        [
          0.1515956556480314,
          0.9667770898659126,
          0.2058174329327832
        ],
        [
          -0.773417297861791,
          0.24567875953911777,
          -0.5843523170823286
        ]
      ],
      "tx": 0.08754062588664241,
      "ty": 0.09579403593138969,
      "tz": 0.0
    },
    {
      "R": [
        [
          -0.6839190548121947,
          -0.17239288292896326,
          0.7088973271075544
        ],
        [
          -0.6926713299869238,
          0.458495796765809,
          -0.556765689462122
        ],
        [
          -0.22904400249502332,
          -0.8718155184805594,
          -0.4329856194581212
        ]
      ],
      "tx": -0.09898165687703536,
      "ty": 0.0959851181340351,
      "tz": 0.0
    },
    {
      "R": [
        [
          0.015072402355472914,
          -0.47157570853017194,
          0.881696758421795
        ],
        [
          0.9327427265691375,
          0.32431479681249376,
          0.15751482025778374
        ],
        [
          -0.3602274680248659,
          0.8200221117096399,
          0.4447470152655968
        ]
      ],
      "tx": -0.034761735278269146,
      "ty": 0.09419601325499946,
      "tz": 0.0
    },
    {
      "R": [
        [
          0.6945838992379935,
          0.5899142292556787,
          0.4117698496017204
        ],
        [
          0.3240673838386428,
          0.25444680316932,
          -0.9111735043826128
        ],
        [
          -0.6422877374287344,
          0.766327623460483,
          -0.0144373082700886
        ]
      ],
      "tx": -0.0987156354946895,
      "ty": -0.013751769289741297,
      "tz": 0.0
    }
  ],
  "points_N": 22450
}