{
  "type": "scene",
  "distance_m": 0.5,
  "num_objects": 13,
  "intrinsics": {
    "width": 640,
    "height": 480,
    "fx": 554.2562584220408,
    "fy": 554.2562584220408,
    "cx": 0.04002564020901242,
    "cy": -0.04381358406444326
  },
  "T_wc": [
    [
      0.999999999999,
      0.0,
      0.0,
      0.0
    ],
    [
      -0.0,
      0.9999999999970001,
      0.0,
      0.0
    ],
    [
      0.0,
      0.0,
      -0.999999999998,
      0.5150141660124063
    ],
    [
      0.0,
      0.0,
      0.0,
      1.0
    ]
  ],
  "bin_size": {
    "w": 0.25,
    "d": 0.25
  },
  "z_floor": 0.0,
  "piece_aabb": {
    "w": 0.0300283320248127,
    "d": 0.0300283320248127,
    "h": 0.0300283320248127
  },
  "poses": [
    {
      "R": [
        [
          -0.22376970414419395,
          0.5710728627139752,
          -0.7898119427932735
        ],
        [
          0.8580254506152523,
          0.4998010092899602,
          0.11828472939999657
        ],
        [
          0.4622980051911463,
          -0.651210209213893,
          -0.6018353743440845
        ]
      ],
      "tx": -0.01563973760261965,
      "ty": -0.02277074328941049,
      "tz": 0.0
    },
    {
      "R": [
        [
          -0.9834911915846245,
          -0.09922996081247738,
          -0.15132247338914567
        ],
        [
          -0.028748846257976732,
          -0.7399364767033394,
          0.6720621357305312
        ],
        [
          -0.1786577171976898,
          0.6653175372113693,
          0.7248682602823138
        ]
      ],
      "tx": -0.07204843717131656,
      "ty": -0.0977550390245461,
      "tz": 0.0
    },
    {
      "R": [
        [
          -0.6170511690889291,
          -0.2903613564477877,
          -0.7313946522964103
        ],
        [
          0.5923436843742519,
          0.44048725958624213,
          -0.6746109498993766
        ],
        [
          0.5180509765533918,
          -0.8495064783884838,
          -0.09980946281828129
        ]
      ],
      "tx": 0.07839675002739871,
      "ty": 0.03454168007673669,
      "tz": 0.0
    },
    {
      "R": [
        [
          0.2130381017691121,
          -0.3598337320356205,
          0.9083691168704111
        ],
        [
          0.06749835660272982,
          -0.9220701265464177,
          -0.38109139794359587
        ],
        [
          0.9747095665122736,
          0.14250041059586677,
          -0.1721478838948225
        ]
      ],
      "tx": 0.058054051227276526,
      "ty": 0.09557415686154644,
      "tz": 0.0
    },
    {
      "R": [
        [
          -0.5860213362460458,
          -0.8063111832133737,
          0.0802575185851665
        ],
        [
          0.20511628233591772,
          -0.24343585154213954,
          -0.9479801141926161
        ],
        [
          0.7839045249168365,
          -0.5390744494121409,
          0.3080461553175209
        ]
      ],
      "tx": 0.00011293823793244451,
      "ty": 0.03356163969603149,
      "tz": 0.0
    },
    {
      "R": [
        [
          -0.3530169837478514,
          0.9014770760461228,
          -0.2504358012523414
        ],
        [
          -0.4478311878484109,
          0.07221008615383573,
          0.8911974700636986
        ],
        [
          0.8214780802771615,
          0.4267608051602075,
          0.37821816297364796
        ]
      ],
      "tx": 0.09569563439639589,
      "ty": -0.02032555751433822,
      "tz": 0.0
    },
    {
      "R": [
        [
          0.7280887468553346,
          -0.47874676194615307,
          0.4905999537593761
        ],
        [
          -0.28612591549009436,
          -0.8626233400940677,
          -0.41714857498247515
        ],
        [
          0.6229115002852202,
          0.16334782230267944,
          -0.7650482022470142
        ]
      ],
      "tx": -0.09002302638658705,
      "ty": -0.0431915793681999,
      "tz": 0.0
    },
    {
      "R": [
        [
          0.7659774827196888,
          0.6427334528705417,
          -0.013122672270539232
        ],
        [
          0.4885625161373506,
          -0.5952690042333606,
          -0.6379353262083581
        ],
        [
          -0.4178338949773581,
          0.48223284952410117,
          -0.7699781263438044
        ]
      ],
      "tx": -0.08979963537974253,
      "ty": 0.03059734813401635,
      "tz": 0.0
    },
    {
      "R": [
        [
          -0.19860300635289563,
          -0.8675338283626101,
          -0.4560064720090111
        ],
        [
          0.9751757044199477,
          -0.22140480014643438,
          -0.0035014255919991466
        ],
        [
          -0.09792441665208187,
          -0.44538182621053457,
          0.8899695711116862
        ]
      ],
      "tx": -0.012348791843070264,
      "ty": -0.08332240036618907,
      "tz": 0.0
    },
    {
      "R": [
        [
          -0.7340035857333238,
          0.0032845460633714185,
          -0.6791376501768849
        ],
        [
          -0.6416191207610393,
          0.32444982730358296,
          0.6950231747477964
        ],
        [
          0.2226289289478212,
          0.9458972044148521,
          -0.2360399090741081
        ]
      ],
      "tx": 0.08723392651640016,
      "ty": -0.09062022316867989,
      "tz": 0.0
    },
    {
      "R": [
        [
          -0.9431485148704024,
          0.208032405766532,
          -0.25921689190471914
        ],
        [
          -0.27951020152827816,
          -0.9184392761753026,
          0.27989880889387003
        ],
        [
          -0.17984695198800335,
          0.33643991161807013,
          0.9243718189836003
        ]
      ],
      "tx": -0.09047025231782564,
      "ty": 0.09364618712757161,
      "tz": 0.0
    },
    {
      "R": [
        [
          -0.9992504584408739,
          0.016038239574187416,
          -0.03523203339383039
        ],
        [
          -0.0377316048914288,
          -0.6069333268862078,
          0.793856575652779
        ],
        [
          -0.008651433292820145,
          0.7945909083208794,
          0.6070835536528555
        ]
      ],
      "tx": -0.028914960804093143,
      "ty": 0.08522959541071437,
      "tz": 0.0
    },
    {
      "R": [
        [
          -0.9141941729984164,
          0.3750241530530212,
          0.15364211233449251
        ],
        [
          -0.09241122329120527,
          0.1762230682048086,
          -0.9800028551194666
        ],
        [
          -0.39460002517177273,
          -0.9101111552219032,
          -0.12644566135336044
        ]
      ],
      "tx": 0.04002564020901242,
      "ty": -0.04381358406444326,
      "tz": 0.0
    }
  ],
  "points_N": 22136
}