{
  "type": "scene",
  "distance_m": 0.5,
  "num_objects": 11,
  "intrinsics": {
    "width": 640,
    "height": 480,
    "fx": 554.2562584220408,
    "fy": 554.2562584220408,
    "cx": 0.02386755381100368,
    "cy": 0.09400841816506927
  },
  "T_wc": [
    [
      0.999999999999,
      0.0,
      0.0,
      0.0
    ],
    [
      -0.0,
      0.9999999999970001,
      0.0,
      0.0
    ],
    [
      0.0,
      0.0,
      -0.999999999998,
      0.5150141660124063
    ],
    [
      0.0,
      0.0,
      0.0,
      1.0
    ]
  ],
  "bin_size": {
    "w": 0.25,
    "d": 0.25
  },
  "z_floor": 0.0,
  "piece_aabb": {
    "w": 0.0300283320248127,
    "d": 0.0300283320248127,
    "h": 0.0300283320248127
  },
  "poses": [
    {
      "R": [
        [
          -0.4475152749853204,
          0.4809308805404039,
          0.7539466604458468
        ],
        [
          0.16479132925767417,
          0.8729912619103417,
          -0.45905345487173715
        ],
        [
          -0.8789618287822868,
          -0.08118956072563138,
          -0.4699301637189053
        ]
      ],
      "tx": -0.09129740433714664,
      "ty": -0.01408677464318897,
      "tz": 0.0
    },
    {
      "R": [
        [
          -0.6374288533405958,
          0.34077508224507613,
          -0.691054846050409
        ],
        [
          0.6791230551858833,
          -0.17518779761872638,
          -0.7128121151330774
        ],
        [
          -0.3639729836730804,
          -0.9236782875473265,
          -0.11975845803012741
        ]
      ],
      "tx": 0.07443023777749136,
      "ty": 0.05882382295169919,
      "tz": 0.0
    },
    {
      "R": [
        [
          0.7155986785484876,
          0.676285298199779,
          0.17480482458586272
        ],
        [
          0.29603571323776845,
          -0.5202944535708249,
          0.8010346672093798
        ],
        [
          0.6326779494715016,
          -0.5214708784028808,
          -0.5725266240361782
        ]
      ],
      "tx": -0.0353967868917769,
      "ty": 0.05785577947238102,
      "tz": 0.0
    },
    {
      "R": [
        [
          -0.3918107698171085,
          0.89884941774461,
          0.19635183950118884
        ],
        [
          0.44374256351254426,
          0.37157113366384387,
          -0.8154921397261177
        ],
        [
          -0.8059633105685647,
          -0.23238893443522995,
          -0.5444433167643974
        ]
      ],
      "tx": 0.054804501523896404,
      "ty": -0.061795357570856885,
      "tz": 0.0
    },
    {
      "R": [
        [
          -0.8665967426636378,
          0.0006731437040932986,
          -0.49900864970692216
        ],
        [
          0.4956194099939587,
          0.11752055681160734,
          -0.8605523337740301
        ],
        [
          0.05806449898184293,
          -0.9930702218897932,
          -0.10217655481441956
        ]
      ],
      "tx": -0.031080061327414962,
      "ty": -0.028499605160261676,
      "tz": 0.0
    },
    {
      "R": [
        [
          0.04730749525226319,
          -0.7270561763049512,
          -0.6849462149612776
        ],
        [
          -0.9575229299251287,
          0.16226193853224968,
          -0.2383713530845383
        ],
        [
          0.28445006514422577,
          0.6671284582451719,
          -0.6884967542689404
        ]
      ],
      "tx": 0.06183517369383981,
      "ty": -0.002015620005456048,
      "tz": 0.0
    },
    {
      "R": [
        [
          -0.11805194658158835,
          0.2648816068446142,
          -0.9570274145831523
        ],
        [
          0.24392434669540847,
          0.9419726743503108,
          0.2306260910359914
        ],
        [
          0.9625822827153614,
          -0.20621642789248984,
          -0.17581278073492146
        ]
      ],
      "tx": 8.67193978539016e-06,
      "ty": -0.0800130717722065,
      "tz": 0.0
    },
    {
      "R": [
        [
          -0.8047340264559955,
          0.015525051442066562,
          0.5934324893714891
        ],
        [
          0.5853263644908935,
          -0.1459198459126423,
          0.797559054616462
        ],
        [
          0.09897572275964994,
          0.989174590932537,
          0.10833944322200006
        ]
      ],
      "tx": -0.07211055345113221,
      "ty": -0.0816166219062508,
      "tz": 0.0
    },
    {
      "R": [
        [
          0.6939391953296146,
          0.09970166875805908,
          -0.7130974480617255
        ],
        [
          -0.14565262466017234,
          -0.9504552332460525,
          -0.2746273156930953
        ],
        [
          -0.70514800298582,
          0.2944391734162598,
          -0.6450363300179764
        ]
      ],
      "tx": -0.09327847284318636,
      "ty": 0.05753331192994515,
      "tz": 0.0
    },
    {
      "R": [
        [
          0.9539926389228784,
          0.08030370229602024,
          -0.2888760292556561
        ],
        [
          0.024359496564549405,
          0.9395223347414591,
          0.3416202532770553
        ],
        [
          0.2988388525745677,
          -0.33294008157551397,
          0.894341233686788
        ]
      ],
      "tx": 0.018852870324985782,
      "ty": 0.035795911418306875,
      "tz": 0.0
    },
    {
      "R": [
        [
          -0.6971371696366546,
          0.7125248748042287,
          -0.07942335611275281
        ],
        [
          0.36439482346291563,
          0.4475548459368772,
          0.8166462346156069
        ],
        [
          0.6174270639876627,
          0.5403729847648164,
          -0.5716474945208265
        ]
      ],
      "tx": 0.02386755381100368,
      "ty": 0.09400841816506927,
      "tz": 0.0
    }
  ],
  "points_N": 18268
}