{
  "type": "scene",
  "distance_m": 0.5,
  "num_objects": 5,
  "intrinsics": {
    "width": 640,
    "height": 480,
    "fx": 554.2562584220408,
    "fy": 554.2562584220408,
    "cx": 0.046719661699839515,
    "cy": 0.03872906022803732
  },
  "T_wc": [
    [
      0.999999999999,
      0.0,
      0.0,
      0.0
    ],
    [
      -0.0,
      0.9999999999970001,
      0.0,
      0.0
    ],
    [
      0.0,
      0.0,
      -0.999999999998,
      0.5150141660124063
    ],
    [
      0.0,
      0.0,
      0.0,
      1.0
    ]
  ],
  "bin_size": {
    "w": 0.25,
    "d": 0.25
  },
  "z_floor": 0.0,
  "piece_aabb": {
    "w": 0.0300283320248127,
    "d": 0.0300283320248127,
    "h": 0.0300283320248127
  },
  "poses": [
    {
      "R": [
        [
          -0.6079492006180809,
          0.6777611029668978,
          0.41356699188031276
        ],
        [
          -0.3449792679603735,
          0.24365651000903854,
          -0.9064330145177526
        ],
        [
          -0.7151133295816555,
          -0.6937372647013489,
          0.08568274866814918
        ]
      ],
      "tx": -0.0902716025058199,
      "ty": 0.053883910187015105,
      "tz": 0.0
    },
    {
      "R": [
        [
          0.4484627445911995,
          0.8900875818419054,
          0.08139572080004054
        ],
        [
          -0.00018037041383006658,
          0.09115700760118273,
          -0.9958365164180875
        ],
        [
          -0.8938015071481153,
          0.4465808959371499,
          0.04104106728302903
        ]
      ],
      "tx": -0.04044419107012645,
      "ty": -0.02775181929808611,
      "tz": 0.0
    },
    {
      "R": [
        [
          -0.21105731165015573,
          -0.9466181672487382,
          -0.2436572523723617
        ],
        [
          0.3834593307613514,
          -0.3094738740578542,
          0.8701636989254835
        ],
        [
          -0.8991183197171913,
          0.09022176406091253,
          0.42830629278434795
        ]
      ],
      "tx": -0.024484013772548954,
      "ty": 0.04692679696606472,
      "tz": 0.0
    },
    {
      "R": [
        [
          -0.5402526734447357,
          -0.8213440881303071,
          -0.18308724076027333
        ],
        [
          -0.18247779056308905,
          -0.09804875150579173,
          0.9783088971686648
        ],
        [
          -0.8214797044279483,
          0.5619433523243692,
          -0.09690595436515115
        ]
      ],
      "tx": 0.042243606633593445,
      "ty": -0.09343200561693865,
      "tz": 0.0
    },
    {
      "R": [
        [
          0.15069822184887982,
          0.9861439916885765,
          0.06935469405964045
        ],
        [
          0.4866535326364708,
          -0.13506869550907208,
          0.8630902540672793
        ],
        [
          0.860498916387481,
          -0.09631445971399116,
          -0.5002650694841413
        ]
      ],
      "tx": 0.046719661699839515,
      "ty": 0.03872906022803732,
      "tz": 0.0
    }
  ],
  "points_N": 8237
}