{
  "type": "scene",
  "distance_m": 0.5,
  "num_objects": 11,
  "intrinsics": {
    "width": 640,
    "height": 480,
    "fx": 554.2562584220408,
    "fy": 554.2562584220408,
    "cx": -0.028431898655250032,
    "cy": 0.05874050786914123
  },
  "T_wc": [
    [
      0.999999999999,
      0.0,
      0.0,
      0.0
    ],
    [
      -0.0,
      0.9999999999970001,
      0.0,
      0.0
    ],
    [
      0.0,
      0.0,
      -0.999999999998,
      0.5150141660124063
    ],
    [
      0.0,
      0.0,
      0.0,
      1.0
    ]
  ],
  "bin_size": {
    "w": 0.25,
    "d": 0.25
  },
  "z_floor": 0.0,
  "piece_aabb": {
    "w": 0.0300283320248127,
    "d": 0.0300283320248127,
    "h": 0.0300283320248127
  },
  "poses": [
    {
      "R": [
        [
          0.9982707172707429,
          0.023927258288270362,
          -0.05369414633424045
        ],
        [
          0.05496786527587748,
          -0.7037000688113064,
          0.7083676636761274
        ],
        [
          -0.020835278418332038,
          -0.7100941483111718,
          -0.7037984027457447
        ]
      ],
      "tx": 0.09761138618905507,
      "ty": 0.090815543536091,
      "tz": 0.0
    },
    {
      "R": [
        [
          -0.5904316272656445,
          0.6334426381752303,
          0.5001408978138536
        ],
        [
          0.779358462731601,
          0.2864396394181268,
          0.557272572031541
        ],
        [
          0.20974002978229692,
          0.7188203928045014,
          -0.6628019031319263
        ]
      ],
      "tx": 0.02855289037583325,
      "ty": -0.039026750072565765,
      "tz": 0.0
    },
    {
      "R": [
        [
          -0.4376844509939428,
          -0.7185482212718857,
          0.5404819840338254
        ],
        [
          0.8069976995576214,
          -0.579000335115188,
          -0.11624682724791743
        ],
        [
          0.39646820082679785,
          0.3852882890038436,
          0.8332862053878323
        ]
      ],
      "tx": -0.07929342229185304,
      "ty": -0.09173427678604798,
      "tz": 0.0
    },
    {
      "R": [
        [
          -0.5816067658130908,
          -0.38383651708321426,
          0.717219002895115
        ],
        [
          0.4033870230320154,
          0.6295531599326609,
          0.6640344331946721
        ],
        [
          -0.7064081536971413,
          0.6755237575187334,
          -0.21131770729867116
        ]
      ],
      "tx": -0.07107381513029096,
      "ty": 0.09780816868182932,
      "tz": 0.0
    },
    {
      "R": [
        [
          0.5460075420297013,
          0.8363965484444986,
          -0.048130840391721996
        ],
        [
          -0.08418406224014252,
          -0.002384893026885715,
          -0.9964473673757175
        ],
        [
          -0.8335399256852858,
          0.5481196274859894,
          0.06910908951207839
        ]
      ],
      "tx": 0.08745415236112133,
      "ty": -0.01869016281450342,
      "tz": 0.0
    },
    {
      "R": [
        [
          0.17635769348535768,
          -0.5135908152228348,
          -0.8397156890681917
        ],
        [
          0.6597172675265017,
          0.6947998206918993,
          -0.2864024023884414
        ],
        [
          0.7305279535212122,
          -0.5034656727973104,
          0.46135802305678064
        ]
      ],
      "tx": -0.04382897576926933,
      "ty": -0.021226501233423026,
      "tz": 0.0
    },
    {
      "R": [
        [
          0.16148593419689083,
          -0.7906143551572821,
          0.5906362962735972
        ],
        [
          -0.6715413903826036,
          -0.526592208592324,
          -0.5212799697406929
        ],
        [
          0.7231558988624491,
          -0.3124573367183001,
          -0.6159674980641021
        ]
      ],
      "tx": 0.028723564766935467,
      "ty": 0.05584763991630606,
      "tz": 0.0
    },
    {
      "R": [
        [
          0.8781882581308025,
          0.2144386095314291,
          0.427552880967272
        ],
        [
          -0.004882488018171455,
          0.8978450494903782,
          -0.44028448577751705
        ],
        [
          -0.4782902305002052,
          0.3845651438285164,
          0.78952397402499
        ]
      ],
      "tx": 0.0790454492277898,
      "ty": -0.07893412677008484,
      "tz": 0.0
    },
    {
      "R": [
        [
          -0.5726500532694438,
          0.12338510877377913,
          0.8104616162554438
        ],
        [
          0.10982449840171647,
          0.9912438865202147,
          -0.07330850555775267
        ],
        [
          -0.8124103003047874,
          0.04702842086634815,
          -0.581186572100133
        ]
      ],
      "tx": -0.07713052226319492,
      "ty": 0.02862321210039903,
      "tz": 0.0
    },
    {
      "R": [
        [
          0.20001366373493634,
          0.39255754172888413,
          -0.8977154954388964
        ],
        [
          0.84025822068677,
          -0.539975747470018,
          -0.048911294324512244
        ],
        [
          -0.5039450931278437,
          -0.7445298977045658,
          -0.43785222910977395
        ]
      ],
      "tx": -0.012562927080830413,
      "ty": -0.0968300904846947,
      "tz": 0.0
    },
    {
      "R": [
        [
          -0.5186167694608494,
          0.05577580245088737,
          -0.8531856224145786
        ],
        [
          -0.8400534355626834,
          -0.21904885575962063,
          0.49631423935822483
        ],
        [
          -0.1592070093724665,
          0.9741184007354345,
          0.16045706439828344
        ]
      ],
      "tx": -0.028431898655250032,
      "ty": 0.05874050786914123,
      "tz": 0.0
    }
  ],
  "points_N": 18902
}