{
  "type": "scene",
  "distance_m": 0.5,
  "num_objects": 12,
  "intrinsics": {
    "width": 640,
    "height": 480,
    "fx": 554.2562584220408,
    "fy": 554.2562584220408,
    "cx": 0.088157060330246,
    "cy": 0.0962595031287807
  },
  "T_wc": [
    [
      0.999999999999,
      0.0,
      0.0,
      0.0
    ],
    [
      -0.0,
      0.9999999999970001,
      0.0,
      0.0
    ],
    [
      0.0,
      0.0,
      -0.999999999998,
      0.5150141660124063
    ],
    [
      0.0,
      0.0,
      0.0,
      1.0
    ]
  ],
  "bin_size": {
    "w": 0.25,
    "d": 0.25
  },
  "z_floor": 0.0,
  "piece_aabb": {
    "w": 0.0300283320248127,
    "d": 0.0300283320248127,
    "h": 0.0300283320248127
  },
  "poses": [
    {
      "R": [
        [
          -0.5971867655047713,
          -0.03410380394878387,
          0.8013768761713633
        ],
        [
          -0.7290081509938854,
          -0.39362090573821384,
          -0.560008659174396
        ],
        [
          0.33453711735833735,
          -0.9186400345739627,
          0.2102032444743014
        ]
      ],
      "tx": 0.02804397977196138,
      "ty": -0.00873586807588965,
      "tz": 0.0
    },
    {
      "R": [
        [
          -0.053345442604842974,
          0.8521325555799024,
          0.5206000110201287
        ],
        [
          -0.8412447726522665,
          -0.3192405356679662,
          0.43634013438104274
        ],
        [
          0.5380162601990109,
          -0.4146752803185821,
          0.7338820856610246
        ]
      ],
      "tx": -0.02868467529384061,
      "ty": 0.07100549201322606,
      "tz": 0.0
    },
    {
      "R": [
        [
          -0.34858224341226496,
          0.19399207993691148,
          -0.916982820176814
        ],
        [
          0.8132380749553869,
          -0.42379477974353197,
          -0.3988004740531128
        ],
        [
          -0.46597666574682545,
          -0.8847401073670629,
          -0.010034410575078034
        ]
      ],
      "tx": 0.03287438421191907,
      "ty": 0.07578438456554629,
      "tz": 0.0
    },
    {
      "R": [
        [
          -0.44601026826808177,
          -0.6846950069569334,
          -0.5764265677843787
        ],
        [
          -0.38424956881114214,
          0.7281417089260926,
          -0.5675930942062639
        ],
        [
          0.8083483837231848,
          -0.03166068809161232,
          -0.5878524401256497
        ]
      ],
      "tx": 0.0369391256659653,
      "ty": -0.08890504093257884,
      "tz": 0.0
    },
    {
      "R": [
        [
          0.28745067323848317,
          0.9490752293108664,
          0.12895084165397785
        ],
        [
          -0.5997164422886883,
          0.283320904911445,
          -0.7483778816137996
        ],
        [
          -0.7468013787502947,
          0.13778778591982094,
          0.6506168048459648
        ]
      ],
      "tx": 0.08690765491911717,
      "ty": -0.04141564601502431,
      "tz": 0.0
    },
    {
      "R": [
        [
          -0.9846102694881664,
          -0.11956272935419118,
          -0.1274651755100868
        ],
        [
          0.0026605125802135546,
          -0.7395241842806053,
          0.673124730296634
        ],
        [
          -0.1747442098933505,
          0.6624263993935343,
          0.7284612045231142
        ]
      ],
      "tx": -0.04816236466034047,
      "ty": -0.04467170166131844,
      "tz": 0.0
    },
    {
      "R": [
        [
          0.7045755947702035,
          0.23279818349220047,
          -0.6703567982924807
        ],
        [
          -0.7036258680752967,
          0.10657099713302531,
          -0.7025334585237617
        ],
        [
          -0.09210792055789291,
          0.9666683135040708,
          0.23889014763630667
        ]
      ],
      "tx": -0.06534491751030017,
      "ty": 0.01286316621434029,
      "tz": 0.0
    },
    {
      "R": [
        [
          0.38852261717431535,
          0.4335868982915156,
          -0.81305139909723
        ],
        [
          -0.6282758224622134,
          0.7701091008081933,
          0.11046023611157693
        ],
        [
          0.6740323930297784,
          0.46790423644410284,
          0.5716169684887
        ]
      ],
      "tx": 0.0888431272470803,
      "ty": 0.03790809784064961,
      "tz": 0.0
    },
    {
      "R": [
        [
          -0.8978902392146857,
          -0.025011502581959416,
          -0.4395082969200773
        ],
        [
          -0.43998049425068386,
          0.018099344855286303,
          0.8978249152227472
        ],
        [
          -0.01450113795252525,
          0.9995233056084295,
          -0.027255798349704596
        ]
      ],
      "tx": -0.09310036125139216,
      "ty": 0.0825232580912581,
      "tz": 0.0
    },
    {
      "R": [
        [
          -0.6602873153478068,
          -0.5215192968492707,
          -0.540405666332828
        ],
        [
          0.7472107449569635,
          -0.3838791921664959,
          -0.542506099912672
        ],
        [
          0.07547690912885399,
          -0.7620068167906641,
          0.6431553835216759
        ]
      ],
      "tx": -0.08087741383612217,
      "ty": -0.09229997328947756,
      "tz": 0.0
    },
    {
      "R": [
        [
          -0.9574043375420538,
          -0.19031029036665484,
          0.21716106427308815
        ],
        [
          -0.22540787623208844,
          0.022546482047072547,
          -0.9740035654348707
        ],
        [
          0.180466683319111,
          -0.9814650526268678,
          -0.06448353808484097
        ]
      ],
      "tx": -0.020408268191762044,
      "ty": -0.0965508005623739,
      "tz": 0.0
    },
    {
      "R": [
        [
          0.5728976513210567,
          0.3944900905149632,
          -0.7184468314331359
        ],
        [
          -0.2430808384039379,
          0.9188940199002922,
          0.31071769533182375
        ],
        [
          0.7827515487762738,
          -0.00336877974607408,
          0.6223252077582644
        ]
      ],
      "tx": 0.088157060330246,
      "ty": 0.0962595031287807,
      "tz": 0.0
    }
  ],
  "points_N": 19857
}