{
  "type": "scene",
  "distance_m": 0.5,
  "num_objects": 11,
  "intrinsics": {
    "width": 640,
    "height": 480,
    "fx": 554.2562584220408,
    "fy": 554.2562584220408,
    "cx": 0.09759510333634785,
    "cy": -0.05809269626406059
  },
  "T_wc": [
    [
      0.999999999999,
      0.0,
      0.0,
      0.0
    ],
    [
      -0.0,
      0.9999999999970001,
      0.0,
      0.0
    ],
    [
      0.0,
      0.0,
      -0.999999999998,
      0.5150141660124063
    ],
    [
      0.0,
      0.0,
      0.0,
      1.0
    ]
  ],
  "bin_size": {
    "w": 0.25,
    "d": 0.25
  },
  "z_floor": 0.0,
  "piece_aabb": {
    "w": 0.0300283320248127,
    "d": 0.0300283320248127,
    "h": 0.0300283320248127
  },
  "poses": [
    {
      "R": [
        [
          -0.42112917163952046,
          -0.36602622065509266,
          0.829864462781219
        ],
        [
          0.25978146949451036,
          0.827945710594244,
          0.49701055161421376
        ],
        [
          -0.8690016161673605,
          0.4248890515199723,
          -0.2535852617897465
        ]
      ],
      "tx": 0.03246821740089689,
      "ty": -0.012608627607668066,
      "tz": 0.0
    },
    {
      "R": [
        [
          -0.36893805383894507,
          -0.9224189640897796,
          0.11414012054080586
        ],
        [
          -0.6142299038812545,
          0.1498012477084213,
          -0.7747781691316716
        ],
        [
          0.6975717436992102,
          -0.35595342514511386,
          -0.6218446924433025
        ]
      ],
      "tx": -0.034670705201200344,
      "ty": -0.0510338162958561,
      "tz": 0.0
    },
    {
      "R": [
        [
          0.04831430815154003,
          -0.26364819817201196,
          -0.9634081976132909
        ],
        [
          0.9597633547776634,
          0.27937801518308525,
          -0.028323620147939044
        ],
        [
          0.27662254147802745,
          -0.9232754476498395,
          0.2665378346749776
        ]
      ],
      "tx": -0.09236623882640062,
      "ty": -0.09450744859940058,
      "tz": 0.0
    },
    {
      "R": [
        [
          -0.36918903619757204,
          0.693686661187136,
          -0.6184644465468905
        ],
        [
          0.7750934526911084,
          0.5970022525256141,
          0.20692619475242705
        ],
        [
          0.512766608845471,
          -0.4029728608360451,
          -0.7580786755230153
        ]
      ],
      "tx": -0.07082427148485168,
      "ty": 0.018117109903171072,
      "tz": 0.0
    },
    {
      "R": [
        [
          -0.08727994055039723,
          0.17375634155628067,
          -0.9809133222392772
        ],
        [
          0.8992714524580376,
          0.4373835960607215,
          -0.002538639596902592
        ],
        [
          0.4285942915759966,
          -0.8823289203386505,
          -0.19442893190701005
        ]
      ],
      "tx": 0.041100366206151734,
      "ty": -0.07491850262741952,
      "tz": 0.0
    },
    {
      "R": [
        [
          0.7585574931318332,
          0.5307981133139645,
          0.3779469440488763
        ],
        [
          0.39168017213234585,
          0.09210801121532408,
          -0.9154795229978294
        ],
        [
          -0.5207467449460674,
          0.8424781760807178,
          -0.13803387430548297
        ]
      ],
      "tx": 0.006638950605375449,
      "ty": 0.04287214534828426,
      "tz": 0.0
    },
    {
      "R": [
        [
          -0.01737768071971768,
          0.7662672598784899,
          -0.6422869317144124
        ],
        [
          -0.14514771026133538,
          -0.6375123832369638,
          -0.7566439740230658
        ],
        [
          -0.9892573772374382,
          0.0800777600700544,
          0.12230042487034876
        ]
      ],
      "tx": 0.0704339494626148,
      "ty": 0.07900665094766984,
      "tz": 0.0
    },
    {
      "R": [
        [
          -0.9490376336117681,
          -0.22861354972407189,
          -0.21694104008032666
        ],
        [
          -0.31199158811281225,
          0.7788907834830721,
          0.5440499943497576
        ],
        [
          0.04459617624213881,
          0.5840076988256964,
          -0.8105221704413113
        ]
      ],
      "tx": -0.06894519257700693,
      "ty": 0.09666038083019224,
      "tz": 0.0
    },
    {
      "R": [
        [
          0.5806765213098479,
          0.4188648722511854,
          -0.698116749830207
        ],
        [
          0.677724430454963,
          0.22644505590576558,
          0.6995800404673725
        ],
        [
          0.45111459072389765,
          -0.8793604809461434,
          -0.15238362965285135
        ]
      ],
      "tx": 0.09723105079746466,
      "ty": 0.00824584549480159,
      "tz": 0.0
    },
    {
      "R": [
        [
          -0.9298995264267453,
          0.3655014052569011,
          -0.04117758500137045
        ],
        [
          -0.1971484965158018,
          -0.5898058800194139,
          -0.7831101418166434
        ],
        [
          -0.3105146390637218,
          -0.7200956510421063,
          0.6205182610345739
        ]
      ],
      "tx": -0.09868270656876275,
      "ty": -0.03524708405965796,
      "tz": 0.0
    },
    {
      "R": [
        [
          0.44135108228866393,
          0.8957878228037718,
          -0.052663067505638234
        ],
        [
          0.7764559572033268,
          -0.4106577400218834,
          -0.4779920157111258
        ],
        [
          -0.44980592335594094,
          0.1700717409700917,
          -0.8767840294150617
        ]
      ],
      "tx": 0.09759510333634785,
      "ty": -0.05809269626406059,
      "tz": 0.0
    }
  ],
  "points_N": 18469
}