{
  "type": "scene",
  "distance_m": 0.5,
  "num_objects": 12,
  "intrinsics": {
    "width": 640,
    "height": 480,
    "fx": 554.2562584220408,
    "fy": 554.2562584220408,
    "cx": 0.07577489714630059,
    "cy": -0.09626082900733038
  },
  "T_wc": [
    [
      0.999999999999,
      0.0,
      0.0,
      0.0
    ],
    [
      -0.0,
      0.9999999999970001,
      0.0,
      0.0
    ],
    [
      0.0,
      0.0,
      -0.999999999998,
      0.5150141660124063
    ],
    [
      0.0,
      0.0,
      0.0,
      1.0
    ]
  ],
  "bin_size": {
    "w": 0.25,
    "d": 0.25
  },
  "z_floor": 0.0,
  "piece_aabb": {
    "w": 0.0300283320248127,
    "d": 0.0300283320248127,
    "h": 0.0300283320248127
  },
  "poses": [
    {
      "R": [
        [
          0.0975726050599135,
          -0.8083526632417645,
          -0.5805562492745806
        ],
        [
          -0.7741881349231124,
          -0.42821328426745553,
          0.4661181340831447
        ],
        [
          -0.6253897332752556,
          0.40397939923568643,
          -0.6675989263825093
        ]
      ],
      "tx": -0.07241798247022317,
      "ty": 0.04079660588363518,
      "tz": 0.0
    },
    {
      "R": [
        [
          -0.6192355261503621,
          0.05947486661388823,
          -0.7829496174049415
        ],
        [
          0.3611928479329664,
          -0.8637936521519292,
          -0.35128372166114513
        ],
        [
          -0.697199461958597,
          -0.5003231623094139,
          0.5134098202229391
        ]
      ],
      "tx": -0.03009745689071032,
      "ty": -0.040822106521152444,
      "tz": 0.0
    },
    {
      "R": [
        [
          0.31682567867782563,
          0.4351670102289287,
          0.8427640016865637
        ],
        [
          0.20413013871857058,
          0.8364321824515033,
          -0.5086374844878739
        ],
        [
          -0.9262571866372061,
          0.3331829487951486,
          0.17617249170939564
        ]
      ],
      "tx": -0.01977281220473387,
      "ty": 0.07195778962489066,
      "tz": 0.0
    },
    {
      "R": [
        [
          -0.07344734976646894,
          -0.44941266652635026,
          0.8902998045478596
        ],
        [
          0.35672717676555166,
          0.8218096249464777,
          0.4442686818831692
        ],
        [
          -0.9313169214446608,
          0.35022449301984176,
          0.09995797276772866
        ]
      ],
      "tx": 0.06786935281524917,
      "ty": 0.03193588889397855,
      "tz": 0.0
    },
    {
      "R": [
        [
          -0.7701120057676576,
          0.27583778500095624,
          -0.5751878084054648
        ],
        [
          0.2825677193298587,
          -0.6608840782161876,
          -0.6952609000605905
        ],
        [
          -0.5719116912297192,
          -0.6979582734849601,
          0.4310119092422575
        ]
      ],
      "tx": 0.01585535238452071,
      "ty": -0.09277064910749772,
      "tz": 0.0
    },
    {
      "R": [
        [
          -0.44872377423686394,
          0.6821145857239532,
          0.5773791357308157
        ],
        [
          0.6016468126302963,
          0.7083102158692111,
          -0.3692123385629425
        ],
        [
          -0.660808661630906,
          0.1817039626368981,
          -0.7282276997448116
        ]
      ],
      "tx": -0.07325121785425251,
      "ty": -0.08678188321473497,
      "tz": 0.0
    },
    {
      "R": [
        [
          0.692620211378363,
          0.6556578291725629,
          -0.30064938688597737
        ],
        [
          -0.5964324197234646,
          0.754999556158192,
          0.2724775933975965
        ],
        [
          0.4056422210433778,
          -0.009406447026131387,
          0.9139835377408829
        ]
      ],
      "tx": 0.09327707115528674,
      "ty": -0.041532708819139647,
      "tz": 0.0
    },
    {
      "R": [
        [
          -0.8994391218292339,
          0.008457042792740205,
          -0.4369642371524908
        ],
        [
          -0.306490328691161,
          0.7005500538427579,
          0.64443254144999
        ],
        [
          0.3115653134446139,
          0.7135531518311097,
          -0.6275101234004505
        ]
      ],
      "tx": -0.08600419850562185,
      "ty": 0.09825276183599305,
      "tz": 0.0
    },
    {
      "R": [
        [
          -0.24331714620471834,
          0.9664633280478779,
          -0.08213039572175185
        ],
        [
          -0.868353816985704,
          -0.25477624805997756,
          -0.4255005428326024
        ],
        [
          -0.4321555447858447,
          -0.03221333517505778,
          0.9012235494857805
        ]
      ],
      "tx": 0.08495896207934944,
      "ty": 0.09150063158981411,
      "tz": 0.0
    },
    {
      "R": [
        [
          0.5379165072164694,
          0.26774534424421165,
          -0.7993486485255246
        ],
        [
          -0.825201167906163,
          -0.026570367874605427,
          -0.5642136546001989
        ],
        [
          -0.17230456682960676,
          0.9631232767338543,
          0.20665113128919677
        ]
      ],
      "tx": 0.007442154395868414,
      "ty": 0.007125105644455981,
      "tz": 0.0
    },
    {
      "R": [
        [
          -0.60980813348645,
          0.7894697360513555,
          0.06979667751959873
        ],
        [
          -0.6162777322787022,
          -0.41696444112929965,
          -0.6680886255064901
        ],
        [
          -0.49833301820288023,
          -0.45042001586600683,
          0.7408009262116739
        ]
      ],
      "tx": -0.08645160458743967,
      "ty": -0.027694798998702683,
      "tz": 0.0
    },
    {
      "R": [
        [
          -0.8438368155933622,
          0.5040230419191383,
          0.18412007458132545
        ],
        [
          0.07215877614787575,
          0.44659222732992265,
          -0.8918231290526949
        ],
        [
          -0.5317260005624089,
          -0.73926731004629,
          -0.4132206488340433
        ]
      ],
      "tx": 0.07577489714630059,
      "ty": -0.09626082900733038,
      "tz": 0.0
    }
  ],
  "points_N": 20644
}