{
  "type": "scene",
  "distance_m": 0.5,
  "num_objects": 11,
  "intrinsics": {
    "width": 640,
    "height": 480,
    "fx": 554.2562584220408,
    "fy": 554.2562584220408,
    "cx": 0.015285883087205451,
    "cy": -0.02429547776421652
  },
  "T_wc": [
    [
      0.999999999999,
      0.0,
      0.0,
      0.0
    ],
    [
      -0.0,
      0.9999999999970001,
      0.0,
      0.0
    ],
    [
      0.0,
      0.0,
      -0.999999999998,
      0.5150141660124063
    ],
    [
      0.0,
      0.0,
      0.0,
      1.0
    ]
  ],
  "bin_size": {
    "w": 0.25,
    "d": 0.25
  },
  "z_floor": 0.0,
  "piece_aabb": {
    "w": 0.0300283320248127,
    "d": 0.0300283320248127,
    "h": 0.0300283320248127
  },
  "poses": [
    {
      "R": [
        [
          -0.3572249399847791,
          0.7199121199206253,
          0.5950772066247048
        ],
        [
          -0.6136660343711422,
          0.29940394045361907,
          -0.730596522507493
        ],
        [
          -0.7041337518625752,
          -0.6261659684398672,
          0.33483106106766214
        ]
      ],
      "tx": 0.05461839977013197,
      "ty": -0.0658561829004368,
      "tz": 0.0
    },
    {
      "R": [
        [
          0.14272943785684822,
          -0.9496020669011733,
          0.27907744822197217
        ],
        [
          -0.06847145950802397,
          -0.2907620917436653,
          -0.9543422159988991
        ],
        [
          0.9873904834471057,
          0.11710388781704839,
          -0.10652094937721435
        ]
      ],
      "tx": 0.03640585532842405,
      "ty": 0.032148845228066325,
      "tz": 0.0
    },
    {
      "R": [
        [
          -0.4051301243220502,
          0.3854038110653126,
          0.82905577905418
        ],
        [
          -0.43718933539795873,
          0.7147424245164677,
          -0.5459017783545065
        ],
        [
          -0.802953963425732,
          -0.5836156003849232,
          -0.12106925128311574
        ]
      ],
      "tx": -0.026265225240972287,
      "ty": -0.07901683829795687,
      "tz": 0.0
    },
    {
      "R": [
        [
          0.425215658620974,
          0.04694230065560451,
          -0.90387392045168
        ],
        [
          -0.5856608033090365,
          0.775672098276744,
          -0.23523226696685787
        ],
        [
          0.6900674366545237,
          0.6293879696690364,
          0.35732018765379425
        ]
      ],
      "tx": -0.05025706299993207,
      "ty": 0.06576869115178971,
      "tz": 0.0
    },
    {
      "R": [
        [
          0.4177141261046706,
          -0.8526536735218202,
          -0.31384171469445643
        ],
        [
          0.32281531599145347,
          -0.1836055441007951,
          0.9284822431995073
        ],
        [
          -0.8492968742518422,
          -0.48915306112217694,
          0.1985550356471837
        ]
      ],
      "tx": 0.09863888780607463,
      "ty": -0.01582557373649951,
      "tz": 0.0
    },
    {
      "R": [
        [
          0.5332455069360035,
          -0.8392209895167213,
          0.1065709157656991
        ],
        [
          -0.23029195222192794,
          -0.022787954007501998,
          0.9728547301082343
        ],
        [
          -0.8140115761304492,
          -0.5433128379734157,
          -0.2054174141081888
        ]
      ],
      "tx": 0.03726996163039886,
      "ty": 0.09855114314879612,
      "tz": 0.0
    },
    {
      "R": [
        [
          0.45029126619500115,
          -0.5652227308482587,
          0.6912026042492457
        ],
        [
          0.7965951638807203,
          0.603994273555141,
          -0.025041213917179395
        ],
        [
          -0.4033285515189212,
          0.5618844917285352,
          0.7222270401228512
        ]
      ],
      "tx": -0.08796354884542526,
      "ty": -0.05074086879855239,
      "tz": 0.0
    },
    {
      "R": [
        [
          -0.31065387306916836,
          -0.6576299039521526,
          -0.6863068414164377
        ],
        [
          0.7923638158056269,
          -0.5779849916495448,
          0.1951741090150589
        ],
        [
          -0.5250273845706255,
          -0.4831731147898837,
          0.7006354163151978
        ]
      ],
      "tx": -0.09863319382324008,
      "ty": 0.03221027597213935,
      "tz": 0.0
    },
    {
      "R": [
        [
          0.23013848462593722,
          -0.9374878971469458,
          -0.2610607603548928
        ],
        [
          0.14826768989936995,
          -0.23135157157015818,
          0.9615056642911275
        ],
        [
          -0.9617967404945712,
          -0.2599863324004082,
          0.08575626472161046
        ]
      ],
      "tx": -0.03473451819603124,
      "ty": 0.006718180450505276,
      "tz": 0.0
    },
    {
      "R": [
        [
          -0.5562472459210213,
          0.6508544303086987,
          -0.5166986664902651
        ],
        [
          0.48889045096466943,
          0.7590825045968067,
          0.42986030076130666
        ],
        [
          0.6719933990455866,
          -0.013500435644010295,
          -0.7404340685547774
        ]
      ],
      "tx": 0.09515843156388884,
      "ty": 0.08472488859790392,
      "tz": 0.0
    },
    {
      "R": [
        [
          0.4268541116689871,
          -0.8855868614353735,
          -0.1831160238873829
        ],
        [
          -0.07746680839561076,
          -0.23755398571547692,
          0.9682804332773065
        ],
        [
          -0.9009963712181518,
          -0.39912907025639655,
          -0.1700044832584915
        ]
      ],
      "tx": 0.015285883087205451,
      "ty": -0.02429547776421652,
      "tz": 0.0
    }
  ],
  "points_N": 18843
}