{
  "type": "scene",
  "distance_m": 0.5,
  "num_objects": 11,
  "intrinsics": {
    "width": 640,
    "height": 480,
    "fx": 554.2562584220408,
    "fy": 554.2562584220408,
    "cx": 0.0900062903166236,
    "cy": -0.09829215715978501
  },
  "T_wc": [
    [
      0.999999999999,
      0.0,
      0.0,
      0.0
    ],
    [
      -0.0,
      0.9999999999970001,
      0.0,
      0.0
    ],
    [
      0.0,
      0.0,
      -0.999999999998,
      0.5150141660124063
    ],
    [
      0.0,
      0.0,
      0.0,
      1.0
    ]
  ],
  "bin_size": {
    "w": 0.25,
    "d": 0.25
  },
  "z_floor": 0.0,
  "piece_aabb": {
    "w": 0.0300283320248127,
    "d": 0.0300283320248127,
    "h": 0.0300283320248127
  },
  "poses": [
    {
      "R": [
        [
          0.16214254388007399,
          -0.48740904338973184,
          0.8579873075319967
        ],
        [
          -0.5591615660817781,
          0.6710367372300747,
          0.48687579556247096
        ],
        [
          -0.8130486691958064,
          -0.5586968066040132,
          -0.16373680041275485
        ]
      ],
      "tx": -0.0018742516897654743,
      "ty": 0.06336112674114877,
      "tz": 0.0
    },
    {
      "R": [
        [
          0.9598410955970872,
          0.25087995361731064,
          -0.12555604356604788
        ],
        [
          0.1269818668294845,
          -0.7875873399371558,
          -0.6029774352885968
        ],
        [
          -0.2501613013627054,
          0.5628191813039878,
          -0.7878159001040959
        ]
      ],
      "tx": -0.048310391986871495,
      "ty": 0.006715030527588484,
      "tz": 0.0
    },
    {
      "R": [
        [
          0.9273426340728503,
          -0.14030964878070687,
          0.3469133054379183
        ],
        [
          0.21880027529706456,
          0.9553702705241108,
          -0.19847943401928608
        ],
        [
          -0.303582078787198,
          0.25996316788676443,
          0.9166553729627736
        ]
      ],
      "tx": -0.027272024185401728,
      "ty": -0.06334338994888566,
      "tz": 0.0
    },
    {
      "R": [
        [
          -0.9405355913966813,
          -0.16614556158891922,
          0.29629116368936537
        ],
        [
          0.08211483054214383,
          0.7351587483208123,
          0.6729032392345958
        ],
        [
          -0.3296209276140255,
          0.6572193447637397,
          -0.6777999534871559
        ]
      ],
      "tx": -0.07332444433672337,
      "ty": 0.06817083393961251,
      "tz": 0.0
    },
    {
      "R": [
        [
          0.6492194106592415,
          -0.5973889929689098,
          0.47078715775056884
        ],
        [
          -0.34252204060896185,
          0.3230250157495116,
          0.8822321071561046
        ],
        [
          -0.6791117791058698,
          -0.7340171866377649,
          0.005095213444046398
        ]
      ],
      "tx": -0.09357554173407955,
      "ty": -0.06498163515287993,
      "tz": 0.0
    },
    {
      "R": [
        [
          0.27711975068912,
          0.4650962007202934,
          -0.8407676063298042
        ],
        [
          -0.728602327985306,
          -0.46872231135457554,
          -0.49943772634114936
        ],
        [
          -0.6263731247686097,
          0.7509892934749289,
          0.20897796451691886
        ]
      ],
      "tx": 0.07251091055610079,
      "ty": -0.04281639218531996,
      "tz": 0.0
    },
    {
      "R": [
        [
          0.337551103182111,
          0.280438358230052,
          0.8985619511050826
        ],
        [
          0.7423337955225997,
          -0.6662660215791569,
          -0.07092337071863986
        ],
        [
          0.5787916626607115,
          0.6909731657034994,
          -0.43307770147184166
        ]
      ],
      "tx": 0.09008716378405948,
      "ty": 0.031790740079878366,
      "tz": 0.0
    },
    {
      "R": [
        [
          -0.6128345904099446,
          0.5309871662513128,
          -0.5852233710930176
        ],
        [
          0.1283996426248396,
          0.7976611430641963,
          0.5892794181195651
        ],
        [
          0.7797097514914691,
          0.285988339136267,
          -0.5570129022807198
        ]
      ],
      "tx": 0.0230762527541062,
      "ty": -0.09424994847762613,
      "tz": 0.0
    },
    {
      "R": [
        [
          0.29118178048864773,
          -0.30883216778863243,
          0.905447879698459
        ],
        [
          -0.6509370081290804,
          -0.7575453669653958,
          -0.049051283746967544
        ],
        [
          0.7010664605865998,
          -0.5751066936910385,
          -0.4216136960682606
        ]
      ],
      "tx": 0.05325623651382175,
      "ty": 0.09469256487826058,
      "tz": 0.0
    },
    {
      "R": [
        [
          -0.007243420132095446,
          0.08679944327868622,
          0.9961994727519685
        ],
        [
          0.9699773479553162,
          0.24278611308194353,
          -0.014101338522742202
        ],
        [
          -0.24308738617699022,
          0.9661887806950936,
          -0.08595209561474881
        ]
      ],
      "tx": 0.017547256146026438,
      "ty": -0.0019468420331799074,
      "tz": 0.0
    },
    {
      "R": [
        [
          -0.8868251421396707,
          0.12018867692496524,
          0.44620157911865216
        ],
        [
          -0.3998465032584648,
          -0.6836288754655704,
          -0.6105524829706762
        ],
        [
          0.23165478864234806,
          -0.7198654336531972,
          0.6543162968552467
        ]
      ],
      "tx": 0.0900062903166236,
      "ty": -0.09829215715978501,
      "tz": 0.0
    }
  ],
  "points_N": 19614
}