{
  "type": "scene",
  "distance_m": 0.5,
  "num_objects": 6,
  "intrinsics": {
    "width": 640,
    "height": 480,
    "fx": 554.2562584220408,
    "fy": 554.2562584220408,
    "cx": 0.09006907958212643,
    "cy": 0.03831325208197109
  },
  "T_wc": [
    [
      0.999999999999,
      0.0,
      0.0,
      0.0
    ],
    [
      -0.0,
      0.9999999999970001,
      0.0,
      0.0
    ],
    [
      0.0,
      0.0,
      -0.999999999998,
      0.5150141660124063
    ],
    [
      0.0,
      0.0,
      0.0,
      1.0
    ]
  ],
  "bin_size": {
    "w": 0.25,
    "d": 0.25
  },
  "z_floor": 0.0,
  "piece_aabb": {
    "w": 0.0300283320248127,
    "d": 0.0300283320248127,
    "h": 0.0300283320248127
  },
  "poses": [
    {
      "R": [
        [
          0.5940991890015599,
          -0.7966472732055573,
          -0.11135203510416408
        ],
        [
          -0.4306589211068571,
          -0.43192841712357155,
          0.792446046208954
        ],
        [
          -0.6793960901409182,
          -0.42283680607922003,
          -0.5996915775012663
        ]
      ],
      "tx": -0.0018601600668653323,
      "ty": 0.04886033725571551,
      "tz": 0.0
    },
    {
      "R": [
        [
          0.3020468168705719,
          0.8336003302583044,
          0.4624696852893183
        ],
        [
          0.9485696475798708,
          -0.21458041713855724,
          -0.23274636038151622
        ],
        [
          -0.09478050489713105,
          0.5089850036827104,
          -0.8555413034550443
        ]
      ],
      "tx": -0.08777731984938594,
      "ty": -0.028188899765041908,
      "tz": 0.0
    },
    {
      "R": [
        [
          -0.6240168271943209,
          0.028126960963434304,
          0.7809045226180309
        ],
        [
          -0.03948952962539736,
          -0.9992101459402352,
          0.004434106455528344
        ],
        [
          0.7804124399497345,
          -0.028070595238710853,
          0.6246346654282378
        ]
      ],
      "tx": 0.04282500631642583,
      "ty": 0.08471534139636105,
      "tz": 0.0
    },
    {
      "R": [
        [
          0.8367389029406666,
          0.44491745463401505,
          0.31924358547610476
        ],
        [
          0.03644490246943388,
          0.5364465051351519,
          -0.8431470311946041
        ],
        [
          -0.5463879367168013,
          0.7171287232361221,
          0.4326506869520562
        ]
      ],
      "tx": -0.06464594354671127,
      "ty": 0.06796594069148024,
      "tz": 0.0
    },
    {
      "R": [
        [
          -0.28842894659474183,
          -0.4758008245887816,
          -0.8309165530225541
        ],
        [
          0.8074878735373724,
          0.3454822070972756,
          -0.47812694827763846
        ],
        [
          0.5145600809005105,
          -0.8088606925174635,
          0.28455632701422995
        ]
      ],
      "tx": 0.01610421704987805,
      "ty": -0.09394833085526895,
      "tz": 0.0
    },
    {
      "R": [
        [
          -0.391681654928681,
          0.7601725796814751,
          0.5183851177384831
        ],
        [
          -0.7581720244932542,
          0.05255842945046163,
          -0.6499329140530592
        ],
        [
          -0.5213066875344399,
          -0.6475918935518821,
          0.5557554110737544
        ]
      ],
      "tx": 0.09006907958212643,
      "ty": 0.03831325208197109,
      "tz": 0.0
    }
  ],
  "points_N": 10788
}