{
  "type": "scene",
  "distance_m": 0.5,
  "num_objects": 10,
  "intrinsics": {
    "width": 640,
    "height": 480,
    "fx": 554.2562584220408,
    "fy": 554.2562584220408,
    "cx": 0.09651572501623598,
    "cy": -0.024958430247814856
  },
  "T_wc": [
    [
      0.999999999999,
      0.0,
      0.0,
      0.0
    ],
    [
      -0.0,
      0.9999999999970001,
      0.0,
      0.0
    ],
    [
      0.0,
      0.0,
      -0.999999999998,
      0.5150141660124063
    ],
    [
      0.0,
      0.0,
      0.0,
      1.0
    ]
  ],
  "bin_size": {
    "w": 0.25,
    "d": 0.25
  },
  "z_floor": 0.0,
  "piece_aabb": {
    "w": 0.0300283320248127,
    "d": 0.0300283320248127,
    "h": 0.0300283320248127
  },
  "poses": [
    {
      "R": [
        [
          -0.9840788666644777,
          -0.17395659148118922,
          0.03644020395941276
        ],
        [
          0.17218830985645053,
          -0.8823191430214881,
          0.4380229626476289
        ],
        [
          -0.04404509204367647,
          0.43732371778589113,
          0.8982249137764942
        ]
      ],
      "tx": 0.054172244473718656,
      "ty": -0.06684528626029376,
      "tz": 0.0
    },
    {
      "R": [
        [
          0.7128128204432418,
          -0.3467664236559848,
          -0.6096317990693964
        ],
        [
          -0.1988777822143029,
          0.7336061655703016,
          -0.6498227616656403
        ],
        [
          0.6725663615980738,
          0.5844442156973387,
          0.45395974269163086
        ]
      ],
      "tx": 0.048776217402729916,
      "ty": 0.09013155967405953,
      "tz": 0.0
    },
    {
      "R": [
        [
          -0.8624181981863077,
          -0.46975755916614065,
          0.1885807175809679
        ],
        [
          -0.47246046876617903,
          0.8807247807565615,
          0.033241029083786726
        ],
        [
          -0.1817029358329833,
          -0.06042926582026851,
          -0.9814949551281953
        ]
      ],
      "tx": 0.0651159998520921,
      "ty": 0.031617071265604785,
      "tz": 0.0
    },
    {
      "R": [
        [
          0.6669505555829396,
          0.7079565211000831,
          -0.23232417144902426
        ],
        [
          0.684248821297609,
          -0.7053629205679914,
          -0.1851126706647222
        ],
        [
          -0.2949245784271647,
          -0.0355065419276603,
          -0.9548606068531145
        ]
      ],
      "tx": -0.04175994747663037,
      "ty": 0.09889502951831511,
      "tz": 0.0
    },
    {
      "R": [
        [
          0.07025140563948362,
          -0.7460113555163908,
          0.6622173339971358
        ],
        [
          0.2204449262461204,
          -0.6358337568775339,
          -0.7396752450280757
        ],
        [
          0.9728662675301365,
          0.19794567703185284,
          0.11978620307189869
        ]
      ],
      "tx": -0.08587821419060503,
      "ty": -0.007822845589675984,
      "tz": 0.0
    },
    {
      "R": [
        [
          0.9470326850046115,
          -0.041475969618941316,
          -0.31844754273996995
        ],
        [
          0.3034123955411011,
          -0.2093241862087969,
          0.9295828652143039
        ],
        [
          -0.10521412341015224,
          -0.9769662885750936,
          -0.1856525228022492
        ]
      ],
      "tx": -0.0078097111615671455,
      "ty": -0.032487267603512476,
      "tz": 0.0
    },
    {
      "R": [
        [
          -0.8753914556735396,
          -0.0981235991047792,
          -0.473351411355756
        ],
        [
          0.26706868049144133,
          0.7180201217310371,
          -0.6427452253341965
        ],
        [
          0.40294431282042187,
          -0.6890710152720627,
          -0.6023429394270403
        ]
      ],
      "tx": -0.01646287204081827,
      "ty": 0.043666680462905866,
      "tz": 0.0
    },
    {
      "R": [
        [
          0.4510839626221347,
          -0.6759789995366029,
          -0.5827311994827511
        ],
        [
          0.6434303625103087,
          -0.20616116168049925,
          0.7372210957469948
        ],
        [
          -0.6184825197731665,
          -0.7074955601274403,
          0.34194941897157005
        ]
      ],
      "tx": -0.0619600758090412,
      "ty": -0.06902766563433588,
      "tz": 0.0
    },
    {
      "R": [
        [
          -0.18004134452198062,
          -0.027732406185207448,
          -0.983268034622247
        ],
        [
          0.855245680394414,
          0.48940534606708697,
          -0.17040314964122794
        ],
        [
          0.48594232212209454,
          -0.8716153514527687,
          -0.06439517592532162
        ]
      ],
      "tx": -0.07447897775996418,
      "ty": 0.051035784252046745,
      "tz": 0.0
    },
    {
      "R": [
        [
          -0.4336524865863438,
          0.19270471617034454,
          0.880233158454729
        ],
        [
          0.3078078628681623,
          0.9497821182438716,
          -0.05628718700307307
        ],
        [
          -0.8468765201810803,
          0.24653360872280944,
          -0.47119140414070926
        ]
      ],
      "tx": 0.09651572501623598,
      "ty": -0.024958430247814856,
      "tz": 0.0
    }
  ],
  "points_N": 16192
}