{
  "type": "scene",
  "distance_m": 0.5,
  "num_objects": 11,
  "intrinsics": {
    "width": 640,
    "height": 480,
    "fx": 554.2562584220408,
    "fy": 554.2562584220408,
    "cx": -0.06668064451662623,
    "cy": -0.0989233678564091
  },
  "T_wc": [
    [
      0.999999999999,
      0.0,
      0.0,
      0.0
    ],
    [
      -0.0,
      0.9999999999970001,
      0.0,
      0.0
    ],
    [
      0.0,
      0.0,
      -0.999999999998,
      0.5150141660124063
    ],
    [
      0.0,
      0.0,
      0.0,
      1.0
    ]
  ],
  "bin_size": {
    "w": 0.25,
    "d": 0.25
  },
  "z_floor": 0.0,
  "piece_aabb": {
    "w": 0.0300283320248127,
    "d": 0.0300283320248127,
    "h": 0.0300283320248127
  },
  "poses": [
    {
      "R": [
        [
          0.08643527852887611,
          -0.7357615626883022,
          0.6717022148959335
        ],
        [
          0.9877272105163749,
          0.15132885650372574,
          0.038659213582473595
        ],
        [
          -0.130091891488963,
          0.6601170351231227,
          0.7398118677806418
        ]
      ],
      "tx": -0.07297189798806383,
      "ty": -0.04127902824850319,
      "tz": 0.0
    },
    {
      "R": [
        [
          0.2205222439592981,
          0.7670155522993932,
          -0.6025421831291257
        ],
        [
          0.0891027456791672,
          0.5993254153331458,
          0.7955311101699203
        ],
        [
          0.9713035779979345,
          -0.2291204684584271,
          0.06382139376260487
        ]
      ],
      "tx": 0.029025369807230444,
      "ty": 0.03762433553426239,
      "tz": 0.0
    },
    {
      "R": [
        [
          0.23001207261906154,
          0.9723010784937277,
          0.04153383210609749
        ],
        [
          -0.9731696597145701,
          0.22953781998487632,
          0.015912341361915164
        ],
        [
          0.005938001390298986,
          -0.04407949587420912,
          0.9990103794170331
        ]
      ],
      "tx": -0.01244175900855779,
      "ty": 0.09208029696588971,
      "tz": 0.0
    },
    {
      "R": [
        [
          -0.8385511605844025,
          -0.06010044781651269,
          0.5414978183287598
        ],
        [
          0.40027322963380596,
          -0.7422279610337497,
          0.5374746463771152
        ],
        [
          0.3696123546650928,
          0.6674470690863337,
          0.6464527184929989
        ]
      ],
      "tx": 0.08468066401584526,
      "ty": -0.0931620141802479,
      "tz": 0.0
    },
    {
      "R": [
        [
          0.7805079689354081,
          -0.6239985372595509,
          0.03785678177374212
        ],
        [
          -0.6178872313453863,
          -0.7792309533570405,
          -0.10494994364271891
        ],
        [
          0.09498778747111146,
          0.05852304527464007,
          -0.9937566972871801
        ]
      ],
      "tx": -0.00593904135289583,
      "ty": -0.08916174455489445,
      "tz": 0.0
    },
    {
      "R": [
        [
          0.31823593823824115,
          0.8908672234898174,
          0.3241627333997078
        ],
        [
          -0.054701195276141035,
          -0.324114277994733,
          0.9444351296067477
        ],
        [
          0.9464320719676546,
          -0.3182852885565033,
          -0.054413309396833975
        ]
      ],
      "tx": -0.07113934887200543,
      "ty": 0.053675836441848174,
      "tz": 0.0
    },
    {
      "R": [
        [
          0.40410510664140487,
          -0.6444259892388632,
          0.6491642374467738
        ],
        [
          0.29463663217131075,
          0.763570719492553,
          0.5745859477192012
        ],
        [
          -0.8659609216177636,
          -0.04092555103034595,
          0.4984343301817964
        ]
      ],
      "tx": 0.08500016702477295,
      "ty": 0.098718077290054,
      "tz": 0.0
    },
    {
      "R": [
        [
          0.42484209790731353,
          0.8923886348432843,
          -0.1521568803842015
        ],
        [
          0.8808273756115013,
          -0.44628343294204686,
          -0.15803237597029735
        ],
        [
          -0.20893139117678805,
          -0.06688513948555085,
          -0.9756403291669176
        ]
      ],
      "tx": -0.015158764072214503,
      "ty": -0.0011928695770763303,
      "tz": 0.0
    },
    {
      "R": [
        [
          0.14724573427475052,
          -0.5722959406113078,
          0.806719313080893
        ],
        [
          -0.6971232766567329,
          -0.6386408877331868,
          -0.32581736242678483
        ],
        [
          0.7016678921550206,
          -0.5144075941072266,
          -0.4929979677884535
        ]
      ],
      "tx": 0.06799950092181459,
      "ty": -0.00837635475425387,
      "tz": 0.0
    },
    {
      "R": [
        [
          0.14844060555966798,
          -0.41333254848582496,
          0.8983994606984647
        ],
        [
          -0.25422713099038247,
          0.8619822053894565,
          0.4385832229581152
        ],
        [
          -0.9556850697219654,
          -0.29350107658089103,
          0.02287281260317453
        ]
      ],
      "tx": 0.09822392037485592,
      "ty": 0.04264107588228758,
      "tz": 0.0
    },
    {
      "R": [
        [
          -0.7223201743585674,
          -0.3124370637949017,
          0.6169575729998207
        ],
        [
          -0.3345453145674389,
          -0.6229253934243626,
          -0.707137459570681
        ],
        [
          0.6052544904547028,
          -0.7171799184265575,
          0.3454272230008726
        ]
      ],
      "tx": -0.06668064451662623,
      "ty": -0.0989233678564091,
      "tz": 0.0
    }
  ],
  "points_N": 17231
}