{
  "type": "scene",
  "distance_m": 0.5,
  "num_objects": 11,
  "intrinsics": {
    "width": 640,
    "height": 480,
    "fx": 554.2562584220408,
    "fy": 554.2562584220408,
    "cx": 0.09807482422506011,
    "cy": -0.026881108091493827
  },
  "T_wc": [
    [
      0.999999999999,
      0.0,
      0.0,
      0.0
    ],
    [
      -0.0,
      0.9999999999970001,
      0.0,
      0.0
    ],
    [
      0.0,
      0.0,
      -0.999999999998,
      0.5150141660124063
    ],
    [
      0.0,
      0.0,
      0.0,
      1.0
    ]
  ],
  "bin_size": {
    "w": 0.25,
    "d": 0.25
  },
  "z_floor": 0.0,
  "piece_aabb": {
    "w": 0.0300283320248127,
    "d": 0.0300283320248127,
    "h": 0.0300283320248127
  },
  "poses": [
    {
      "R": [
        [
          0.5572399964747045,
          0.4203523559326502,
          0.7160918119841491
        ],
        [
          -0.33944746187575947,
          0.9023633424214477,
          -0.26554814795079645
        ],
        [
          -0.7577987905473169,
          -0.09510149902006687,
          0.645520486064664
        ]
      ],
      "tx": -0.04871640594592537,
      "ty": 0.07570355044367422,
      "tz": 0.0
    },
    {
      "R": [
        [
          -0.6647184164951943,
          0.504649749823877,
          0.5508884249780711
        ],
        [
          0.661891490518752,
          0.05582576374520576,
          0.7475179856572879
        ],
        [
          0.34648099738800464,
          0.8615173324460529,
          -0.3711317883771892
        ]
      ],
      "tx": -0.053620458888263625,
      "ty": -0.052280155463884107,
      "tz": 0.0
    },
    {
      "R": [
        [
          -0.2991361849125962,
          0.3438376419240631,
          0.8901085433092062
        ],
        [
          0.8326410010630464,
          -0.361571530812725,
          0.4194937323184589
        ],
        [
          0.4660756443160974,
          0.866626623236237,
          -0.17813419007448372
        ]
      ],
      "tx": 0.08671304179309733,
      "ty": -0.08325976344869804,
      "tz": 0.0
    },
    {
      "R": [
        [
          -0.3649053135625073,
          0.8736201612358673,
          0.3219191296211912
        ],
        [
          -0.5225800245626787,
          0.09397728674248251,
          -0.8473950598773816
        ],
        [
          -0.7705544951928567,
          -0.4774474667005139,
          0.42224363403057175
        ]
      ],
      "tx": 0.04883449316371294,
      "ty": 0.0026151306036796274,
      "tz": 0.0
    },
    {
      "R": [
        [
          0.07936445319966301,
          -0.13152368231116154,
          0.9881309652873101
        ],
        [
          -0.03684340037718178,
          -0.9909674622916249,
          -0.12894205104598047
        ],
        [
          0.9961645684408603,
          -0.02617268940346417,
          -0.08349337046990413
        ]
      ],
      "tx": 0.03408853317392188,
      "ty": 0.09634293198209301,
      "tz": 0.0
    },
    {
      "R": [
        [
          -0.056269390044261236,
          -0.02869546675332274,
          -0.9980031692995046
        ],
        [
          -0.9938690629641531,
          0.09689526853527997,
          0.053250282799550186
        ],
        [
          0.09517374336865653,
          0.9948808356397689,
          -0.03397177431209908
        ]
      ],
      "tx": 0.005439672130370374,
      "ty": -0.09891711749294411,
      "tz": 0.0
    },
    {
      "R": [
        [
          0.6292548382687893,
          0.45693339266759925,
          -0.6286892898567601
        ],
        [
          0.012554258434045201,
          0.8028352310419382,
          0.5960687732074285
        ],
        [
          0.7770976380806282,
          -0.38297188730129406,
          0.49945149356708685
        ]
      ],
      "tx": -0.013244281432376645,
      "ty": 0.001227765414367199,
      "tz": 0.0
    },
    {
      "R": [
        [
          -0.8641336483607558,
          -0.4740784647633506,
          -0.1688864915212413
        ],
        [
          0.46985477722456437,
          -0.8802159836965182,
          0.06675560174566636
        ],
        [
          -0.18030398245736223,
          -0.02166636316495079,
          0.9833722807854712
        ]
      ],
      "tx": -0.08773908697264808,
      "ty": -0.0015940603368366224,
      "tz": 0.0
    },
    {
      "R": [
        [
          0.6990369142108275,
          0.5567584363213872,
          0.4487398312558938
        ],
        [
          -0.3530193919600073,
          -0.27704341977647085,
          0.8936577938219666
        ],
        [
          0.6218719333357882,
          -0.7831136489319553,
          0.0028829473958215113
        ]
      ],
      "tx": 0.09180366381472294,
      "ty": 0.06493839084925565,
      "tz": 0.0
    },
    {
      "R": [
        [
          -0.5385904600077318,
          -0.26994141643977543,
          -0.7981553408197851
        ],
        [
          0.1540158881101646,
          -0.9628703420996296,
          0.22172011752337512
        ],
        [
          -0.8283715486412465,
          -0.0035122635763473603,
          0.5601680474699295
        ]
      ],
      "tx": -0.08926372452178004,
      "ty": -0.09883326663774725,
      "tz": 0.0
    },
    {
      "R": [
        [
          0.026203519693236532,
          0.9918645456434755,
          0.12457166070638973
        ],
        [
          -0.8490518472479899,
          0.0878588692775224,
          -0.520952761557179
        ],
        [
          -0.5276592993973118,
          -0.09211700269080064,
          0.8444466363097203
        ]
      ],
      "tx": 0.09807482422506011,
      "ty": -0.026881108091493827,
      "tz": 0.0
    }
  ],
  "points_N": 18564
}