{
  "type": "scene",
  "distance_m": 0.5,
  "num_objects": 10,
  "intrinsics": {
    "width": 640,
    "height": 480,
    "fx": 554.2562584220408,
    "fy": 554.2562584220408,
    "cx": -0.09371086369401628,
    "cy": 0.09677384283777105
  },
  "T_wc": [
    [
      0.999999999999,
      0.0,
      0.0,
      0.0
    ],
    [
      -0.0,
      0.9999999999970001,
      0.0,
      0.0
    ],
    [
      0.0,
      0.0,
      -0.999999999998,
      0.5150141660124063
    ],
    [
      0.0,
      0.0,
      0.0,
      1.0
    ]
  ],
  "bin_size": {
    "w": 0.25,
    "d": 0.25
  },
  "z_floor": 0.0,
  "piece_aabb": {
    "w": 0.0300283320248127,
    "d": 0.0300283320248127,
    "h": 0.0300283320248127
  },
  "poses": [
    {
      "R": [
        [
          -0.24936139540581115,
          0.3346561466089886,
          0.908748677037876
        ],
        [
          -0.39766439909980195,
          0.8202396223552412,
          -0.41118121018247517
        ],
        [
          -0.8829959910270603,
          -0.4639097169227591,
          -0.07145526135131974
        ]
      ],
      "tx": -0.028616040613592117,
      "ty": -0.06699243937023401,
      "tz": 0.0
    },
    {
      "R": [
        [
          0.9748664033286388,
          -0.17988114204185,
          -0.13144683487556297
        ],
        [
          0.21759764073410162,
          0.8954023914167115,
          0.38846598846255126
        ],
        [
          0.04782010464267682,
          -0.4073049621388794,
          0.912039420973134
        ]
      ],
      "tx": -0.06256778104809725,
      "ty": 0.04757304260804088,
      "tz": 0.0
    },
    {
      "R": [
        [
          0.26269433969115474,
          0.7457781153173325,
          -0.6122145756252098
        ],
        [
          -0.3999028878173986,
          0.6615898726580204,
          0.6343315542456087
        ],
        [
          0.8781055541388707,
          0.07819106796861047,
          0.472034736730672
        ]
      ],
      "tx": 0.02298137244414991,
      "ty": -0.014102011321689534,
      "tz": 0.0
    },
    {
      "R": [
        [
          -0.3910926243904287,
          -0.6131256326550902,
          -0.686384380452165
        ],
        [
          0.06477207345256086,
          0.7255997416819597,
          -0.6850617442039288
        ],
        [
          0.9180692444734564,
          -0.3123811349175373,
          -0.24406328871743144
        ]
      ],
      "tx": 0.04111997637913439,
      "ty": 0.0889374999526221,
      "tz": 0.0
    },
    {
      "R": [
        [
          0.0853450460627011,
          -0.7306482166942456,
          0.6773990009987276
        ],
        [
          0.36940723943654513,
          -0.60821946930889,
          -0.7025719668514273
        ],
        [
          0.9253402155771824,
          0.31019713182931097,
          0.2179982221038571
        ]
      ],
      "tx": 0.05267325454989105,
      "ty": -0.09627311168194641,
      "tz": 0.0
    },
    {
      "R": [
        [
          -0.10321559897466037,
          -0.264123124435666,
          -0.9589502152179974
        ],
        [
          0.6239056545716399,
          0.7336616343050559,
          -0.26922544557000516
        ],
        [
          0.7746536479755552,
          -0.6260827273509276,
          0.08906258580901638
        ]
      ],
      "tx": 0.08993241860690912,
      "ty": -0.001985616185048625,
      "tz": 0.0
    },
    {
      "R": [
        [
          -0.507692147199343,
          -0.1824615926275825,
          -0.8419955171424176
        ],
        [
          0.7859588450335635,
          -0.4983799843668608,
          -0.36590447537027326
        ],
        [
          -0.3528701993447847,
          -0.8475406529472754,
          0.39643090698894556
        ]
      ],
      "tx": -0.06667762148427,
      "ty": -0.022982535409821772,
      "tz": 0.0
    },
    {
      "R": [
        [
          0.9317793484565104,
          0.02359935797889684,
          0.3622572512634423
        ],
        [
          0.363021975791561,
          -0.056411628158610005,
          -0.9300713807557385
        ],
        [
          -0.0015135661043480242,
          0.9981286482771038,
          -0.061130275691912095
        ]
      ],
      "tx": -0.08614051271959056,
      "ty": -0.08100989613364193,
      "tz": 0.0
    },
    {
      "R": [
        [
          0.44366145964453674,
          -0.8657501305894278,
          -0.2316057439064666
        ],
        [
          -0.08805831171840062,
          -0.2992943152410803,
          0.9500887572230701
        ],
        [
          -0.8918577481658071,
          -0.40112295402876336,
          -0.20902184763285958
        ]
      ],
      "tx": -0.023670728282060183,
      "ty": 0.09143991090033307,
      "tz": 0.0
    },
    {
      "R": [
        [
          0.588163913496039,
          -0.7073039389076374,
          -0.3921534761630513
        ],
        [
          0.8086730023622561,
          0.5206708363678869,
          0.273769712361283
        ],
        [
          0.010544482511643777,
          -0.4781453943746673,
          0.8782173966204811
        ]
      ],
      "tx": -0.09371086369401628,
      "ty": 0.09677384283777105,
      "tz": 0.0
    }
  ],
  "points_N": 16310
}