{
  "type": "scene",
  "distance_m": 0.5,
  "num_objects": 11,
  "intrinsics": {
    "width": 640,
    "height": 480,
    "fx": 554.2562584220408,
    "fy": 554.2562584220408,
    "cx": 0.09808444214281217,
    "cy": -0.022569751196160018
  },
  "T_wc": [
    [
      0.999999999999,
      0.0,
      0.0,
      0.0
    ],
    [
      -0.0,
      0.9999999999970001,
      0.0,
      0.0
    ],
    [
      0.0,
      0.0,
      -0.999999999998,
      0.5150141660124063
    ],
    [
      0.0,
      0.0,
      0.0,
      1.0
    ]
  ],
  "bin_size": {
    "w": 0.25,
    "d": 0.25
  },
  "z_floor": 0.0,
  "piece_aabb": {
    "w": 0.0300283320248127,
    "d": 0.0300283320248127,
    "h": 0.0300283320248127
  },
  "poses": [
    {
      "R": [
        [
          0.5230820269191236,
          0.846002075894631,
          -0.10327478247934699
        ],
        [
          -0.7715878049260008,
          0.5215333680376404,
          0.36421862296262525
        ],
        [
          0.36199095624567335,
          -0.11083065282353255,
          0.9255696159614644
        ]
      ],
      "tx": -0.036946868587989616,
      "ty": -0.07937546807601954,
      "tz": 0.0
    },
    {
      "R": [
        [
          -0.07967567418428301,
          -0.04333374139687157,
          0.9958784934919664
        ],
        [
          -0.9946419925971934,
          -0.06256332449416702,
          -0.08229907041104323
        ],
        [
          0.06587179597949544,
          -0.9970998030712804,
          -0.03811678383139272
        ]
      ],
      "tx": -0.05557751458463631,
      "ty": 0.010557448345961465,
      "tz": 0.0
    },
    {
      "R": [
        [
          0.6897856245340136,
          0.7240112013342338,
          0.001890113430552648
        ],
        [
          0.6489076699037267,
          -0.6170703303977347,
          -0.44513261314236124
        ],
        [
          -0.3211146650751674,
          0.3082725866589348,
          -0.8954626648768071
        ]
      ],
      "tx": -0.046514057364626486,
      "ty": 0.0928084331754905,
      "tz": 0.0
    },
    {
      "R": [
        [
          0.38970598796464195,
          -0.47457105483833495,
          0.7892474623678762
        ],
        [
          -0.7135869724789913,
          -0.697358215826426,
          -0.06697127389896673
        ],
        [
          0.5821708303004964,
          -0.537097600747772,
          -0.610412394712146
        ]
      ],
      "tx": 0.053713070079683345,
      "ty": 0.018558692251786427,
      "tz": 0.0
    },
    {
      "R": [
        [
          0.34165196123348607,
          -0.773568049336808,
          -0.5337287798409959
        ],
        [
          0.18607851338052767,
          -0.5009809860992083,
          0.8452176278480934
        ],
        [
          -0.9212213220738029,
          -0.3880857181246314,
          -0.027216743822212397
        ]
      ],
      "tx": 0.03967829688828023,
      "ty": -0.0639296559683267,
      "tz": 0.0
    },
    {
      "R": [
        [
          0.4213155123243194,
          0.05466593777685061,
          -0.9052650851114682
        ],
        [
          0.19437395347596953,
          -0.9804293502515615,
          0.03125788501198776
        ],
        [
          -0.88583971760416,
          -0.1891293853748764,
          -0.4236957284451939
        ]
      ],
      "tx": 0.09870435605653838,
      "ty": -0.0843401549915655,
      "tz": 0.0
    },
    {
      "R": [
        [
          -0.3156958071537721,
          0.8878157087777414,
          0.33484238768860386
        ],
        [
          0.8946870728966081,
          0.39605303576050344,
          -0.20658420669690367
        ],
        [
          -0.31602404803626594,
          0.23436138784442748,
          -0.9193495205580988
        ]
      ],
      "tx": 0.0034691283484680757,
      "ty": 0.057166756207438385,
      "tz": 0.0
    },
    {
      "R": [
        [
          -0.39544378675439207,
          0.6538271630636472,
          0.6450846861904953
        ],
        [
          0.6376994436534311,
          0.7009047004956648,
          -0.3194871208471272
        ],
        [
          -0.6610322466275389,
          0.28503094860598105,
          -0.6941136270491477
        ]
      ],
      "tx": 0.06563525794093586,
      "ty": 0.07808789904442526,
      "tz": 0.0
    },
    {
      "R": [
        [
          -0.07342437156529069,
          0.645767262134384,
          0.7599957268404239
        ],
        [
          0.7109823484431064,
          -0.5005022679081483,
          0.4939651607361856
        ],
        [
          0.6993661143225111,
          0.5766126281779322,
          -0.42238006009182105
        ]
      ],
      "tx": -0.09383844311026227,
      "ty": -0.09249648588195997,
      "tz": 0.0
    },
    {
      "R": [
        [
          -0.18128591110467407,
          0.9444827778479277,
          0.2740213509630414
        ],
        [
          -0.9124638620507395,
          -0.05761473630848157,
          -0.4050805384260681
        ],
        [
          -0.36680392430615755,
          -0.3234699746634396,
          0.8722511430802693
        ]
      ],
      "tx": -0.0029860553433647963,
      "ty": -0.014530655255370353,
      "tz": 0.0
    },
    {
      "R": [
        [
          -0.4521483878333168,
          0.6427693267490022,
          0.6183926163614559
        ],
        [
          -0.8880388280302336,
          -0.3892058468719928,
          -0.24475671323039125
        ],
        [
          0.0833599141699507,
          -0.65982300759468,
          0.7467829158184387
        ]
      ],
      "tx": 0.09808444214281217,
      "ty": -0.022569751196160018,
      "tz": 0.0
    }
  ],
  "points_N": 18319
}