{
  "type": "scene",
  "distance_m": 0.5,
  "num_objects": 12,
  "intrinsics": {
    "width": 640,
    "height": 480,
    "fx": 554.2562584220408,
    "fy": 554.2562584220408,
    "cx": 0.09863439330944501,
    "cy": -0.08809937780719816
  },
  "T_wc": [
    [
      0.999999999999,
      0.0,
      0.0,
      0.0
    ],
    [
      -0.0,
      0.9999999999970001,
      0.0,
      0.0
    ],
    [
      0.0,
      0.0,
      -0.999999999998,
      0.5150141660124063
    ],
    [
      0.0,
      0.0,
      0.0,
      1.0
    ]
  ],
  "bin_size": {
    "w": 0.25,
    "d": 0.25
  },
  "z_floor": 0.0,
  "piece_aabb": {
    "w": 0.0300283320248127,
    "d": 0.0300283320248127,
    "h": 0.0300283320248127
  },
  "poses": [
    {
      "R": [
        [
          -0.5061089686991216,
          -0.1687669971023762,
          0.8457963185610105
        ],
        [
          -0.8117752136906301,
          -0.2380450824342315,
          -0.5332499799966353
        ],
        [
          0.29133265220335963,
          -0.9564790846735367,
          -0.016524113962021136
        ]
      ],
      "tx": 0.02923584935872703,
      "ty": 0.04307280063450353,
      "tz": 0.0
    },
    {
      "R": [
        [
          0.6365460534045544,
          -0.7651284809693926,
          0.09688926413466009
        ],
        [
          -0.7712138436566824,
          -0.6324910797227425,
          0.07200167653218313
        ],
        [
          0.006191061893754332,
          -0.12055472483743125,
          -0.9926873773107012
        ]
      ],
      "tx": -0.09038934814453153,
      "ty": 0.05446120532812754,
      "tz": 0.0
    },
    {
      "R": [
        [
          0.8250308234005416,
          0.3510894028682126,
          0.442787049983021
        ],
        [
          0.5611296284705173,
          -0.41642173443423736,
          -0.7153505987579241
        ],
        [
          -0.06676586322038891,
          0.8386472263618494,
          -0.5405674326335363
        ]
      ],
      "tx": 0.011348330717447994,
      "ty": -0.01964956375506491,
      "tz": 0.0
    },
    {
      "R": [
        [
          0.8613504906318767,
          -0.4491836670287398,
          0.23729594510408203
        ],
        [
          0.3375140363783131,
          0.15688579628753285,
          -0.9281546865532951
        ],
        [
          0.37968356237246303,
          0.8795572068932419,
          0.2867394501395212
        ]
      ],
      "tx": -0.04608639306704832,
      "ty": 0.09403642223966904,
      "tz": 0.0
    },
    {
      "R": [
        [
          0.5438468323332434,
          -0.24587891758462607,
          0.8023553956000481
        ],
        [
          -0.6878220159065207,
          -0.6783535809138357,
          0.25833562219652584
        ],
        [
          0.48076137261159724,
          -0.692372715485517,
          -0.5380413789438727
        ]
      ],
      "tx": -0.07471263505662129,
      "ty": -0.0763653471164033,
      "tz": 0.0
    },
    {
      "R": [
        [
          0.2093731182599271,
          -0.3168929241262696,
          -0.9250631178405161
        ],
        [
          -0.5823090362436174,
          0.7195866636516131,
          -0.37830043590216705
        ],
        [
          0.785543813965296,
          0.6178785545181533,
          -0.03386750961339424
        ]
      ],
      "tx": 0.07520836695776054,
      "ty": 0.09429770108211191,
      "tz": 0.0
    },
    {
      "R": [
        [
          0.5514392749661068,
          0.43783337782544607,
          0.7100821496748209
        ],
        [
          0.23639404614091775,
          -0.8983209930678311,
          0.3703204671129474
        ],
        [
          0.8000203628495841,
          -0.03635005743580208,
          -0.5988706808238602
        ]
      ],
      "tx": -0.059496932791334896,
      "ty": -0.007014987080999471,
      "tz": 0.0
    },
    {
      "R": [
        [
          0.02983155847750041,
          -0.6704623513183467,
          -0.7413435867285001
        ],
        [
          -0.9815339756342192,
          0.12055064999204013,
          -0.14852136365580693
        ],
        [
          0.18894743394523056,
          0.7320845417376126,
          -0.6544853634378252
        ]
      ],
      "tx": 0.0443854655498305,
      "ty": -0.06756671972278698,
      "tz": 0.0
    },
    {
      "R": [
        [
          0.24566118830003703,
          0.1077420369158133,
          -0.9633494869694202
        ],
        [
          -0.7956096444926443,
          0.5901423768763208,
          -0.1368841430007679
        ],
        [
          0.5537651796143396,
          0.8000772640789126,
          0.2306956812571488
        ]
      ],
      "tx": 0.06900683016018858,
      "ty": -0.004134668837012315,
      "tz": 0.0
    },
    {
      "R": [
        [
          0.8682025349663134,
          0.4198120639533243,
          -0.26454146978747456
        ],
        [
          0.49120637688565066,
          -0.8026435584733624,
          0.33834836093601783
        ],
        [
          -0.07028978293421811,
          -0.423699361576658,
          -0.9030715350483551
        ]
      ],
      "tx": -0.01052189361092816,
      "ty": -0.09559255450040188,
      "tz": 0.0
    },
    {
      "R": [
        [
          -0.12549118679197413,
          0.7610694675299163,
          -0.6364159234582925
        ],
        [
          -0.39440392284849346,
          0.5503457169637013,
          0.7359110934490858
        ],
        [
          0.9103282417234244,
          0.34335529326550235,
          0.23110524638635843
        ]
      ],
      "tx": 0.011909872717357398,
      "ty": 0.09863955437018357,
      "tz": 0.0
    },
    {
      "R": [
        [
          0.1720548997704915,
          -0.42728159578182234,
          0.887596501441452
        ],
        [
          0.8533673888628692,
          -0.385459816187824,
          -0.35097696467121253
        ],
        [
          0.4920987818419537,
          0.8178332152771667,
          0.29830792966174546
        ]
      ],
      "tx": 0.09863439330944501,
      "ty": -0.08809937780719816,
      "tz": 0.0
    }
  ],
  "points_N": 19761
}