{
  "type": "single",
  "distance_m": 0.5,
  "angles": {
    "az_deg": 270.0,
    "el_deg": 85.0
  },
  "z_floor": 0.0,
  "intrinsics": {
    "width": 640,
    "height": 480,
    "fx": 554.2562584220408,
    "fy": 554.2562584220408,
    "cx": 319.5,
    "cy": 239.5
  },
  "T_wc": [
    [
      0.9999999999885262,
      1.8299799724937734e-16,
      1.6010250207452433e-17,
      -8.005125103742226e-18
    ],
    [
      -1.8369701986999528e-16,
      0.9961946980783231,
      0.08715574274748383,
      -0.04357787137382907
    ],
    [
      0.0,
      0.08715574274648383,
      -0.9961946980897532,
      0.5131115150582791
    ],
    [
      0.0,
      0.0,
      0.0,
      1.0
    ]
  ],
  "piece_aabb": {
    "w": 0.0300283320248127,
    "d": 0.0300283320248127,
    "h": 0.0300283320248127
  },
  "points_N": 1188
}