{
  "type": "single",
  "distance_m": 0.5,
  "angles": {
    "az_deg": 210.0,
    "el_deg": 25.0
  },
  "z_floor": 0.0,
  "intrinsics": {
    "width": 640,
    "height": 480,
    "fx": 554.2562584220408,
    "fy": 554.2562584220408,
    "cx": 319.5,
    "cy": 239.5
  },
  "T_wc": [
    [
      0.49999999999944844,
      0.365998150769531,
      0.784885567219826,
      -0.3924427836106979
    ],
    [
      -0.8660254037834831,
      0.21130913086969402,
      0.4531538935174188,
      -0.22657694675916254
    ],
    [
      0.0,
      0.9063077870338374,
      -0.42261826173985423,
      0.22632329688275607
    ],
    [
      0.0,
      0.0,
      0.0,
      1.0
    ]
  ],
  "piece_aabb": {
    "w": 0.0300283320248127,
    "d": 0.0300283320248127,
    "h": 0.0300283320248127
  },
  "points_N": 1770
}