{
  "type": "single",
  "distance_m": 0.5,
  "angles": {
    "az_deg": 90.0,
    "el_deg": 35.0
  },
  "z_floor": 0.0,
  "intrinsics": {
    "width": 640,
    "height": 480,
    "fx": 554.2562584220408,
    "fy": 554.2562584220408,
    "cx": 319.5,
    "cy": 239.5
  },
  "T_wc": [
    [
      -0.9999999999987792,
      -3.5121427342069597e-17,
      -5.015859645257592e-17,
      2.507929822633812e-17
    ],
    [
      6.123233995729292e-17,
      -0.5735764363491987,
      -0.8191520442873536,
      0.4095760221444959
    ],
    [
      0.0,
      0.8191520442863536,
      -0.573576436349899,
      0.3018023841879294
    ],
    [
      0.0,
      0.0,
      0.0,
      1.0
    ]
  ],
  "piece_aabb": {
    "w": 0.0300283320248127,
    "d": 0.0300283320248127,
    "h": 0.0300283320248127
  },
  "points_N": 1560
}