{
  "type": "single",
  "distance_m": 0.5,
  "angles": {
    "az_deg": 30.0,
    "el_deg": 85.0
  },
  "z_floor": 0.0,
  "intrinsics": {
    "width": 640,
    "height": 480,
    "fx": 554.2562584220408,
    "fy": 554.2562584220408,
    "cx": 319.5,
    "cy": 239.5
  },
  "T_wc": [
    [
      -0.49999999999426303,
      -0.8627299156511968,
      -0.07547908730502235,
      0.03773954365258665
    ],
    [
      0.8660254037745022,
      -0.4980973490391615,
      -0.04357787137374191,
      0.02178893568691453
    ],
    [
      0.0,
      0.08715574274648384,
      -0.9961946980897532,
      0.5131115150582791
    ],
    [
      0.0,
      0.0,
      0.0,
      1.0
    ]
  ],
  "piece_aabb": {
    "w": 0.0300283320248127,
    "d": 0.0300283320248127,
    "h": 0.0300283320248127
  },
  "points_N": 1226
}