{
  "type": "single",
  "distance_m": 0.5,
  "angles": {
    "az_deg": 330.0,
    "el_deg": 25.0
  },
  "z_floor": 0.0,
  "intrinsics": {
    "width": 640,
    "height": 480,
    "fx": 554.2562584220408,
    "fy": 554.2562584220408,
    "cx": 319.5,
    "cy": 239.5
  },
  "T_wc": [
    [
      0.49999999999944883,
      -0.3659981507695309,
      -0.7848855672198258,
      0.3924427836106978
    ],
    [
      0.8660254037834829,
      0.2113091308696942,
      0.4531538935174191,
      -0.22657694675916268
    ],
    [
      -0.0,
      0.9063077870338374,
      -0.42261826173985423,
      0.22632329688275607
    ],
    [
      0.0,
      0.0,
      0.0,
      1.0
    ]
  ],
  "piece_aabb": {
    "w": 0.0300283320248127,
    "d": 0.0300283320248127,
    "h": 0.0300283320248127
  },
  "points_N": 1770
}