{
  "type": "single",
  "distance_m": 0.5,
  "angles": {
    "az_deg": 90.0,
    "el_deg": 65.0
  },
  "z_floor": 0.0,
  "intrinsics": {
    "width": 640,
    "height": 480,
    "fx": 554.2562584220408,
    "fy": 554.2562584220408,
    "cx": 319.5,
    "cy": 239.5
  },
  "T_wc": [
    [
      -0.9999999999976339,
      -5.5495346521595425e-17,
      -2.587790507504654e-17,
      1.2938952537549147e-17
    ],
    [
      6.123233995722278e-17,
      -0.906307787032693,
      -0.42261826173985423,
      0.21130913087034972
    ],
    [
      0.0,
      0.42261826173885425,
      -0.9063077870348374,
      0.4681680595307313
    ],
    [
      0.0,
      0.0,
      0.0,
      1.0
    ]
  ],
  "piece_aabb": {
    "w": 0.0300283320248127,
    "d": 0.0300283320248127,
    "h": 0.0300283320248127
  },
  "points_N": 1458
}