{
  "type": "single",
  "distance_m": 0.5,
  "angles": {
    "az_deg": 270.0,
    "el_deg": 35.0
  },
  "z_floor": 0.0,
  "intrinsics": {
    "width": 640,
    "height": 480,
    "fx": 554.2562584220408,
    "fy": 554.2562584220408,
    "cx": 319.5,
    "cy": 239.5
  },
  "T_wc": [
    [
      0.9999999999987792,
      1.0536428202620877e-16,
      1.5047578935772774e-16,
      -7.523789467901435e-17
    ],
    [
      -1.836970198718787e-16,
      0.5735764363491987,
      0.8191520442873536,
      -0.4095760221444959
    ],
    [
      0.0,
      0.8191520442863536,
      -0.573576436349899,
      0.3018023841879294
    ],
    [
      0.0,
      0.0,
      0.0,
      1.0
    ]
  ],
  "piece_aabb": {
    "w": 0.0300283320248127,
    "d": 0.0300283320248127,
    "h": 0.0300283320248127
  },
  "points_N": 1560
}