{
  "type": "single",
  "distance_m": 0.5,
  "angles": {
    "az_deg": 210.0,
    "el_deg": 5.0
  },
  "z_floor": 0.0,
  "intrinsics": {
    "width": 640,
    "height": 480,
    "fx": 554.2562584220408,
    "fy": 554.2562584220408,
    "cx": 319.5,
    "cy": 239.5
  },
  "T_wc": [
    [
      0.49999999999949823,
      0.0754790873049466,
      0.8627299156610955,
      -0.43136495783141043
    ],
    [
      -0.8660254037835693,
      0.0435778713736982,
      0.49809734904487674,
      -0.24904867452293644
    ],
    [
      0.0,
      0.9961946980887533,
      -0.08715574274748386,
      0.05859203738623543
    ],
    [
      0.0,
      0.0,
      0.0,
      1.0
    ]
  ],
  "piece_aabb": {
    "w": 0.0300283320248127,
    "d": 0.0300283320248127,
    "h": 0.0300283320248127
  },
  "points_N": 1574
}