{
  "type": "single",
  "distance_m": 0.5,
  "angles": {
    "az_deg": 0.0,
    "el_deg": 15.0
  },
  "z_floor": 0.0,
  "intrinsics": {
    "width": 640,
    "height": 480,
    "fx": 554.2562584220408,
    "fy": 554.2562584220408,
    "cx": 319.5,
    "cy": 239.5
  },
  "T_wc": [
    [
      0.0,
      -0.25881904510173515,
      -0.9659258262871365,
      0.48296291314453416
    ],
    [
      0.9999999999989647,
      0.0,
      0.0,
      0.0
    ],
    [
      -0.0,
      0.9659258262861365,
      -0.2588190451020031,
      0.14442368856366672
    ],
    [
      0.0,
      0.0,
      0.0,
      1.0
    ]
  ],
  "piece_aabb": {
    "w": 0.0300283320248127,
    "d": 0.0300283320248127,
    "h": 0.0300283320248127
  },
  "points_N": 1386
}