{
  "type": "single",
  "distance_m": 0.5,
  "angles": {
    "az_deg": 240.0,
    "el_deg": 75.0
  },
  "z_floor": 0.0,
  "intrinsics": {
    "width": 640,
    "height": 480,
    "fx": 554.2562584220408,
    "fy": 554.2562584220408,
    "cx": 319.5,
    "cy": 239.5
  },
  "T_wc": [
    [
      0.8660254037810924,
      0.4829629131417026,
      0.12940952255100166,
      -0.06470476127563024
    ],
    [
      -0.4999999999980685,
      0.8365163037329028,
      0.22414386804156505,
      -0.11207193402100667
    ],
    [
      0.0,
      0.2588190451010032,
      -0.9659258262871365,
      0.4979770791569405
    ],
    [
      0.0,
      0.0,
      0.0,
      1.0
    ]
  ],
  "piece_aabb": {
    "w": 0.0300283320248127,
    "d": 0.0300283320248127,
    "h": 0.0300283320248127
  },
  "points_N": 1433
}