{
  "type": "single",
  "distance_m": 0.5,
  "angles": {
    "az_deg": 300.0,
    "el_deg": 65.0
  },
  "z_floor": 0.0,
  "intrinsics": {
    "width": 640,
    "height": 480,
    "fx": 554.2562584220408,
    "fy": 554.2562584220408,
    "cx": 319.5,
    "cy": 239.5
  },
  "T_wc": [
    [
      0.8660254037823895,
      -0.4531538935163466,
      -0.21130913086992717,
      0.10565456543517489
    ],
    [
      0.49999999999881706,
      0.7848855672179689,
      0.3659981507699348,
      -0.1829990753853334
    ],
    [
      -0.0,
      0.42261826173885425,
      -0.9063077870348374,
      0.4681680595307313
    ],
    [
      0.0,
      0.0,
      0.0,
      1.0
    ]
  ],
  "piece_aabb": {
    "w": 0.0300283320248127,
    "d": 0.0300283320248127,
    "h": 0.0300283320248127
  },
  "points_N": 1599
}