{
  "type": "single",
  "distance_m": 0.5,
  "angles": {
    "az_deg": 240.0,
    "el_deg": 5.0
  },
  "z_floor": 0.0,
  "intrinsics": {
    "width": 640,
    "height": 480,
    "fx": 554.2562584220408,
    "fy": 554.2562584220408,
    "cx": 319.5,
    "cy": 239.5
  },
  "T_wc": [
    [
      0.8660254037835691,
      0.04357787137369822,
      0.49809734904487707,
      -0.2490486745229366
    ],
    [
      -0.4999999999994985,
      0.07547908730494658,
      0.8627299156610954,
      -0.4313649578314104
    ],
    [
      0.0,
      0.9961946980887533,
      -0.08715574274748386,
      0.05859203738623543
    ],
    [
      0.0,
      0.0,
      0.0,
      1.0
    ]
  ],
  "piece_aabb": {
    "w": 0.0300283320248127,
    "d": 0.0300283320248127,
    "h": 0.0300283320248127
  },
  "points_N": 1574
}