{
  "type": "single",
  "distance_m": 0.5,
  "angles": {
    "az_deg": 180.0,
    "el_deg": 65.0
  },
  "z_floor": 0.0,
  "intrinsics": {
    "width": 640,
    "height": 480,
    "fx": 554.2562584220408,
    "fy": 554.2562584220408,
    "cx": 319.5,
    "cy": 239.5
  },
  "T_wc": [
    [
      -1.2246467991444556e-16,
      0.906307787032693,
      0.42261826173985423,
      -0.21130913087034972
    ],
    [
      -0.9999999999976339,
      -1.1099069304319085e-16,
      -5.175581015009308e-17,
      2.5877905075098294e-17
    ],
    [
      0.0,
      0.42261826173885425,
      -0.9063077870348374,
      0.4681680595307313
    ],
    [
      0.0,
      0.0,
      0.0,
      1.0
    ]
  ],
  "piece_aabb": {
    "w": 0.0300283320248127,
    "d": 0.0300283320248127,
    "h": 0.0300283320248127
  },
  "points_N": 1458
}