{
  "type": "single",
  "distance_m": 0.5,
  "angles": {
    "az_deg": 330.0,
    "el_deg": 65.0
  },
  "z_floor": 0.0,
  "intrinsics": {
    "width": 640,
    "height": 480,
    "fx": 554.2562584220408,
    "fy": 554.2562584220408,
    "cx": 319.5,
    "cy": 239.5
  },
  "T_wc": [
    [
      0.4999999999988174,
      -0.7848855672179688,
      -0.36599815076993475,
      0.18299907538533336
    ],
    [
      0.8660254037823893,
      0.4531538935163469,
      0.2113091308699273,
      -0.10565456543517496
    ],
    [
      -0.0,
      0.4226182617388543,
      -0.9063077870348374,
      0.4681680595307313
    ],
    [
      0.0,
      0.0,
      0.0,
      1.0
    ]
  ],
  "piece_aabb": {
    "w": 0.0300283320248127,
    "d": 0.0300283320248127,
    "h": 0.0300283320248127
  },
  "points_N": 1599
}