{
  "type": "single",
  "distance_m": 0.5,
  "angles": {
    "az_deg": 270.0,
    "el_deg": 5.0
  },
  "z_floor": 0.0,
  "intrinsics": {
    "width": 640,
    "height": 480,
    "fx": 554.2562584220408,
    "fy": 554.2562584220408,
    "cx": 319.5,
    "cy": 239.5
  },
  "T_wc": [
    [
      0.9999999999989962,
      1.6010250207436366e-17,
      1.8299799725147702e-16,
      -9.14989986259215e-17
    ],
    [
      -1.8369701987191857e-16,
      0.08715574274739638,
      0.9961946980897532,
      -0.4980973490458728
    ],
    [
      0.0,
      0.9961946980887533,
      -0.08715574274748386,
      0.05859203738623543
    ],
    [
      0.0,
      0.0,
      0.0,
      1.0
    ]
  ],
  "piece_aabb": {
    "w": 0.0300283320248127,
    "d": 0.0300283320248127,
    "h": 0.0300283320248127
  },
  "points_N": 1188
}