{
  "type": "single",
  "distance_m": 0.5,
  "angles": {
    "az_deg": 90.0,
    "el_deg": 75.0
  },
  "z_floor": 0.0,
  "intrinsics": {
    "width": 640,
    "height": 480,
    "fx": 554.2562584220408,
    "fy": 554.2562584220408,
    "cx": 319.5,
    "cy": 239.5
  },
  "T_wc": [
    [
      -0.9999999999961364,
      -5.914589856858669e-17,
      -1.584809575712713e-17,
      7.924047878579412e-18
    ],
    [
      6.123233995713109e-17,
      -0.9659258262834046,
      -0.2588190451020031,
      0.12940952255126037
    ],
    [
      0.0,
      0.2588190451010031,
      -0.9659258262871365,
      0.4979770791569405
    ],
    [
      0.0,
      0.0,
      0.0,
      1.0
    ]
  ],
  "piece_aabb": {
    "w": 0.0300283320248127,
    "d": 0.0300283320248127,
    "h": 0.0300283320248127
  },
  "points_N": 1386
}