{
  "type": "single",
  "distance_m": 0.5,
  "angles": {
    "az_deg": 180.0,
    "el_deg": 55.0
  },
  "z_floor": 0.0,
  "intrinsics": {
    "width": 640,
    "height": 480,
    "fx": 554.2562584220408,
    "fy": 554.2562584220408,
    "cx": 319.5,
    "cy": 239.5
  },
  "T_wc": [
    [
      -1.224646799145218e-16,
      0.8191520442859255,
      0.573576436349899,
      -0.286788218175523
    ],
    [
      -0.9999999999982566,
      -1.0031719290497695e-16,
      -7.024285468422493e-17,
      3.5121427342182706e-17
    ],
    [
      0.0,
      0.573576436348899,
      -0.8191520442873536,
      0.42459018815690225
    ],
    [
      0.0,
      0.0,
      0.0,
      1.0
    ]
  ],
  "piece_aabb": {
    "w": 0.0300283320248127,
    "d": 0.0300283320248127,
    "h": 0.0300283320248127
  },
  "points_N": 1560
}