{
  "type": "single",
  "distance_m": 0.5,
  "angles": {
    "az_deg": 180.0,
    "el_deg": 35.0
  },
  "z_floor": 0.0,
  "intrinsics": {
    "width": 640,
    "height": 480,
    "fx": 554.2562584220408,
    "fy": 554.2562584220408,
    "cx": 319.5,
    "cy": 239.5
  },
  "T_wc": [
    [
      -1.2246467991458583e-16,
      0.5735764363491987,
      0.8191520442873536,
      -0.4095760221444959
    ],
    [
      -0.9999999999987792,
      -7.024285468413919e-17,
      -1.0031719290515185e-16,
      5.015859645267624e-17
    ],
    [
      0.0,
      0.8191520442863536,
      -0.573576436349899,
      0.3018023841879294
    ],
    [
      0.0,
      0.0,
      0.0,
      1.0
    ]
  ],
  "piece_aabb": {
    "w": 0.0300283320248127,
    "d": 0.0300283320248127,
    "h": 0.0300283320248127
  },
  "points_N": 1560
}