{
  "type": "single",
  "distance_m": 0.5,
  "angles": {
    "az_deg": 300.0,
    "el_deg": 15.0
  },
  "z_floor": 0.0,
  "intrinsics": {
    "width": 640,
    "height": 480,
    "fx": 554.2562584220408,
    "fy": 554.2562584220408,
    "cx": 319.5,
    "cy": 239.5
  },
  "T_wc": [
    [
      0.866025403783542,
      -0.1294095225508676,
      -0.4829629131435684,
      0.24148145657226713
    ],
    [
      0.49999999999948247,
      0.224143868041333,
      0.8365163037361348,
      -0.4182581518689039
    ],
    [
      -0.0,
      0.9659258262861365,
      -0.2588190451020031,
      0.14442368856366672
    ],
    [
      0.0,
      0.0,
      0.0,
      1.0
    ]
  ],
  "piece_aabb": {
    "w": 0.0300283320248127,
    "d": 0.0300283320248127,
    "h": 0.0300283320248127
  },
  "points_N": 1691
}