{
  "type": "single",
  "distance_m": 0.5,
  "angles": {
    "az_deg": 120.0,
    "el_deg": 45.0
  },
  "z_floor": 0.0,
  "intrinsics": {
    "width": 640,
    "height": 480,
    "fx": 554.2562584220408,
    "fy": 554.2562584220408,
    "cx": 319.5,
    "cy": 239.5
  },
  "T_wc": [
    [
      -0.866025403783214,
      0.35355339059206653,
      0.3535533905925665,
      -0.1767766952966368
    ],
    [
      -0.4999999999992927,
      -0.6123724356937039,
      -0.6123724356945699,
      0.3061862178478973
    ],
    [
      0.0,
      0.7071067811841334,
      -0.7071067811851334,
      0.36856755660568014
    ],
    [
      0.0,
      0.0,
      0.0,
      1.0
    ]
  ],
  "piece_aabb": {
    "w": 0.0300283320248127,
    "d": 0.0300283320248127,
    "h": 0.0300283320248127
  },
  "points_N": 1782
}