{
  "type": "single",
  "distance_m": 0.5,
  "angles": {
    "az_deg": 240.0,
    "el_deg": 45.0
  },
  "z_floor": 0.0,
  "intrinsics": {
    "width": 640,
    "height": 480,
    "fx": 554.2562584220408,
    "fy": 554.2562584220408,
    "cx": 319.5,
    "cy": 239.5
  },
  "T_wc": [
    [
      0.8660254037832137,
      0.353553390592067,
      0.35355339059256696,
      -0.17677669529663706
    ],
    [
      -0.4999999999992934,
      0.6123724356937036,
      0.6123724356945696,
      -0.30618621784789724
    ],
    [
      0.0,
      0.7071067811841334,
      -0.7071067811851333,
      0.36856755660568014
    ],
    [
      0.0,
      0.0,
      0.0,
      1.0
    ]
  ],
  "piece_aabb": {
    "w": 0.0300283320248127,
    "d": 0.0300283320248127,
    "h": 0.0300283320248127
  },
  "points_N": 1782
}