{
  "type": "single",
  "distance_m": 0.5,
  "angles": {
    "az_deg": 90.0,
    "el_deg": 55.0
  },
  "z_floor": 0.0,
  "intrinsics": {
    "width": 640,
    "height": 480,
    "fx": 554.2562584220408,
    "fy": 554.2562584220408,
    "cx": 319.5,
    "cy": 239.5
  },
  "T_wc": [
    [
      -0.9999999999982566,
      -5.0158596452488476e-17,
      -3.5121427342112466e-17,
      1.7560713671091353e-17
    ],
    [
      6.12323399572609e-17,
      -0.8191520442859255,
      -0.573576436349899,
      0.286788218175523
    ],
    [
      0.0,
      0.573576436348899,
      -0.8191520442873536,
      0.42459018815690225
    ],
    [
      0.0,
      0.0,
      0.0,
      1.0
    ]
  ],
  "piece_aabb": {
    "w": 0.0300283320248127,
    "d": 0.0300283320248127,
    "h": 0.0300283320248127
  },
  "points_N": 1560
}