{
  "type": "single",
  "distance_m": 0.5,
  "angles": {
    "az_deg": 330.0,
    "el_deg": 55.0
  },
  "z_floor": 0.0,
  "intrinsics": {
    "width": 640,
    "height": 480,
    "fx": 554.2562584220408,
    "fy": 554.2562584220408,
    "cx": 319.5,
    "cy": 239.5
  },
  "T_wc": [
    [
      0.49999999999912875,
      -0.7094064799135666,
      -0.49673176489116044,
      0.24836588244607694
    ],
    [
      0.8660254037829285,
      0.40957602214296307,
      0.28678821817494976,
      -0.14339410908776165
    ],
    [
      -0.0,
      0.573576436348899,
      -0.8191520442873536,
      0.42459018815690225
    ],
    [
      0.0,
      0.0,
      0.0,
      1.0
    ]
  ],
  "piece_aabb": {
    "w": 0.0300283320248127,
    "d": 0.0300283320248127,
    "h": 0.0300283320248127
  },
  "points_N": 1718
}