{
  "type": "single",
  "distance_m": 0.5,
  "angles": {
    "az_deg": 120.0,
    "el_deg": 5.0
  },
  "z_floor": 0.0,
  "intrinsics": {
    "width": 640,
    "height": 480,
    "fx": 554.2562584220408,
    "fy": 554.2562584220408,
    "cx": 319.5,
    "cy": 239.5
  },
  "T_wc": [
    [
      -0.8660254037835694,
      0.04357787137369817,
      0.4980973490448764,
      -0.24904867452293628
    ],
    [
      -0.4999999999994979,
      -0.07547908730494661,
      -0.8627299156610956,
      0.4313649578314105
    ],
    [
      0.0,
      0.9961946980887533,
      -0.08715574274748386,
      0.05859203738623543
    ],
    [
      0.0,
      0.0,
      0.0,
      1.0
    ]
  ],
  "piece_aabb": {
    "w": 0.0300283320248127,
    "d": 0.0300283320248127,
    "h": 0.0300283320248127
  },
  "points_N": 1574
}