{
  "type": "single",
  "distance_m": 0.5,
  "angles": {
    "az_deg": 30.0,
    "el_deg": 15.0
  },
  "z_floor": 0.0,
  "intrinsics": {
    "width": 640,
    "height": 480,
    "fx": 554.2562584220408,
    "fy": 554.2562584220408,
    "cx": 319.5,
    "cy": 239.5
  },
  "T_wc": [
    [
      -0.4999999999994823,
      -0.22414386804133302,
      -0.836516303736135,
      0.41825815186890397
    ],
    [
      0.8660254037835421,
      -0.12940952255086757,
      -0.4829629131435682,
      0.24148145657226705
    ],
    [
      0.0,
      0.9659258262861364,
      -0.2588190451020031,
      0.14442368856366672
    ],
    [
      0.0,
      0.0,
      0.0,
      1.0
    ]
  ],
  "piece_aabb": {
    "w": 0.0300283320248127,
    "d": 0.0300283320248127,
    "h": 0.0300283320248127
  },
  "points_N": 1691
}