{
  "type": "single",
  "distance_m": 0.5,
  "angles": {
    "az_deg": 240.0,
    "el_deg": 35.0
  },
  "z_floor": 0.0,
  "intrinsics": {
    "width": 640,
    "height": 480,
    "fx": 554.2562584220408,
    "fy": 554.2562584220408,
    "cx": 319.5,
    "cy": 239.5
  },
  "T_wc": [
    [
      0.8660254037833812,
      0.28678821817459965,
      0.40957602214367717,
      -0.20478801107224814
    ],
    [
      -0.49999999999939004,
      0.4967317648905541,
      0.7094064799148037,
      -0.3547032399581112
    ],
    [
      0.0,
      0.8191520442863537,
      -0.573576436349899,
      0.3018023841879294
    ],
    [
      0.0,
      0.0,
      0.0,
      1.0
    ]
  ],
  "piece_aabb": {
    "w": 0.0300283320248127,
    "d": 0.0300283320248127,
    "h": 0.0300283320248127
  },
  "points_N": 1800
}