{
  "type": "single",
  "distance_m": 0.5,
  "angles": {
    "az_deg": 60.0,
    "el_deg": 55.0
  },
  "z_floor": 0.0,
  "intrinsics": {
    "width": 640,
    "height": 480,
    "fx": 554.2562584220408,
    "fy": 554.2562584220408,
    "cx": 319.5,
    "cy": 239.5
  },
  "T_wc": [
    [
      -0.8660254037829287,
      -0.4095760221429628,
      -0.28678821817494954,
      0.14339410908776154
    ],
    [
      0.4999999999991284,
      -0.7094064799135669,
      -0.49673176489116055,
      0.248365882446077
    ],
    [
      0.0,
      0.5735764363488989,
      -0.8191520442873536,
      0.42459018815690225
    ],
    [
      0.0,
      0.0,
      0.0,
      1.0
    ]
  ],
  "piece_aabb": {
    "w": 0.0300283320248127,
    "d": 0.0300283320248127,
    "h": 0.0300283320248127
  },
  "points_N": 1718
}