{
  "type": "single",
  "distance_m": 0.3,
  "angles": {
    "az_deg": 330.0,
    "el_deg": 25.0
  },
  "z_floor": 0.0,
  "intrinsics": {
    "width": 640,
    "height": 480,
    "fx": 554.2562584220408,
    "fy": 554.2562584220408,
    "cx": 319.5,
    "cy": 239.5
  },
  "T_wc": [
    [
      0.4999999999994488,
      -0.365998150769043,
      -0.7848855672187794,
      0.23546567016641864
    ],
    [
      0.8660254037834829,
      0.21130913086941247,
      0.4531538935168149,
      -0.13594616805549758
    ],
    [
      -0.0,
      0.9063077870326292,
      -0.42261826173929085,
      0.1417996445346162
    ],
    [
      0.0,
      0.0,
      0.0,
      1.0
    ]
  ],
  "piece_aabb": {
    "w": 0.0300283320248127,
    "d": 0.0300283320248127,
    "h": 0.0300283320248127
  },
  "points_N": 4924
}