{
  "type": "single",
  "distance_m": 0.3,
  "angles": {
    "az_deg": 90.0,
    "el_deg": 5.0
  },
  "z_floor": 0.0,
  "intrinsics": {
    "width": 640,
    "height": 480,
    "fx": 554.2562584220408,
    "fy": 554.2562584220408,
    "cx": 319.5,
    "cy": 239.5
  },
  "T_wc": [
    [
      -0.9999999999989962,
      -5.3367500691383394e-18,
      -6.099933241707768e-17,
      1.8299799725184303e-17
    ],
    [
      6.12323399573062e-17,
      -0.08715574274728015,
      -0.9961946980884249,
      0.2988584094275237
    ],
    [
      0.0,
      0.9961946980874249,
      -0.08715574274736763,
      0.041160888836703796
    ],
    [
      0.0,
      0.0,
      0.0,
      1.0
    ]
  ],
  "piece_aabb": {
    "w": 0.0300283320248127,
    "d": 0.0300283320248127,
    "h": 0.0300283320248127
  },
  "points_N": 3466
}