{
  "type": "single",
  "distance_m": 0.3,
  "angles": {
    "az_deg": 330.0,
    "el_deg": 5.0
  },
  "z_floor": 0.0,
  "intrinsics": {
    "width": 640,
    "height": 480,
    "fx": 554.2562584220408,
    "fy": 554.2562584220408,
    "cx": 319.5,
    "cy": 239.5
  },
  "T_wc": [
    [
      0.4999999999994986,
      -0.07547908730484593,
      -0.8627299156599447,
      0.2588189746988462
    ],
    [
      0.8660254037835691,
      0.043577871373640116,
      0.4980973490442129,
      -0.14942920471376198
    ],
    [
      -0.0,
      0.9961946980874248,
      -0.08715574274736763,
      0.041160888836703796
    ],
    [
      0.0,
      0.0,
      0.0,
      1.0
    ]
  ],
  "piece_aabb": {
    "w": 0.0300283320248127,
    "d": 0.0300283320248127,
    "h": 0.0300283320248127
  },
  "points_N": 4372
}