{
  "type": "single",
  "distance_m": 0.3,
  "angles": {
    "az_deg": 60.0,
    "el_deg": 25.0
  },
  "z_floor": 0.0,
  "intrinsics": {
    "width": 640,
    "height": 480,
    "fx": 554.2562584220408,
    "fy": 554.2562584220408,
    "cx": 319.5,
    "cy": 239.5
  },
  "T_wc": [
    [
      -0.866025403783483,
      -0.2113091308694123,
      -0.4531538935168146,
      0.1359461680554975
    ],
    [
      0.4999999999994484,
      -0.3659981507690431,
      -0.7848855672187797,
      0.2354656701664187
    ],
    [
      0.0,
      0.906307787032629,
      -0.42261826173929085,
      0.1417996445346162
    ],
    [
      0.0,
      0.0,
      0.0,
      1.0
    ]
  ],
  "piece_aabb": {
    "w": 0.0300283320248127,
    "d": 0.0300283320248127,
    "h": 0.0300283320248127
  },
  "points_N": 4924
}