{
  "type": "single",
  "distance_m": 0.3,
  "angles": {
    "az_deg": 150.0,
    "el_deg": 85.0
  },
  "z_floor": 0.0,
  "intrinsics": {
    "width": 640,
    "height": 480,
    "fx": 554.2562584220408,
    "fy": 554.2562584220408,
    "cx": 319.5,
    "cy": 239.5
  },
  "T_wc": [
    [
      -0.49999999999426303,
      0.8627299156500463,
      0.0754790873049217,
      -0.02264372619155199
    ],
    [
      -0.8660254037745021,
      -0.4980973490384973,
      -0.043577871373683796,
      0.013073361412148718
    ],
    [
      0.0,
      0.0871557427463676,
      -0.9961946980884249,
      0.31387257543993
    ],
    [
      0.0,
      0.0,
      0.0,
      1.0
    ]
  ],
  "piece_aabb": {
    "w": 0.0300283320248127,
    "d": 0.0300283320248127,
    "h": 0.0300283320248127
  },
  "points_N": 3440
}