{
  "type": "single",
  "distance_m": 0.3,
  "angles": {
    "az_deg": 90.0,
    "el_deg": 25.0
  },
  "z_floor": 0.0,
  "intrinsics": {
    "width": 640,
    "height": 480,
    "fx": 554.2562584220408,
    "fy": 554.2562584220408,
    "cx": 319.5,
    "cy": 239.5
  },
  "T_wc": [
    [
      -0.9999999999988967,
      -2.5877905074983493e-17,
      -5.549534652165275e-17,
      1.6648603956551314e-17
    ],
    [
      6.12323399573001e-17,
      -0.42261826173882455,
      -0.906307787033629,
      0.27189233611099495
    ],
    [
      0.0,
      0.906307787032629,
      -0.42261826173929085,
      0.1417996445346162
    ],
    [
      0.0,
      0.0,
      0.0,
      1.0
    ]
  ],
  "piece_aabb": {
    "w": 0.0300283320248127,
    "d": 0.0300283320248127,
    "h": 0.0300283320248127
  },
  "points_N": 4136
}