{
  "type": "single",
  "distance_m": 0.3,
  "angles": {
    "az_deg": 90.0,
    "el_deg": 55.0
  },
  "z_floor": 0.0,
  "intrinsics": {
    "width": 640,
    "height": 480,
    "fx": 554.2562584220408,
    "fy": 554.2562584220408,
    "cx": 319.5,
    "cy": 239.5
  },
  "T_wc": [
    [
      -0.9999999999982566,
      -5.0158596452421596e-17,
      -3.5121427342065634e-17,
      1.0536428202654811e-17
    ],
    [
      6.12323399572609e-17,
      -0.8191520442848332,
      -0.5735764363491341,
      0.1720729309053138
    ],
    [
      0.0,
      0.5735764363481342,
      -0.8191520442862613,
      0.2607597792991039
    ],
    [
      0.0,
      0.0,
      0.0,
      1.0
    ]
  ],
  "piece_aabb": {
    "w": 0.0300283320248127,
    "d": 0.0300283320248127,
    "h": 0.0300283320248127
  },
  "points_N": 4304
}