{
  "type": "single",
  "distance_m": 0.3,
  "angles": {
    "az_deg": 150.0,
    "el_deg": 45.0
  },
  "z_floor": 0.0,
  "intrinsics": {
    "width": 640,
    "height": 480,
    "fx": 554.2562584220408,
    "fy": 554.2562584220408,
    "cx": 319.5,
    "cy": 239.5
  },
  "T_wc": [
    [
      -0.49999999999929284,
      0.6123724356928874,
      0.6123724356937533,
      -0.18371173070873836
    ],
    [
      -0.8660254037832139,
      -0.35355339059159524,
      -0.35355339059209523,
      0.10606601717798211
    ],
    [
      0.0,
      0.7071067811831906,
      -0.7071067811841906,
      0.2271462003683706
    ],
    [
      0.0,
      0.0,
      0.0,
      1.0
    ]
  ],
  "piece_aabb": {
    "w": 0.0300283320248127,
    "d": 0.0300283320248127,
    "h": 0.0300283320248127
  },
  "points_N": 4966
}