{
  "type": "single",
  "distance_m": 0.3,
  "angles": {
    "az_deg": 240.0,
    "el_deg": 65.0
  },
  "z_floor": 0.0,
  "intrinsics": {
    "width": 640,
    "height": 480,
    "fx": 554.2562584220408,
    "fy": 554.2562584220408,
    "cx": 319.5,
    "cy": 239.5
  },
  "T_wc": [
    [
      0.8660254037823893,
      0.4531538935157426,
      0.21130913086964556,
      -0.06339273926110497
    ],
    [
      -0.49999999999881733,
      0.7848855672169222,
      0.3659981507694468,
      -0.10979944523120003
    ],
    [
      0.0,
      0.42261826173829087,
      -0.9063077870336289,
      0.2869065021234013
    ],
    [
      0.0,
      0.0,
      0.0,
      1.0
    ]
  ],
  "piece_aabb": {
    "w": 0.0300283320248127,
    "d": 0.0300283320248127,
    "h": 0.0300283320248127
  },
  "points_N": 4444
}