{
  "type": "single",
  "distance_m": 0.3,
  "angles": {
    "az_deg": 240.0,
    "el_deg": 25.0
  },
  "z_floor": 0.0,
  "intrinsics": {
    "width": 640,
    "height": 480,
    "fx": 554.2562584220408,
    "fy": 554.2562584220408,
    "cx": 319.5,
    "cy": 239.5
  },
  "T_wc": [
    [
      0.8660254037834828,
      0.2113091308694124,
      0.45315389351681484,
      -0.13594616805549758
    ],
    [
      -0.49999999999944866,
      0.3659981507690429,
      0.7848855672187793,
      -0.23546567016641867
    ],
    [
      0.0,
      0.9063077870326288,
      -0.4226182617392908,
      0.1417996445346162
    ],
    [
      0.0,
      0.0,
      0.0,
      1.0
    ]
  ],
  "piece_aabb": {
    "w": 0.0300283320248127,
    "d": 0.0300283320248127,
    "h": 0.0300283320248127
  },
  "points_N": 4924
}