{
  "type": "single",
  "distance_m": 0.3,
  "angles": {
    "az_deg": 60.0,
    "el_deg": 75.0
  },
  "z_floor": 0.0,
  "intrinsics": {
    "width": 640,
    "height": 480,
    "fx": 554.2562584220408,
    "fy": 554.2562584220408,
    "cx": 319.5,
    "cy": 239.5
  },
  "T_wc": [
    [
      -0.8660254037810926,
      -0.48296291314105844,
      -0.12940952255082902,
      0.03882285676537812
    ],
    [
      0.4999999999980683,
      -0.8365163037317875,
      -0.22414386804126618,
      0.067243160412604
    ],
    [
      0.0,
      0.258819045100658,
      -0.9659258262858486,
      0.30479191389912685
    ],
    [
      0.0,
      0.0,
      0.0,
      1.0
    ]
  ],
  "piece_aabb": {
    "w": 0.0300283320248127,
    "d": 0.0300283320248127,
    "h": 0.0300283320248127
  },
  "points_N": 3988
}