{
  "type": "single",
  "distance_m": 0.3,
  "angles": {
    "az_deg": 240.0,
    "el_deg": 75.0
  },
  "z_floor": 0.0,
  "intrinsics": {
    "width": 640,
    "height": 480,
    "fx": 554.2562584220408,
    "fy": 554.2562584220408,
    "cx": 319.5,
    "cy": 239.5
  },
  "T_wc": [
    [
      0.8660254037810924,
      0.4829629131410586,
      0.1294095225508291,
      -0.038822856765378146
    ],
    [
      -0.4999999999980685,
      0.8365163037317873,
      0.22414386804126618,
      -0.067243160412604
    ],
    [
      0.0,
      0.258819045100658,
      -0.9659258262858486,
      0.30479191389912685
    ],
    [
      0.0,
      0.0,
      0.0,
      1.0
    ]
  ],
  "piece_aabb": {
    "w": 0.0300283320248127,
    "d": 0.0300283320248127,
    "h": 0.0300283320248127
  },
  "points_N": 3988
}