{
  "type": "single",
  "distance_m": 0.3,
  "angles": {
    "az_deg": 330.0,
    "el_deg": 15.0
  },
  "z_floor": 0.0,
  "intrinsics": {
    "width": 640,
    "height": 480,
    "fx": 554.2562584220408,
    "fy": 554.2562584220408,
    "cx": 319.5,
    "cy": 239.5
  },
  "T_wc": [
    [
      0.49999999999948297,
      -0.22414386804103414,
      -0.8365163037350193,
      0.2509548911213423
    ],
    [
      0.8660254037835419,
      0.1294095225506952,
      0.48296291314292483,
      -0.1448888739433604
    ],
    [
      -0.0,
      0.9659258262848487,
      -0.25881904510165804,
      0.09265987954316257
    ],
    [
      0.0,
      0.0,
      0.0,
      1.0
    ]
  ],
  "piece_aabb": {
    "w": 0.0300283320248127,
    "d": 0.0300283320248127,
    "h": 0.0300283320248127
  },
  "points_N": 4710
}