{
  "type": "single",
  "distance_m": 0.3,
  "angles": {
    "az_deg": 240.0,
    "el_deg": 55.0
  },
  "z_floor": 0.0,
  "intrinsics": {
    "width": 640,
    "height": 480,
    "fx": 554.2562584220408,
    "fy": 554.2562584220408,
    "cx": 319.5,
    "cy": 239.5
  },
  "T_wc": [
    [
      0.8660254037829286,
      0.40957602214241695,
      0.28678821817456734,
      -0.08603646545265699
    ],
    [
      -0.4999999999991287,
      0.7094064799126208,
      0.49673176489049825,
      -0.14901952946764618
    ],
    [
      0.0,
      0.5735764363481343,
      -0.8191520442862613,
      0.2607597792991039
    ],
    [
      0.0,
      0.0,
      0.0,
      1.0
    ]
  ],
  "piece_aabb": {
    "w": 0.0300283320248127,
    "d": 0.0300283320248127,
    "h": 0.0300283320248127
  },
  "points_N": 4765
}