{
  "type": "single",
  "distance_m": 0.3,
  "angles": {
    "az_deg": 0.0,
    "el_deg": 15.0
  },
  "z_floor": 0.0,
  "intrinsics": {
    "width": 640,
    "height": 480,
    "fx": 554.2562584220408,
    "fy": 554.2562584220408,
    "cx": 319.5,
    "cy": 239.5
  },
  "T_wc": [
    [
      0.0,
      -0.25881904510139003,
      -0.9659258262858486,
      0.2897777478867205
    ],
    [
      0.9999999999989647,
      0.0,
      0.0,
      0.0
    ],
    [
      -0.0,
      0.9659258262848486,
      -0.258819045101658,
      0.09265987954316257
    ],
    [
      0.0,
      0.0,
      0.0,
      1.0
    ]
  ],
  "piece_aabb": {
    "w": 0.0300283320248127,
    "d": 0.0300283320248127,
    "h": 0.0300283320248127
  },
  "points_N": 3860
}