{
  "type": "single",
  "distance_m": 0.3,
  "angles": {
    "az_deg": 330.0,
    "el_deg": 85.0
  },
  "z_floor": 0.0,
  "intrinsics": {
    "width": 640,
    "height": 480,
    "fx": 554.2562584220408,
    "fy": 554.2562584220408,
    "cx": 319.5,
    "cy": 239.5
  },
  "T_wc": [
    [
      0.4999999999942636,
      -0.8627299156500461,
      -0.07547908730492167,
      0.022643726191551982
    ],
    [
      0.8660254037745019,
      0.49809734903849784,
      0.043577871373683845,
      -0.013073361412148732
    ],
    [
      -0.0,
      0.08715574274636761,
      -0.9961946980884249,
      0.31387257543993
    ],
    [
      0.0,
      0.0,
      0.0,
      1.0
    ]
  ],
  "piece_aabb": {
    "w": 0.0300283320248127,
    "d": 0.0300283320248127,
    "h": 0.0300283320248127
  },
  "points_N": 3440
}