{
  "type": "single",
  "distance_m": 0.3,
  "angles": {
    "az_deg": 150.0,
    "el_deg": 65.0
  },
  "z_floor": 0.0,
  "intrinsics": {
    "width": 640,
    "height": 480,
    "fx": 554.2562584220408,
    "fy": 554.2562584220408,
    "cx": 319.5,
    "cy": 239.5
  },
  "T_wc": [
    [
      -0.49999999999881684,
      0.7848855672169225,
      0.365998150769447,
      -0.10979944523120005
    ],
    [
      -0.8660254037823896,
      -0.4531538935157422,
      -0.2113091308696454,
      0.0633927392611049
    ],
    [
      0.0,
      0.4226182617382909,
      -0.906307787033629,
      0.2869065021234013
    ],
    [
      0.0,
      0.0,
      0.0,
      1.0
    ]
  ],
  "piece_aabb": {
    "w": 0.0300283320248127,
    "d": 0.0300283320248127,
    "h": 0.0300283320248127
  },
  "points_N": 4444
}