{
  "type": "single",
  "distance_m": 0.3,
  "angles": {
    "az_deg": 60.0,
    "el_deg": 65.0
  },
  "z_floor": 0.0,
  "intrinsics": {
    "width": 640,
    "height": 480,
    "fx": 554.2562584220408,
    "fy": 554.2562584220408,
    "cx": 319.5,
    "cy": 239.5
  },
  "T_wc": [
    [
      -0.8660254037823893,
      -0.45315389351574237,
      -0.21130913086964548,
      0.06339273926110493
    ],
    [
      0.499999999998817,
      -0.7848855672169223,
      -0.3659981507694469,
      0.10979944523120004
    ],
    [
      0.0,
      0.4226182617382908,
      -0.906307787033629,
      0.2869065021234013
    ],
    [
      0.0,
      0.0,
      0.0,
      1.0
    ]
  ],
  "piece_aabb": {
    "w": 0.0300283320248127,
    "d": 0.0300283320248127,
    "h": 0.0300283320248127
  },
  "points_N": 4444
}