{
  "type": "single",
  "distance_m": 0.3,
  "angles": {
    "az_deg": 90.0,
    "el_deg": 35.0
  },
  "z_floor": 0.0,
  "intrinsics": {
    "width": 640,
    "height": 480,
    "fx": 554.2562584220408,
    "fy": 554.2562584220408,
    "cx": 319.5,
    "cy": 239.5
  },
  "T_wc": [
    [
      -0.9999999999987792,
      -3.5121427342022764e-17,
      -5.015859645250904e-17,
      1.504757893580287e-17
    ],
    [
      6.123233995729292e-17,
      -0.5735764363484339,
      -0.8191520442862613,
      0.24574561328669753
    ],
    [
      0.0,
      0.8191520442852613,
      -0.5735764363491341,
      0.18708709691772016
    ],
    [
      0.0,
      0.0,
      0.0,
      1.0
    ]
  ],
  "piece_aabb": {
    "w": 0.0300283320248127,
    "d": 0.0300283320248127,
    "h": 0.0300283320248127
  },
  "points_N": 4304
}