{
  "type": "single",
  "distance_m": 0.3,
  "angles": {
    "az_deg": 240.0,
    "el_deg": 35.0
  },
  "z_floor": 0.0,
  "intrinsics": {
    "width": 640,
    "height": 480,
    "fx": 554.2562584220408,
    "fy": 554.2562584220408,
    "cx": 319.5,
    "cy": 239.5
  },
  "T_wc": [
    [
      0.8660254037833812,
      0.28678821817421724,
      0.40957602214313105,
      -0.12287280664334888
    ],
    [
      -0.49999999999939004,
      0.49673176488989174,
      0.7094064799138577,
      -0.2128219439748667
    ],
    [
      0.0,
      0.8191520442852614,
      -0.5735764363491341,
      0.18708709691772016
    ],
    [
      0.0,
      0.0,
      0.0,
      1.0
    ]
  ],
  "piece_aabb": {
    "w": 0.0300283320248127,
    "d": 0.0300283320248127,
    "h": 0.0300283320248127
  },
  "points_N": 5014
}