{
  "type": "single",
  "distance_m": 0.3,
  "angles": {
    "az_deg": 60.0,
    "el_deg": 35.0
  },
  "z_floor": 0.0,
  "intrinsics": {
    "width": 640,
    "height": 480,
    "fx": 554.2562584220408,
    "fy": 554.2562584220408,
    "cx": 319.5,
    "cy": 239.5
  },
  "T_wc": [
    [
      -0.8660254037833813,
      -0.286788218174217,
      -0.40957602214313077,
      0.12287280664334879
    ],
    [
      0.4999999999993897,
      -0.4967317648898918,
      -0.7094064799138579,
      0.21282194397486673
    ],
    [
      0.0,
      0.8191520442852613,
      -0.5735764363491341,
      0.18708709691772016
    ],
    [
      0.0,
      0.0,
      0.0,
      1.0
    ]
  ],
  "piece_aabb": {
    "w": 0.0300283320248127,
    "d": 0.0300283320248127,
    "h": 0.0300283320248127
  },
  "points_N": 5014
}