{
  "type": "single",
  "distance_m": 0.3,
  "angles": {
    "az_deg": 180.0,
    "el_deg": 55.0
  },
  "z_floor": 0.0,
  "intrinsics": {
    "width": 640,
    "height": 480,
    "fx": 554.2562584220408,
    "fy": 554.2562584220408,
    "cx": 319.5,
    "cy": 239.5
  },
  "T_wc": [
    [
      -1.224646799145218e-16,
      0.8191520442848332,
      0.5735764363491341,
      -0.1720729309053138
    ],
    [
      -0.9999999999982566,
      -1.0031719290484319e-16,
      -7.024285468413127e-17,
      2.1072856405309622e-17
    ],
    [
      0.0,
      0.5735764363481342,
      -0.8191520442862613,
      0.2607597792991039
    ],
    [
      0.0,
      0.0,
      0.0,
      1.0
    ]
  ],
  "piece_aabb": {
    "w": 0.0300283320248127,
    "d": 0.0300283320248127,
    "h": 0.0300283320248127
  },
  "points_N": 4304
}