{
  "type": "single",
  "distance_m": 0.3,
  "angles": {
    "az_deg": 180.0,
    "el_deg": 85.0
  },
  "z_floor": 0.0,
  "intrinsics": {
    "width": 640,
    "height": 480,
    "fx": 554.2562584220408,
    "fy": 554.2562584220408,
    "cx": 319.5,
    "cy": 239.5
  },
  "T_wc": [
    [
      -1.2246467991333019e-16,
      0.9961946980769947,
      0.0871557427473676,
      -0.02614672282429744
    ],
    [
      -0.9999999999885262,
      -1.2199866483275555e-16,
      -1.0673500138287389e-17,
      3.2020500414968903e-18
    ],
    [
      0.0,
      0.0871557427463676,
      -0.9961946980884249,
      0.31387257543993
    ],
    [
      0.0,
      0.0,
      0.0,
      1.0
    ]
  ],
  "piece_aabb": {
    "w": 0.0300283320248127,
    "d": 0.0300283320248127,
    "h": 0.0300283320248127
  },
  "points_N": 3466
}