{
  "type": "single",
  "distance_m": 0.3,
  "angles": {
    "az_deg": 0.0,
    "el_deg": 45.0
  },
  "z_floor": 0.0,
  "intrinsics": {
    "width": 640,
    "height": 480,
    "fx": 554.2562584220408,
    "fy": 554.2562584220408,
    "cx": 319.5,
    "cy": 239.5
  },
  "T_wc": [
    [
      0.0,
      -0.7071067811831906,
      -0.7071067811841906,
      0.21213203435596426
    ],
    [
      0.9999999999985858,
      0.0,
      0.0,
      0.0
    ],
    [
      -0.0,
      0.7071067811831906,
      -0.7071067811841906,
      0.2271462003683706
    ],
    [
      0.0,
      0.0,
      0.0,
      1.0
    ]
  ],
  "piece_aabb": {
    "w": 0.0300283320248127,
    "d": 0.0300283320248127,
    "h": 0.0300283320248127
  },
  "points_N": 4356
}