{
  "type": "single",
  "distance_m": 0.3,
  "angles": {
    "az_deg": 90.0,
    "el_deg": 65.0
  },
  "z_floor": 0.0,
  "intrinsics": {
    "width": 640,
    "height": 480,
    "fx": 554.2562584220408,
    "fy": 554.2562584220408,
    "cx": 319.5,
    "cy": 239.5
  },
  "T_wc": [
    [
      -0.9999999999976339,
      -5.549534652152144e-17,
      -2.5877905075012046e-17,
      7.763371522529489e-18
    ],
    [
      6.123233995722278e-17,
      -0.9063077870314846,
      -0.42261826173929085,
      0.12678547852220984
    ],
    [
      0.0,
      0.42261826173829087,
      -0.906307787033629,
      0.2869065021234013
    ],
    [
      0.0,
      0.0,
      0.0,
      1.0
    ]
  ],
  "piece_aabb": {
    "w": 0.0300283320248127,
    "d": 0.0300283320248127,
    "h": 0.0300283320248127
  },
  "points_N": 4136
}