{
  "type": "scene",
  "distance_m": 0.3,
  "num_objects": 6,
  "intrinsics": {
    "width": 640,
    "height": 480,
    "fx": 554.2562584220408,
    "fy": 554.2562584220408,
    "cx": 0.013073996507958263,
    "cy": -0.07515756995148025
  },
  "T_wc": [
    [
      0.999999999999,
      0.0,
      0.0,
      0.0
    ],
    [
      -0.0,
      0.9999999999956668,
      0.0,
      0.0
    ],
    [
      0.0,
      0.0,
      -0.9999999999966668,
      0.31501416601240634
    ],
    [
      0.0,
      0.0,
      0.0,
      1.0
    ]
  ],
  "bin_size": {
    "w": 0.25,
    "d": 0.25
  },
  "z_floor": 0.0,
  "piece_aabb": {
    "w": 0.0300283320248127,
    "d": 0.0300283320248127,
    "h": 0.0300283320248127
  },
  "poses": [
    {
      "R": [
        [
          0.24918512897283163,
          -0.46246425870546504,
          0.8509016282266698
        ],
        [
          0.9279857594272798,
          -0.13731687410579196,
          -0.3463906846120269
        ],
        [
          0.27703646294119466,
          0.8759400010878706,
          0.3949429233385673
        ]
      ],
      "tx": 0.09311065071107197,
      "ty": -0.07387600251601949,
      "tz": 0.0
    },
    {
      "R": [
        [
          0.1568307832732454,
          0.9762289690652812,
          -0.14960315964456866
        ],
        [
          -0.5251094148140871,
          -0.04586946137107173,
          -0.8497976788548758
        ],
        [
          -0.8364593282948711,
          0.21183246321389376,
          0.5054332791152826
        ]
      ],
      "tx": -0.08704050176379036,
      "ty": 0.05451211329765995,
      "tz": 0.0
    },
    {
      "R": [
        [
          -0.6247884076145727,
          0.7566069891082047,
          0.19283492874234007
        ],
        [
          -0.6645102792179253,
          -0.38559283585260573,
          -0.6401126883235952
        ],
        [
          -0.40995796677728,
          -0.5280757795731235,
          0.743687055490464
        ]
      ],
      "tx": 0.04753801683021655,
      "ty": -0.0004896527140439838,
      "tz": 0.0
    },
    {
      "R": [
        [
          0.2900882233540989,
          -0.7745043533391519,
          -0.5621315053703757
        ],
        [
          -0.7535018626115221,
          -0.5469708159012181,
          0.3647709823893931
        ],
        [
          -0.5899862419685984,
          0.3177513701167285,
          -0.7422602650531098
        ]
      ],
      "tx": 0.08220175361365667,
      "ty": 0.06495964126979181,
      "tz": 0.0
    },
    {
      "R": [
        [
          0.46882667125936095,
          -0.49477446667774433,
          0.7317101744814136
        ],
        [
          -0.7707647569280458,
          -0.6337640423958193,
          0.06530565093282997
        ],
        [
          0.4314200294301571,
          -0.5945934457172091,
          -0.6784802079033834
        ]
      ],
      "tx": -0.012662753422929676,
      "ty": 0.08359624428641982,
      "tz": 0.0
    },
    {
      "R": [
        [
          -0.9444338508570913,
          0.2672392932120563,
          -0.19138406809023129
        ],
        [
          -0.1882754056905598,
          0.0374606636475161,
          0.9814015846182147
        ],
        [
          0.2694384400327852,
          0.9629017908606299,
          0.014935467521672408
        ]
      ],
      "tx": 0.013073996507958263,
      "ty": -0.07515756995148025,
      "tz": 0.0
    }
  ],
  "points_N": 31541
}