{
  "type": "scene",
  "distance_m": 0.3,
  "num_objects": 14,
  "intrinsics": {
    "width": 640,
    "height": 480,
    "fx": 554.2562584220408,
    "fy": 554.2562584220408,
    "cx": -0.0977753436787631,
    "cy": 0.02190899671343785
  },
  "T_wc": [
    [
      0.999999999999,
      0.0,
      0.0,
      0.0
    ],
    [
      -0.0,
      0.9999999999956668,
      0.0,
      0.0
    ],
    [
      0.0,
      0.0,
      -0.9999999999966668,
      0.31501416601240634
    ],
    [
      0.0,
      0.0,
      0.0,
      1.0
    ]
  ],
  "bin_size": {
    "w": 0.25,
    "d": 0.25
  },
  "z_floor": 0.0,
  "piece_aabb": {
    "w": 0.0300283320248127,
    "d": 0.0300283320248127,
    "h": 0.0300283320248127
  },
  "poses": [
    {
      "R": [
        [
          0.46757620920939935,
          -0.680016972151898,
          -0.564756058990723
        ],
        [
          -0.8812908961176356,
          -0.30907419509005196,
          -0.3574905570076108
        ],
        [
          0.06854812179442338,
          0.6648684527895738,
          -0.7438085072676004
        ]
      ],
      "tx": 0.0154051422371429,
      "ty": -0.031448421377958224,
      "tz": 0.0
    },
    {
      "R": [
        [
          0.17524105345455432,
          -0.6056190175378706,
          0.7762191564117715
        ],
        [
          -0.9441671587904463,
          0.12004499157700155,
          0.30681847444189814
        ],
        [
          -0.27899632514732886,
          -0.7866478281885368,
          -0.5507687763122959
        ]
      ],
      "tx": 0.049356436328302666,
      "ty": 0.053152205177587536,
      "tz": 0.0
    },
    {
      "R": [
        [
          0.24706013718016873,
          0.8423602158583814,
          -0.4789473409003723
        ],
        [
          0.2659780567503993,
          0.41633309954714937,
          0.8694379929291938
        ],
        [
          0.9317816063562306,
          -0.3421929528211893,
          -0.12119002061109563
        ]
      ],
      "tx": -0.06512763716399518,
      "ty": -0.028534582557223534,
      "tz": 0.0
    },
    {
      "R": [
        [
          -0.22350202623022897,
          0.6109807878532569,
          0.759440136643564
        ],
        [
          0.906166343565898,
          -0.15675764007131354,
          0.39279714875197785
        ],
        [
          0.3590395550066775,
          0.775970050423008,
          -0.5186145763349899
        ]
      ],
      "tx": 0.07805591623231842,
      "ty": -0.04229699369306766,
      "tz": 0.0
    },
    {
      "R": [
        [
          -0.768923395792114,
          0.4959846606804714,
          -0.40343032579765403
        ],
        [
          -0.27752378629565877,
          -0.8273935517159505,
          -0.4882626942732631
        ],
        [
          -0.5759664568737013,
          -0.2634750973973482,
          0.773849800418539
        ]
      ],
      "tx": -0.06421684891788715,
      "ty": 0.06899888278713678,
      "tz": 0.0
    },
    {
      "R": [
        [
          -0.25450907085862085,
          0.5828666395354615,
          0.7716810308458539
        ],
        [
          -0.9455864344827495,
          -0.31725034478165237,
          -0.07223928057589862
        ],
        [
          0.20271020638557474,
          -0.748076666694371,
          0.6318938779372345
        ]
      ],
      "tx": -0.08305463842690522,
      "ty": -0.08542602462892891,
      "tz": 0.0
    },
    {
      "R": [
        [
          -0.8360413930840414,
          0.05590023836103136,
          -0.5458112791077834
        ],
        [
          -0.06046593405240398,
          -0.9981240331589334,
          -0.009606521207714571
        ],
        [
          -0.5453243620720287,
          0.024971539434400416,
          0.8378530672791089
        ]
      ],
      "tx": -0.025916750335012423,
      "ty": -0.0734977513846715,
      "tz": 0.0
    },
    {
      "R": [
        [
          -0.22645732790991024,
          -0.6167034145221622,
          0.753919078650096
        ],
        [
          -0.3707616064482141,
          -0.6611795016771616,
          -0.6522097038114966
        ],
        [
          0.900695792051813,
          -0.4272219154943326,
          -0.07892100545171976
        ]
      ],
      "tx": -0.021033776432425266,
      "ty": 0.027308965718938816,
      "tz": 0.0
    },
    {
      "R": [
        [
          -0.39001977500423335,
          -0.4073092886447031,
          -0.8258230551936617
        ],
        [
          0.8205698503618339,
          -0.5606617535300797,
          -0.11101134539196483
        ],
        [
          -0.4177914501073533,
          -0.7209421207783067,
          0.5528948929994493
        ]
      ],
      "tx": 0.09550989758505446,
      "ty": -0.09832022884046288,
      "tz": 0.0
    },
    {
      "R": [
        [
          -0.061706835085578504,
          0.29882645361525917,
          0.9523103575638818
        ],
        [
          -0.47304142787373327,
          0.831406349711159,
          -0.2915395156323505
        ],
        [
          -0.8788765977194413,
          -0.46847223213301903,
          0.09005383779387688
        ]
      ],
      "tx": 0.0007209197787848565,
      "ty": 0.09443038032942225,
      "tz": 0.0
    },
    {
      "R": [
        [
          0.455355854626611,
          0.7965241735848291,
          0.3977439962491876
        ],
        [
          0.8825631471475112,
          -0.46264837675278647,
          -0.08389738246865772
        ],
        [
          0.1171893209910751,
          0.38923735738366216,
          -0.9136525284059767
        ]
      ],
      "tx": 0.09819985651232999,
      "ty": 0.02021647545064406,
      "tz": 0.0
    },
    {
      "R": [
        [
          -0.4705147062410817,
          -0.5275345304949727,
          -0.7073353026297482
        ],
        [
          0.1151466716317068,
          -0.8314638616478205,
          0.5435154926824383
        ],
        [
          -0.8748469324533341,
          0.17428472655153268,
          0.451959819970591
        ]
      ],
      "tx": 0.02908610743386289,
      "ty": -0.08967910059652125,
      "tz": 0.0
    },
    {
      "R": [
        [
          -0.28764525861835244,
          -0.5574360220641201,
          0.778797333392784
        ],
        [
          -0.3404822567601192,
          -0.7005241861566245,
          -0.6271664033102662
        ],
        [
          0.8951715131894655,
          -0.4455681159092613,
          0.011705385903657772
        ]
      ],
      "tx": 0.09376186903876718,
      "ty": 0.0908095397920437,
      "tz": 0.0
    },
    {
      "R": [
        [
          0.34615300397332194,
          0.358180153442473,
          0.8671130696282762
        ],
        [
          0.4719074229947904,
          0.7323417137877852,
          -0.49089611769577646
        ],
        [
          -0.8108523182199464,
          0.5791222599126165,
          0.08447441098369657
        ]
      ],
      "tx": -0.0977753436787631,
      "ty": 0.02190899671343785,
      "tz": 0.0
    }
  ],
  "points_N": 66485
}