{
  "type": "scene",
  "distance_m": 0.3,
  "num_objects": 11,
  "intrinsics": {
    "width": 640,
    "height": 480,
    "fx": 554.2562584220408,
    "fy": 554.2562584220408,
    "cx": -0.03969522778036321,
    "cy": -0.025321437231945285
  },
  "T_wc": [
    [
      0.999999999999,
      0.0,
      0.0,
      0.0
    ],
    [
      -0.0,
      0.9999999999956668,
      0.0,
      0.0
    ],
    [
      0.0,
      0.0,
      -0.9999999999966668,
      0.31501416601240634
    ],
    [
      0.0,
      0.0,
      0.0,
      1.0
    ]
  ],
  "bin_size": {
    "w": 0.25,
    "d": 0.25
  },
  "z_floor": 0.0,
  "piece_aabb": {
    "w": 0.0300283320248127,
    "d": 0.0300283320248127,
    "h": 0.0300283320248127
  },
  "poses": [
    {
      "R": [
        [
          -0.6319842830275388,
          0.6476959298645055,
          -0.42554182925197936
        ],
        [
          0.476796337776572,
          -0.10792018966039607,
          -0.8723637343141409
        ],
        [
          -0.6109509949979756,
          -0.754216954927836,
          -0.24061518366546597
        ]
      ],
      "tx": 0.022126825242944875,
      "ty": -0.02840754011453915,
      "tz": 0.0
    },
    {
      "R": [
        [
          0.33783227385982606,
          -0.7209868758714326,
          0.6050184125791966
        ],
        [
          0.038478690383662195,
          0.6528540994944737,
          0.7565057271162051
        ],
        [
          -0.9404194516943267,
          -0.23229173380559898,
          0.24829781569826792
        ]
      ],
      "tx": -0.0989091545821233,
      "ty": 0.015426181372596381,
      "tz": 0.0
    },
    {
      "R": [
        [
          0.825896738526229,
          -0.03577780876350689,
          -0.5626851034920151
        ],
        [
          -0.562093170023247,
          -0.13032680087473558,
          -0.8167412033116573
        ],
        [
          -0.04411173885662295,
          0.990825349581771,
          -0.1277469417293664
        ]
      ],
      "tx": -0.03857461666522911,
      "ty": 0.09489482834737376,
      "tz": 0.0
    },
    {
      "R": [
        [
          -0.017983270570856913,
          0.9931785252190966,
          -0.11520858919019705
        ],
        [
          -0.5288909616703872,
          -0.1072353884916799,
          -0.8418877134858375
        ],
        [
          -0.8484992354993306,
          0.04579288698759609,
          0.5272115883195216
        ]
      ],
      "tx": 0.0524593855668235,
      "ty": 0.02711790551312604,
      "tz": 0.0
    },
    {
      "R": [
        [
          -0.5195357171953463,
          -0.211387781473107,
          0.8278875795675371
        ],
        [
          -0.782962037717692,
          -0.2701854751923698,
          -0.5603304886297307
        ],
        [
          0.34213021797449666,
          -0.9393162485760327,
          -0.025137603500972716
        ]
      ],
      "tx": -0.048938283313343496,
      "ty": -0.08314810293393038,
      "tz": 0.0
    },
    {
      "R": [
        [
          -0.9655809098462962,
          0.25903408244819165,
          0.02355526842602773
        ],
        [
          0.06126076778977281,
          0.13847038909284226,
          0.9884700651381834
        ],
        [
          0.25278572916643516,
          0.9558908386812274,
          -0.14957299106153288
        ]
      ],
      "tx": -0.02021540515348358,
      "ty": 0.031500093370855936,
      "tz": 0.0
    },
    {
      "R": [
        [
          -0.49023353303603456,
          0.5093655095784286,
          -0.7072608152152324
        ],
        [
          0.4021681311106658,
          -0.5877178629066657,
          -0.7020317000957836
        ],
        [
          -0.7732605494954219,
          -0.6285972409041658,
          0.08326842932173384
        ]
      ],
      "tx": 0.09074769290153617,
      "ty": 0.07267854859859246,
      "tz": 0.0
    },
    {
      "R": [
        [
          0.5519670524740248,
          -0.7266839125436455,
          0.40897782853523595
        ],
        [
          -0.7809645836021868,
          -0.2785917238991953,
          0.5589999736439512
        ],
        [
          -0.29227844967120026,
          -0.6279467673498563,
          -0.7212878518543522
        ]
      ],
      "tx": 0.08457790160152398,
      "ty": -0.07967637155236396,
      "tz": 0.0
    },
    {
      "R": [
        [
          -0.24262889425254852,
          0.5404612843077633,
          0.8056257318620035
        ],
        [
          0.2495809029894379,
          -0.7677122732952408,
          0.5901925434083612
        ],
        [
          0.9374649820322689,
          0.3442665618329155,
          0.05138036460537165
        ]
      ],
      "tx": 0.09586734083193882,
      "ty": -0.01344182433741542,
      "tz": 0.0
    },
    {
      "R": [
        [
          -0.46362316587169494,
          -0.8826386720218582,
          0.07747602673471361
        ],
        [
          -0.8460098166542112,
          0.466969042431009,
          0.25730779921287794
        ],
        [
          -0.26328872021378996,
          0.053748377301621006,
          -0.963218646905067
        ]
      ],
      "tx": 0.0255339154239769,
      "ty": 0.0900703760102701,
      "tz": 0.0
    },
    {
      "R": [
        [
          0.852267778420288,
          -0.48895018034287774,
          -0.18592298139072044
        ],
        [
          0.2368046062300578,
          0.04370374787057596,
          0.9705738307260774
        ],
        [
          -0.4664367184675475,
          -0.8712162209031307,
          0.153032951028507
        ]
      ],
      "tx": -0.03969522778036321,
      "ty": -0.025321437231945285,
      "tz": 0.0
    }
  ],
  "points_N": 51509
}