{
  "type": "scene",
  "distance_m": 0.3,
  "num_objects": 11,
  "intrinsics": {
    "width": 640,
    "height": 480,
    "fx": 554.2562584220408,
    "fy": 554.2562584220408,
    "cx": -0.09627360445838933,
    "cy": -0.09649261043412997
  },
  "T_wc": [
    [
      0.999999999999,
      0.0,
      0.0,
      0.0
    ],
    [
      -0.0,
      0.9999999999956668,
      0.0,
      0.0
    ],
    [
      0.0,
      0.0,
      -0.9999999999966668,
      0.31501416601240634
    ],
    [
      0.0,
      0.0,
      0.0,
      1.0
    ]
  ],
  "bin_size": {
    "w": 0.25,
    "d": 0.25
  },
  "z_floor": 0.0,
  "piece_aabb": {
    "w": 0.0300283320248127,
    "d": 0.0300283320248127,
    "h": 0.0300283320248127
  },
  "poses": [
    {
      "R": [
        [
          -0.9316807800915927,
          0.3555679865207679,
          0.0744468331729928
        ],
        [
          0.3416486952780447,
          0.787956410662475,
          0.5122507822451016
        ],
        [
          0.12347911978439965,
          0.5026888718257804,
          -0.8556031820416479
        ]
      ],
      "tx": 0.09542736961541495,
      "ty": -0.070038158293426,
      "tz": 0.0
    },
    {
      "R": [
        [
          -0.3983374625838838,
          -0.6663718978142341,
          0.6302981514376264
        ],
        [
          -0.40454381835130454,
          -0.4890891863362752,
          -0.7727457970397943
        ],
        [
          0.8232080933372677,
          -0.5627968208975386,
          -0.07475408652136739
        ]
      ],
      "tx": -0.05614364704472293,
      "ty": -0.05537592938007816,
      "tz": 0.0
    },
    {
      "R": [
        [
          -0.41779705442552095,
          0.48650248024145104,
          0.7673076032676036
        ],
        [
          -0.9009289673731733,
          -0.11275537908307953,
          -0.4190623106839103
        ],
        [
          -0.11735679384366782,
          -0.8663726456939572,
          0.4854130423999622
        ]
      ],
      "tx": 0.09141568572687256,
      "ty": 0.02456911881381485,
      "tz": 0.0
    },
    {
      "R": [
        [
          -0.2965033352946409,
          -0.2764187410357957,
          0.9141545010354316
        ],
        [
          0.0819717820677776,
          0.9462996783884785,
          0.3127259912870929
        ],
        [
          -0.9515074351279583,
          0.16765917298510036,
          -0.2579224740307944
        ]
      ],
      "tx": -0.00475014659360426,
      "ty": 0.023734988780169414,
      "tz": 0.0
    },
    {
      "R": [
        [
          0.5485099163666861,
          0.7154980275549829,
          0.43266551077286
        ],
        [
          -0.4933628737347477,
          0.694723682924415,
          -0.5234043171431892
        ],
        [
          -0.6750777336482091,
          0.07363135846136254,
          0.7340629922448971
        ]
      ],
      "tx": 0.04324192691742337,
      "ty": -0.03607680812027847,
      "tz": 0.0
    },
    {
      "R": [
        [
          -0.28526560932892564,
          0.679304604472655,
          -0.676142578511697
        ],
        [
          -0.7709259884158361,
          0.2565267260234618,
          0.5829812683275079
        ],
        [
          0.5694705018868516,
          0.6875603923859587,
          0.450515320830273
        ]
      ],
      "tx": -0.06174227360201732,
      "ty": 0.09537650191774169,
      "tz": 0.0
    },
    {
      "R": [
        [
          -0.9050071692288015,
          0.21526247482999428,
          0.36691155688331384
        ],
        [
          -0.38060255287696754,
          -0.7949929072680213,
          -0.4723642388423093
        ],
        [
          0.19000979024251968,
          -0.5671404978694479,
          0.801403728022517
        ]
      ],
      "tx": 0.08227239228842126,
      "ty": 0.08785897717345098,
      "tz": 0.0
    },
    {
      "R": [
        [
          -0.7058822470410768,
          -0.64457347650381,
          -0.29369250364970545
        ],
        [
          -0.08249810529564644,
          -0.3369921098302877,
          0.9378861234365075
        ],
        [
          -0.7035085755944048,
          0.6862662393706422,
          0.18470065718672468
        ]
      ],
      "tx": -0.09896432698526073,
      "ty": 0.02128719502873204,
      "tz": 0.0
    },
    {
      "R": [
        [
          -0.5779456051945355,
          0.24454443594116904,
          0.7785736293290041
        ],
        [
          0.5069615099036644,
          -0.6400390975993844,
          0.5773560262267663
        ],
        [
          0.6395067669012727,
          0.7283872406861485,
          0.24593316712696556
        ]
      ],
      "tx": -0.004902835506758574,
      "ty": 0.08813174486043585,
      "tz": 0.0
    },
    {
      "R": [
        [
          0.8441393621028733,
          0.48131297418545677,
          0.2361494404594342
        ],
        [
          0.24187648235753006,
          -0.7350046313334324,
          0.6334539913843406
        ],
        [
          0.4784605570273285,
          -0.4776044522396693,
          -0.7368646297454802
        ]
      ],
      "tx": 0.012102418261876205,
      "ty": -0.08592438228599511,
      "tz": 0.0
    },
    {
      "R": [
        [
          0.9784861908346967,
          0.19109158852251476,
          -0.07777389756047624
        ],
        [
          0.06467781676426129,
          -0.6420881576018118,
          -0.7638976226472495
        ],
        [
          -0.19591210877435367,
          0.7424330290763287,
          -0.6406337822595161
        ]
      ],
      "tx": -0.09627360445838933,
      "ty": -0.09649261043412997,
      "tz": 0.0
    }
  ],
  "points_N": 54561
}