{
  "type": "scene",
  "distance_m": 0.3,
  "num_objects": 7,
  "intrinsics": {
    "width": 640,
    "height": 480,
    "fx": 554.2562584220408,
    "fy": 554.2562584220408,
    "cx": -0.0939395558074439,
    "cy": -0.052755339766888044
  },
  "T_wc": [
    [
      0.999999999999,
      0.0,
      0.0,
      0.0
    ],
    [
      -0.0,
      0.9999999999956668,
      0.0,
      0.0
    ],
    [
      0.0,
      0.0,
      -0.9999999999966668,
      0.31501416601240634
    ],
    [
      0.0,
      0.0,
      0.0,
      1.0
    ]
  ],
  "bin_size": {
    "w": 0.25,
    "d": 0.25
  },
  "z_floor": 0.0,
  "piece_aabb": {
    "w": 0.0300283320248127,
    "d": 0.0300283320248127,
    "h": 0.0300283320248127
  },
  "poses": [
    {
      "R": [
        [
          -0.7079083576598411,
          -0.012686673121949876,
          0.7061903464933824
        ],
        [
          0.39838358569463744,
          -0.8327865646043537,
          0.38439180072363965
        ],
        [
          0.5832291794864436,
          0.5534488107671527,
          0.5945907315591071
        ]
      ],
      "tx": -0.014681094522668081,
      "ty": 0.09840915828523322,
      "tz": 0.0
    },
    {
      "R": [
        [
          0.11273621350081542,
          -0.6053069424728879,
          0.7879683061898001
        ],
        [
          0.8095610838025011,
          -0.4038436823591529,
          -0.4260529683162869
        ],
        [
          0.5761088419370234,
          0.6859400743597966,
          0.44450513678613257
        ]
      ],
      "tx": -0.04673435168425657,
      "ty": -0.012009917771025488,
      "tz": 0.0
    },
    {
      "R": [
        [
          -0.9567620963812018,
          0.17222248949960123,
          -0.23440500216251442
        ],
        [
          0.14084808767867452,
          -0.4307801268407123,
          -0.8913979462150228
        ],
        [
          -0.2544957899956482,
          -0.8858712640274884,
          0.38789688893420005
        ]
      ],
      "tx": 0.009464332726441788,
      "ty": 0.03127058925623816,
      "tz": 0.0
    },
    {
      "R": [
        [
          0.5681787050412687,
          0.8112766791782445,
          -0.1378517644397294
        ],
        [
          0.18007362077956446,
          -0.2860340989138428,
          -0.9411471645592326
        ],
        [
          -0.8029610515068366,
          0.5099163108590128,
          -0.3086080129921609
        ]
      ],
      "tx": 0.08555882954331395,
      "ty": 0.026135865907244232,
      "tz": 0.0
    },
    {
      "R": [
        [
          0.3851802808695358,
          -0.12674055847653887,
          0.914096812195689
        ],
        [
          -0.6628952210701147,
          0.6511218577854558,
          0.36960824151582505
        ],
        [
          -0.6420327694998671,
          -0.748316214678709,
          0.16678358953224082
        ]
      ],
      "tx": -0.0339632265532107,
      "ty": -0.08722454805364435,
      "tz": 0.0
    },
    {
      "R": [
        [
          0.4618610489983266,
          -0.7876578885112355,
          -0.4077737388358739
        ],
        [
          0.8864702934871227,
          0.4250875020819078,
          0.18295090690843377
        ],
        [
          0.029236795019629336,
          -0.4459772037221029,
          0.8945666792236306
        ]
      ],
      "tx": 0.09732989735393524,
      "ty": 0.09240685754687408,
      "tz": 0.0
    },
    {
      "R": [
        [
          0.4091419631734824,
          0.3728315506872433,
          -0.8328262056291783
        ],
        [
          0.6011086427047275,
          0.5765471312949115,
          0.5534092563928511
        ],
        [
          0.6864919909483497,
          -0.7270419796736319,
          0.011777357768931962
        ]
      ],
      "tx": -0.0939395558074439,
      "ty": -0.052755339766888044,
      "tz": 0.0
    }
  ],
  "points_N": 36216
}