{
  "type": "scene",
  "distance_m": 0.3,
  "num_objects": 8,
  "intrinsics": {
    "width": 640,
    "height": 480,
    "fx": 554.2562584220408,
    "fy": 554.2562584220408,
    "cx": 0.02920403334903754,
    "cy": 0.03204985096034066
  },
  "T_wc": [
    [
      0.999999999999,
      0.0,
      0.0,
      0.0
    ],
    [
      -0.0,
      0.9999999999956668,
      0.0,
      0.0
    ],
    [
      0.0,
      0.0,
      -0.9999999999966668,
      0.31501416601240634
    ],
    [
      0.0,
      0.0,
      0.0,
      1.0
    ]
  ],
  "bin_size": {
    "w": 0.25,
    "d": 0.25
  },
  "z_floor": 0.0,
  "piece_aabb": {
    "w": 0.0300283320248127,
    "d": 0.0300283320248127,
    "h": 0.0300283320248127
  },
  "poses": [
    {
      "R": [
        [
          0.5673102260590906,
          0.0490907912319003,
          -0.8220396593991127
        ],
        [
          0.7130368882621603,
          0.4701197490823563,
          0.5201594154681407
        ],
        [
          0.4119921156845102,
          -0.8812363563420248,
          0.23170019610443304
        ]
      ],
      "tx": -0.09307497958495166,
      "ty": 0.013004972585886204,
      "tz": 0.0
    },
    {
      "R": [
        [
          0.38107953416028373,
          0.6105906912434946,
          0.6942315149940779
        ],
        [
          0.6401110536924202,
          0.36756390056014965,
          -0.6746514788731943
        ],
        [
          -0.667110356376635,
          0.7014811378588879,
          -0.2507747707470578
        ]
      ],
      "tx": 0.07668916795670253,
      "ty": 0.07675192214125187,
      "tz": 0.0
    },
    {
      "R": [
        [
          -0.33403471014415254,
          -0.630166511878613,
          -0.7009357885895495
        ],
        [
          0.8918413690416808,
          -0.45196236532859135,
          -0.01868134878549338
        ],
        [
          -0.3050242365530522,
          -0.6313637522326783,
          0.7129796823766446
        ]
      ],
      "tx": -0.09802748582144995,
      "ty": 0.07238065466506699,
      "tz": 0.0
    },
    {
      "R": [
        [
          0.2685175891171212,
          0.8841751788134654,
          -0.3822728835595137
        ],
        [
          0.930330294105565,
          -0.1351403130501856,
          0.3409144169115634
        ],
        [
          0.24976758837804006,
          -0.44718156151486693,
          -0.8588625051991408
        ]
      ],
      "tx": 0.05059962595445744,
      "ty": -0.022141727115944976,
      "tz": 0.0
    },
    {
      "R": [
        [
          0.03870455854586352,
          -0.7586269051956351,
          -0.650374642695318
        ],
        [
          0.19326432390544673,
          0.6442560658136135,
          -0.7399885288082075
        ],
        [
          0.9803830160978618,
          -0.09705328626923243,
          0.1715511625469266
        ]
      ],
      "tx": -0.02227069904435887,
      "ty": 0.07232674403279032,
      "tz": 0.0
    },
    {
      "R": [
        [
          0.47534285654249253,
          0.7901686477496513,
          0.3868884553039944
        ],
        [
          0.40131927865811934,
          0.1965944430635228,
          -0.8945912259428158
        ],
        [
          -0.782938059690133,
          0.5805033445812616,
          -0.2236601475869564
        ]
      ],
      "tx": 0.09026820054506143,
      "ty": -0.09756905137440165,
      "tz": 0.0
    },
    {
      "R": [
        [
          -0.2610225587820816,
          0.23541768519821743,
          -0.9361868068407969
        ],
        [
          -0.8452122481010558,
          0.4127778565193444,
          0.3394564726548231
        ],
        [
          0.4663512404473841,
          0.8798823527399606,
          0.09123357863186976
        ]
      ],
      "tx": -0.029533923342068266,
      "ty": -0.051283706650343194,
      "tz": 0.0
    },
    {
      "R": [
        [
          -0.7611100580153194,
          -0.6413136493603975,
          -0.09709934465261345
        ],
        [
          0.5692720501027633,
          -0.7322189292449657,
          0.3738780183791947
        ],
        [
          -0.31087105455431957,
          0.22928637726521334,
          0.9223811276478284
        ]
      ],
      "tx": 0.02920403334903754,
      "ty": 0.03204985096034066,
      "tz": 0.0
    }
  ],
  "points_N": 39971
}