{
  "type": "scene",
  "distance_m": 0.3,
  "num_objects": 13,
  "intrinsics": {
    "width": 640,
    "height": 480,
    "fx": 554.2562584220408,
    "fy": 554.2562584220408,
    "cx": 0.08434298100133991,
    "cy": -0.09715379374237723
  },
  "T_wc": [
    [
      0.999999999999,
      0.0,
      0.0,
      0.0
    ],
    [
      -0.0,
      0.9999999999956668,
      0.0,
      0.0
    ],
    [
      0.0,
      0.0,
      -0.9999999999966668,
      0.31501416601240634
    ],
    [
      0.0,
      0.0,
      0.0,
      1.0
    ]
  ],
  "bin_size": {
    "w": 0.25,
    "d": 0.25
  },
  "z_floor": 0.0,
  "piece_aabb": {
    "w": 0.0300283320248127,
    "d": 0.0300283320248127,
    "h": 0.0300283320248127
  },
  "poses": [
    {
      "R": [
        [
          -0.2568726646689825,
          -0.6817044334566902,
          -0.6850514575937705
        ],
        [
          0.7063172797472059,
          0.35139327944233867,
          -0.6145231187622364
        ],
        [
          0.6596456127924779,
          -0.6417178730316397,
          0.3912362929936136
        ]
      ],
      "tx": -0.03835526882141482,
      "ty": -0.07778618491394046,
      "tz": 0.0
    },
    {
      "R": [
        [
          0.6867999485517702,
          -0.6669573666956584,
          -0.2889181574073855
        ],
        [
          -0.012718121816875927,
          -0.40846178668553135,
          0.9126868127649892
        ],
        [
          -0.7267352200401029,
          -0.6231587597298593,
          -0.2890139791172852
        ]
      ],
      "tx": -0.07848126720280545,
      "ty": 0.0019877375021463695,
      "tz": 0.0
    },
    {
      "R": [
        [
          -0.5271360067016801,
          -0.6718424523089627,
          0.5203415702344814
        ],
        [
          0.47679034247688484,
          0.27302908016217076,
          0.8355394010497493
        ],
        [
          -0.7034192204932854,
          0.6885367387883367,
          0.1764045338967808
        ]
      ],
      "tx": 0.09441455033294432,
      "ty": 0.04690473414947324,
      "tz": 0.0
    },
    {
      "R": [
        [
          -0.4547975298386837,
          0.744198578657178,
          0.48921128602810027
        ],
        [
          0.8347376659683022,
          0.5476771752854328,
          -0.057120405155779846
        ],
        [
          -0.31043877957887744,
          0.3823848678962144,
          -0.8702928110340633
        ]
      ],
      "tx": -0.024805322875713534,
      "ty": 0.02646729198633846,
      "tz": 0.0
    },
    {
      "R": [
        [
          -0.45518460176398046,
          -0.024043578539909516,
          0.890072404160449
        ],
        [
          0.8708117604671033,
          -0.2205319720549861,
          0.4393774312976522
        ],
        [
          0.18572521678315768,
          0.9750833582994503,
          0.12132018883234186
        ]
      ],
      "tx": 0.02227904559665124,
      "ty": -0.09869419268867334,
      "tz": 0.0
    },
    {
      "R": [
        [
          -0.28376305471730157,
          0.6034718402075966,
          -0.7451847199546985
        ],
        [
          -0.69961504792386,
          -0.661749356839554,
          -0.2694931788393378
        ],
        [
          -0.6557570537142553,
          0.444870235910308,
          0.6099779993615395
        ]
      ],
      "tx": 0.03759929410901386,
      "ty": 0.031040917414635688,
      "tz": 0.0
    },
    {
      "R": [
        [
          0.08504182462425192,
          0.07900177810479825,
          0.993240457855427
        ],
        [
          0.7478204957303735,
          0.6536843916324611,
          -0.11602250773741135
        ],
        [
          -0.6584317688494052,
          0.7526323373283794,
          -0.0034886354730927494
        ]
      ],
      "tx": 0.0026255652550145753,
      "ty": -0.03453086205528415,
      "tz": 0.0
    },
    {
      "R": [
        [
          0.31468658593017274,
          -0.45217400159963983,
          0.8345723605014612
        ],
        [
          -0.11320083713442156,
          -0.8908447313308208,
          -0.4399786757698425
        ],
        [
          0.9424213087084132,
          0.043981097502074434,
          -0.3315233626078784
        ]
      ],
      "tx": 0.0960237046059442,
      "ty": -0.04041208580798756,
      "tz": 0.0
    },
    {
      "R": [
        [
          0.3697965943547443,
          0.58391815674219,
          0.7226963850957302
        ],
        [
          -0.49289149186511994,
          0.7826509014936545,
          -0.38015200070254335
        ],
        [
          -0.7875966328334634,
          -0.21563198421842072,
          0.5772299293448129
        ]
      ],
      "tx": 0.020069478476513344,
      "ty": 0.09544411900806124,
      "tz": 0.0
    },
    {
      "R": [
        [
          0.5726522763394,
          -0.6005463982631928,
          0.5580442580444762
        ],
        [
          -0.8179942692401477,
          -0.3734402939290562,
          0.43752453915232703
        ],
        [
          -0.05435757439014194,
          -0.7070264283626788,
          -0.7050949465874319
        ]
      ],
      "tx": -0.09733350149601959,
      "ty": 0.06366164736578753,
      "tz": 0.0
    },
    {
      "R": [
        [
          0.8792041752052014,
          0.24534967651817124,
          -0.40841590876723965
        ],
        [
          0.4126147083405867,
          -0.8207015796465638,
          0.3952189515023887
        ],
        [
          -0.2382207395730986,
          -0.5159965633587724,
          -0.8227991406407655
        ]
      ],
      "tx": -0.09861719874136449,
      "ty": -0.09392726964128996,
      "tz": 0.0
    },
    {
      "R": [
        [
          0.22646149897659107,
          0.5425742778094842,
          0.8089056450172617
        ],
        [
          -0.5535518143080642,
          0.7550212878248508,
          -0.351458736991349
        ],
        [
          -0.8014334522326391,
          -0.36817931499585976,
          0.47132622847837957
        ]
      ],
      "tx": -0.043978720422664,
      "ty": 0.09346151544731568,
      "tz": 0.0
    },
    {
      "R": [
        [
          -0.28619008579713023,
          -0.934988561975975,
          0.20950327865102597
        ],
        [
          0.3374856860368718,
          0.10627502039419812,
          0.935312264305582
        ],
        [
          -0.8967712342128582,
          0.3383814548912381,
          0.28513039907038296
        ]
      ],
      "tx": 0.08434298100133991,
      "ty": -0.09715379374237723,
      "tz": 0.0
    }
  ],
  "points_N": 68689
}