{
  "type": "scene",
  "distance_m": 0.3,
  "num_objects": 11,
  "intrinsics": {
    "width": 640,
    "height": 480,
    "fx": 554.2562584220408,
    "fy": 554.2562584220408,
    "cx": 0.09720931350574888,
    "cy": -0.04399143461975283
  },
  "T_wc": [
    [
      0.999999999999,
      0.0,
      0.0,
      0.0
    ],
    [
      -0.0,
      0.9999999999956668,
      0.0,
      0.0
    ],
    [
      0.0,
      0.0,
      -0.9999999999966668,
      0.31501416601240634
    ],
    [
      0.0,
      0.0,
      0.0,
      1.0
    ]
  ],
  "bin_size": {
    "w": 0.25,
    "d": 0.25
  },
  "z_floor": 0.0,
  "piece_aabb": {
    "w": 0.0300283320248127,
    "d": 0.0300283320248127,
    "h": 0.0300283320248127
  },
  "poses": [
    {
      "R": [
        [
          -0.3684262135791019,
          -0.6328779375694988,
          -0.6809755071113374
        ],
        [
          0.04546207115494988,
          -0.7438907025943815,
          0.6667531947279586
        ],
        [
          -0.9285447351819233,
          0.21469079796631782,
          0.30284077670372855
        ]
      ],
      "tx": 0.05279233022462021,
      "ty": 0.0882530773073387,
      "tz": 0.0
    },
    {
      "R": [
        [
          0.15056864793210523,
          0.9884500802399975,
          0.017190728124205037
        ],
        [
          0.9675363638041158,
          -0.14376795264513786,
          -0.20785610529627202
        ],
        [
          -0.2029839081715773,
          0.047929267319331434,
          -0.9780083426830388
        ]
      ],
      "tx": 0.05224012682910492,
      "ty": -0.09464275546101654,
      "tz": 0.0
    },
    {
      "R": [
        [
          0.2217953036515512,
          -0.7142475982870793,
          0.663820165119481
        ],
        [
          0.9514629626575257,
          0.30749081727595295,
          0.01294712253476532
        ],
        [
          -0.21336605627203187,
          0.6287286900023774,
          0.7477801551250305
        ]
      ],
      "tx": -0.06497809160417711,
      "ty": 0.05807237225060452,
      "tz": 0.0
    },
    {
      "R": [
        [
          0.5142173070045373,
          0.8551971673274397,
          -0.06494895050825994
        ],
        [
          -0.315058211123528,
          0.11791991162188609,
          -0.9417182264598731
        ],
        [
          -0.7976959851852357,
          0.5047105105287677,
          0.33007334909251096
        ]
      ],
      "tx": -0.02071712766346255,
      "ty": -0.06265400103758598,
      "tz": 0.0
    },
    {
      "R": [
        [
          0.34765314169015227,
          -0.6768104067777474,
          0.6488951890331034
        ],
        [
          -0.4795744630799963,
          0.46633272586971364,
          0.743331771919145
        ],
        [
          -0.8056957412289705,
          -0.5696151877015418,
          -0.16245895021585355
        ]
      ],
      "tx": 0.08773792660853763,
      "ty": 0.026475165233506626,
      "tz": 0.0
    },
    {
      "R": [
        [
          0.4261001015788607,
          0.8206014481622436,
          -0.3808568848117534
        ],
        [
          0.8346731969863787,
          -0.518972024276158,
          -0.1843602241570689
        ],
        [
          -0.3489403353970737,
          -0.23933512339967064,
          -0.9060680664498899
        ]
      ],
      "tx": -0.08092892043941902,
      "ty": -0.08091495306795178,
      "tz": 0.0
    },
    {
      "R": [
        [
          -0.33132209473683893,
          0.8780135901280495,
          -0.3454240945412554
        ],
        [
          0.8876863862836903,
          0.16600750174749423,
          -0.4294815350747435
        ],
        [
          -0.31974763352649743,
          -0.44892498807040027,
          -0.8344026641497466
        ]
      ],
      "tx": -0.00948402685973046,
      "ty": 0.012599936193350203,
      "tz": 0.0
    },
    {
      "R": [
        [
          0.4462985545377678,
          0.09248499636855723,
          0.8900922006535092
        ],
        [
          -0.6632552433773306,
          -0.63354435683546,
          0.39838929460318195
        ],
        [
          0.6007579232519342,
          -0.7681588854974282,
          -0.22140877191604647
        ]
      ],
      "tx": -0.021852428349456762,
      "ty": 0.09879863590671856,
      "tz": 0.0
    },
    {
      "R": [
        [
          0.7160122358252616,
          -0.6895813349256443,
          -0.10864649405607343
        ],
        [
          0.3759548745284511,
          0.24977275131790277,
          0.8923404647427917
        ],
        [
          -0.5882043951440745,
          -0.6797728703186465,
          0.438091810368491
        ]
      ],
      "tx": 0.03296286286683292,
      "ty": -0.03913615174093553,
      "tz": 0.0
    },
    {
      "R": [
        [
          0.5784841012173461,
          0.8027330472278495,
          -0.14483024382721432
        ],
        [
          0.12384955717304152,
          0.08905851814616828,
          0.9882964471926681
        ],
        [
          0.8062365855174279,
          -0.5896509435538109,
          -0.04789919560180067
        ]
      ],
      "tx": -0.09378804832421499,
      "ty": -0.019240096290898,
      "tz": 0.0
    },
    {
      "R": [
        [
          0.9189343084705338,
          -0.16572789233627533,
          0.3579022246613699
        ],
        [
          0.39382094318030086,
          0.4351530635687084,
          -0.809658493427535
        ],
        [
          -0.021559253891541813,
          0.8849723594375949,
          0.4651441944205006
        ]
      ],
      "tx": 0.09720931350574888,
      "ty": -0.04399143461975283,
      "tz": 0.0
    }
  ],
  "points_N": 53705
}