{
  "type": "scene",
  "distance_m": 0.3,
  "num_objects": 11,
  "intrinsics": {
    "width": 640,
    "height": 480,
    "fx": 554.2562584220408,
    "fy": 554.2562584220408,
    "cx": 0.034138148393614204,
    "cy": -0.000389281189526261
  },
  "T_wc": [
    [
      0.999999999999,
      0.0,
      0.0,
      0.0
    ],
    [
      -0.0,
      0.9999999999956668,
      0.0,
      0.0
    ],
    [
      0.0,
      0.0,
      -0.9999999999966668,
      0.31501416601240634
    ],
    [
      0.0,
      0.0,
      0.0,
      1.0
    ]
  ],
  "bin_size": {
    "w": 0.25,
    "d": 0.25
  },
  "z_floor": 0.0,
  "piece_aabb": {
    "w": 0.0300283320248127,
    "d": 0.0300283320248127,
    "h": 0.0300283320248127
  },
  "poses": [
    {
      "R": [
        [
          -0.146691928256375,
          -0.3984965120881826,
          0.9053629150997846
        ],
        [
          0.4811511266460565,
          -0.828437550071663,
          -0.2866789475327619
        ],
        [
          0.8642771959919209,
          0.3935628990197304,
          0.313262147415752
        ]
      ],
      "tx": -0.07020590684821107,
      "ty": -0.03567012225833775,
      "tz": 0.0
    },
    {
      "R": [
        [
          0.8921700345821053,
          0.009628201516464985,
          -0.4515970849433412
        ],
        [
          0.1469955766473955,
          0.939163437356799,
          0.31042605943809165
        ],
        [
          0.4271123152519308,
          -0.34333560209759817,
          0.8364781733508742
        ]
      ],
      "tx": 0.06375552122124484,
      "ty": 0.06008401613406256,
      "tz": 0.0
    },
    {
      "R": [
        [
          -0.4891439463886005,
          0.2695572969806742,
          0.8295041068951127
        ],
        [
          0.4627277046760301,
          0.8863705826566556,
          -0.01517437070041261
        ],
        [
          -0.7393384008940956,
          0.3764120798345524,
          -0.5582944340739822
        ]
      ],
      "tx": -0.013278295469304285,
      "ty": 0.03462343568710527,
      "tz": 0.0
    },
    {
      "R": [
        [
          -0.07568522853062598,
          -0.7508256432555219,
          -0.6561498301548199
        ],
        [
          -0.8899176440856212,
          -0.24597311969728142,
          0.38411432039366167
        ],
        [
          -0.4497981024052509,
          0.6129910911394381,
          -0.6495564557883455
        ]
      ],
      "tx": -0.006948555691496855,
      "ty": -0.06582816515903175,
      "tz": 0.0
    },
    {
      "R": [
        [
          0.638866367366347,
          0.7218766320514555,
          0.2659772410304599
        ],
        [
          -0.6371543561554717,
          0.6902405932715165,
          -0.3429318442960513
        ],
        [
          -0.4311427734292134,
          0.04961906385888859,
          0.9009183411505914
        ]
      ],
      "tx": 0.06760771018062636,
      "ty": -0.04938742071629474,
      "tz": 0.0
    },
    {
      "R": [
        [
          -0.9872648878934873,
          0.15131401629215246,
          0.049113232495923045
        ],
        [
          0.02362227806895524,
          -0.16586435222758533,
          0.9858656118553667
        ],
        [
          0.15732141974789488,
          0.9744706692013166,
          0.1601776693389092
        ]
      ],
      "tx": -0.04544870673132331,
      "ty": 0.08528725589400862,
      "tz": 0.0
    },
    {
      "R": [
        [
          0.2625422110002392,
          -0.41597974001404087,
          -0.8706505862520033
        ],
        [
          -0.9647852936270085,
          -0.12827168748849993,
          -0.22964257312157915
        ],
        [
          -0.01615316204812628,
          0.9002817503907894,
          -0.4350078680542957
        ]
      ],
      "tx": 0.09867111328260275,
      "ty": 0.010798399773890577,
      "tz": 0.0
    },
    {
      "R": [
        [
          0.48986295864258,
          0.7503728462279685,
          -0.4438185140276094
        ],
        [
          -0.8548636979490539,
          0.5132997212742441,
          -0.07570636742475478
        ],
        [
          0.17100391714462745,
          0.4164900812546689,
          0.8929130263008109
        ]
      ],
      "tx": -0.07689793921062148,
      "ty": -0.09783306666607715,
      "tz": 0.0
    },
    {
      "R": [
        [
          0.5699980440204391,
          -0.040233939302507765,
          0.8206603803895225
        ],
        [
          -0.08847645532793588,
          0.9899871907751567,
          0.10998763091237618
        ],
        [
          -0.8168685002284501,
          -0.13530185597143685,
          0.5607310060137634
        ]
      ],
      "tx": -0.09646310590907281,
      "ty": 0.051987707697047664,
      "tz": 0.0
    },
    {
      "R": [
        [
          -0.4706040851346889,
          0.5771737922040174,
          -0.6673846032441685
        ],
        [
          0.8715543018505132,
          0.18614687619971382,
          -0.4535884030781133
        ],
        [
          -0.13756777958667166,
          -0.795122477404533,
          -0.5906397818854321
        ]
      ],
      "tx": 0.01624750017117514,
      "ty": 0.09480054028468024,
      "tz": 0.0
    },
    {
      "R": [
        [
          -0.11850056166089407,
          -0.8177972697851298,
          -0.5631742558196713
        ],
        [
          -0.4771991696816974,
          -0.4504753015143441,
          0.7545548059489512
        ],
        [
          -0.8707689529037834,
          0.3581614555721325,
          -0.3368706018656127
        ]
      ],
      "tx": 0.034138148393614204,
      "ty": -0.000389281189526261,
      "tz": 0.0
    }
  ],
  "points_N": 53908
}