{
  "type": "scene",
  "distance_m": 0.3,
  "num_objects": 10,
  "intrinsics": {
    "width": 640,
    "height": 480,
    "fx": 554.2562584220408,
    "fy": 554.2562584220408,
    "cx": 0.09187083794373643,
    "cy": -0.09731957117561657
  },
  "T_wc": [
    [
      0.999999999999,
      0.0,
      0.0,
      0.0
    ],
    [
      -0.0,
      0.9999999999956668,
      0.0,
      0.0
    ],
    [
      0.0,
      0.0,
      -0.9999999999966668,
      0.31501416601240634
    ],
    [
      0.0,
      0.0,
      0.0,
      1.0
    ]
  ],
  "bin_size": {
    "w": 0.25,
    "d": 0.25
  },
  "z_floor": 0.0,
  "piece_aabb": {
    "w": 0.0300283320248127,
    "d": 0.0300283320248127,
    "h": 0.0300283320248127
  },
  "poses": [
    {
      "R": [
        [
          0.5038763662891814,
          -0.5395180854196421,
          0.6745582576770776
        ],
        [
          0.3521048043711341,
          0.8414049560786439,
          0.4099511027245333
        ],
        [
          -0.7887526952308791,
          0.030950531359239725,
          0.6139309817679872
        ]
      ],
      "tx": -0.0860352033794802,
      "ty": 0.09076324549333584,
      "tz": 0.0
    },
    {
      "R": [
        [
          -0.6951195680759539,
          -0.0800346365103135,
          0.7144251136659189
        ],
        [
          0.6745616792855617,
          0.2709696331924971,
          0.6866891572807645
        ],
        [
          -0.24854642809210156,
          0.9592548748097063,
          -0.1343679955810615
        ]
      ],
      "tx": -0.01748645874820476,
      "ty": -0.014353453172272768,
      "tz": 0.0
    },
    {
      "R": [
        [
          0.8436358273502473,
          0.010283766363259894,
          0.5368173199147449
        ],
        [
          0.5338593754505927,
          -0.12259630764271612,
          -0.83663869895904
        ],
        [
          0.057208024389650114,
          0.992403340130291,
          -0.10891672251621798
        ]
      ],
      "tx": -0.08169748397357451,
      "ty": -0.06898758366861657,
      "tz": 0.0
    },
    {
      "R": [
        [
          -0.8746756551309036,
          0.3986958831563077,
          0.2756521196645086
        ],
        [
          -0.4719139788326469,
          -0.5706677265008089,
          -0.6720383489896526
        ],
        [
          -0.11063315463126251,
          -0.7178996717401462,
          0.6872993281036475
        ]
      ],
      "tx": 0.07471333568754837,
      "ty": -0.03595996479895122,
      "tz": 0.0
    },
    {
      "R": [
        [
          0.8968674562705787,
          0.420122776190612,
          -0.13829540414863556
        ],
        [
          -0.39069036855212924,
          0.6059222211072519,
          -0.6929785695741653
        ],
        [
          -0.20733982203943108,
          0.6755406093599019,
          0.707569843409334
        ]
      ],
      "tx": -0.0038104238314068534,
      "ty": -0.07341037694227102,
      "tz": 0.0
    },
    {
      "R": [
        [
          -0.46156820186092284,
          -0.4474748125028256,
          0.7659772106312536
        ],
        [
          -0.4730974829918402,
          0.8545852639013989,
          0.21415601394628617
        ],
        [
          -0.7504222588767341,
          -0.26353428410386665,
          -0.6061485910931432
        ]
      ],
      "tx": 0.033403082538610684,
      "ty": 0.044626681396039175,
      "tz": 0.0
    },
    {
      "R": [
        [
          0.17661114704185388,
          -0.6134302302086748,
          -0.7697479167926944
        ],
        [
          0.4780877407623342,
          0.737055054545708,
          -0.4776839527358971
        ],
        [
          0.8603723698918555,
          -0.283642731679759,
          0.4234456114920975
        ]
      ],
      "tx": 0.0913560652678482,
      "ty": 0.07404381026351933,
      "tz": 0.0
    },
    {
      "R": [
        [
          -0.4203639479833623,
          -0.7664380270325147,
          0.4856613037440263
        ],
        [
          -0.2873406486633704,
          0.6201474580554195,
          0.7299674526258793
        ],
        [
          -0.8606564371812684,
          0.16730176623666593,
          -0.48091643364781933
        ]
      ],
      "tx": -0.00883155555739451,
      "ty": 0.09483387002246399,
      "tz": 0.0
    },
    {
      "R": [
        [
          0.04010690534135275,
          0.9435269037819094,
          -0.32885926774786745
        ],
        [
          0.9092769312795448,
          0.10198671948686011,
          0.40350238077508616
        ],
        [
          0.41425462989180206,
          -0.31520737759137607,
          -0.8538368759459702
        ]
      ],
      "tx": -0.07357977398465557,
      "ty": 0.031182511663415874,
      "tz": 0.0
    },
    {
      "R": [
        [
          0.7729893628647638,
          -0.2390100627266605,
          0.5876747695905655
        ],
        [
          -0.5871933056410432,
          -0.6202408657238958,
          0.5201012308160944
        ],
        [
          0.2401904800533754,
          -0.7471114096314349,
          -0.6197847004325445
        ]
      ],
      "tx": 0.09187083794373643,
      "ty": -0.09731957117561657,
      "tz": 0.0
    }
  ],
  "points_N": 49554
}