{
  "type": "scene",
  "distance_m": 0.3,
  "num_objects": 9,
  "intrinsics": {
    "width": 640,
    "height": 480,
    "fx": 554.2562584220408,
    "fy": 554.2562584220408,
    "cx": -0.06424517589613613,
    "cy": -0.06353794576574404
  },
  "T_wc": [
    [
      0.999999999999,
      0.0,
      0.0,
      0.0
    ],
    [
      -0.0,
      0.9999999999956668,
      0.0,
      0.0
    ],
    [
      0.0,
      0.0,
      -0.9999999999966668,
      0.31501416601240634
    ],
    [
      0.0,
      0.0,
      0.0,
      1.0
    ]
  ],
  "bin_size": {
    "w": 0.25,
    "d": 0.25
  },
  "z_floor": 0.0,
  "piece_aabb": {
    "w": 0.0300283320248127,
    "d": 0.0300283320248127,
    "h": 0.0300283320248127
  },
  "poses": [
    {
      "R": [
        [
          0.6336744203827117,
          -0.38176236153175863,
          -0.6728404181307253
        ],
        [
          -0.1731547131391436,
          0.7776913634446958,
          -0.6043290399618663
        ],
        [
          0.7539722635948456,
          0.4994533437081234,
          0.42669917176910477
        ]
      ],
      "tx": -0.006600795763028744,
      "ty": -0.08862138911297815,
      "tz": 0.0
    },
    {
      "R": [
        [
          0.3161453125077026,
          0.7827926615257544,
          -0.5359923417744257
        ],
        [
          0.12959481046096222,
          0.5240401504521982,
          0.8417761613490992
        ],
        [
          0.9398177091760904,
          -0.3355854135320292,
          0.06422697053063131
        ]
      ],
      "tx": -0.0003765693701831413,
      "ty": 0.08055547331857474,
      "tz": 0.0
    },
    {
      "R": [
        [
          -0.051828272682727716,
          0.17170170680689195,
          0.9837847091870887
        ],
        [
          -0.08338756682373401,
          -0.9824125467508718,
          0.16706915240607156
        ],
        [
          0.995168500229957,
          -0.07337650758973199,
          0.06523453291004644
        ]
      ],
      "tx": 0.09105794602104672,
      "ty": 0.07573078848410977,
      "tz": 0.0
    },
    {
      "R": [
        [
          -0.8358266897457354,
          0.45228863624261617,
          -0.3111731579594882
        ],
        [
          -0.14148322042519912,
          0.37019986368491087,
          0.9181146765332684
        ],
        [
          0.5304490956225684,
          0.8114105313917659,
          -0.2454316737907547
        ]
      ],
      "tx": -0.08397076408905149,
      "ty": 0.09562176750757767,
      "tz": 0.0
    },
    {
      "R": [
        [
          0.4571613388408553,
          -0.8631714203132006,
          0.21433294059413444
        ],
        [
          -0.4411911536321769,
          -0.42934599805460194,
          -0.7880433870740917
        ],
        [
          0.7722395199845353,
          0.2657011725773712,
          -0.5771039860069109
        ]
      ],
      "tx": -0.017759337797008584,
      "ty": 0.013353508882830656,
      "tz": 0.0
    },
    {
      "R": [
        [
          -0.6019607242048093,
          -0.5914661565075512,
          0.5364802626574497
        ],
        [
          0.7935790895753452,
          -0.5177736270013751,
          0.3195977155278284
        ],
        [
          0.08874409897895977,
          0.6181247907081753,
          0.7810545614797899
        ]
      ],
      "tx": -0.09153418145237015,
      "ty": 0.03310070868115039,
      "tz": 0.0
    },
    {
      "R": [
        [
          0.15260073542743002,
          -0.7046549901844728,
          -0.6929461453497872
        ],
        [
          0.696401189510939,
          0.5741774678213053,
          -0.4305178494488505
        ],
        [
          0.701240614051095,
          -0.4168711794480816,
          0.5783424772146766
        ]
      ],
      "tx": 0.037054563840554944,
      "ty": -0.03304747696623708,
      "tz": 0.0
    },
    {
      "R": [
        [
          -0.7497816613461288,
          0.37992265913993195,
          0.5417436971309239
        ],
        [
          0.44145132026657974,
          -0.3226678586393481,
          0.8372611210584134
        ],
        [
          0.4928977501915917,
          0.8669165046722439,
          0.07421308363709556
        ]
      ],
      "tx": 0.08875014467505968,
      "ty": 0.002836380547838288,
      "tz": 0.0
    },
    {
      "R": [
        [
          -0.3749328430577705,
          0.7458038733585028,
          0.5506377626716785
        ],
        [
          0.3902795428732835,
          -0.41178331022617454,
          0.8234782230476985
        ],
        [
          0.840896689023829,
          0.5236516856677047,
          -0.13668090754064122
        ]
      ],
      "tx": -0.06424517589613613,
      "ty": -0.06353794576574404,
      "tz": 0.0
    }
  ],
  "points_N": 44978
}