{
  "type": "scene",
  "distance_m": 0.3,
  "num_objects": 11,
  "intrinsics": {
    "width": 640,
    "height": 480,
    "fx": 554.2562584220408,
    "fy": 554.2562584220408,
    "cx": -0.05200082407312437,
    "cy": -0.09898071724825558
  },
  "T_wc": [
    [
      0.999999999999,
      0.0,
      0.0,
      0.0
    ],
    [
      -0.0,
      0.9999999999956668,
      0.0,
      0.0
    ],
    [
      0.0,
      0.0,
      -0.9999999999966668,
      0.31501416601240634
    ],
    [
      0.0,
      0.0,
      0.0,
      1.0
    ]
  ],
  "bin_size": {
    "w": 0.25,
    "d": 0.25
  },
  "z_floor": 0.0,
  "piece_aabb": {
    "w": 0.0300283320248127,
    "d": 0.0300283320248127,
    "h": 0.0300283320248127
  },
  "poses": [
    {
      "R": [
        [
          0.13750980721491057,
          -0.7025724939849666,
          -0.6981997877509434
        ],
        [
          -0.4283403898774797,
          -0.6777553878958669,
          0.5976388077909034
        ],
        [
          -0.8930932556678093,
          0.21688597205413646,
          -0.3941381887191415
        ]
      ],
      "tx": -0.09745042798461656,
      "ty": 0.006825386187702245,
      "tz": 0.0
    },
    {
      "R": [
        [
          0.07798495468369548,
          0.9544934822816715,
          0.28785506617878076
        ],
        [
          -0.6769409018089554,
          -0.16127143634645824,
          0.7181521700007791
        ],
        [
          0.7318943655344395,
          -0.25086593252284867,
          0.6335589330112721
        ]
      ],
      "tx": 0.006525439013487511,
      "ty": -0.08321428562375156,
      "tz": 0.0
    },
    {
      "R": [
        [
          0.9598713898392843,
          0.10648358284749877,
          0.2594381651799912
        ],
        [
          -0.23468226491568667,
          0.8114530689676303,
          0.5352271960551498
        ],
        [
          -0.15352898586926184,
          -0.5746348087672501,
          0.8038803934983001
        ]
      ],
      "tx": 0.011477299519826678,
      "ty": 0.04800432378684219,
      "tz": 0.0
    },
    {
      "R": [
        [
          0.25996067641969356,
          -0.924372085798403,
          0.279207259418743
        ],
        [
          0.4456605669822724,
          0.37136513427438467,
          0.8145394993997577
        ],
        [
          -0.8566254174097655,
          -0.08731657369639623,
          0.5084965193641614
        ]
      ],
      "tx": -0.0953368181220245,
      "ty": -0.05471301183533367,
      "tz": 0.0
    },
    {
      "R": [
        [
          0.3731835550064645,
          -0.06801721433515756,
          -0.9252608782537076
        ],
        [
          0.6332908712838592,
          0.7474976424435302,
          0.20047430481210024
        ],
        [
          0.6779946213807803,
          -0.6607729815113883,
          0.3220285084946406
        ]
      ],
      "tx": 0.06182558633051352,
      "ty": 0.09838133313694636,
      "tz": 0.0
    },
    {
      "R": [
        [
          -0.5100106816768626,
          0.5168769985213342,
          -0.6875516511325379
        ],
        [
          -0.015814161197770626,
          -0.80482173318725,
          -0.5933058992586223
        ],
        [
          -0.8600226839340421,
          -0.29171929348099046,
          0.41864165694521915
        ]
      ],
      "tx": 0.08100577579412385,
      "ty": -0.09484904923828034,
      "tz": 0.0
    },
    {
      "R": [
        [
          0.15933427984805137,
          -0.5318302758125372,
          0.8317266047172373
        ],
        [
          0.06151721810309871,
          0.8462010942391776,
          0.5293008029327694
        ],
        [
          -0.9853061550310941,
          -0.033170255313748065,
          0.16754556102822338
        ]
      ],
      "tx": 0.06414011759745852,
      "ty": 0.02304256301046237,
      "tz": 0.0
    },
    {
      "R": [
        [
          -0.4345332752205999,
          0.8495485861995749,
          -0.29907863917766087
        ],
        [
          0.5564833044223991,
          -0.007851825904285015,
          -0.8308216900930645
        ],
        [
          -0.7081717056090179,
          -0.5274519395321928,
          -0.4693477248890656
        ]
      ],
      "tx": -0.013249250525690648,
      "ty": -0.025997627815023086,
      "tz": 0.0
    },
    {
      "R": [
        [
          0.4829295940817042,
          -0.7183448775034685,
          -0.500759067940469
        ],
        [
          0.6538490927040931,
          -0.0845688869812391,
          0.7518839453830549
        ],
        [
          -0.5824606176645033,
          -0.6905278707766119,
          0.4288483281424844
        ]
      ],
      "tx": -0.05132507555017729,
      "ty": 0.07440965368982003,
      "tz": 0.0
    },
    {
      "R": [
        [
          -0.52001361802178,
          0.5667281736792267,
          0.6390657354530177
        ],
        [
          -0.4583276890195873,
          0.44621578683625407,
          -0.7686528482065665
        ],
        [
          -0.7207784448427009,
          -0.6926114702604275,
          0.02770892841353545
        ]
      ],
      "tx": 0.06913533830541438,
      "ty": -0.03484060594008391,
      "tz": 0.0
    },
    {
      "R": [
        [
          -0.6973647231166884,
          -0.6299640487237046,
          0.3418007318131757
        ],
        [
          0.5190049743063863,
          -0.7727595508546807,
          -0.36534437618238985
        ],
        [
          0.4942836023960453,
          -0.07738199970607024,
          0.8658497251393442
        ]
      ],
      "tx": -0.05200082407312437,
      "ty": -0.09898071724825558,
      "tz": 0.0
    }
  ],
  "points_N": 56710
}