{
  "type": "scene",
  "distance_m": 0.3,
  "num_objects": 5,
  "intrinsics": {
    "width": 640,
    "height": 480,
    "fx": 554.2562584220408,
    "fy": 554.2562584220408,
    "cx": -0.06979462610984884,
    "cy": 0.09173310106229798
  },
  "T_wc": [
    [
      0.999999999999,
      0.0,
      0.0,
      0.0
    ],
    [
      -0.0,
      0.9999999999956668,
      0.0,
      0.0
    ],
    [
      0.0,
      0.0,
      -0.9999999999966668,
      0.31501416601240634
    ],
    [
      0.0,
      0.0,
      0.0,
      1.0
    ]
  ],
  "bin_size": {
    "w": 0.25,
    "d": 0.25
  },
  "z_floor": 0.0,
  "piece_aabb": {
    "w": 0.0300283320248127,
    "d": 0.0300283320248127,
    "h": 0.0300283320248127
  },
  "poses": [
    {
      "R": [
        [
          -0.29273188455463806,
          -0.576138972628786,
          0.7631329687435452
        ],
        [
          0.3322506958999705,
          0.6870775995893234,
          0.6461685903977062
        ],
        [
          -0.8966144761485145,
          0.442705609136388,
          -0.00970694597205135
        ]
      ],
      "tx": -0.04718870582206723,
      "ty": -0.01919399109665694,
      "tz": 0.0
    },
    {
      "R": [
        [
          -0.4509228628327313,
          -0.8135174829530974,
          -0.36723000517984705
        ],
        [
          0.4831498470615666,
          -0.568414479517479,
          0.6659363368665641
        ],
        [
          -0.7504897048321971,
          0.12285879864515187,
          0.6493619318502983
        ]
      ],
      "tx": -0.019065163089425463,
      "ty": -0.07644637845957801,
      "tz": 0.0
    },
    {
      "R": [
        [
          0.4501609157959886,
          0.4729248056879414,
          -0.75742806790793
        ],
        [
          -0.657362153037238,
          -0.3985662331055688,
          -0.6395466813159806
        ],
        [
          -0.6043427418642205,
          0.7858034652462792,
          0.13146392799158213
        ]
      ],
      "tx": 0.010856205732483928,
      "ty": 0.07838300781847765,
      "tz": 0.0
    },
    {
      "R": [
        [
          -0.1581978565891775,
          0.9451159428233219,
          0.28588335521987496
        ],
        [
          -0.5752406692987538,
          -0.3235373525455669,
          0.7512800768638332
        ],
        [
          0.8025407220542218,
          -0.045600834740043394,
          0.5948520432138563
        ]
      ],
      "tx": 0.08799805727246376,
      "ty": 0.041791299526340586,
      "tz": 0.0
    },
    {
      "R": [
        [
          -0.28351062727079457,
          0.8366524242189579,
          0.468651731324084
        ],
        [
          -0.704032256930412,
          -0.5134132319188223,
          0.4906581646035658
        ],
        [
          0.6511223429018475,
          -0.19083913209614622,
          0.7345884019196047
        ]
      ],
      "tx": -0.06979462610984884,
      "ty": 0.09173310106229798,
      "tz": 0.0
    }
  ],
  "points_N": 24556
}