{
  "type": "scene",
  "distance_m": 0.3,
  "num_objects": 12,
  "intrinsics": {
    "width": 640,
    "height": 480,
    "fx": 554.2562584220408,
    "fy": 554.2562584220408,
    "cx": -0.09424013415365037,
    "cy": -0.04345461342037998
  },
  "T_wc": [
    [
      0.999999999999,
      0.0,
      0.0,
      0.0
    ],
    [
      -0.0,
      0.9999999999956668,
      0.0,
      0.0
    ],
    [
      0.0,
      0.0,
      -0.9999999999966668,
      0.31501416601240634
    ],
    [
      0.0,
      0.0,
      0.0,
      1.0
    ]
  ],
  "bin_size": {
    "w": 0.25,
    "d": 0.25
  },
  "z_floor": 0.0,
  "piece_aabb": {
    "w": 0.0300283320248127,
    "d": 0.0300283320248127,
    "h": 0.0300283320248127
  },
  "poses": [
    {
      "R": [
        [
          -0.3294855746038228,
          0.8340175012281295,
          0.44255402356455387
        ],
        [
          0.7328914038443626,
          -0.06958325082048011,
          0.6767779261887118
        ],
        [
          0.59523898250957,
          0.5473326034966682,
          -0.5883175799264635
        ]
      ],
      "tx": 0.0981289458870748,
      "ty": -0.04987139769898212,
      "tz": 0.0
    },
    {
      "R": [
        [
          -0.8315922858853455,
          0.40077371476537726,
          -0.3844927822588424
        ],
        [
          0.31913853203467435,
          0.9114129191399954,
          0.2597635236045762
        ],
        [
          0.45453808138234,
          0.09331088027594682,
          -0.8858262878213703
        ]
      ],
      "tx": 0.027221125430077764,
      "ty": 0.08028510642030995,
      "tz": 0.0
    },
    {
      "R": [
        [
          -0.0024249415083787973,
          0.9822602442738912,
          -0.1875071523373873
        ],
        [
          0.9377857181096869,
          0.06733775451019097,
          0.3406223329833552
        ],
        [
          0.3472060865943732,
          -0.17501554027148702,
          -0.9213129186629805
        ]
      ],
      "tx": -0.04229286525728948,
      "ty": 0.08720910143842461,
      "tz": 0.0
    },
    {
      "R": [
        [
          0.97457877875983,
          -0.1336421501815998,
          0.17982207785985882
        ],
        [
          0.03593105165433809,
          0.8854575441839149,
          0.4633291453975281
        ],
        [
          -0.22114511868456804,
          -0.4450895563171856,
          0.8677500350558098
        ]
      ],
      "tx": 0.05934730894918097,
      "ty": 0.031595019703387434,
      "tz": 0.0
    },
    {
      "R": [
        [
          0.3181171756607326,
          0.9244385085694107,
          0.21027340874110131
        ],
        [
          0.9105347552098446,
          -0.23614220337643488,
          -0.33935721495125326
        ],
        [
          -0.2640604516102081,
          0.2994166055156031,
          -0.9168542818992163
        ]
      ],
      "tx": -0.04053277772268006,
      "ty": -0.01720266536438947,
      "tz": 0.0
    },
    {
      "R": [
        [
          0.7586954799740815,
          0.5515241501222249,
          0.34670200532857554
        ],
        [
          -0.5471962336719299,
          0.8283237105453249,
          -0.12023357436123777
        ],
        [
          -0.3534932114230097,
          -0.09849336211330323,
          0.9302373928720911
        ]
      ],
      "tx": 0.03297629252178294,
      "ty": -0.0421551613006534,
      "tz": 0.0
    },
    {
      "R": [
        [
          0.5705772381494572,
          -0.015232184833171791,
          -0.8211026707123451
        ],
        [
          -0.7036718507416018,
          0.5064315854249114,
          -0.4983703199006736
        ],
        [
          0.42342359615357605,
          0.8621455966536157,
          0.2782398756310007
        ]
      ],
      "tx": -0.04988456916132688,
      "ty": -0.0800201421159574,
      "tz": 0.0
    },
    {
      "R": [
        [
          -0.7385598005508773,
          -0.5135487985165456,
          0.4368032194849996
        ],
        [
          0.3782067425066678,
          0.22074794881206705,
          0.8990161305659427
        ],
        [
          -0.5581120684349545,
          0.8291790968406508,
          0.031192057158500375
        ]
      ],
      "tx": 0.09522207452951184,
      "ty": 0.07789914219745023,
      "tz": 0.0
    },
    {
      "R": [
        [
          -0.904290560454589,
          0.409367644893412,
          -0.12114748692047447
        ],
        [
          0.22353235222041107,
          0.6957836401445174,
          0.6825821662027618
        ],
        [
          0.3637194932685561,
          0.5901722269148777,
          -0.7206974904873742
        ]
      ],
      "tx": -0.09487042938151313,
      "ty": 0.014298286590147105,
      "tz": 0.0
    },
    {
      "R": [
        [
          -0.15999507058656137,
          -0.4101737387921446,
          -0.897863620709334
        ],
        [
          0.74611979743212,
          -0.6457872620383194,
          0.16206190196620382
        ],
        [
          -0.6463024255469365,
          -0.6439847173608428,
          0.4093615254732934
        ]
      ],
      "tx": 0.007293292052197017,
      "ty": -0.09759867796927728,
      "tz": 0.0
    },
    {
      "R": [
        [
          -0.5576619050659628,
          -0.773675755389764,
          -0.3007308184411426
        ],
        [
          0.8293145597084819,
          -0.5347389180924575,
          -0.1621470028487566
        ],
        [
          -0.03536326757707789,
          -0.3398236527956613,
          0.9398240922145409
        ]
      ],
      "tx": -0.005916210588227458,
      "ty": 0.02954880990968406,
      "tz": 0.0
    },
    {
      "R": [
        [
          -0.2225553132837521,
          -0.9060105727673158,
          -0.3600194085921077
        ],
        [
          -0.20236057184500034,
          -0.3183085371753491,
          0.9261370709154522
        ],
        [
          -0.9536872293848414,
          0.27897045935928294,
          -0.11249956139085748
        ]
      ],
      "tx": -0.09424013415365037,
      "ty": -0.04345461342037998,
      "tz": 0.0
    }
  ],
  "points_N": 57130
}