{
  "type": "scene",
  "distance_m": 0.3,
  "num_objects": 6,
  "intrinsics": {
    "width": 640,
    "height": 480,
    "fx": 554.2562584220408,
    "fy": 554.2562584220408,
    "cx": -0.052922146830543755,
    "cy": 0.09807644459980883
  },
  "T_wc": [
    [
      0.999999999999,
      0.0,
      0.0,
      0.0
    ],
    [
      -0.0,
      0.9999999999956668,
      0.0,
      0.0
    ],
    [
      0.0,
      0.0,
      -0.9999999999966668,
      0.31501416601240634
    ],
    [
      0.0,
      0.0,
      0.0,
      1.0
    ]
  ],
  "bin_size": {
    "w": 0.25,
    "d": 0.25
  },
  "z_floor": 0.0,
  "piece_aabb": {
    "w": 0.0300283320248127,
    "d": 0.0300283320248127,
    "h": 0.0300283320248127
  },
  "poses": [
    {
      "R": [
        [
          0.3839016360018932,
          -0.44731075690707667,
          0.8077949124810628
        ],
        [
          -0.1491576828670842,
          0.8332990229992764,
          0.5323201329183161
        ],
        [
          -0.9112472329268233,
          -0.32484738728158125,
          0.25318502218642036
        ]
      ],
      "tx": -0.05126752470072767,
      "ty": 0.0018811252733133832,
      "tz": 0.0
    },
    {
      "R": [
        [
          -0.07811312398431891,
          0.20853629056634834,
          0.9748902273477963
        ],
        [
          0.5292515008418999,
          -0.8200296970677501,
          0.2178167688300658
        ],
        [
          0.8448616388012932,
          0.5329764642494088,
          -0.04631306336436558
        ]
      ],
      "tx": 0.05167291972016602,
      "ty": 0.07340564712509134,
      "tz": 0.0
    },
    {
      "R": [
        [
          -0.5269764034154938,
          0.7081021989863164,
          0.46998632536916873
        ],
        [
          -0.09748429952874815,
          -0.5997156877669354,
          0.7942530485881821
        ],
        [
          0.844270502616703,
          0.37273632723008776,
          0.38506486307421595
        ]
      ],
      "tx": 0.03182482640667078,
      "ty": -0.05751162618804915,
      "tz": 0.0
    },
    {
      "R": [
        [
          0.1614541621495107,
          -0.27842684130311857,
          -0.9467898645246301
        ],
        [
          -0.5321039269739343,
          -0.8325392900627859,
          0.15409004315876484
        ],
        [
          -0.8311425656429331,
          0.47891212611889467,
          -0.2825689491659733
        ]
      ],
      "tx": 0.0918341577991903,
      "ty": -0.060602743025213936,
      "tz": 0.0
    },
    {
      "R": [
        [
          -0.46971743478952543,
          -0.42564724071527893,
          0.7734274096036531
        ],
        [
          -0.3788078706707737,
          0.8885161938695301,
          0.25892773190502033
        ],
        [
          -0.7974146528454453,
          -0.17135752012407593,
          -0.5785900722655934
        ]
      ],
      "tx": -0.02919276771334206,
      "ty": -0.08473696773585628,
      "tz": 0.0
    },
    {
      "R": [
        [
          -0.5494439162611582,
          0.8337816264621216,
          0.05403315887287069
        ],
        [
          -0.8303152459977086,
          -0.5520856744467235,
          0.07601315895600734
        ],
        [
          0.09320930826567936,
          -0.0030995878573902985,
          0.9956417113639564
        ]
      ],
      "tx": -0.052922146830543755,
      "ty": 0.09807644459980883,
      "tz": 0.0
    }
  ],
  "points_N": 29185
}