{
  "type": "scene",
  "distance_m": 0.3,
  "num_objects": 10,
  "intrinsics": {
    "width": 640,
    "height": 480,
    "fx": 554.2562584220408,
    "fy": 554.2562584220408,
    "cx": -0.09680795355417396,
    "cy": -0.0941402699455352
  },
  "T_wc": [
    [
      0.999999999999,
      0.0,
      0.0,
      0.0
    ],
    [
      -0.0,
      0.9999999999956668,
      0.0,
      0.0
    ],
    [
      0.0,
      0.0,
      -0.9999999999966668,
      0.31501416601240634
    ],
    [
      0.0,
      0.0,
      0.0,
      1.0
    ]
  ],
  "bin_size": {
    "w": 0.25,
    "d": 0.25
  },
  "z_floor": 0.0,
  "piece_aabb": {
    "w": 0.0300283320248127,
    "d": 0.0300283320248127,
    "h": 0.0300283320248127
  },
  "poses": [
    {
      "R": [
        [
          -0.6565412310848242,
          0.6024987602768745,
          -0.4538158830962762
        ],
        [
          0.13602635077055486,
          0.6863546524417262,
          0.7144327280910662
        ],
        [
          0.7419234756911723,
          0.4073236243288948,
          -0.5325758361791342
        ]
      ],
      "tx": 0.08090499259765421,
      "ty": -0.0661451701901722,
      "tz": 0.0
    },
    {
      "R": [
        [
          -0.7065772497077314,
          0.6638436244701569,
          0.2450718924025829
        ],
        [
          -0.3828551578567616,
          -0.06736529158750892,
          -0.9213489271670119
        ],
        [
          -0.5951222717206373,
          -0.7448312290308825,
          0.30175473809438835
        ]
      ],
      "tx": 0.06474531222783778,
      "ty": 0.07152492210037073,
      "tz": 0.0
    },
    {
      "R": [
        [
          0.6858564975614503,
          0.5899599737756744,
          -0.4260846090805745
        ],
        [
          0.5409551447342682,
          -0.021658015831552913,
          0.8407725386427456
        ],
        [
          0.4867939976399333,
          -0.8071419699735889,
          -0.33399617388360414
        ]
      ],
      "tx": -0.013439041601984739,
      "ty": 0.0004826409568271517,
      "tz": 0.0
    },
    {
      "R": [
        [
          -0.8952304295586369,
          0.06518474074071132,
          0.44080996763551633
        ],
        [
          0.3838787522770518,
          -0.38951023683781627,
          0.8372089816460179
        ],
        [
          0.22627324530857068,
          0.9187125366365231,
          0.32367837969875723
        ]
      ],
      "tx": -0.04124015489147556,
      "ty": -0.07789903691782428,
      "tz": 0.0
    },
    {
      "R": [
        [
          -0.05940399405166841,
          0.03867962981225842,
          -0.9974843616459841
        ],
        [
          0.6948977655817847,
          0.7189817416207054,
          -0.013503725615556905
        ],
        [
          0.7166507244677511,
          -0.693951829346709,
          -0.06958877543256348
        ]
      ],
      "tx": -0.06700800717086314,
      "ty": 0.08935727124938878,
      "tz": 0.0
    },
    {
      "R": [
        [
          -0.6730815180978491,
          -0.6213099142171845,
          -0.40116737216594417
        ],
        [
          0.689683509794857,
          -0.7231566364779463,
          -0.037163630540490794
        ],
        [
          -0.2670167154171093,
          -0.3016926741128092,
          0.9152505690107604
        ]
      ],
      "tx": 0.06914333863561978,
      "ty": 0.011349418252451074,
      "tz": 0.0
    },
    {
      "R": [
        [
          -0.6494223713000042,
          0.15938730366692513,
          -0.7435363280195976
        ],
        [
          0.5360675766648706,
          0.789455799047567,
          -0.29898343532513744
        ],
        [
          0.539334902360057,
          -0.5927522490720343,
          -0.5981326226818868
        ]
      ],
      "tx": -0.0741869700323274,
      "ty": -0.0054022693487586065,
      "tz": 0.0
    },
    {
      "R": [
        [
          0.3958045928887446,
          0.3813557049776751,
          -0.8354080144032349
        ],
        [
          -0.46640889608494307,
          -0.7001581735961788,
          -0.5405934457605716
        ],
        [
          -0.7910761441865125,
          0.6036110984959137,
          -0.09925812748362994
        ]
      ],
      "tx": 0.02046894004961748,
      "ty": -0.0584044260651235,
      "tz": 0.0
    },
    {
      "R": [
        [
          0.6873032962795861,
          0.3458828017351433,
          0.6387325468355775
        ],
        [
          -0.708175118206379,
          0.12349403157171857,
          0.6951526638944459
        ],
        [
          0.16156169371666232,
          -0.9301152141697344,
          0.32982344897443616
        ]
      ],
      "tx": 0.002039678554346641,
      "ty": 0.07464046901581226,
      "tz": 0.0
    },
    {
      "R": [
        [
          -0.3094917175332179,
          -0.950758836166703,
          0.016507944429142052
        ],
        [
          -0.5090508651232397,
          0.15099346950973747,
          -0.8473890422248174
        ],
        [
          0.8031700277622542,
          -0.27066327349004826,
          -0.5307158362890929
        ]
      ],
      "tx": -0.09680795355417396,
      "ty": -0.0941402699455352,
      "tz": 0.0
    }
  ],
  "points_N": 50523
}