{
  "type": "scene",
  "distance_m": 0.3,
  "num_objects": 7,
  "intrinsics": {
    "width": 640,
    "height": 480,
    "fx": 554.2562584220408,
    "fy": 554.2562584220408,
    "cx": 0.08480372456621993,
    "cy": -0.013724043461132193
  },
  "T_wc": [
    [
      0.999999999999,
      0.0,
      0.0,
      0.0
    ],
    [
      -0.0,
      0.9999999999956668,
      0.0,
      0.0
    ],
    [
      0.0,
      0.0,
      -0.9999999999966668,
      0.31501416601240634
    ],
    [
      0.0,
      0.0,
      0.0,
      1.0
    ]
  ],
  "bin_size": {
    "w": 0.25,
    "d": 0.25
  },
  "z_floor": 0.0,
  "piece_aabb": {
    "w": 0.0300283320248127,
    "d": 0.0300283320248127,
    "h": 0.0300283320248127
  },
  "poses": [
    {
      "R": [
        [
          0.8602143874041345,
          -0.27845237902792125,
          -0.42719489734384775
        ],
        [
          0.22437666669798187,
          0.9589760193263059,
          -0.17326311147666504
        ],
        [
          0.45791518771977036,
          0.05319085420223457,
          0.8874031856404416
        ]
      ],
      "tx": 0.0003910131402415501,
      "ty": -0.051780325286645355,
      "tz": 0.0
    },
    {
      "R": [
        [
          -0.4120015306577698,
          -0.8774417678539322,
          -0.24566375955972902
        ],
        [
          0.8732785121285606,
          -0.45719435598052893,
          0.16839822182575642
        ],
        [
          -0.26007571780191624,
          -0.14515255727997028,
          0.9546158159830074
        ]
      ],
      "tx": -0.09663557777015991,
      "ty": -0.07243703839338654,
      "tz": 0.0
    },
    {
      "R": [
        [
          0.005587253068866316,
          0.18678617561093322,
          -0.9823847042802459
        ],
        [
          0.21865870205855162,
          -0.9588547854303173,
          -0.1810686954485768
        ],
        [
          -0.9757854039783614,
          -0.21379528773577194,
          -0.04619978706406003
        ]
      ],
      "tx": 0.07632842765580466,
      "ty": -0.0755360152397375,
      "tz": 0.0
    },
    {
      "R": [
        [
          -0.11283153064254803,
          -0.2586747732917302,
          -0.9593520768494389
        ],
        [
          0.8814462335769715,
          -0.47169848849265117,
          0.02351750978992312
        ],
        [
          -0.4586083110954605,
          -0.8429637581866851,
          0.2812303670977747
        ]
      ],
      "tx": -0.020496650174433376,
      "ty": 0.06201071760630597,
      "tz": 0.0
    },
    {
      "R": [
        [
          0.9839828244728072,
          -0.10890617901333569,
          -0.14112847095902403
        ],
        [
          -0.12458960570728653,
          0.1460789753976478,
          -0.9813961295503852
        ],
        [
          0.12749600500493996,
          0.9832600760325261,
          0.13017062490551257
        ]
      ],
      "tx": -0.08219903454680276,
      "ty": 0.045740029999971454,
      "tz": 0.0
    },
    {
      "R": [
        [
          -0.9842415314709343,
          0.12376078532062139,
          -0.12630073532870792
        ],
        [
          0.10016916000234928,
          0.9788214800296072,
          0.17853472944240567
        ],
        [
          0.14572147100607039,
          0.1630698569615866,
          -0.9757937664477849
        ]
      ],
      "tx": 0.041315766553326444,
      "ty": 0.059975528906923065,
      "tz": 0.0
    },
    {
      "R": [
        [
          -0.037559593617895404,
          -0.9002486877453526,
          -0.433752898710809
        ],
        [
          0.9393304698060094,
          -0.17990381179894155,
          0.2920494598423919
        ],
        [
          -0.3409509428367671,
          -0.39646805509773647,
          0.852388136863564
        ]
      ],
      "tx": 0.08480372456621993,
      "ty": -0.013724043461132193,
      "tz": 0.0
    }
  ],
  "points_N": 33245
}