{
  "type": "scene",
  "distance_m": 0.3,
  "num_objects": 5,
  "intrinsics": {
    "width": 640,
    "height": 480,
    "fx": 554.2562584220408,
    "fy": 554.2562584220408,
    "cx": 0.08622720460661987,
    "cy": 0.014065779653677696
  },
  "T_wc": [
    [
      0.999999999999,
      0.0,
      0.0,
      0.0
    ],
    [
      -0.0,
      0.9999999999956668,
      0.0,
      0.0
    ],
    [
      0.0,
      0.0,
      -0.9999999999966668,
      0.31501416601240634
    ],
    [
      0.0,
      0.0,
      0.0,
      1.0
    ]
  ],
  "bin_size": {
    "w": 0.25,
    "d": 0.25
  },
  "z_floor": 0.0,
  "piece_aabb": {
    "w": 0.0300283320248127,
    "d": 0.0300283320248127,
    "h": 0.0300283320248127
  },
  "poses": [
    {
      "R": [
        [
          0.8825536578908393,
          -0.4015663595770044,
          0.24462931099843982
        ],
        [
          -0.07094425846726221,
          0.4005800589603131,
          0.9135110993052479
        ],
        [
          -0.4648289504043715,
          -0.8235776072838698,
          0.32504456870796383
        ]
      ],
      "tx": -0.03205734293065236,
      "ty": 0.017484190470574923,
      "tz": 0.0
    },
    {
      "R": [
        [
          0.8169542297575083,
          0.5349089608123279,
          0.21554162039845556
        ],
        [
          0.12709295367069653,
          0.1975676391430513,
          -0.9720156424105013
        ],
        [
          -0.562523926254319,
          0.8214861116331285,
          0.09342055868655919
        ]
      ],
      "tx": -0.053434423043617243,
      "ty": -0.05539399309676983,
      "tz": 0.0
    },
    {
      "R": [
        [
          0.028189722164124076,
          0.5962358138580333,
          0.8023142737340263
        ],
        [
          -0.9061583014962429,
          0.35408700686333516,
          -0.23129964159074856
        ],
        [
          -0.42199818979914316,
          -0.7205034669199123,
          0.5502656467222291
        ]
      ],
      "tx": -0.0536666544737052,
      "ty": 0.08026886644737052,
      "tz": 0.0
    },
    {
      "R": [
        [
          0.04138405983654336,
          -0.8704128077847908,
          0.490580170446831
        ],
        [
          0.20174061538521376,
          0.4881672368609766,
          0.8491133451780829
        ],
        [
          -0.978564297169808,
          0.06383018799686968,
          0.19579995762217028
        ]
      ],
      "tx": 0.0712039982897398,
      "ty": -0.08496569721173995,
      "tz": 0.0
    },
    {
      "R": [
        [
          -0.7921575460868799,
          0.5917813905176553,
          -0.14926891174857113
        ],
        [
          0.27372082335563563,
          0.5630841843344042,
          0.7797519555691872
        ],
        [
          0.5454936599440229,
          0.5768283862549146,
          -0.6080342751617094
        ]
      ],
      "tx": 0.08622720460661987,
      "ty": 0.014065779653677696,
      "tz": 0.0
    }
  ],
  "points_N": 25137
}