{
  "type": "scene",
  "distance_m": 0.3,
  "num_objects": 11,
  "intrinsics": {
    "width": 640,
    "height": 480,
    "fx": 554.2562584220408,
    "fy": 554.2562584220408,
    "cx": -0.028704302255368297,
    "cy": 0.09757590819454331
  },
  "T_wc": [
    [
      0.999999999999,
      0.0,
      0.0,
      0.0
    ],
    [
      -0.0,
      0.9999999999956668,
      0.0,
      0.0
    ],
    [
      0.0,
      0.0,
      -0.9999999999966668,
      0.31501416601240634
    ],
    [
      0.0,
      0.0,
      0.0,
      1.0
    ]
  ],
  "bin_size": {
    "w": 0.25,
    "d": 0.25
  },
  "z_floor": 0.0,
  "piece_aabb": {
    "w": 0.0300283320248127,
    "d": 0.0300283320248127,
    "h": 0.0300283320248127
  },
  "poses": [
    {
      "R": [
        [
          -0.512043360350114,
          0.8507621468137475,
          -0.11838651388661901
        ],
        [
          0.8495624160077416,
          0.48127695973610674,
          -0.21590782601438696
        ],
        [
          -0.12670950409678058,
          -0.21113090151854458,
          -0.9692102166173828
        ]
      ],
      "tx": -0.08892102237958109,
      "ty": -0.09072030515326071,
      "tz": 0.0
    },
    {
      "R": [
        [
          -0.33953889791061753,
          0.150510941583258,
          -0.9284717514654739
        ],
        [
          -0.709233889980702,
          0.6074089583463966,
          0.35782907459202773
        ],
        [
          0.61781925035441,
          0.7800005216564067,
          -0.09949150771421933
        ]
      ],
      "tx": -0.010203539399138817,
      "ty": 0.04226625356075467,
      "tz": 0.0
    },
    {
      "R": [
        [
          -0.35694474665392173,
          -0.5830313874015316,
          -0.7298389199959212
        ],
        [
          0.8066042681627199,
          -0.5864426069867354,
          0.07399069733611269
        ],
        [
          -0.47114753784547214,
          -0.5622805972245943,
          0.6796032133288534
        ]
      ],
      "tx": 0.06628396037475007,
      "ty": -0.08401585402596493,
      "tz": 0.0
    },
    {
      "R": [
        [
          0.9650889185601524,
          -0.07993101456621785,
          0.24942817038740922
        ],
        [
          0.12399203815850193,
          0.9782550408705166,
          -0.16626199049910476
        ],
        [
          -0.23071487543220087,
          0.19138471182892033,
          0.954013908877887
        ]
      ],
      "tx": -0.03561866539483963,
      "ty": -0.06679618852526895,
      "tz": 0.0
    },
    {
      "R": [
        [
          -0.6576248470468227,
          0.5113837177278417,
          -0.5531873586674723
        ],
        [
          0.5289884503327811,
          -0.20936201886193828,
          -0.8223981787872443
        ],
        [
          -0.5363774603403524,
          -0.8334592001417374,
          -0.1328344147347713
        ]
      ],
      "tx": 0.04828381336036772,
      "ty": 0.05669998197639051,
      "tz": 0.0
    },
    {
      "R": [
        [
          -0.9667986304320342,
          0.03691291829930102,
          0.2528593376906867
        ],
        [
          -0.1629254585066048,
          -0.8513492341115294,
          -0.49865797551841606
        ],
        [
          0.1968646823713085,
          -0.5232990713161468,
          0.8290973276971179
        ]
      ],
      "tx": 0.06963792503352972,
      "ty": 0.002068399216979294,
      "tz": 0.0
    },
    {
      "R": [
        [
          0.9659977699030386,
          0.13591830501221516,
          -0.21994208988950328
        ],
        [
          0.2345562031903287,
          -0.10280860216583987,
          0.9666508050302566
        ],
        [
          0.10877360013943241,
          -0.9853713034604329,
          -0.13119336198678022
        ]
      ],
      "tx": -0.08243478182797873,
      "ty": -0.0145004810732412,
      "tz": 0.0
    },
    {
      "R": [
        [
          -0.15377425227480424,
          -0.17586670611681277,
          0.972329358302498
        ],
        [
          0.9880874371361005,
          -0.033401534840086455,
          0.15022501138006017
        ],
        [
          0.006057715009607945,
          0.9838471624952471,
          0.17890797896939437
        ]
      ],
      "tx": -0.09879345383456432,
      "ty": 0.06966962310900993,
      "tz": 0.0
    },
    {
      "R": [
        [
          0.7811519079131831,
          0.11011590709169267,
          -0.6145536459650757
        ],
        [
          0.5516287988152055,
          -0.5827454684132962,
          0.5967523668670788
        ],
        [
          -0.2924164240963344,
          -0.8051597394611462,
          -0.5159558400382451
        ]
      ],
      "tx": 0.009476935265072983,
      "ty": -0.013725496292276831,
      "tz": 0.0
    },
    {
      "R": [
        [
          -0.22212313785958893,
          -0.8284879591922545,
          0.5140710195107902
        ],
        [
          -0.7721999652898701,
          -0.1724225879122323,
          -0.6115371327924183
        ],
        [
          0.5952886066722035,
          -0.5328021702762683,
          -0.6014593270663984
        ]
      ],
      "tx": 0.09684509919013323,
      "ty": 0.08822044488551622,
      "tz": 0.0
    },
    {
      "R": [
        [
          0.9736557894166399,
          0.01417747546297172,
          0.22758164013152893
        ],
        [
          0.026067817003229077,
          -0.9984424954981517,
          -0.04932597794376741
        ],
        [
          0.22652786286050125,
          0.05395908054183005,
          -0.9725088919773093
        ]
      ],
      "tx": -0.028704302255368297,
      "ty": 0.09757590819454331,
      "tz": 0.0
    }
  ],
  "points_N": 54208
}