{
  "type": "scene",
  "distance_m": 0.3,
  "num_objects": 10,
  "intrinsics": {
    "width": 640,
    "height": 480,
    "fx": 554.2562584220408,
    "fy": 554.2562584220408,
    "cx": 0.01574983127034424,
    "cy": -0.09798398454857477
  },
  "T_wc": [
    [
      0.999999999999,
      0.0,
      0.0,
      0.0
    ],
    [
      -0.0,
      0.9999999999956668,
      0.0,
      0.0
    ],
    [
      0.0,
      0.0,
      -0.9999999999966668,
      0.31501416601240634
    ],
    [
      0.0,
      0.0,
      0.0,
      1.0
    ]
  ],
  "bin_size": {
    "w": 0.25,
    "d": 0.25
  },
  "z_floor": 0.0,
  "piece_aabb": {
    "w": 0.0300283320248127,
    "d": 0.0300283320248127,
    "h": 0.0300283320248127
  },
  "poses": [
    {
      "R": [
        [
          0.9464610457316703,
          -0.25007012435731446,
          0.20414803897277636
        ],
        [
          -0.13463599320593905,
          -0.8805485578534349,
          -0.45443083807735446
        ],
        [
          0.29340183749588766,
          0.4026154122312678,
          -0.867073348447456
        ]
      ],
      "tx": -0.09770447394375442,
      "ty": -0.06860803354784056,
      "tz": 0.0
    },
    {
      "R": [
        [
          -0.3968460218893295,
          0.47837117221231773,
          0.7833736378681805
        ],
        [
          -0.48794382282083126,
          -0.832820987459783,
          0.2613810027861734
        ],
        [
          0.7774471433361932,
          -0.27851431640532476,
          0.5639199543159183
        ]
      ],
      "tx": -0.08961491391324422,
      "ty": 0.03158578762355588,
      "tz": 0.0
    },
    {
      "R": [
        [
          -0.1916483683029513,
          0.039796945266608985,
          -0.9806564669007507
        ],
        [
          0.9063676233181162,
          -0.376140930101293,
          -0.1923947299257534
        ],
        [
          -0.3765217581063354,
          -0.925707407256732,
          0.036016132809249646
        ]
      ],
      "tx": -0.006635523126023904,
      "ty": 0.04261235751800427,
      "tz": 0.0
    },
    {
      "R": [
        [
          0.04604653671375769,
          -0.48749161197805346,
          -0.8719126359376308
        ],
        [
          0.561268192704564,
          -0.7094120044831871,
          0.4262776369378281
        ],
        [
          -0.8263520631757513,
          -0.5090054382284981,
          0.2409475701039412
        ]
      ],
      "tx": 0.05712168253554359,
      "ty": 0.061556786355315085,
      "tz": 0.0
    },
    {
      "R": [
        [
          -0.3498891767968839,
          -0.7900332484255363,
          0.5034133791851325
        ],
        [
          -0.7899244550420488,
          -0.040061207827404965,
          -0.611894153390872
        ],
        [
          0.5035840737026158,
          -0.6117536808304503,
          -0.6100496001994218
        ]
      ],
      "tx": -0.02090331202023543,
      "ty": -0.04575522322622832,
      "tz": 0.0
    },
    {
      "R": [
        [
          0.4025716727949735,
          -0.8632248293957985,
          0.3045963594294119
        ],
        [
          0.8431633668109262,
          0.22012831483458406,
          -0.4905293690250868
        ],
        [
          0.35638684758436356,
          0.45429772057834594,
          0.8164569774006458
        ]
      ],
      "tx": 0.04554999270137958,
      "ty": -0.04725635960078687,
      "tz": 0.0
    },
    {
      "R": [
        [
          0.29766170010876847,
          -0.8874157710877444,
          -0.3519811948287888
        ],
        [
          0.20655413179376697,
          0.4198258622891633,
          -0.8837882302860135
        ],
        [
          0.9320584224861019,
          0.19036673705746143,
          0.30826547405574733
        ]
      ],
      "tx": 0.08197790335006208,
      "ty": -0.09490370537415893,
      "tz": 0.0
    },
    {
      "R": [
        [
          0.7403803016703108,
          0.5427787517263982,
          -0.3965201578393114
        ],
        [
          0.13566917447475227,
          0.4570907587120403,
          0.8790118960499855
        ],
        [
          0.6583546794820545,
          -0.704598655245938,
          0.2647826486567747
        ]
      ],
      "tx": -0.04708305115227697,
      "ty": 0.09703869735031792,
      "tz": 0.0
    },
    {
      "R": [
        [
          -0.31743320572575606,
          -0.4782815475195251,
          0.8188302151270421
        ],
        [
          0.3307250678882493,
          -0.8651096409880861,
          -0.3771024244681779
        ],
        [
          0.8887390445867576,
          0.1511028470009523,
          0.43279422391619793
        ]
      ],
      "tx": 0.09877947640164947,
      "ty": -0.022791885134001197,
      "tz": 0.0
    },
    {
      "R": [
        [
          0.39845100324226457,
          -0.06078428384634964,
          0.9151732452669927
        ],
        [
          0.20708094758413786,
          -0.9660752451770043,
          -0.15432466362784222
        ],
        [
          0.8935067314591918,
          0.25100575988107826,
          -0.3723463835511689
        ]
      ],
      "tx": 0.01574983127034424,
      "ty": -0.09798398454857477,
      "tz": 0.0
    }
  ],
  "points_N": 48864
}