{
  "type": "scene",
  "distance_m": 0.3,
  "num_objects": 12,
  "intrinsics": {
    "width": 640,
    "height": 480,
    "fx": 554.2562584220408,
    "fy": 554.2562584220408,
    "cx": -0.0270586465749912,
    "cy": -0.011714097585332539
  },
  "T_wc": [
    [
      0.999999999999,
      0.0,
      0.0,
      0.0
    ],
    [
      -0.0,
      0.9999999999956668,
      0.0,
      0.0
    ],
    [
      0.0,
      0.0,
      -0.9999999999966668,
      0.31501416601240634
    ],
    [
      0.0,
      0.0,
      0.0,
      1.0
    ]
  ],
  "bin_size": {
    "w": 0.25,
    "d": 0.25
  },
  "z_floor": 0.0,
  "piece_aabb": {
    "w": 0.0300283320248127,
    "d": 0.0300283320248127,
    "h": 0.0300283320248127
  },
  "poses": [
    {
      "R": [
        [
          -0.03280813036111496,
          0.0696450272889696,
          -0.9970321944431518
        ],
        [
          -0.7007467712460492,
          -0.7129087950063178,
          -0.026739719349264057
        ],
        [
          -0.7126553088067508,
          0.6977898108861715,
          0.072192732688241
        ]
      ],
      "tx": 0.015639544161964128,
      "ty": -0.04984906044170146,
      "tz": 0.0
    },
    {
      "R": [
        [
          0.44228483726399603,
          0.896820378646781,
          -0.009865656096021969
        ],
        [
          -0.3354284780269341,
          0.15520145537740304,
          -0.9291933299250865
        ],
        [
          -0.8317883497951237,
          0.4142773427217333,
          0.36946234510775855
        ]
      ],
      "tx": -0.0006167523994455998,
      "ty": 0.03950543813669388,
      "tz": 0.0
    },
    {
      "R": [
        [
          -0.927853235262118,
          -0.35176527834514104,
          0.1238933523817389
        ],
        [
          0.14242397933016862,
          -0.6412379161949662,
          -0.7540088493815553
        ],
        [
          0.34467924788907733,
          -0.6819641660561813,
          0.645074485846338
        ]
      ],
      "tx": -0.09568229770167219,
      "ty": 0.009067622679117204,
      "tz": 0.0
    },
    {
      "R": [
        [
          0.20709217356287524,
          0.12806505391486273,
          -0.9699031774433917
        ],
        [
          -0.7898607534926252,
          0.6068642273057987,
          -0.08852005257905293
        ],
        [
          0.57726321703454,
          0.7844202646428247,
          0.22683039187157972
        ]
      ],
      "tx": 0.07284517279869143,
      "ty": -0.05898520349423869,
      "tz": 0.0
    },
    {
      "R": [
        [
          0.7060687472291468,
          -0.2096602715289988,
          0.6763944815923987
        ],
        [
          0.35381433816386665,
          0.9318454773313993,
          -0.08049484757847294
        ],
        [
          -0.6134185669638051,
          0.2961529620304397,
          0.7321277790008167
        ]
      ],
      "tx": -0.045230659543924225,
      "ty": -0.09765874968404753,
      "tz": 0.0
    },
    {
      "R": [
        [
          0.8232210357900864,
          -0.3700527697286904,
          0.43054392789681994
        ],
        [
          -0.4899280786710243,
          -0.07989837589694981,
          0.868093731839338
        ],
        [
          -0.2868407292600127,
          -0.9255685804656264,
          -0.24707326624390102
        ]
      ],
      "tx": 0.028772859976761322,
      "ty": 0.09285422513460806,
      "tz": 0.0
    },
    {
      "R": [
        [
          -0.3102377903361764,
          0.9364638465076418,
          0.1636703321663357
        ],
        [
          0.63645396506838,
          0.33248718484035733,
          -0.6959731476613674
        ],
        [
          -0.7061719789088663,
          -0.11174853959245279,
          -0.6991662177929436
        ]
      ],
      "tx": 0.07128519724850432,
      "ty": 0.009578689794862594,
      "tz": 0.0
    },
    {
      "R": [
        [
          -0.4192280738013887,
          0.8411849808596757,
          0.34154889856781023
        ],
        [
          -0.896292313062533,
          -0.44338911212584287,
          -0.008135403694412624
        ],
        [
          0.14459568348257074,
          -0.30953824194170837,
          0.9398287956292064
        ]
      ],
      "tx": -0.044260539357480116,
      "ty": 0.09880305200778172,
      "tz": 0.0
    },
    {
      "R": [
        [
          -0.7034656985825003,
          -0.3302841662495378,
          0.6293237485131818
        ],
        [
          -0.6020500366554669,
          -0.1936610616007428,
          -0.7746167740133338
        ],
        [
          0.37771916059552224,
          -0.9238007159255295,
          -0.06261368041005944
        ]
      ],
      "tx": -0.0745978785729163,
      "ty": -0.045770054827781,
      "tz": 0.0
    },
    {
      "R": [
        [
          0.08187076017162354,
          -0.8957015730533217,
          0.43705362446583823
        ],
        [
          -0.9758293136150894,
          -0.16119497893878698,
          -0.14755788509743473
        ],
        [
          0.20261867958908492,
          -0.4144090621532418,
          -0.8872490066981458
        ]
      ],
      "tx": 0.09892956285209609,
      "ty": 0.06047545491664025,
      "tz": 0.0
    },
    {
      "R": [
        [
          0.766545282256952,
          -0.6414253917555544,
          -0.031333641040318924
        ],
        [
          0.6414015350512874,
          0.7671094314846556,
          -0.012132228201802604
        ],
        [
          0.03181825079199234,
          -0.010797543170650046,
          0.9994353465722612
        ]
      ],
      "tx": -0.09463161962022543,
      "ty": 0.06858336656090624,
      "tz": 0.0
    },
    {
      "R": [
        [
          -0.4184324480351156,
          0.5825140338467687,
          0.6968440907426178
        ],
        [
          -0.8780667102068114,
          -0.06330448113255893,
          -0.474332578572382
        ],
        [
          -0.23219203013438636,
          -0.8103517403202778,
          0.537974830361021
        ]
      ],
      "tx": -0.0270586465749912,
      "ty": -0.011714097585332539,
      "tz": 0.0
    }
  ],
  "points_N": 58181
}