{
  "type": "scene",
  "distance_m": 0.3,
  "num_objects": 12,
  "intrinsics": {
    "width": 640,
    "height": 480,
    "fx": 554.2562584220408,
    "fy": 554.2562584220408,
    "cx": 0.009188206587747591,
    "cy": 0.03708510249437383
  },
  "T_wc": [
    [
      0.999999999999,
      0.0,
      0.0,
      0.0
    ],
    [
      -0.0,
      0.9999999999956668,
      0.0,
      0.0
    ],
    [
      0.0,
      0.0,
      -0.9999999999966668,
      0.31501416601240634
    ],
    [
      0.0,
      0.0,
      0.0,
      1.0
    ]
  ],
  "bin_size": {
    "w": 0.25,
    "d": 0.25
  },
  "z_floor": 0.0,
  "piece_aabb": {
    "w": 0.0300283320248127,
    "d": 0.0300283320248127,
    "h": 0.0300283320248127
  },
  "poses": [
    {
      "R": [
        [
          0.13701584564684688,
          0.4661015514552509,
          -0.8740572073798644
        ],
        [
          -0.7304893648745998,
          0.6435098419758011,
          0.22864901286772085
        ],
        [
          0.6690380750351829,
          0.607160956428596,
          0.4286532714699951
        ]
      ],
      "tx": 0.03521876859715192,
      "ty": 0.08940777053995816,
      "tz": 0.0
    },
    {
      "R": [
        [
          0.1791847887410567,
          0.7646359400767841,
          0.6190514442489536
        ],
        [
          -0.6051712351143543,
          -0.4104412114401246,
          0.682133262743967
        ],
        [
          0.7756678333371765,
          -0.4968600316934896,
          0.38919085450657076
        ]
      ],
      "tx": -0.03573888176339009,
      "ty": 0.09378045414357603,
      "tz": 0.0
    },
    {
      "R": [
        [
          0.33540457670668977,
          -0.6511824358347249,
          -0.6807827885490059
        ],
        [
          -0.3030614015087063,
          -0.758810634525896,
          0.5765069018199046
        ],
        [
          -0.8919963883557964,
          0.012955932647276791,
          -0.45185682131561755
        ]
      ],
      "tx": 0.009317887989079301,
      "ty": -0.05086835301740165,
      "tz": 0.0
    },
    {
      "R": [
        [
          0.6438175617739608,
          -0.48401775466051855,
          -0.5926430294239716
        ],
        [
          -0.6681496221267155,
          0.021869835811912375,
          -0.7437054475620624
        ],
        [
          0.37292764660636213,
          0.8747848440930777,
          -0.30931609551022454
        ]
      ],
      "tx": 0.061142470827417306,
      "ty": 0.007161254997362865,
      "tz": 0.0
    },
    {
      "R": [
        [
          -0.7038926207753451,
          -0.16093392049793087,
          0.6918348442014046
        ],
        [
          0.32615393922311087,
          -0.9384744148094535,
          0.11353140832959499
        ],
        [
          0.6309982459145693,
          0.3055585802775298,
          0.7130744474958537
        ]
      ],
      "tx": -0.04651809862440624,
      "ty": -0.07414917452453093,
      "tz": 0.0
    },
    {
      "R": [
        [
          0.21680657562574313,
          -0.24376953620378294,
          -0.9452890150554122
        ],
        [
          -0.2966005349360288,
          0.906096888792732,
          -0.30168949400964074
        ],
        [
          0.9300661435839391,
          0.3457814936330804,
          0.12414558880514237
        ]
      ],
      "tx": -0.037919686194094034,
      "ty": 0.00134111110084488,
      "tz": 0.0
    },
    {
      "R": [
        [
          -0.05686276653707334,
          0.7172725080875262,
          -0.6944686997436098
        ],
        [
          0.3828441384988179,
          -0.6267545062938256,
          -0.6786819243633068
        ],
        [
          -0.9220612731260589,
          -0.30446500288573886,
          -0.23896458026021095
        ]
      ],
      "tx": 0.09620539634502617,
      "ty": -0.044627609515833784,
      "tz": 0.0
    },
    {
      "R": [
        [
          0.6667973896278949,
          -0.49237586688200696,
          -0.5594168811339335
        ],
        [
          -0.0350704847698963,
          0.7290906234096556,
          -0.6835180494720855
        ],
        [
          0.7444133947501415,
          0.47538707236136746,
          0.468887864151183
        ]
      ],
      "tx": 0.05648520407540622,
      "ty": -0.08695128892067887,
      "tz": 0.0
    },
    {
      "R": [
        [
          -0.8602975175961767,
          -0.43804922869346796,
          -0.2607701180329414
        ],
        [
          0.48409303029470274,
          -0.5416010942370924,
          -0.6872570063238908
        ],
        [
          0.15981902026338543,
          -0.7174824931398969,
          0.6779946554360214
        ]
      ],
      "tx": 0.09846362820023913,
      "ty": 0.055463209641470224,
      "tz": 0.0
    },
    {
      "R": [
        [
          -0.9740843681588611,
          -0.20311528055353234,
          0.09951797081036155
        ],
        [
          0.16113784242744578,
          -0.9319363815431068,
          -0.32485254577141387
        ],
        [
          0.1587269335884108,
          -0.30039767569340603,
          0.9405142194521141
        ]
      ],
      "tx": -0.0954939425121064,
      "ty": -0.041080523858032666,
      "tz": 0.0
    },
    {
      "R": [
        [
          0.784462632596959,
          -0.6087892957080708,
          -0.11829611781592603
        ],
        [
          0.16785912179982151,
          0.39205332512770996,
          -0.9044984828538403
        ],
        [
          0.5970273806850412,
          0.6896881785905695,
          0.4097420200867635
        ]
      ],
      "tx": -0.07208381215927083,
      "ty": 0.04754379097821171,
      "tz": 0.0
    },
    {
      "R": [
        [
          0.9390229595712642,
          -0.038310315053050985,
          -0.3417136244848305
        ],
        [
          0.07817255797360742,
          0.9915367091907186,
          0.10365329472382104
        ],
        [
          0.3348506123301655,
          -0.12404545170128689,
          0.9340705505122924
        ]
      ],
      "tx": 0.009188206587747591,
      "ty": 0.03708510249437383,
      "tz": 0.0
    }
  ],
  "points_N": 59046
}