{
  "type": "scene",
  "distance_m": 0.3,
  "num_objects": 6,
  "intrinsics": {
    "width": 640,
    "height": 480,
    "fx": 554.2562584220408,
    "fy": 554.2562584220408,
    "cx": 0.00765186086153502,
    "cy": 0.0129438705861976
  },
  "T_wc": [
    [
      0.999999999999,
      0.0,
      0.0,
      0.0
    ],
    [
      -0.0,
      0.9999999999956668,
      0.0,
      0.0
    ],
    [
      0.0,
      0.0,
      -0.9999999999966668,
      0.31501416601240634
    ],
    [
      0.0,
      0.0,
      0.0,
      1.0
    ]
  ],
  "bin_size": {
    "w": 0.25,
    "d": 0.25
  },
  "z_floor": 0.0,
  "piece_aabb": {
    "w": 0.0300283320248127,
    "d": 0.0300283320248127,
    "h": 0.0300283320248127
  },
  "poses": [
    {
      "R": [
        [
          0.5748193804210049,
          -0.2802003808035878,
          0.7688110473256328
        ],
        [
          0.33966777370904444,
          -0.7730700431429076,
          -0.5357130872944624
        ],
        [
          0.744451800586145,
          0.5690786017700431,
          -0.34920060368146455
        ]
      ],
      "tx": -0.024829205759430303,
      "ty": -0.04048455819000928,
      "tz": 0.0
    },
    {
      "R": [
        [
          0.6151766762582882,
          -0.5043946237568576,
          0.605923857025768
        ],
        [
          0.7809762714338068,
          0.4950229749406313,
          -0.38082583648995805
        ],
        [
          -0.10785972577915448,
          0.7074873269579499,
          0.6984468209883559
        ]
      ],
      "tx": -0.05409778945720077,
      "ty": 0.019990096706368407,
      "tz": 0.0
    },
    {
      "R": [
        [
          -0.009125087200168913,
          -0.8847440705122206,
          0.4659878351170298
        ],
        [
          -0.9203177547801112,
          -0.17481610312488138,
          -0.3499350801573424
        ],
        [
          0.3910651646721863,
          -0.4320500662905834,
          -0.8126504643438148
        ]
      ],
      "tx": 0.09708409888667521,
      "ty": 0.046947636381673596,
      "tz": 0.0
    },
    {
      "R": [
        [
          -0.657932278756443,
          -0.013813376877021721,
          -0.7529504015468802
        ],
        [
          -0.48922755008813495,
          0.7679556772451419,
          0.4134011151674809
        ],
        [
          0.5725220701467466,
          0.640354018029253,
          -0.5120207132418333
        ]
      ],
      "tx": -0.057969526160905664,
      "ty": 0.08376571527082965,
      "tz": 0.0
    },
    {
      "R": [
        [
          -0.7459918059081099,
          0.5838275514319211,
          0.32037730210950405
        ],
        [
          -0.36856273301737147,
          -0.7626304040901435,
          0.531560324505197
        ],
        [
          0.5546690340633076,
          0.2784605123645219,
          0.7840931103542266
        ]
      ],
      "tx": -0.04713496552474592,
      "ty": -0.09360678530507652,
      "tz": 0.0
    },
    {
      "R": [
        [
          0.21778383236155752,
          0.45644455901332065,
          0.8626868301469822
        ],
        [
          0.3620624310597688,
          0.7830499217574319,
          -0.5057110005237873
        ],
        [
          -0.9063558894700267,
          0.4224821707277303,
          0.005274186210384335
        ]
      ],
      "tx": 0.00765186086153502,
      "ty": 0.0129438705861976,
      "tz": 0.0
    }
  ],
  "points_N": 29370
}