{
  "type": "scene",
  "distance_m": 0.3,
  "num_objects": 4,
  "intrinsics": {
    "width": 640,
    "height": 480,
    "fx": 554.2562584220408,
    "fy": 554.2562584220408,
    "cx": -0.0609953162165386,
    "cy": 0.02533014891488994
  },
  "T_wc": [
    [
      0.999999999999,
      0.0,
      0.0,
      0.0
    ],
    [
      -0.0,
      0.9999999999956668,
      0.0,
      0.0
    ],
    [
      0.0,
      0.0,
      -0.9999999999966668,
      0.31501416601240634
    ],
    [
      0.0,
      0.0,
      0.0,
      1.0
    ]
  ],
  "bin_size": {
    "w": 0.25,
    "d": 0.25
  },
  "z_floor": 0.0,
  "piece_aabb": {
    "w": 0.0300283320248127,
    "d": 0.0300283320248127,
    "h": 0.0300283320248127
  },
  "poses": [
    {
      "R": [
        [
          -0.315555400752245,
          0.02850560421654813,
          -0.9484788978065559
        ],
        [
          0.9457846984563553,
          -0.0715727897637124,
          -0.3168101007405862
        ],
        [
          -0.07691614409154224,
          -0.9970279666557447,
          -0.0043749839314195516
        ]
      ],
      "tx": 0.04805957524396964,
      "ty": -0.04117810839953841,
      "tz": 0.0
    },
    {
      "R": [
        [
          -0.79199735454212,
          0.08256348068298025,
          -0.6049160785231239
        ],
        [
          -0.4375322242719807,
          -0.7677830416556657,
          0.46805422086504794
        ],
        [
          -0.425800121091923,
          0.6353679820414978,
          0.644206321200451
        ]
      ],
      "tx": -0.00250800314656284,
      "ty": 0.023233154764638345,
      "tz": 0.0
    },
    {
      "R": [
        [
          0.953019980893273,
          -0.2592244791434144,
          -0.15670221897283756
        ],
        [
          0.29821845153610915,
          0.893630566101,
          0.3353955373784981
        ],
        [
          0.05309115916601298,
          -0.3663701417184972,
          0.9289533078016232
        ]
      ],
      "tx": 0.07344953188866549,
      "ty": 0.09018952128419616,
      "tz": 0.0
    },
    {
      "R": [
        [
          0.7730848012385044,
          -0.6032809038864042,
          0.19593887082461522
        ],
        [
          -0.12793005533102078,
          -0.45085134755997225,
          -0.8833838142881943
        ],
        [
          0.6212678899130584,
          0.6578641299002098,
          -0.4257240838308489
        ]
      ],
      "tx": -0.0609953162165386,
      "ty": 0.02533014891488994,
      "tz": 0.0
    }
  ],
  "points_N": 19676
}