{
  "type": "scene",
  "distance_m": 0.3,
  "num_objects": 12,
  "intrinsics": {
    "width": 640,
    "height": 480,
    "fx": 554.2562584220408,
    "fy": 554.2562584220408,
    "cx": -0.018364184302300718,
    "cy": 0.03738371166680193
  },
  "T_wc": [
    [
      0.999999999999,
      0.0,
      0.0,
      0.0
    ],
    [
      -0.0,
      0.9999999999956668,
      0.0,
      0.0
    ],
    [
      0.0,
      0.0,
      -0.9999999999966668,
      0.31501416601240634
    ],
    [
      0.0,
      0.0,
      0.0,
      1.0
    ]
  ],
  "bin_size": {
    "w": 0.25,
    "d": 0.25
  },
  "z_floor": 0.0,
  "piece_aabb": {
    "w": 0.0300283320248127,
    "d": 0.0300283320248127,
    "h": 0.0300283320248127
  },
  "poses": [
    {
      "R": [
        [
          -0.9168482681294428,
          -0.3796955184300276,
          0.12337166008526504
        ],
        [
          0.08306594677210061,
          -0.48368169948200634,
          -0.871293327228582
        ],
        [
          0.3904987858046375,
          -0.7885957943524368,
          0.47500249621949675
        ]
      ],
      "tx": -0.04537071082172996,
      "ty": -0.014286133785169977,
      "tz": 0.0
    },
    {
      "R": [
        [
          -0.16388714415987993,
          0.17538474646444252,
          0.9707632021696753
        ],
        [
          0.8980662922326907,
          -0.3806653752903175,
          0.22038785540611977
        ],
        [
          0.40818860681619445,
          0.9079284458384838,
          -0.0951209677346132
        ]
      ],
      "tx": -0.06199266765227281,
      "ty": 0.09097591717992945,
      "tz": 0.0
    },
    {
      "R": [
        [
          -0.02380012685625088,
          0.010054243506288696,
          -0.9996661773557924
        ],
        [
          -0.8643199883690812,
          0.5022888417217068,
          0.025629615438734876
        ],
        [
          0.502378852727001,
          0.8646414468838411,
          -0.0032644545210405163
        ]
      ],
      "tx": 0.03119155690857825,
      "ty": -0.08567835112289349,
      "tz": 0.0
    },
    {
      "R": [
        [
          -0.37069235773261333,
          0.17997482014875288,
          0.9111510522581097
        ],
        [
          0.9017448555965134,
          0.30462142314285257,
          0.306695294987788
        ],
        [
          -0.22235869968107713,
          0.9353153760496228,
          -0.2752122017667338
        ]
      ],
      "tx": 0.08719382177442794,
      "ty": 0.018945733756139713,
      "tz": 0.0
    },
    {
      "R": [
        [
          0.45137522620411386,
          0.863131641324135,
          -0.2264159334373137
        ],
        [
          0.8837163652943683,
          -0.46756560335982966,
          -0.020683139647293985
        ],
        [
          -0.12371657479940174,
          -0.19075160890504586,
          -0.973811086823333
        ]
      ],
      "tx": 0.03592430089641277,
      "ty": 0.05543812335672613,
      "tz": 0.0
    },
    {
      "R": [
        [
          0.4704220776852408,
          0.8815911166866,
          -0.03873205139900368
        ],
        [
          -0.8071486166645798,
          0.447609911672616,
          0.38491099956858643
        ],
        [
          0.3566709680402327,
          -0.14980811043367004,
          0.9221406349389103
        ]
      ],
      "tx": -0.043098758517974005,
      "ty": -0.08786242853793187,
      "tz": 0.0
    },
    {
      "R": [
        [
          -0.8286276305695008,
          -0.038271524160075725,
          -0.5584904119993818
        ],
        [
          -0.033563667926427364,
          0.999262033472966,
          -0.018678025987707556
        ],
        [
          0.5587931012925079,
          0.003267858310531181,
          -0.8293006638427121
        ]
      ],
      "tx": -0.09753408189279371,
      "ty": -0.04732764841604976,
      "tz": 0.0
    },
    {
      "R": [
        [
          -0.864573138604092,
          0.30178205088906856,
          -0.40179706540174853
        ],
        [
          0.30237355827539464,
          -0.3261967491222342,
          -0.8956371542750795
        ],
        [
          -0.40135211381048674,
          -0.8958366338921812,
          0.1907700346400878
        ]
      ],
      "tx": 0.08371940149682561,
      "ty": -0.05231274888849055,
      "tz": 0.0
    },
    {
      "R": [
        [
          -0.4031349800987096,
          -0.8693307683933489,
          -0.28591292895817555
        ],
        [
          -0.6450070262519485,
          0.048282488543532454,
          0.7626498130765272
        ],
        [
          -0.6491903602999903,
          0.4918666652911877,
          -0.5801888138088285
        ]
      ],
      "tx": 0.012365377367660788,
      "ty": -0.02522739867594455,
      "tz": 0.0
    },
    {
      "R": [
        [
          -0.5463785673765797,
          0.4243510827056941,
          -0.7220779872825517
        ],
        [
          0.2932139607286559,
          0.9044990533686517,
          0.30968861084810195
        ],
        [
          0.7845355532704238,
          -0.04251612707806393,
          -0.6186245586726664
        ]
      ],
      "tx": 0.09638632447459528,
      "ty": 0.08127311699387188,
      "tz": 0.0
    },
    {
      "R": [
        [
          -0.8310769072561783,
          0.49796061538395386,
          -0.2476820537542827
        ],
        [
          0.1417538612930956,
          -0.24097662295658218,
          -0.9601229660813968
        ],
        [
          -0.5377890079148171,
          -0.8330459127292296,
          0.12968226652523307
        ]
      ],
      "tx": -0.07651923730186655,
      "ty": 0.03546242349360526,
      "tz": 0.0
    },
    {
      "R": [
        [
          -0.18784009425426573,
          0.47207035082913196,
          0.8613162502000117
        ],
        [
          -0.1421619776827925,
          0.8546247052342417,
          -0.4994062327450497
        ],
        [
          -0.9718570219388581,
          -0.21625493536875837,
          -0.093422330503945
        ]
      ],
      "tx": -0.018364184302300718,
      "ty": 0.03738371166680193,
      "tz": 0.0
    }
  ],
  "points_N": 55334
}