{
  "type": "scene",
  "distance_m": 0.3,
  "num_objects": 10,
  "intrinsics": {
    "width": 640,
    "height": 480,
    "fx": 554.2562584220408,
    "fy": 554.2562584220408,
    "cx": 0.033228912694770296,
    "cy": 0.042433342283242775
  },
  "T_wc": [
    [
      0.999999999999,
      0.0,
      0.0,
      0.0
    ],
    [
      -0.0,
      0.9999999999956668,
      0.0,
      0.0
    ],
    [
      0.0,
      0.0,
      -0.9999999999966668,
      0.31501416601240634
    ],
    [
      0.0,
      0.0,
      0.0,
      1.0
    ]
  ],
  "bin_size": {
    "w": 0.25,
    "d": 0.25
  },
  "z_floor": 0.0,
  "piece_aabb": {
    "w": 0.0300283320248127,
    "d": 0.0300283320248127,
    "h": 0.0300283320248127
  },
  "poses": [
    {
      "R": [
        [
          0.8462860446541618,
          -0.38034633465449924,
          0.37301018262039676
        ],
        [
          0.4261383411708825,
          0.0631290216927114,
          -0.9024526806455005
        ],
        [
          0.3196968013723982,
          0.9226870500527299,
          0.21550536619130511
        ]
      ],
      "tx": -0.08714293823048372,
      "ty": 0.05639444354592035,
      "tz": 0.0
    },
    {
      "R": [
        [
          0.2342478346012491,
          -0.02589308864228694,
          0.9718320327840549
        ],
        [
          0.2660760336537631,
          -0.9597689235970794,
          -0.08970595081924629
        ],
        [
          0.9350569481586174,
          0.2795946373911098,
          -0.21793426174520247
        ]
      ],
      "tx": 0.0876392439505938,
      "ty": -0.011264533220100778,
      "tz": 0.0
    },
    {
      "R": [
        [
          0.7205605801874069,
          -0.5892280191443167,
          0.3655171565539058
        ],
        [
          0.6690232055717282,
          0.7293188132906477,
          -0.14318526106708923
        ],
        [
          -0.18220977110604367,
          0.34771311455794435,
          0.9197256054269105
        ]
      ],
      "tx": 0.092517493492176,
      "ty": 0.04581021015884701,
      "tz": 0.0
    },
    {
      "R": [
        [
          -0.004349647790038436,
          -0.6594851851588259,
          0.751704976117713
        ],
        [
          -0.25062175833127437,
          0.7284397285411474,
          0.6376239457029823
        ],
        [
          -0.9680753146398491,
          -0.1856201832746873,
          -0.16844979295335616
        ]
      ],
      "tx": -0.09445531775575892,
      "ty": -0.0408893469989052,
      "tz": 0.0
    },
    {
      "R": [
        [
          -0.1352812370477514,
          -0.40819253521231236,
          -0.9028166154318247
        ],
        [
          0.7516858948035368,
          -0.635912598571652,
          0.17488133843053572
        ],
        [
          -0.6454977168481981,
          -0.6549763516149223,
          0.39285961407221437
        ]
      ],
      "tx": -0.03270336635707706,
      "ty": -0.012342967158059534,
      "tz": 0.0
    },
    {
      "R": [
        [
          -0.25200216526513586,
          0.05238499773346361,
          -0.9663077774260889
        ],
        [
          -0.9462607953836651,
          0.19580929162362137,
          0.25738925469748875
        ],
        [
          0.202695376912144,
          0.9792418155523794,
          0.00022550415325395257
        ]
      ],
      "tx": 0.07367964947712488,
      "ty": -0.09602788689517204,
      "tz": 0.0
    },
    {
      "R": [
        [
          -0.26222934841724843,
          -0.4804262679257336,
          -0.8369147925061529
        ],
        [
          0.7732232344229799,
          0.4142896704974546,
          -0.4800936353125045
        ],
        [
          0.5773747470899044,
          -0.7730166039653106,
          0.2628378424367527
        ]
      ],
      "tx": -0.015637379752671196,
      "ty": -0.07097678890492695,
      "tz": 0.0
    },
    {
      "R": [
        [
          -0.31551506685383535,
          0.9310809226491109,
          0.1831353544979778
        ],
        [
          -0.14613870277467156,
          -0.2383683961041343,
          0.9601166529594614
        ],
        [
          0.9375999798099165,
          0.2761681068074711,
          0.2112757786468229
        ]
      ],
      "tx": 0.009969564542232995,
      "ty": 0.0964244315319264,
      "tz": 0.0
    },
    {
      "R": [
        [
          0.5181227270686565,
          0.4956539534854936,
          -0.6970480600999751
        ],
        [
          0.6449169262015876,
          -0.7617122847759394,
          -0.06226197491337401
        ],
        [
          -0.561810464475017,
          -0.4172787480996579,
          -0.714316070371336
        ]
      ],
      "tx": 0.02898881986460347,
      "ty": -0.02616207744443934,
      "tz": 0.0
    },
    {
      "R": [
        [
          -0.4852695228369408,
          -0.8005344125814449,
          -0.35165059999733866
        ],
        [
          -0.37492795294150505,
          -0.17281422178376182,
          0.9108041912795335
        ],
        [
          -0.7899003230210124,
          0.5738291549077594,
          -0.21628125362394757
        ]
      ],
      "tx": 0.033228912694770296,
      "ty": 0.042433342283242775,
      "tz": 0.0
    }
  ],
  "points_N": 49937
}