{
  "type": "scene",
  "distance_m": 0.3,
  "num_objects": 12,
  "intrinsics": {
    "width": 640,
    "height": 480,
    "fx": 554.2562584220408,
    "fy": 554.2562584220408,
    "cx": -0.03320722051110128,
    "cy": 0.09729074180415404
  },
  "T_wc": [
    [
      0.999999999999,
      0.0,
      0.0,
      0.0
    ],
    [
      -0.0,
      0.9999999999956668,
      0.0,
      0.0
    ],
    [
      0.0,
      0.0,
      -0.9999999999966668,
      0.31501416601240634
    ],
    [
      0.0,
      0.0,
      0.0,
      1.0
    ]
  ],
  "bin_size": {
    "w": 0.25,
    "d": 0.25
  },
  "z_floor": 0.0,
  "piece_aabb": {
    "w": 0.0300283320248127,
    "d": 0.0300283320248127,
    "h": 0.0300283320248127
  },
  "poses": [
    {
      "R": [
        [
          -0.06152673383709084,
          0.5282635611577767,
          -0.8468483163921646
        ],
        [
          0.8441267871026273,
          0.48028697338439397,
          0.23827377214677692
        ],
        [
          0.5326015662004154,
          -0.7001871415201527,
          -0.4754719114003496
        ]
      ],
      "tx": -0.026086404028715093,
      "ty": 0.0335190905056984,
      "tz": 0.0
    },
    {
      "R": [
        [
          -0.41775540725134563,
          0.9051117455315549,
          -0.07907684751609828
        ],
        [
          0.03975696871703155,
          -0.0687411658988073,
          -0.9968420313917877
        ],
        [
          -0.9076892657461009,
          -0.41958000454227384,
          -0.007267505597527535
        ]
      ],
      "tx": 0.035082186124662657,
      "ty": -0.06793462868820876,
      "tz": 0.0
    },
    {
      "R": [
        [
          0.3995461702359102,
          -0.4014747074534578,
          0.824124333535285
        ],
        [
          0.847454686333928,
          0.504554417569911,
          -0.16506178940430644
        ],
        [
          -0.34954743949924866,
          0.7643578343850792,
          0.5418244074916438
        ]
      ],
      "tx": -0.09074040024652379,
      "ty": 0.07273246523597601,
      "tz": 0.0
    },
    {
      "R": [
        [
          -0.7920880347670529,
          -0.5244272437548873,
          0.31236614923278727
        ],
        [
          0.49364327031520266,
          -0.24933785651204632,
          0.8331548205360694
        ],
        [
          -0.3590443800582034,
          0.8141294118981516,
          0.4563775124072068
        ]
      ],
      "tx": 0.0501422599834461,
      "ty": 0.022097779495954276,
      "tz": 0.0
    },
    {
      "R": [
        [
          0.2836639631302533,
          0.3574369957304489,
          -0.8898165822822304
        ],
        [
          -0.30634766956422993,
          -0.8455262022142647,
          -0.4373060103882493
        ],
        [
          -0.9086725820524153,
          0.39664119232917966,
          -0.13034532279250755
        ]
      ],
      "tx": -0.02028956613551075,
      "ty": -0.04641866524783047,
      "tz": 0.0
    },
    {
      "R": [
        [
          -0.6145970320898837,
          0.3480501002588688,
          -0.7079065021993359
        ],
        [
          -0.09115869339351429,
          -0.9227248684141722,
          -0.37452491216050776
        ],
        [
          -0.7835563673183278,
          -0.16565006767230794,
          0.5988317579379585
        ]
      ],
      "tx": -0.08801420567493745,
      "ty": -0.023000972567161437,
      "tz": 0.0
    },
    {
      "R": [
        [
          0.31249290987416956,
          -0.9423677635465345,
          -0.11954572140681974
        ],
        [
          0.1355263160770629,
          0.1687900771130154,
          -0.9762901861223241
        ],
        [
          0.9402025308033127,
          0.28888216991791843,
          0.1804613337381742
        ]
      ],
      "tx": 0.0803598106327689,
      "ty": 0.07181727852135464,
      "tz": 0.0
    },
    {
      "R": [
        [
          0.7559624461658943,
          0.618743662217954,
          0.21372192318990577
        ],
        [
          -0.4551913096556995,
          0.7314919091324559,
          -0.5076617559829419
        ],
        [
          -0.47044835168252697,
          0.2864888607587901,
          0.8346271509244856
        ]
      ],
      "tx": 0.09192728146008092,
      "ty": -0.01834154019368714,
      "tz": 0.0
    },
    {
      "R": [
        [
          0.7655033336235709,
          0.17907129346935435,
          -0.6180114222782717
        ],
        [
          0.6273494289863493,
          0.005684912698104561,
          0.778717134599025
        ],
        [
          0.1429592255214801,
          -0.983819675358664,
          -0.1079884540840883
        ]
      ],
      "tx": -0.06543722725123116,
      "ty": -0.08860075813394838,
      "tz": 0.0
    },
    {
      "R": [
        [
          -0.5376737168649677,
          0.5976685713976669,
          0.5947261999912918
        ],
        [
          -0.5413795489954688,
          -0.7854691737272417,
          0.2999105884321298
        ],
        [
          0.6463862298363672,
          -0.16071856111761174,
          0.7458916717528166
        ]
      ],
      "tx": 0.020957106760993396,
      "ty": 0.07185017717516651,
      "tz": 0.0
    },
    {
      "R": [
        [
          0.04541813518307369,
          0.850818925892806,
          0.523492452991544
        ],
        [
          -0.3980821890998833,
          -0.4652134448148606,
          0.7906370984749802
        ],
        [
          0.9162247342862649,
          -0.24430228428343148,
          0.3175667334214348
        ]
      ],
      "tx": 0.08886363986165186,
      "ty": -0.09780102667106193,
      "tz": 0.0
    },
    {
      "R": [
        [
          -0.9772218536155621,
          -0.18778865002016829,
          -0.0988578360058924
        ],
        [
          -0.01104788519236466,
          0.5102109751138666,
          -0.8599783166488174
        ],
        [
          0.21193252003631133,
          -0.8392974346421894,
          -0.5006639822816283
        ]
      ],
      "tx": -0.03320722051110128,
      "ty": 0.09729074180415404,
      "tz": 0.0
    }
  ],
  "points_N": 59640
}