{
  "type": "scene",
  "distance_m": 0.3,
  "num_objects": 3,
  "intrinsics": {
    "width": 640,
    "height": 480,
    "fx": 554.2562584220408,
    "fy": 554.2562584220408,
    "cx": -0.0020895512465308463,
    "cy": 0.07729164818718498
  },
  "T_wc": [
    [
      0.999999999999,
      0.0,
      0.0,
      0.0
    ],
    [
      -0.0,
      0.9999999999956668,
      0.0,
      0.0
    ],
    [
      0.0,
      0.0,
      -0.9999999999966668,
      0.31501416601240634
    ],
    [
      0.0,
      0.0,
      0.0,
      1.0
    ]
  ],
  "bin_size": {
    "w": 0.25,
    "d": 0.25
  },
  "z_floor": 0.0,
  "piece_aabb": {
    "w": 0.0300283320248127,
    "d": 0.0300283320248127,
    "h": 0.0300283320248127
  },
  "poses": [
    {
      "R": [
        [
          -0.6142174342309177,
          0.5315304435421155,
          -0.5832772334616789
        ],
        [
          -0.7712514442439298,
          -0.560807037032496,
          0.30110907818676713
        ],
        [
          -0.1670573351829858,
          0.6347998541294367,
          0.7544010816262166
        ]
      ],
      "tx": 0.07365998741957344,
      "ty": 0.02200593416535293,
      "tz": 0.0
    },
    {
      "R": [
        [
          0.3780184312747108,
          -0.362219084238646,
          0.8519973008348813
        ],
        [
          -0.7591762558712546,
          0.4054245312881909,
          0.5091977631049198
        ],
        [
          -0.5298617537980166,
          -0.8393022604777538,
          -0.12173018285956294
        ]
      ],
      "tx": -0.007517348711779226,
      "ty": -0.005047061083715901,
      "tz": 0.0
    },
    {
      "R": [
        [
          0.9995086906382107,
          0.010683714638278276,
          0.029465837510878695
        ],
        [
          0.031285165977834185,
          -0.3971051113448154,
          -0.917239755425789
        ],
        [
          0.0019015068837724414,
          0.9177109505641465,
          -0.3972442516717156
        ]
      ],
      "tx": -0.0020895512465308463,
      "ty": 0.07729164818718498,
      "tz": 0.0
    }
  ],
  "points_N": 13344
}