{
  "type": "scene",
  "distance_m": 0.3,
  "num_objects": 12,
  "intrinsics": {
    "width": 640,
    "height": 480,
    "fx": 554.2562584220408,
    "fy": 554.2562584220408,
    "cx": -0.04118766209743533,
    "cy": 0.017564045145111867
  },
  "T_wc": [
    [
      0.999999999999,
      0.0,
      0.0,
      0.0
    ],
    [
      -0.0,
      0.9999999999956668,
      0.0,
      0.0
    ],
    [
      0.0,
      0.0,
      -0.9999999999966668,
      0.31501416601240634
    ],
    [
      0.0,
      0.0,
      0.0,
      1.0
    ]
  ],
  "bin_size": {
    "w": 0.25,
    "d": 0.25
  },
  "z_floor": 0.0,
  "piece_aabb": {
    "w": 0.0300283320248127,
    "d": 0.0300283320248127,
    "h": 0.0300283320248127
  },
  "poses": [
    {
      "R": [
        [
          0.8654077952397621,
          -0.48363194311041796,
          -0.1310324064554086
        ],
        [
          0.47169600003640794,
          0.8745469539617996,
          -0.112563354897547
        ],
        [
          0.16903322598799025,
          0.035605742786516,
          0.9849670043167504
        ]
      ],
      "tx": 0.07253773031956934,
      "ty": 0.06360863529481062,
      "tz": 0.0
    },
    {
      "R": [
        [
          -0.1375554196037081,
          -0.800776573286628,
          0.5829540172371865
        ],
        [
          0.8830240483091726,
          0.16748436992330018,
          0.4384261807181177
        ],
        [
          -0.44871710090582506,
          0.5750703135328071,
          0.6840665887528425
        ]
      ],
      "tx": 0.029504954881012596,
      "ty": -0.02048454525467036,
      "tz": 0.0
    },
    {
      "R": [
        [
          0.9058401232668708,
          -0.14935587104794776,
          -0.3964170718616557
        ],
        [
          0.028789376703610398,
          -0.9119169895271881,
          0.409363623201534
        ],
        [
          -0.4226403232878731,
          -0.38223059531541786,
          -0.8217511357679665
        ]
      ],
      "tx": -0.0973474117666363,
      "ty": 0.030771860793246758,
      "tz": 0.0
    },
    {
      "R": [
        [
          -0.5574870354980468,
          -0.47745921676034536,
          0.6791471869795214
        ],
        [
          0.34120113834133,
          -0.8775551736334164,
          -0.3368659977258089
        ],
        [
          0.7568289030198172,
          0.04392736686647186,
          0.6521352605050568
        ]
      ],
      "tx": -0.07300158221004927,
      "ty": -0.030576831456189904,
      "tz": 0.0
    },
    {
      "R": [
        [
          0.7212238225434604,
          -0.5908077097069812,
          0.361638559817106
        ],
        [
          -0.6026706839804293,
          -0.7925649910240078,
          -0.09289123572046737
        ],
        [
          0.34150292014324046,
          -0.15095358609157164,
          -0.9276792389504755
        ]
      ],
      "tx": -0.09098619469047979,
      "ty": -0.08830269135701903,
      "tz": 0.0
    },
    {
      "R": [
        [
          -0.0365548494330985,
          0.8270267909556411,
          0.5609727533709085
        ],
        [
          0.31425881918877774,
          0.5423828192766662,
          -0.7791420101082795
        ],
        [
          -0.9486332998292853,
          0.1478092162049094,
          -0.27972718505696204
        ]
      ],
      "tx": -0.029724733218741875,
      "ty": 0.07518558485393484,
      "tz": 0.0
    },
    {
      "R": [
        [
          0.4929575452609538,
          0.24613201149014202,
          0.8345129666398907
        ],
        [
          -0.8194843385580295,
          -0.19088225368249967,
          0.5403789263907306
        ],
        [
          0.29229826791892505,
          -0.9502541755493139,
          0.10760448142475265
        ]
      ],
      "tx": 0.08706179655392685,
      "ty": -0.09295419180956141,
      "tz": 0.0
    },
    {
      "R": [
        [
          0.27165737383180844,
          0.43945791017913843,
          0.8562003366174236
        ],
        [
          0.6145476263018802,
          0.6054424153848887,
          -0.5057377746022503
        ],
        [
          -0.7406304653803608,
          0.6635632802030987,
          -0.10559491899032869
        ]
      ],
      "tx": 0.011557871784897214,
      "ty": -0.09497071105002254,
      "tz": 0.0
    },
    {
      "R": [
        [
          0.8343820468330713,
          0.08738008550223586,
          -0.5442162443186315
        ],
        [
          -0.09353027480932691,
          0.9954807467053787,
          0.01643686810172182
        ],
        [
          0.5431930482036255,
          0.03718606723658153,
          0.8387839464288347
        ]
      ],
      "tx": 0.09034260444451933,
      "ty": -0.028319037208675804,
      "tz": 0.0
    },
    {
      "R": [
        [
          0.6764452422273306,
          0.7259573766767502,
          -0.1241278434382033
        ],
        [
          -0.5779556744348204,
          0.41877555278428136,
          -0.7004243533593127
        ],
        [
          -0.4564965198734815,
          0.5455391128405284,
          0.7028499154901915
        ]
      ],
      "tx": 0.018091703782453825,
      "ty": 0.04375523304624909,
      "tz": 0.0
    },
    {
      "R": [
        [
          0.592992279924748,
          -0.5463779273861199,
          -0.5914653974789201
        ],
        [
          -0.7785298944249425,
          -0.576560042482172,
          -0.2479308792781639
        ],
        [
          -0.20555135474215963,
          0.6074945908221763,
          -0.7672672042290476
        ]
      ],
      "tx": -0.08453181029873734,
      "ty": 0.09744354003041442,
      "tz": 0.0
    },
    {
      "R": [
        [
          -0.6593037094795919,
          0.4459092484828273,
          0.6053788572323368
        ],
        [
          -0.6890322217228886,
          -0.6805707207007943,
          -0.24911461529268336
        ],
        [
          0.3009206142723856,
          -0.581367728930908,
          0.755948640890139
        ]
      ],
      "tx": -0.04118766209743533,
      "ty": 0.017564045145111867,
      "tz": 0.0
    }
  ],
  "points_N": 57673
}