{
  "type": "scene",
  "distance_m": 0.3,
  "num_objects": 7,
  "intrinsics": {
    "width": 640,
    "height": 480,
    "fx": 554.2562584220408,
    "fy": 554.2562584220408,
    "cx": 0.030617622512939785,
    "cy": 0.09197420197441636
  },
  "T_wc": [
    [
      0.999999999999,
      0.0,
      0.0,
      0.0
    ],
    [
      -0.0,
      0.9999999999956668,
      0.0,
      0.0
    ],
    [
      0.0,
      0.0,
      -0.9999999999966668,
      0.31501416601240634
    ],
    [
      0.0,
      0.0,
      0.0,
      1.0
    ]
  ],
  "bin_size": {
    "w": 0.25,
    "d": 0.25
  },
  "z_floor": 0.0,
  "piece_aabb": {
    "w": 0.0300283320248127,
    "d": 0.0300283320248127,
    "h": 0.0300283320248127
  },
  "poses": [
    {
      "R": [
        [
          0.3160995338183351,
          0.9460045614277452,
          -0.07180845686777151
        ],
        [
          0.8839423237318986,
          -0.32115948642905545,
          -0.3398566647751319
        ],
        [
          -0.3445679222378114,
          0.0439539990731736,
          -0.9377318342309771
        ]
      ],
      "tx": 0.07093653771391506,
      "ty": -0.054497498443279085,
      "tz": 0.0
    },
    {
      "R": [
        [
          0.66820238697517,
          0.29154599242791573,
          -0.6844753496948645
        ],
        [
          -0.3811593428785229,
          0.9242574298219804,
          0.021581444698619154
        ],
        [
          0.6389234111981638,
          0.2464734016442517,
          0.7287164996792741
        ]
      ],
      "tx": -0.059043456924806885,
      "ty": -0.05122835288960859,
      "tz": 0.0
    },
    {
      "R": [
        [
          -0.1100624003281232,
          -0.7510014289560155,
          0.6510630704778416
        ],
        [
          -0.8727202717458221,
          -0.2404563455579516,
          -0.4249000743290281
        ],
        [
          0.47565280963945805,
          -0.6149614618713419,
          -0.6289489685937579
        ]
      ],
      "tx": -0.024456611668298114,
      "ty": 0.013527696271943668,
      "tz": 0.0
    },
    {
      "R": [
        [
          -0.6786271135643178,
          -0.10630523618894104,
          0.7267492260017724
        ],
        [
          -0.31921671643310134,
          -0.848445466170447,
          -0.4221859529691639
        ],
        [
          0.6614876632901258,
          -0.5184973362454484,
          0.541843689288104
        ]
      ],
      "tx": -0.09801780176479642,
      "ty": 0.045268312038486525,
      "tz": 0.0
    },
    {
      "R": [
        [
          0.603937177341149,
          0.12373819000469596,
          0.7873682405073037
        ],
        [
          0.6215204645976998,
          0.5453323175979747,
          -0.5624277513329876
        ],
        [
          -0.4989711393572425,
          0.8290365032479472,
          0.2524406432628308
        ]
      ],
      "tx": 0.0464469940429566,
      "ty": 0.029386657234660746,
      "tz": 0.0
    },
    {
      "R": [
        [
          -0.776111027949103,
          0.5870586255509073,
          0.23024735060813728
        ],
        [
          -0.42962493230741383,
          -0.7595313713378129,
          0.48839995238897344
        ],
        [
          0.46159949072289597,
          0.28013258667991675,
          0.8416956956313737
        ]
      ],
      "tx": 0.09059125886810834,
      "ty": 0.08739171348190924,
      "tz": 0.0
    },
    {
      "R": [
        [
          -0.05116131539992752,
          0.03453647860399128,
          0.998093057511265
        ],
        [
          0.9975785568609354,
          0.04891286454443078,
          0.0494424369677684
        ],
        [
          -0.047112022858318836,
          0.9982057720368553,
          -0.036955296974899854
        ]
      ],
      "tx": 0.030617622512939785,
      "ty": 0.09197420197441636,
      "tz": 0.0
    }
  ],
  "points_N": 36441
}