{
  "type": "scene",
  "distance_m": 0.3,
  "num_objects": 6,
  "intrinsics": {
    "width": 640,
    "height": 480,
    "fx": 554.2562584220408,
    "fy": 554.2562584220408,
    "cx": 0.08636721343805887,
    "cy": -0.06784211078249006
  },
  "T_wc": [
    [
      0.999999999999,
      0.0,
      0.0,
      0.0
    ],
    [
      -0.0,
      0.9999999999956668,
      0.0,
      0.0
    ],
    [
      0.0,
      0.0,
      -0.9999999999966668,
      0.31501416601240634
    ],
    [
      0.0,
      0.0,
      0.0,
      1.0
    ]
  ],
  "bin_size": {
    "w": 0.25,
    "d": 0.25
  },
  "z_floor": 0.0,
  "piece_aabb": {
    "w": 0.0300283320248127,
    "d": 0.0300283320248127,
    "h": 0.0300283320248127
  },
  "poses": [
    {
      "R": [
        [
          0.8153561119991886,
          -0.573366554484236,
          -0.08028203301139289
        ],
        [
          -0.2829830253453648,
          -0.2737050285677525,
          -0.9192421686928369
        ],
        [
          0.5050891188611683,
          0.7722281732335341,
          -0.38542007014742663
        ]
      ],
      "tx": -0.0892118912098619,
      "ty": -0.009727426052926882,
      "tz": 0.0
    },
    {
      "R": [
        [
          -0.4097761632044272,
          0.5485673732523195,
          0.7288054150954898
        ],
        [
          0.805490625376118,
          -0.1573573102683974,
          0.5713348662004499
        ],
        [
          0.42809852662751513,
          0.8211653389593024,
          -0.3773846016879929
        ]
      ],
      "tx": -0.055276890679374684,
      "ty": -0.0979305036228003,
      "tz": 0.0
    },
    {
      "R": [
        [
          -0.328071775001483,
          -0.9161024289428407,
          -0.23048915404505238
        ],
        [
          -0.3712718151114881,
          0.3494021602765517,
          -0.8602763333359229
        ],
        [
          0.8686346468747359,
          -0.19665825708346585,
          -0.45475199853293247
        ]
      ],
      "tx": 0.031317520770322405,
      "ty": -0.02060372073943592,
      "tz": 0.0
    },
    {
      "R": [
        [
          0.4127934512538608,
          0.4860729593724758,
          -0.7702821851560699
        ],
        [
          0.761009375021332,
          -0.6487390269646813,
          -0.001551135893531841
        ],
        [
          -0.5004660805005352,
          -0.5855516655768319,
          -0.6377013009306394
        ]
      ],
      "tx": 0.022519747512396604,
      "ty": -0.09457001665969203,
      "tz": 0.0
    },
    {
      "R": [
        [
          0.531901247301837,
          -0.2778783212709587,
          -0.7999154340843686
        ],
        [
          0.7453277941975908,
          -0.2947608596697333,
          0.5979987581954609
        ],
        [
          -0.4019546520632691,
          -0.9142754913998261,
          0.050326767334120226
        ]
      ],
      "tx": 0.08670881862817309,
      "ty": 0.004794184955222949,
      "tz": 0.0
    },
    {
      "R": [
        [
          0.9380703823773463,
          0.21919565283033265,
          -0.2682857124162665
        ],
        [
          -0.29048262520923357,
          0.0756360204118024,
          -0.9538862808887743
        ],
        [
          -0.1887956624448012,
          0.9727448063066437,
          0.1346244392578071
        ]
      ],
      "tx": 0.08636721343805887,
      "ty": -0.06784211078249006,
      "tz": 0.0
    }
  ],
  "points_N": 30370
}