{
  "type": "scene",
  "distance_m": 0.3,
  "num_objects": 10,
  "intrinsics": {
    "width": 640,
    "height": 480,
    "fx": 554.2562584220408,
    "fy": 554.2562584220408,
    "cx": -0.08557783841302172,
    "cy": 0.010167535476484454
  },
  "T_wc": [
    [
      0.999999999999,
      0.0,
      0.0,
      0.0
    ],
    [
      -0.0,
      0.9999999999956668,
      0.0,
      0.0
    ],
    [
      0.0,
      0.0,
      -0.9999999999966668,
      0.31501416601240634
    ],
    [
      0.0,
      0.0,
      0.0,
      1.0
    ]
  ],
  "bin_size": {
    "w": 0.25,
    "d": 0.25
  },
  "z_floor": 0.0,
  "piece_aabb": {
    "w": 0.0300283320248127,
    "d": 0.0300283320248127,
    "h": 0.0300283320248127
  },
  "poses": [
    {
      "R": [
        [
          -0.9187144961834917,
          0.08101053355749357,
          -0.38652421393108455
        ],
        [
          0.3541039983384867,
          -0.2643631150120609,
          -0.8970632652058698
        ],
        [
          -0.17485431897156462,
          -0.9610147953459666,
          0.21418807217756153
        ]
      ],
      "tx": 0.047275143333028874,
      "ty": -0.0941231700550456,
      "tz": 0.0
    },
    {
      "R": [
        [
          0.16263911462490732,
          0.5807112126737862,
          0.7976985683006875
        ],
        [
          0.5489558288040614,
          0.6185276960722803,
          -0.5622019096495162
        ],
        [
          -0.8198756103312698,
          0.5293372995231466,
          -0.21818800818897044
        ]
      ],
      "tx": -0.035936465124303346,
      "ty": -0.0790597502694897,
      "tz": 0.0
    },
    {
      "R": [
        [
          -0.760494452989763,
          -0.6161661069953739,
          -0.20490855414542009
        ],
        [
          0.6403430785339423,
          -0.7639941833946597,
          -0.07920624667790113
        ],
        [
          -0.107744738829673,
          -0.19144768562009998,
          0.9755710404297746
        ]
      ],
      "tx": 0.02418133694726314,
      "ty": 0.09475125726070144,
      "tz": 0.0
    },
    {
      "R": [
        [
          -0.7404835250213719,
          -0.6275709151936665,
          -0.24049718413093096
        ],
        [
          -0.3073342174236551,
          -0.002041304440139946,
          0.9515994492835587
        ],
        [
          -0.5976870652544797,
          0.7785567284913582,
          -0.19136246379141575
        ]
      ],
      "tx": -0.014381290813857611,
      "ty": -0.02023280396797271,
      "tz": 0.0
    },
    {
      "R": [
        [
          -0.3352351449140265,
          -0.7255336346146944,
          0.6010144279942559
        ],
        [
          0.6580790717642847,
          0.27618285122227015,
          0.7004676780527382
        ],
        [
          -0.6742027387368942,
          0.6303364004510038,
          0.3848723026487392
        ]
      ],
      "tx": -0.062466866740116825,
      "ty": 0.06426156630824179,
      "tz": 0.0
    },
    {
      "R": [
        [
          0.9072677534819249,
          0.1971611312949409,
          0.3714737027009586
        ],
        [
          0.3706689568724721,
          -0.7921577589422095,
          -0.4848614331525338
        ],
        [
          0.19866994715591615,
          0.577592913092045,
          -0.7917807012316669
        ]
      ],
      "tx": 0.03904602014951522,
      "ty": 0.028145049599755667,
      "tz": 0.0
    },
    {
      "R": [
        [
          -0.2632992386558226,
          0.36865925981582004,
          0.8914952950382384
        ],
        [
          0.8513254898151545,
          0.52347147924328,
          0.03496456506006407
        ],
        [
          -0.4537823501572657,
          0.768158812076581,
          -0.45167866688038805
        ]
      ],
      "tx": 0.08922895401741063,
      "ty": -0.039381723277063754,
      "tz": 0.0
    },
    {
      "R": [
        [
          -0.461475006872861,
          0.7831110440867345,
          0.41686677807313666
        ],
        [
          -0.6419077909452332,
          -0.6190945656834175,
          0.4524116561993865
        ],
        [
          0.6123685213623443,
          -0.05881336047740959,
          0.7883817493282366
        ]
      ],
      "tx": 0.09366385555452722,
      "ty": 0.0546245812756998,
      "tz": 0.0
    },
    {
      "R": [
        [
          0.33809437702084244,
          -0.922629811331315,
          -0.18559747700232954
        ],
        [
          -0.5754475040722619,
          -0.04662063170540365,
          -0.8165088405867955
        ],
        [
          0.7446827259201683,
          0.38285865269330244,
          -0.5466871955460237
        ]
      ],
      "tx": -0.09827075134917798,
      "ty": -0.04756882294575848,
      "tz": 0.0
    },
    {
      "R": [
        [
          -0.7360980009291029,
          0.6681820068514535,
          -0.10813204311462388
        ],
        [
          0.054234198024265046,
          -0.10101630081662871,
          -0.9934054352247069
        ],
        [
          -0.6746987363207696,
          -0.7371082096200591,
          0.038119581816540626
        ]
      ],
      "tx": -0.08557783841302172,
      "ty": 0.010167535476484454,
      "tz": 0.0
    }
  ],
  "points_N": 48626
}