{
  "type": "scene",
  "distance_m": 0.3,
  "num_objects": 10,
  "intrinsics": {
    "width": 640,
    "height": 480,
    "fx": 554.2562584220408,
    "fy": 554.2562584220408,
    "cx": 0.08852276974408857,
    "cy": 0.09843322605161989
  },
  "T_wc": [
    [
      0.999999999999,
      0.0,
      0.0,
      0.0
    ],
    [
      -0.0,
      0.9999999999956668,
      0.0,
      0.0
    ],
    [
      0.0,
      0.0,
      -0.9999999999966668,
      0.31501416601240634
    ],
    [
      0.0,
      0.0,
      0.0,
      1.0
    ]
  ],
  "bin_size": {
    "w": 0.25,
    "d": 0.25
  },
  "z_floor": 0.0,
  "piece_aabb": {
    "w": 0.0300283320248127,
    "d": 0.0300283320248127,
    "h": 0.0300283320248127
  },
  "poses": [
    {
      "R": [
        [
          0.37601096165119663,
          0.16278056882401865,
          -0.9122051540807425
        ],
        [
          -0.4868711127996496,
          -0.8028983409973023,
          -0.34396333168669396
        ],
        [
          -0.7883985516471812,
          0.5734603215891303,
          -0.22264542062103598
        ]
      ],
      "tx": -0.050883822615909485,
      "ty": -0.005351070898448912,
      "tz": 0.0
    },
    {
      "R": [
        [
          0.9018778525580167,
          -0.426160152919699,
          -0.07073798929004896
        ],
        [
          -0.061443533448476084,
          -0.2886295081580872,
          0.95546726747586
        ],
        [
          -0.4275991478741583,
          -0.8573683753695835,
          -0.2864933466128212
        ]
      ],
      "tx": -0.018401142764962783,
      "ty": -0.08031919347317551,
      "tz": 0.0
    },
    {
      "R": [
        [
          0.7642787124728507,
          -0.6374855466680946,
          -0.09741779842576029
        ],
        [
          -0.4104044723564198,
          -0.5973274188917417,
          0.6890341963284394
        ],
        [
          -0.4974396634072219,
          -0.48663346825861703,
          -0.7181515500504747
        ]
      ],
      "tx": 0.0314768997060719,
      "ty": -0.02884753784540782,
      "tz": 0.0
    },
    {
      "R": [
        [
          -0.7763386676098802,
          -0.5965051917110391,
          -0.20366597515415488
        ],
        [
          0.5892691488359558,
          -0.8015467895229733,
          0.10141308808808944
        ],
        [
          -0.22374124207187276,
          -0.04128317414142302,
          0.9737738732010346
        ]
      ],
      "tx": -0.017600807316660347,
      "ty": 0.07203582069611303,
      "tz": 0.0
    },
    {
      "R": [
        [
          0.6718217040788032,
          -0.7317276620162129,
          0.1150227219680535
        ],
        [
          -0.7260291025517366,
          -0.6812822289129212,
          -0.09346799888390854
        ],
        [
          0.14675605669468308,
          -0.020716013316500678,
          -0.9889557657527954
        ]
      ],
      "tx": 0.04518387219277109,
      "ty": 0.059514131851879704,
      "tz": 0.0
    },
    {
      "R": [
        [
          0.6969189206624979,
          -0.6561670962072044,
          -0.28939377995669546
        ],
        [
          0.5130180251761136,
          0.17417921167187767,
          0.8405201413801836
        ],
        [
          -0.5011152800175018,
          -0.7342386152174024,
          0.4580143360819747
        ]
      ],
      "tx": -0.07736059114358423,
      "ty": -0.061061897578131075,
      "tz": 0.0
    },
    {
      "R": [
        [
          -0.1268400799532139,
          0.9917831707116818,
          -0.016665425603490047
        ],
        [
          0.2828482552173033,
          0.020059933127679397,
          -0.9589548809007857
        ],
        [
          -0.9507410050260742,
          -0.12634770031938136,
          -0.283068542911455
        ]
      ],
      "tx": 0.07414425057811136,
      "ty": -0.08406929256870288,
      "tz": 0.0
    },
    {
      "R": [
        [
          0.633082776167802,
          -0.7668782702659058,
          -0.10537512568742707
        ],
        [
          0.12624339825286052,
          0.23659297079150288,
          -0.9633723945440936
        ],
        [
          0.7637203695838146,
          0.5965915560632947,
          0.24659625365511584
        ]
      ],
      "tx": -0.08052966022962574,
      "ty": 0.05020328282981898,
      "tz": 0.0
    },
    {
      "R": [
        [
          0.10288340221960024,
          -0.637186391140375,
          -0.7638118279348816
        ],
        [
          -0.4795306365447863,
          -0.7045350295934072,
          0.5231450665836095
        ],
        [
          -0.8714731058171974,
          0.3124482277455295,
          -0.3780353565686756
        ]
      ],
      "tx": 0.08303420777108242,
      "ty": 0.006162644948206106,
      "tz": 0.0
    },
    {
      "R": [
        [
          0.5436821479664471,
          -0.14007016264255998,
          -0.8275204357113347
        ],
        [
          -0.5762950297688749,
          0.6544939586322625,
          -0.48940953891149463
        ],
        [
          0.6101587995319596,
          0.7429791434832859,
          0.27511494271042614
        ]
      ],
      "tx": 0.08852276974408857,
      "ty": 0.09843322605161989,
      "tz": 0.0
    }
  ],
  "points_N": 50839
}