{
  "type": "scene",
  "distance_m": 0.3,
  "num_objects": 11,
  "intrinsics": {
    "width": 640,
    "height": 480,
    "fx": 554.2562584220408,
    "fy": 554.2562584220408,
    "cx": -0.03399890717790682,
    "cy": 0.09896267029441333
  },
  "T_wc": [
    [
      0.999999999999,
      0.0,
      0.0,
      0.0
    ],
    [
      -0.0,
      0.9999999999956668,
      0.0,
      0.0
    ],
    [
      0.0,
      0.0,
      -0.9999999999966668,
      0.31501416601240634
    ],
    [
      0.0,
      0.0,
      0.0,
      1.0
    ]
  ],
  "bin_size": {
    "w": 0.25,
    "d": 0.25
  },
  "z_floor": 0.0,
  "piece_aabb": {
    "w": 0.0300283320248127,
    "d": 0.0300283320248127,
    "h": 0.0300283320248127
  },
  "poses": [
    {
      "R": [
        [
          0.9277137263964483,
          0.36330182444651055,
          -0.08578476676807328
        ],
        [
          -0.11107326555421015,
          0.04925662582330115,
          -0.9925908091915958
        ],
        [
          -0.3563845837501109,
          0.9303685125617376,
          0.08604916791532657
        ]
      ],
      "tx": -0.010496823397733876,
      "ty": -0.08717195305698357,
      "tz": 0.0
    },
    {
      "R": [
        [
          0.9156342571293464,
          -0.3394120782066338,
          0.21543757411056177
        ],
        [
          0.4015176480529576,
          0.7455261499851886,
          -0.5319533231311591
        ],
        [
          0.019937037724075873,
          0.5735766739117936,
          0.818909221874484
        ]
      ],
      "tx": 0.08372539282830119,
      "ty": 0.011401046857525951,
      "tz": 0.0
    },
    {
      "R": [
        [
          -0.7504309716994717,
          0.5536890469197838,
          -0.3609456967955822
        ],
        [
          -0.2942831197514677,
          -0.7688874806018424,
          -0.5676349950479577
        ],
        [
          -0.5918199068496516,
          -0.3197506551905923,
          0.7399383192953699
        ]
      ],
      "tx": 0.0068715683357635365,
      "ty": 0.05492134686187958,
      "tz": 0.0
    },
    {
      "R": [
        [
          0.625219222878941,
          -0.42187692242309915,
          -0.6565978873477034
        ],
        [
          -0.5013068814899961,
          -0.8618873956441386,
          0.07642988813637988
        ],
        [
          -0.598157449099673,
          0.2813716040338451,
          -0.7503583720663038
        ]
      ],
      "tx": -0.07229711852142048,
      "ty": -0.06156906939531584,
      "tz": 0.0
    },
    {
      "R": [
        [
          -0.35213764731730723,
          -0.9176476210677447,
          0.18417904574228966
        ],
        [
          0.7586882391127465,
          -0.16463080481210546,
          0.6303085386847607
        ],
        [
          -0.5480795865326784,
          0.3616898417921453,
          0.7541811620363779
        ]
      ],
      "tx": -0.07740878843861146,
      "ty": 0.03337477975400388,
      "tz": 0.0
    },
    {
      "R": [
        [
          -0.06940685639476385,
          -0.03138528998860532,
          -0.9970946052695941
        ],
        [
          -0.2229336831585965,
          0.9747156850076889,
          -0.015162661815601886
        ],
        [
          0.9723596357309054,
          0.2212335801191197,
          -0.07464878986921297
        ]
      ],
      "tx": 0.0815820484158479,
      "ty": 0.0953154088379744,
      "tz": 0.0
    },
    {
      "R": [
        [
          -0.05647920363448278,
          0.9860642466672033,
          0.15648450722501406
        ],
        [
          -0.7410159564164455,
          0.06363927909342482,
          -0.6684649538253218
        ],
        [
          -0.6691079523462825,
          -0.15371188503531547,
          0.7270950450290903
        ]
      ],
      "tx": 0.025734563872643,
      "ty": -0.027293652556220876,
      "tz": 0.0
    },
    {
      "R": [
        [
          0.3116895530369609,
          0.4382804302156618,
          -0.8430657667214307
        ],
        [
          0.35384974486885573,
          -0.8769863085626772,
          -0.3250928677314445
        ],
        [
          -0.8818389765619714,
          -0.1969905558233267,
          -0.42843288894825937
        ]
      ],
      "tx": 0.0633506750933916,
      "ty": -0.07187035682695947,
      "tz": 0.0
    },
    {
      "R": [
        [
          -0.2225673991782422,
          0.1238520629364463,
          0.9670183138541996
        ],
        [
          0.04941098255944229,
          0.9920560470557254,
          -0.11568644822397686
        ],
        [
          -0.9736643711390199,
          0.02203329313913225,
          -0.22691898635394425
        ]
      ],
      "tx": -0.03324581577404037,
      "ty": -0.0187370885465028,
      "tz": 0.0
    },
    {
      "R": [
        [
          0.6103903815168913,
          -0.2813984924153407,
          0.7404312733927689
        ],
        [
          -0.5581233227473796,
          0.5105144666513598,
          0.6541202763598618
        ],
        [
          -0.5620693362540679,
          -0.812520687617276,
          0.15455805846626258
        ]
      ],
      "tx": -0.09252156606171263,
      "ty": 0.09232434870962633,
      "tz": 0.0
    },
    {
      "R": [
        [
          -0.06794036237044532,
          -0.4160581508524728,
          0.9067964061850894
        ],
        [
          -0.5640513642029517,
          -0.733681466871485,
          -0.3788899097496466
        ],
        [
          0.8229399526707656,
          -0.53722166772993,
          -0.18483158285236612
        ]
      ],
      "tx": -0.03399890717790682,
      "ty": 0.09896267029441333,
      "tz": 0.0
    }
  ],
  "points_N": 52278
}