{
  "type": "scene",
  "distance_m": 0.3,
  "num_objects": 6,
  "intrinsics": {
    "width": 640,
    "height": 480,
    "fx": 554.2562584220408,
    "fy": 554.2562584220408,
    "cx": -0.07574634088326038,
    "cy": 0.08104287052407741
  },
  "T_wc": [
    [
      0.999999999999,
      0.0,
      0.0,
      0.0
    ],
    [
      -0.0,
      0.9999999999956668,
      0.0,
      0.0
    ],
    [
      0.0,
      0.0,
      -0.9999999999966668,
      0.31501416601240634
    ],
    [
      0.0,
      0.0,
      0.0,
      1.0
    ]
  ],
  "bin_size": {
    "w": 0.25,
    "d": 0.25
  },
  "z_floor": 0.0,
  "piece_aabb": {
    "w": 0.0300283320248127,
    "d": 0.0300283320248127,
    "h": 0.0300283320248127
  },
  "poses": [
    {
      "R": [
        [
          -0.7586370600469468,
          -0.6408031031544872,
          0.1176486043729591
        ],
        [
          0.15779534661661127,
          -0.3559209546999602,
          -0.9210976618098716
        ],
        [
          0.6321158435836495,
          -0.6802144198655662,
          0.37113057445794273
        ]
      ],
      "tx": -0.06673560635035591,
      "ty": -0.05715950920094253,
      "tz": 0.0
    },
    {
      "R": [
        [
          -0.0986472482925922,
          -0.054330813783298515,
          -0.9936382053232174
        ],
        [
          0.7885982191885593,
          0.6047415467358802,
          -0.11135757874580526
        ],
        [
          0.606944453057224,
          -0.7945664379554045,
          -0.016810906517126245
        ]
      ],
      "tx": 0.08189806895784527,
      "ty": 0.06717071953783138,
      "tz": 0.0
    },
    {
      "R": [
        [
          0.40904785986653425,
          -0.22630691302009717,
          -0.8840051071447056
        ],
        [
          -0.596364224483123,
          -0.7995442014000922,
          -0.07126557208170137
        ],
        [
          -0.6906732658031954,
          0.5563400499036566,
          -0.46201319112980466
        ]
      ],
      "tx": -0.008560826024112858,
      "ty": -0.07231094213755275,
      "tz": 0.0
    },
    {
      "R": [
        [
          -0.2597340253217244,
          -0.2802374996988183,
          0.9241240067505707
        ],
        [
          0.43877887033048657,
          0.8182293217657597,
          0.37144835435662765
        ],
        [
          -0.8602391173631179,
          0.5019638640034755,
          -0.08955970183639783
        ]
      ],
      "tx": 0.0576357748487403,
      "ty": -0.038029596078044875,
      "tz": 0.0
    },
    {
      "R": [
        [
          -0.4671134256839278,
          -0.5248477994960296,
          0.7115756002773007
        ],
        [
          0.22178192086987816,
          0.7094950007868969,
          0.6689018040293121
        ],
        [
          -0.8559309710023889,
          0.4702676165999279,
          -0.21501288718663014
        ]
      ],
      "tx": -0.017182241959194308,
      "ty": 0.005711968874779816,
      "tz": 0.0
    },
    {
      "R": [
        [
          0.4914691776851158,
          0.7382156412136938,
          0.46205596463304205
        ],
        [
          0.165055334307237,
          -0.5998919698661804,
          0.7828705902681488
        ],
        [
          0.8551109775942782,
          -0.30849196352178865,
          -0.41667484258139353
        ]
      ],
      "tx": -0.07574634088326038,
      "ty": 0.08104287052407741,
      "tz": 0.0
    }
  ],
  "points_N": 30339
}