{
  "type": "scene",
  "distance_m": 0.3,
  "num_objects": 12,
  "intrinsics": {
    "width": 640,
    "height": 480,
    "fx": 554.2562584220408,
    "fy": 554.2562584220408,
    "cx": -0.043665313687461974,
    "cy": -0.037649953648625965
  },
  "T_wc": [
    [
      0.999999999999,
      0.0,
      0.0,
      0.0
    ],
    [
      -0.0,
      0.9999999999956668,
      0.0,
      0.0
    ],
    [
      0.0,
      0.0,
      -0.9999999999966668,
      0.31501416601240634
    ],
    [
      0.0,
      0.0,
      0.0,
      1.0
    ]
  ],
  "bin_size": {
    "w": 0.25,
    "d": 0.25
  },
  "z_floor": 0.0,
  "piece_aabb": {
    "w": 0.0300283320248127,
    "d": 0.0300283320248127,
    "h": 0.0300283320248127
  },
  "poses": [
    {
      "R": [
        [
          0.41435346322456157,
          0.2668877758791432,
          0.8701046618655116
        ],
        [
          0.042566575834392814,
          -0.9606737929861375,
          0.27439743091246915
        ],
        [
          0.9091200658524411,
          -0.07666014972534692,
          -0.40941901190411367
        ]
      ],
      "tx": -0.07053492701123523,
      "ty": 0.018989889892492742,
      "tz": 0.0
    },
    {
      "R": [
        [
          0.17295546516735816,
          0.5940498892522665,
          -0.7856151323314188
        ],
        [
          -0.8993041787374623,
          0.42053564910654384,
          0.12000734117493167
        ],
        [
          0.4016695173573436,
          0.6857510458686211,
          0.6069654865937693
        ]
      ],
      "tx": 0.07781316560637933,
      "ty": -0.0404010677702468,
      "tz": 0.0
    },
    {
      "R": [
        [
          0.9251551123193095,
          0.19094270696904098,
          0.32806843920862133
        ],
        [
          -0.33785216766554776,
          0.8082013349535595,
          0.48235517513858495
        ],
        [
          -0.17304314766305112,
          -0.5570919895624235,
          0.8122220042649941
        ]
      ],
      "tx": 0.07521934479988227,
      "ty": 0.08969143168301222,
      "tz": 0.0
    },
    {
      "R": [
        [
          0.367763307904866,
          0.8183902017861653,
          -0.4415740334069366
        ],
        [
          0.700371150877922,
          0.0686171855151978,
          0.710473034583233
        ],
        [
          0.6117437375051792,
          -0.5705516273505603,
          -0.5479420043680006
        ]
      ],
      "tx": -0.032223939429587706,
      "ty": -0.09815198504556145,
      "tz": 0.0
    },
    {
      "R": [
        [
          -0.08571234254889681,
          -0.9661504581275848,
          -0.24332424169128508
        ],
        [
          0.1915582441731954,
          -0.2556470406605511,
          0.9476022528945282
        ],
        [
          -0.9777314730661293,
          0.03461044439704519,
          0.20698619208675728
        ]
      ],
      "tx": -0.01278684729574582,
      "ty": 0.05584609868229751,
      "tz": 0.0
    },
    {
      "R": [
        [
          -0.02697980773594355,
          -0.8689532280142502,
          -0.49415825147228465
        ],
        [
          -0.8594282598793657,
          0.2726365759300937,
          -0.43249550701231526
        ],
        [
          0.5105439805690171,
          0.41302492054200374,
          -0.7541586430692244
        ]
      ],
      "tx": -0.09371708302729634,
      "ty": -0.07522916622385648,
      "tz": 0.0
    },
    {
      "R": [
        [
          -0.25879789694224486,
          0.03604470571754109,
          0.9652587361573097
        ],
        [
          0.934740874953226,
          0.2612388159242187,
          0.24086049436590817
        ],
        [
          -0.2434813036558427,
          0.9646009849902953,
          -0.10130051592071587
        ]
      ],
      "tx": 0.06646847017814483,
      "ty": 0.02144230465063887,
      "tz": 0.0
    },
    {
      "R": [
        [
          0.5434634451585991,
          0.6881014143371714,
          -0.4807950991467475
        ],
        [
          0.7026311161880677,
          -0.686277846400168,
          -0.18796869980041225
        ],
        [
          -0.45930055338596804,
          -0.23566747999571735,
          -0.8564483875469739
        ]
      ],
      "tx": 0.01788953479428207,
      "ty": -0.009204572391382768,
      "tz": 0.0
    },
    {
      "R": [
        [
          -0.38079719247950883,
          0.22175365066322061,
          0.8976741149310578
        ],
        [
          -0.6739504437718745,
          -0.7312404062843838,
          -0.10525334938491188
        ],
        [
          0.6330752700425258,
          -0.6450680480651505,
          0.4279052650131797
        ]
      ],
      "tx": 0.029289472430437447,
      "ty": -0.07252960859091867,
      "tz": 0.0
    },
    {
      "R": [
        [
          -0.5562718543602436,
          -0.42640593239889857,
          -0.7132598438589136
        ],
        [
          0.6508331196040981,
          0.3101310394060819,
          -0.6929898908521691
        ],
        [
          0.5166990172944147,
          -0.8497039009042676,
          0.10500193481577824
        ]
      ],
      "tx": -0.07510659731441079,
      "ty": 0.0917608990020137,
      "tz": 0.0
    },
    {
      "R": [
        [
          0.991250096717979,
          -0.02752578329126562,
          0.12909522458557268
        ],
        [
          -0.09190216554826283,
          0.5581053477128165,
          0.8246650306772416
        ],
        [
          -0.09474828612770184,
          -0.8293134221201044,
          0.5506923008062712
        ]
      ],
      "tx": 0.08105062818826847,
      "ty": -0.09866064672023052,
      "tz": 0.0
    },
    {
      "R": [
        [
          0.06296766600383619,
          0.42751794907974,
          -0.9018112198529591
        ],
        [
          0.9951338918545587,
          -0.09551272932999177,
          0.024204458645777527
        ],
        [
          -0.07578661042973728,
          -0.8989470071981933,
          -0.4314518141449666
        ]
      ],
      "tx": -0.043665313687461974,
      "ty": -0.037649953648625965,
      "tz": 0.0
    }
  ],
  "points_N": 58081
}