{
  "type": "scene",
  "distance_m": 0.3,
  "num_objects": 11,
  "intrinsics": {
    "width": 640,
    "height": 480,
    "fx": 554.2562584220408,
    "fy": 554.2562584220408,
    "cx": 0.029387424839001808,
    "cy": -0.09365520064587428
  },
  "T_wc": [
    [
      0.999999999999,
      0.0,
      0.0,
      0.0
    ],
    [
      -0.0,
      0.9999999999956668,
      0.0,
      0.0
    ],
    [
      0.0,
      0.0,
      -0.9999999999966668,
      0.31501416601240634
    ],
    [
      0.0,
      0.0,
      0.0,
      1.0
    ]
  ],
  "bin_size": {
    "w": 0.25,
    "d": 0.25
  },
  "z_floor": 0.0,
  "piece_aabb": {
    "w": 0.0300283320248127,
    "d": 0.0300283320248127,
    "h": 0.0300283320248127
  },
  "poses": [
    {
      "R": [
        [
          -0.4251744730477154,
          -0.7043922974873615,
          -0.5683820534720233
        ],
        [
          0.5249416054166436,
          0.31965932893482185,
          -0.7888309225223972
        ],
        [
          0.7373350516360891,
          -0.6337581594468159,
          0.23385383675148452
        ]
      ],
      "tx": 0.08987400476287924,
      "ty": 0.09243941460234978,
      "tz": 0.0
    },
    {
      "R": [
        [
          0.31127920554033806,
          0.6103420455571735,
          0.728414609699216
        ],
        [
          0.8605810448099098,
          0.14410200420380004,
          -0.48850268955076614
        ],
        [
          -0.4031197359495814,
          0.7789205349774347,
          -0.48039283787168063
        ]
      ],
      "tx": -0.09454700345386108,
      "ty": -0.0010137314058933644,
      "tz": 0.0
    },
    {
      "R": [
        [
          -0.8217954954991571,
          0.32226050802958056,
          -0.46989395457040245
        ],
        [
          0.10680861098291618,
          -0.7229426186848513,
          -0.6826022932198438
        ],
        [
          -0.559682127816491,
          -0.6111482103823968,
          0.5596907903022873
        ]
      ],
      "tx": 0.06552511935602334,
      "ty": 0.015699976501040894,
      "tz": 0.0
    },
    {
      "R": [
        [
          -0.6288895687886775,
          0.2893089267440331,
          -0.7216635332168355
        ],
        [
          -0.7007680608766425,
          0.19113896016438792,
          0.6873063529187452
        ],
        [
          0.33678188063490194,
          0.9379585506905367,
          0.08253315735222067
        ]
      ],
      "tx": -0.09707699134744234,
      "ty": -0.07735461806221101,
      "tz": 0.0
    },
    {
      "R": [
        [
          -0.06489146680054647,
          -0.8845346143452646,
          0.46193897168516534
        ],
        [
          0.33051414703855886,
          0.41773469849014366,
          0.8463203414102267
        ],
        [
          -0.941567573859597,
          0.20759633354764,
          0.26524378626789624
        ]
      ],
      "tx": 0.019450896785080732,
      "ty": -0.03350155428747528,
      "tz": 0.0
    },
    {
      "R": [
        [
          0.6614178124385829,
          -0.6614738848438158,
          -0.3535233755476291
        ],
        [
          0.7498148774300808,
          0.5722162413348688,
          0.33218401938851294
        ],
        [
          -0.01743923660807345,
          -0.48478951393591996,
          0.8744569744729023
        ]
      ],
      "tx": -0.017269545950181167,
      "ty": 0.0289091351418512,
      "tz": 0.0
    },
    {
      "R": [
        [
          0.8041281127002123,
          0.1253621168239646,
          -0.5810871862557367
        ],
        [
          0.5761262081081729,
          -0.4052195911991985,
          0.7098420072377041
        ],
        [
          -0.1464806154277516,
          -0.9055834707931507,
          -0.3980728661063675
        ]
      ],
      "tx": 0.08105306900031956,
      "ty": -0.06823929135966703,
      "tz": 0.0
    },
    {
      "R": [
        [
          0.17936096127049495,
          -0.9715747384789624,
          -0.15450622356934451
        ],
        [
          0.1912328062008229,
          -0.1196249349280527,
          0.9742278423325922
        ],
        [
          -0.9650179580736739,
          -0.20428510100591157,
          0.16434092035254655
        ]
      ],
      "tx": 0.004280557535497262,
      "ty": 0.09756203987180032,
      "tz": 0.0
    },
    {
      "R": [
        [
          0.08474302040502446,
          -0.9383959248678636,
          0.3350100128115885
        ],
        [
          -0.9683129558045852,
          0.0017110476840567213,
          0.24973404240673805
        ],
        [
          -0.23492262580181833,
          -0.34555775278122464,
          -0.9085159323749745
        ]
      ],
      "tx": -0.028903239861412938,
      "ty": -0.08163687499163375,
      "tz": 0.0
    },
    {
      "R": [
        [
          -0.03076238677930032,
          -0.9667633329182279,
          -0.25381555051745786
        ],
        [
          0.9670356639712425,
          -0.09300608045400938,
          0.2370482938269762
        ],
        [
          -0.2527759881146523,
          -0.23815651812079766,
          0.937755710571383
        ]
      ],
      "tx": -0.07534831534174032,
      "ty": 0.06238463413044895,
      "tz": 0.0
    },
    {
      "R": [
        [
          0.4988579259128243,
          -0.13459537849466058,
          0.8561687064135398
        ],
        [
          0.2816080780882649,
          0.9594379905356879,
          -0.013252647745829335
        ],
        [
          -0.8196570381015397,
          0.2477152122997705,
          0.5165263918580452
        ]
      ],
      "tx": 0.029387424839001808,
      "ty": -0.09365520064587428,
      "tz": 0.0
    }
  ],
  "points_N": 53813
}