{
  "type": "scene",
  "distance_m": 0.3,
  "num_objects": 5,
  "intrinsics": {
    "width": 640,
    "height": 480,
    "fx": 554.2562584220408,
    "fy": 554.2562584220408,
    "cx": 0.03217415521863293,
    "cy": 0.0900831705192976
  },
  "T_wc": [
    [
      0.999999999999,
      0.0,
      0.0,
      0.0
    ],
    [
      -0.0,
      0.9999999999956668,
      0.0,
      0.0
    ],
    [
      0.0,
      0.0,
      -0.9999999999966668,
      0.31501416601240634
    ],
    [
      0.0,
      0.0,
      0.0,
      1.0
    ]
  ],
  "bin_size": {
    "w": 0.25,
    "d": 0.25
  },
  "z_floor": 0.0,
  "piece_aabb": {
    "w": 0.0300283320248127,
    "d": 0.0300283320248127,
    "h": 0.0300283320248127
  },
  "poses": [
    {
      "R": [
        [
          0.9910650815611501,
          -0.1274320886381904,
          -0.03938358662563796
        ],
        [
          0.0006392621200531218,
          -0.29073378788680904,
          0.9568037708563494
        ],
        [
          -0.13337764225736112,
          -0.9482799836368455,
          -0.2880546426974768
        ]
      ],
      "tx": -0.007982209340491223,
      "ty": 0.03144297070443902,
      "tz": 0.0
    },
    {
      "R": [
        [
          -0.6390990651078345,
          0.4261498790948012,
          0.6402723369987013
        ],
        [
          0.539845102445245,
          0.8414967619432577,
          -0.02122416087611534
        ],
        [
          -0.5478317719374945,
          0.3320835439862967,
          -0.7678547189861678
        ]
      ],
      "tx": -0.06318390053802189,
      "ty": -0.034875028179988124,
      "tz": 0.0
    },
    {
      "R": [
        [
          0.9315182163253584,
          0.35227940483166686,
          0.09040483164891887
        ],
        [
          -0.19328887770729886,
          0.6900879295292068,
          -0.6974367779754271
        ],
        [
          -0.3080798961449378,
          0.6322008149706382,
          0.7109211680220144
        ]
      ],
      "tx": -0.05434759742000997,
      "ty": 0.07274946333293195,
      "tz": 0.0
    },
    {
      "R": [
        [
          -0.8047152059523512,
          -0.06286104346526003,
          0.5903235778143403
        ],
        [
          -0.1268882693725536,
          0.9896114100879697,
          -0.06759159799367495
        ],
        [
          -0.5799420698696578,
          -0.1292971238588043,
          -0.804331678697997
        ]
      ],
      "tx": 0.030162259363028077,
      "ty": -0.08411350273085232,
      "tz": 0.0
    },
    {
      "R": [
        [
          -0.506808306429902,
          -0.44511300824122335,
          0.7382545295682937
        ],
        [
          -0.7765156422781272,
          0.6076440397524959,
          -0.1667098624876602
        ],
        [
          -0.37439123631709326,
          -0.6577561332649934,
          -0.6535962601799694
        ]
      ],
      "tx": 0.03217415521863293,
      "ty": 0.0900831705192976,
      "tz": 0.0
    }
  ],
  "points_N": 24880
}