{
  "type": "scene",
  "distance_m": 0.3,
  "num_objects": 11,
  "intrinsics": {
    "width": 640,
    "height": 480,
    "fx": 554.2562584220408,
    "fy": 554.2562584220408,
    "cx": 0.014678060972832696,
    "cy": -0.08581322020494027
  },
  "T_wc": [
    [
      0.999999999999,
      0.0,
      0.0,
      0.0
    ],
    [
      -0.0,
      0.9999999999956668,
      0.0,
      0.0
    ],
    [
      0.0,
      0.0,
      -0.9999999999966668,
      0.31501416601240634
    ],
    [
      0.0,
      0.0,
      0.0,
      1.0
    ]
  ],
  "bin_size": {
    "w": 0.25,
    "d": 0.25
  },
  "z_floor": 0.0,
  "piece_aabb": {
    "w": 0.0300283320248127,
    "d": 0.0300283320248127,
    "h": 0.0300283320248127
  },
  "poses": [
    {
      "R": [
        [
          0.248311163145846,
          0.9162162212198137,
          0.31446685394623447
        ],
        [
          0.9665435131153668,
          -0.2558952008133928,
          -0.017643226895275976
        ],
        [
          0.06430554806361394,
          0.30832690796354245,
          -0.9491044801884985
        ]
      ],
      "tx": 0.07496831885180863,
      "ty": 0.048623977854323264,
      "tz": 0.0
    },
    {
      "R": [
        [
          -0.2657051139726354,
          0.8258576872738186,
          -0.49735286545824653
        ],
        [
          0.208136060428531,
          0.5528719381319673,
          0.8068531467221858
        ],
        [
          0.9413183163829756,
          0.11086794124967714,
          -0.31879166683741644
        ]
      ],
      "tx": -0.03569329710915253,
      "ty": 0.090762031470361,
      "tz": 0.0
    },
    {
      "R": [
        [
          0.4940015317062695,
          0.24406781392125926,
          0.8345018806926425
        ],
        [
          0.848434723317868,
          -0.3451191762690815,
          -0.4013119415615285
        ],
        [
          0.19005527338222566,
          0.9062690860771145,
          -0.3775650098732126
        ]
      ],
      "tx": 0.09812396755447589,
      "ty": -0.030809404246320768,
      "tz": 0.0
    },
    {
      "R": [
        [
          0.9448657275647221,
          0.30407893657241164,
          0.12151031728449915
        ],
        [
          0.1948621590374951,
          -0.22390384086833426,
          -0.9549323583477805
        ],
        [
          -0.26316818927984886,
          0.9259606203167601,
          -0.27081254360492
        ]
      ],
      "tx": -0.07209106108636867,
      "ty": -0.07204293988694667,
      "tz": 0.0
    },
    {
      "R": [
        [
          0.3016488902171899,
          -0.06305344895242426,
          -0.9513318083644329
        ],
        [
          0.8276627479395884,
          -0.47798534359264044,
          0.2941162813985577
        ],
        [
          -0.47326770722692196,
          -0.8761017485919259,
          -0.09199675760777049
        ]
      ],
      "tx": 0.07938055873505101,
      "ty": -0.09334159161244755,
      "tz": 0.0
    },
    {
      "R": [
        [
          0.0005308919480166985,
          0.14121198023899187,
          -0.9899792395756197
        ],
        [
          0.20773520163122203,
          0.9683674962624381,
          0.13824065315836898
        ],
        [
          0.9781849539616603,
          -0.20572692779361557,
          -0.0288206006812044
        ]
      ],
      "tx": -0.08712581428921878,
      "ty": 0.007675126685695574,
      "tz": 0.0
    },
    {
      "R": [
        [
          0.8464131125319725,
          -0.4894662070545017,
          -0.20978006360380871
        ],
        [
          0.41798212300703563,
          0.8547205603968419,
          -0.3078046596161922
        ],
        [
          0.3299633127795721,
          0.17284558364791464,
          0.9280348142354047
        ]
      ],
      "tx": 0.014615793423165643,
      "ty": 0.013322810187089945,
      "tz": 0.0
    },
    {
      "R": [
        [
          -0.1706326297400913,
          -0.9841740144890482,
          0.04781228788179198
        ],
        [
          -0.9281630035321905,
          0.1442544073329768,
          -0.3430803183499664
        ],
        [
          0.33075360095104556,
          -0.10291829365823231,
          -0.9380884181613127
        ]
      ],
      "tx": -0.021421731544738143,
      "ty": -0.03628948561751538,
      "tz": 0.0
    },
    {
      "R": [
        [
          0.9939234407058338,
          -0.06455390527830245,
          -0.08915709354166251
        ],
        [
          -0.08780952855329317,
          -0.9534208778514266,
          -0.28857948016493373
        ],
        [
          -0.06637530196334473,
          0.29465475219370707,
          -0.9532958073436282
        ]
      ],
      "tx": 0.02410200865604606,
      "ty": 0.0911853503877765,
      "tz": 0.0
    },
    {
      "R": [
        [
          -0.18820070968674285,
          -0.9631918759963197,
          0.19194244681178912
        ],
        [
          -0.3882849940457308,
          0.25248312983333554,
          0.8862770630838135
        ],
        [
          -0.9021170967631158,
          0.09226960043401727,
          -0.42151045605469095
        ]
      ],
      "tx": -0.09745229635525907,
      "ty": 0.08583339955626959,
      "tz": 0.0
    },
    {
      "R": [
        [
          0.190840759568217,
          0.9106516250548771,
          -0.3664606694753719
        ],
        [
          -0.9741301729644611,
          0.12966010479914591,
          -0.18509095964877326
        ],
        [
          -0.12103805437818008,
          0.3923032946692983,
          0.9118376579106384
        ]
      ],
      "tx": 0.014678060972832696,
      "ty": -0.08581322020494027,
      "tz": 0.0
    }
  ],
  "points_N": 52279
}