{
  "type": "scene",
  "distance_m": 0.3,
  "num_objects": 12,
  "intrinsics": {
    "width": 640,
    "height": 480,
    "fx": 554.2562584220408,
    "fy": 554.2562584220408,
    "cx": -0.09787063695933458,
    "cy": -0.09810800983060594
  },
  "T_wc": [
    [
      0.999999999999,
      0.0,
      0.0,
      0.0
    ],
    [
      -0.0,
      0.9999999999956668,
      0.0,
      0.0
    ],
    [
      0.0,
      0.0,
      -0.9999999999966668,
      0.31501416601240634
    ],
    [
      0.0,
      0.0,
      0.0,
      1.0
    ]
  ],
  "bin_size": {
    "w": 0.25,
    "d": 0.25
  },
  "z_floor": 0.0,
  "piece_aabb": {
    "w": 0.0300283320248127,
    "d": 0.0300283320248127,
    "h": 0.0300283320248127
  },
  "poses": [
    {
      "R": [
        [
          -0.21136552236646078,
          0.8721151824793918,
          0.44129324087695937
        ],
        [
          0.9036033295009702,
          0.34646717607036037,
          -0.25191569784471707
        ],
        [
          -0.37259312778084613,
          0.34550774867543405,
          -0.8612773982496691
        ]
      ],
      "tx": 0.025202972964407988,
      "ty": -0.042810420649327614,
      "tz": 0.0
    },
    {
      "R": [
        [
          0.6622758036966023,
          0.6017803063770111,
          -0.4463756519959507
        ],
        [
          0.7491015284935192,
          -0.5440626535842659,
          0.37794540476571503
        ],
        [
          -0.01541622024662831,
          -0.5846847798871095,
          -0.8111140784881432
        ]
      ],
      "tx": -0.060133519931285406,
      "ty": 0.02060982240328986,
      "tz": 0.0
    },
    {
      "R": [
        [
          0.5571262689614407,
          -0.7247653183520083,
          0.40537088418782175
        ],
        [
          -0.5408483743708946,
          0.053738993270630586,
          0.8394016657969056
        ],
        [
          -0.6301534387539792,
          -0.6868969019557237,
          -0.36204873941247717
        ]
      ],
      "tx": 0.07518862152809247,
      "ty": 0.07333415709009145,
      "tz": 0.0
    },
    {
      "R": [
        [
          0.24073564518051538,
          -0.8837663447363291,
          0.4012522860382345
        ],
        [
          0.7391654417956237,
          -0.10099283575155571,
          -0.6659090754614625
        ],
        [
          0.6290316357661206,
          0.4568998741937313,
          0.6289369651778716
        ]
      ],
      "tx": 0.0115028831583808,
      "ty": 0.05120751085952538,
      "tz": 0.0
    },
    {
      "R": [
        [
          0.03665982801382972,
          0.9992916871916244,
          0.00849593548194666
        ],
        [
          -0.39351035537032186,
          0.006620428847216475,
          0.9192963451130447
        ],
        [
          0.9185889490007595,
          -0.037044484496290886,
          0.3934743307283012
        ]
      ],
      "tx": -0.09698352459458554,
      "ty": 0.07687193796207104,
      "tz": 0.0
    },
    {
      "R": [
        [
          -0.4689932210032728,
          0.12303646070223731,
          -0.8745898398625737
        ],
        [
          -0.4529261419903121,
          -0.8836282478694348,
          0.1185707783096844
        ],
        [
          -0.7582237588962423,
          0.4517334932292042,
          0.47014208760777154
        ]
      ],
      "tx": -0.041286701343065446,
      "ty": -0.07075028472951736,
      "tz": 0.0
    },
    {
      "R": [
        [
          0.6884602319171681,
          0.10987171078853998,
          0.7169035613225523
        ],
        [
          -0.12258046744379518,
          -0.9566115914551485,
          0.2643261093704292
        ],
        [
          0.7148402185592384,
          -0.2698563882179684,
          -0.6451209124405541
        ]
      ],
      "tx": 0.05609534447146397,
      "ty": -0.09408363522769597,
      "tz": 0.0
    },
    {
      "R": [
        [
          -0.04143044486318992,
          0.9813562232351695,
          0.18767919798433164
        ],
        [
          -0.9982634168736545,
          -0.032784282883427496,
          -0.04894222438299391
        ],
        [
          -0.04187682855916998,
          -0.18938097558472755,
          0.9810102840013466
        ]
      ],
      "tx": -0.09780070377403646,
      "ty": -0.04046870844221919,
      "tz": 0.0
    },
    {
      "R": [
        [
          0.5937261613881699,
          0.3902409776335597,
          -0.7037053535812218
        ],
        [
          -0.7967580755000715,
          0.40742397235425587,
          -0.446298415722598
        ],
        [
          0.11254250045512215,
          0.8256619684390714,
          0.5528259214839937
        ]
      ],
      "tx": 0.09779788866342509,
      "ty": 0.00910545110693771,
      "tz": 0.0
    },
    {
      "R": [
        [
          -0.9472261453062427,
          -0.10083086877690223,
          -0.3042955233814198
        ],
        [
          -0.1196231413489714,
          -0.7694965057350798,
          0.627347935132735
        ],
        [
          -0.2974103792776592,
          0.6306411527669261,
          0.7168255036860236
        ]
      ],
      "tx": -0.03766330587020398,
      "ty": 0.09782621692106913,
      "tz": 0.0
    },
    {
      "R": [
        [
          0.18943387323608407,
          0.9460053425107935,
          0.2630374490672606
        ],
        [
          -0.4735242443900922,
          0.3226945747541563,
          -0.8195382854992357
        ],
        [
          -0.8601683542455905,
          0.03069370237150809,
          0.5090857481693647
        ]
      ],
      "tx": 0.09806981348557348,
      "ty": -0.04844339963324358,
      "tz": 0.0
    },
    {
      "R": [
        [
          -0.03839104112438063,
          -0.01601361850497257,
          -0.999134471422022
        ],
        [
          -0.7950222382135959,
          -0.605243490171461,
          0.04024870620172344
        ],
        [
          -0.6053641620605157,
          0.7958793134812876,
          0.010504744895714402
        ]
      ],
      "tx": -0.09787063695933458,
      "ty": -0.09810800983060594,
      "tz": 0.0
    }
  ],
  "points_N": 60246
}