{
  "type": "scene",
  "distance_m": 0.3,
  "num_objects": 11,
  "intrinsics": {
    "width": 640,
    "height": 480,
    "fx": 554.2562584220408,
    "fy": 554.2562584220408,
    "cx": 0.0801945288570664,
    "cy": 0.09789425823529715
  },
  "T_wc": [
    [
      0.999999999999,
      0.0,
      0.0,
      0.0
    ],
    [
      -0.0,
      0.9999999999956668,
      0.0,
      0.0
    ],
    [
      0.0,
      0.0,
      -0.9999999999966668,
      0.31501416601240634
    ],
    [
      0.0,
      0.0,
      0.0,
      1.0
    ]
  ],
  "bin_size": {
    "w": 0.25,
    "d": 0.25
  },
  "z_floor": 0.0,
  "piece_aabb": {
    "w": 0.0300283320248127,
    "d": 0.0300283320248127,
    "h": 0.0300283320248127
  },
  "poses": [
    {
      "R": [
        [
          0.04338792231296662,
          0.012717424810582023,
          -0.998977354750122
        ],
        [
          -0.8546878695658451,
          -0.5172991242867808,
          -0.04370653988966161
        ],
        [
          -0.5173259454293404,
          0.8557101630332065,
          -0.011575105499400218
        ]
      ],
      "tx": 0.07498865755692158,
      "ty": 0.035964976426789835,
      "tz": 0.0
    },
    {
      "R": [
        [
          0.6334805488333473,
          0.5214141656273135,
          0.5716901801963838
        ],
        [
          0.2377723133098637,
          -0.8342781200592291,
          0.4974377804446647
        ],
        [
          0.7363197140326185,
          -0.17918506152470126,
          -0.6524768137285122
        ]
      ],
      "tx": -0.015352932723227367,
      "ty": 0.026262758496859245,
      "tz": 0.0
    },
    {
      "R": [
        [
          0.8707901042231174,
          0.01577409165945559,
          0.491401844135135
        ],
        [
          0.21248869896204858,
          -0.9133925878136915,
          -0.3472211591196932
        ],
        [
          0.44336570368095485,
          0.40677408786613545,
          -0.7987250429529331
        ]
      ],
      "tx": -0.08125059521999886,
      "ty": -0.09433401766732495,
      "tz": 0.0
    },
    {
      "R": [
        [
          -0.8771153385515533,
          -0.3860715218518483,
          -0.28568770168243446
        ],
        [
          -0.3758085375911681,
          0.1813081995185971,
          0.908787807940287
        ],
        [
          -0.2990595692352636,
          0.9044756032101265,
          -0.3041171768356665
        ]
      ],
      "tx": -0.06248848462520704,
      "ty": 0.0603663147961275,
      "tz": 0.0
    },
    {
      "R": [
        [
          -0.20048738315557046,
          0.97340258778766,
          -0.11087024525867362
        ],
        [
          -0.2766107374296998,
          -0.16480619188782808,
          -0.9467446430025522
        ],
        [
          -0.9398357883875401,
          -0.15914245569212315,
          0.30229516976334825
        ]
      ],
      "tx": 0.029001705668757483,
      "ty": -0.052816746841180276,
      "tz": 0.0
    },
    {
      "R": [
        [
          0.664263643487125,
          0.16243803855921304,
          -0.7296353168331735
        ],
        [
          -0.27438808353444866,
          0.9609498432357528,
          -0.035868905746824484
        ],
        [
          0.6953164686353275,
          0.22402964628418665,
          0.68289510616952
        ]
      ],
      "tx": 0.017253885491138155,
      "ty": 0.07448069414302813,
      "tz": 0.0
    },
    {
      "R": [
        [
          -0.37447557998094716,
          -0.14164846465530906,
          -0.9163535084555126
        ],
        [
          0.8732717764486408,
          -0.38610440295750603,
          -0.2971864641518229
        ],
        [
          -0.31171211791678594,
          -0.9115147297096309,
          0.2682842765914737
        ]
      ],
      "tx": 0.09570633635552522,
      "ty": -0.04808827386508657,
      "tz": 0.0
    },
    {
      "R": [
        [
          0.6784952865406955,
          0.234644796543453,
          -0.6961220910135959
        ],
        [
          0.7337646224895389,
          -0.2617820965085029,
          0.6269446648073476
        ],
        [
          -0.035122997093698594,
          -0.9361687633128413,
          -0.34979196913660204
        ]
      ],
      "tx": -0.026550932098684976,
      "ty": -0.07548001484774525,
      "tz": 0.0
    },
    {
      "R": [
        [
          0.03004594659928317,
          -0.850528937180459,
          -0.5250692983898714
        ],
        [
          -0.7515964972925673,
          -0.3655253656591486,
          0.5490846130764271
        ],
        [
          -0.6589384996723874,
          0.37814247854271077,
          -0.6502371256480812
        ]
      ],
      "tx": -0.09829842872305052,
      "ty": 0.01531152171187368,
      "tz": 0.0
    },
    {
      "R": [
        [
          -0.034458376755006404,
          -0.8746051207029442,
          -0.48360986664004146
        ],
        [
          0.7573883732244004,
          -0.33856791879356196,
          0.5583319948456229
        ],
        [
          -0.6520548078006223,
          -0.34704127593700546,
          0.6740822504858801
        ]
      ],
      "tx": -0.06984945055545495,
      "ty": -0.03717279832333744,
      "tz": 0.0
    },
    {
      "R": [
        [
          -0.8351110041358947,
          0.4929857144994638,
          0.24403830861278847
        ],
        [
          -0.39612019701692347,
          -0.23113040986129318,
          -0.8886323892097475
        ],
        [
          -0.3816783990304025,
          -0.8387751897480061,
          0.388301147019662
        ]
      ],
      "tx": 0.0801945288570664,
      "ty": 0.09789425823529715,
      "tz": 0.0
    }
  ],
  "points_N": 54173
}