{
  "type": "scene",
  "distance_m": 0.3,
  "num_objects": 12,
  "intrinsics": {
    "width": 640,
    "height": 480,
    "fx": 554.2562584220408,
    "fy": 554.2562584220408,
    "cx": 0.007075741446036038,
    "cy": 0.09757015198252453
  },
  "T_wc": [
    [
      0.999999999999,
      0.0,
      0.0,
      0.0
    ],
    [
      -0.0,
      0.9999999999956668,
      0.0,
      0.0
    ],
    [
      0.0,
      0.0,
      -0.9999999999966668,
      0.31501416601240634
    ],
    [
      0.0,
      0.0,
      0.0,
      1.0
    ]
  ],
  "bin_size": {
    "w": 0.25,
    "d": 0.25
  },
  "z_floor": 0.0,
  "piece_aabb": {
    "w": 0.0300283320248127,
    "d": 0.0300283320248127,
    "h": 0.0300283320248127
  },
  "poses": [
    {
      "R": [
        [
          -0.3567244606124882,
          0.17225709016664703,
          0.9181912404766499
        ],
        [
          -0.8388722147066997,
          0.3734910122349059,
          -0.3959771094051046
        ],
        [
          -0.4111460404695712,
          -0.9114998401903673,
          0.011268306843917664
        ]
      ],
      "tx": -0.036150949546771324,
      "ty": -0.04840791624955268,
      "tz": 0.0
    },
    {
      "R": [
        [
          -0.11795591229916469,
          -0.9389957290523404,
          0.32306875982542105
        ],
        [
          -0.8114995407615627,
          0.2786589607006098,
          0.5136318515873299
        ],
        [
          -0.572324119793535,
          -0.20158423659284413,
          -0.7948640748328206
        ]
      ],
      "tx": -0.04946432738771636,
      "ty": 0.07186834635972209,
      "tz": 0.0
    },
    {
      "R": [
        [
          0.2766637003604424,
          0.8149167219983096,
          -0.5092817816399846
        ],
        [
          -0.17061173787735834,
          -0.4798945900361964,
          -0.8605770258102747
        ],
        [
          -0.945700180713388,
          0.32497987424072955,
          0.006264945103080288
        ]
      ],
      "tx": 0.08857660288451161,
      "ty": 0.0038175797789458676,
      "tz": 0.0
    },
    {
      "R": [
        [
          0.008030673759363394,
          0.37430374344295775,
          0.9272713820255423
        ],
        [
          -0.9514972126525592,
          -0.2823427579877078,
          0.12221137969233997
        ],
        [
          0.3075525363143366,
          -0.8832775750897807,
          0.3538815659936747
        ]
      ],
      "tx": 0.09421776508945692,
      "ty": -0.07352459247296678,
      "tz": 0.0
    },
    {
      "R": [
        [
          -0.04654890992733307,
          -0.9101199989655842,
          0.4117217342665581
        ],
        [
          0.5619730473942668,
          0.31689682969385613,
          0.7640436462221151
        ],
        [
          -0.8258447148144609,
          0.26694191655277455,
          0.4967117073314795
        ]
      ],
      "tx": 0.05002796965321707,
      "ty": 0.057405692542471465,
      "tz": 0.0
    },
    {
      "R": [
        [
          0.38083431486024466,
          0.5630632710242048,
          -0.7334336898782677
        ],
        [
          0.8120981521036984,
          -0.5829478520751556,
          -0.025853299803334284
        ],
        [
          -0.44211063770812664,
          -0.5857743205232588,
          -0.6792691877605139
        ]
      ],
      "tx": -0.061732028407212786,
      "ty": 0.015631279299513662,
      "tz": 0.0
    },
    {
      "R": [
        [
          0.36090819543081376,
          -0.6133042116681606,
          0.7025690132798126
        ],
        [
          0.768519336989888,
          -0.231186119241235,
          -0.5965995364922774
        ],
        [
          0.52832121208929,
          0.755255534385729,
          0.38789918102031384
        ]
      ],
      "tx": -0.09408794160304441,
      "ty": -0.041709292337755964,
      "tz": 0.0
    },
    {
      "R": [
        [
          -0.9871486708240198,
          -0.04237754800963338,
          -0.15408324086370373
        ],
        [
          0.08416556798052384,
          0.6817592628171749,
          -0.7267189723197669
        ],
        [
          0.13584424484271218,
          -0.7303481710716291,
          -0.6694310197140851
        ]
      ],
      "tx": 0.024627732974515773,
      "ty": -0.05625874761025748,
      "tz": 0.0
    },
    {
      "R": [
        [
          -0.5860448412312751,
          -0.6073360744662258,
          -0.5363714540485583
        ],
        [
          0.7071818107492481,
          -0.06024295541654623,
          -0.7044605545153646
        ],
        [
          0.39553170620270695,
          -0.7921576099329193,
          0.4648020981167582
        ]
      ],
      "tx": 0.01263472684236533,
      "ty": 0.009220578812508165,
      "tz": 0.0
    },
    {
      "R": [
        [
          -0.9310344803333654,
          0.1453437460910243,
          0.33473869197122763
        ],
        [
          0.29101883376311316,
          0.8491560454488962,
          0.44072899708636093
        ],
        [
          -0.22018818048555203,
          0.5077491565230019,
          -0.8328913249786207
        ]
      ],
      "tx": 0.09504987018349437,
      "ty": 0.09634033836990802,
      "tz": 0.0
    },
    {
      "R": [
        [
          -0.1209106436138685,
          0.8723886452384775,
          0.4736229174352249
        ],
        [
          -0.8492170974247886,
          -0.33796625019240945,
          0.40572051362027367
        ],
        [
          0.514014530633422,
          -0.35315275078902536,
          0.7817110699662935
        ]
      ],
      "tx": -0.06924759380601331,
      "ty": -0.09804393029276634,
      "tz": 0.0
    },
    {
      "R": [
        [
          0.9435200592860578,
          0.27931719721485393,
          -0.1781903506502875
        ],
        [
          0.329722911990049,
          -0.7389474601423087,
          0.587570806335741
        ],
        [
          0.03244532375607363,
          -0.6131382833335959,
          -0.7893090310373334
        ]
      ],
      "tx": 0.007075741446036038,
      "ty": 0.09757015198252453,
      "tz": 0.0
    }
  ],
  "points_N": 57340
}