{
  "type": "scene",
  "distance_m": 0.3,
  "num_objects": 6,
  "intrinsics": {
    "width": 640,
    "height": 480,
    "fx": 554.2562584220408,
    "fy": 554.2562584220408,
    "cx": -0.006452041708039216,
    "cy": -0.021262641253968276
  },
  "T_wc": [
    [
      0.999999999999,
      0.0,
      0.0,
      0.0
    ],
    [
      -0.0,
      0.9999999999956668,
      0.0,
      0.0
    ],
    [
      0.0,
      0.0,
      -0.9999999999966668,
      0.31501416601240634
    ],
    [
      0.0,
      0.0,
      0.0,
      1.0
    ]
  ],
  "bin_size": {
    "w": 0.25,
    "d": 0.25
  },
  "z_floor": 0.0,
  "piece_aabb": {
    "w": 0.0300283320248127,
    "d": 0.0300283320248127,
    "h": 0.0300283320248127
  },
  "poses": [
    {
      "R": [
        [
          0.3157357742676714,
          0.9248754143940974,
          -0.21193486899738995
        ],
        [
          -0.4976808625580915,
          0.35159285457442635,
          0.7929036660626816
        ],
        [
          0.807851892298971,
          -0.14487212451521875,
          0.571303236160464
        ]
      ],
      "tx": 0.0718424618829461,
      "ty": -0.09003179481270185,
      "tz": 0.0
    },
    {
      "R": [
        [
          0.5021939698528277,
          -0.8187049868741587,
          0.2784301727737868
        ],
        [
          0.500281262678659,
          0.5376842871204679,
          0.6786856898420659
        ],
        [
          -0.7053508877545301,
          -0.20153846246098486,
          0.6796045712712344
        ]
      ],
      "tx": 0.08786900357354463,
      "ty": 0.05758605242525233,
      "tz": 0.0
    },
    {
      "R": [
        [
          0.1863305245182072,
          0.8825780051783128,
          0.43166769673933236
        ],
        [
          -0.2778701037473082,
          -0.37408428017805795,
          0.884787633710556
        ],
        [
          0.9423742043775553,
          -0.28481049155383126,
          0.17553872172439633
        ]
      ],
      "tx": -0.05940322110415096,
      "ty": 0.04440320759139485,
      "tz": 0.0
    },
    {
      "R": [
        [
          -0.310580745726847,
          0.11500851326976769,
          0.9435637987222872
        ],
        [
          0.31527488679745785,
          0.9489259413829446,
          -0.011887115938798931
        ],
        [
          -0.8967392854886004,
          0.2937900604955348,
          -0.33097742251613527
        ]
      ],
      "tx": 0.06106478332369519,
      "ty": -0.004093927400688063,
      "tz": 0.0
    },
    {
      "R": [
        [
          0.971605400658612,
          -0.23544059969193276,
          0.02346634670589122
        ],
        [
          0.13921437216373145,
          0.6490467958042556,
          0.7479021429567422
        ],
        [
          -0.19131728618730742,
          -0.7233989085372828,
          0.6633940873515469
        ]
      ],
      "tx": -0.07568940032617676,
      "ty": -0.04358829468376741,
      "tz": 0.0
    },
    {
      "R": [
        [
          -0.8119752893880132,
          -0.44085472569995815,
          -0.3825483502137569
        ],
        [
          -0.5104941983100603,
          0.21859664373386345,
          0.8316316377099053
        ],
        [
          -0.2830049521033534,
          0.8705530530509356,
          -0.4025488528224539
        ]
      ],
      "tx": -0.006452041708039216,
      "ty": -0.021262641253968276,
      "tz": 0.0
    }
  ],
  "points_N": 28822
}