{
  "type": "scene",
  "distance_m": 0.3,
  "num_objects": 11,
  "intrinsics": {
    "width": 640,
    "height": 480,
    "fx": 554.2562584220408,
    "fy": 554.2562584220408,
    "cx": -0.09783148723488433,
    "cy": 0.03870975270046445
  },
  "T_wc": [
    [
      0.999999999999,
      0.0,
      0.0,
      0.0
    ],
    [
      -0.0,
      0.9999999999956668,
      0.0,
      0.0
    ],
    [
      0.0,
      0.0,
      -0.9999999999966668,
      0.31501416601240634
    ],
    [
      0.0,
      0.0,
      0.0,
      1.0
    ]
  ],
  "bin_size": {
    "w": 0.25,
    "d": 0.25
  },
  "z_floor": 0.0,
  "piece_aabb": {
    "w": 0.0300283320248127,
    "d": 0.0300283320248127,
    "h": 0.0300283320248127
  },
  "poses": [
    {
      "R": [
        [
          -0.5772337554613125,
          0.5833970500788,
          0.5713572205856715
        ],
        [
          -0.4708478098409456,
          -0.8094589406357326,
          0.3508255455249264
        ],
        [
          0.667160798851382,
          -0.06651394879445643,
          0.7419382474921712
        ]
      ],
      "tx": 0.08952446965801727,
      "ty": 0.06012761452871787,
      "tz": 0.0
    },
    {
      "R": [
        [
          0.6347072830848828,
          -0.767394657951361,
          -0.09084109062929707
        ],
        [
          -0.19365570329536652,
          -0.27176190871066774,
          0.9426785950445208
        ],
        [
          -0.748093666181036,
          -0.5807330745890477,
          -0.3210996149143879
        ]
      ],
      "tx": -0.053122561394599144,
      "ty": -0.0022832581293300014,
      "tz": 0.0
    },
    {
      "R": [
        [
          -0.6803831197818038,
          0.7289286492391972,
          -0.07577489448556801
        ],
        [
          -0.6104831368783917,
          -0.506530297053084,
          0.608882088547884
        ],
        [
          0.40544931853820954,
          0.4605323902676485,
          0.7896333121210553
        ]
      ],
      "tx": 0.06212404913067737,
      "ty": -0.08644590397564052,
      "tz": 0.0
    },
    {
      "R": [
        [
          0.5543502065655631,
          0.38549036994180613,
          0.7376266150043984
        ],
        [
          0.6801592547318152,
          0.30094948966665447,
          -0.668440567943061
        ],
        [
          -0.4796657551705972,
          0.8722537356477813,
          -0.09536343096339994
        ]
      ],
      "tx": 0.04012897135233831,
      "ty": 0.0294647469796262,
      "tz": 0.0
    },
    {
      "R": [
        [
          0.3919351139741626,
          -0.2736375406268119,
          0.8783560569574107
        ],
        [
          0.732686755692644,
          0.670234516549104,
          -0.11813471487575805
        ],
        [
          -0.5563784543515753,
          0.6898609926542438,
          0.46317904351066375
        ]
      ],
      "tx": -0.01709770972182345,
      "ty": -0.09162717019609747,
      "tz": 0.0
    },
    {
      "R": [
        [
          0.30667983401508625,
          0.929965816148887,
          -0.20275862547130724
        ],
        [
          0.43616298251738195,
          -0.32664967453996185,
          -0.8384878310413808
        ],
        [
          -0.8459960591456803,
          0.16871150203075014,
          -0.5057935319797073
        ]
      ],
      "tx": -0.06127912124219026,
      "ty": 0.08771151460567084,
      "tz": 0.0
    },
    {
      "R": [
        [
          -0.846152304591302,
          -0.03862813325978007,
          -0.5315394103504394
        ],
        [
          -0.4277478054725994,
          0.6441499043317029,
          0.6341156958022984
        ],
        [
          0.31789635472619593,
          0.7639232736802319,
          -0.5615720252839109
        ]
      ],
      "tx": 0.07170212323977079,
      "ty": -0.026353275624504596,
      "tz": 0.0
    },
    {
      "R": [
        [
          0.643347135185849,
          -0.5573220861163535,
          0.5248776581024162
        ],
        [
          -0.2252768706431901,
          -0.7930592447179945,
          -0.5659570354015714
        ],
        [
          0.7316794347262825,
          0.24586404107603846,
          -0.6357641686226014
        ]
      ],
      "tx": 0.00786120501992657,
      "ty": 0.0907994043659694,
      "tz": 0.0
    },
    {
      "R": [
        [
          -0.8465292910431108,
          0.13359002518214516,
          0.5153075436842373
        ],
        [
          0.5096602680366464,
          -0.07616624921292736,
          0.8569977325907275
        ],
        [
          0.15373539147139167,
          0.9881054638309962,
          -0.003608567093722259
        ]
      ],
      "tx": -0.08933927958987517,
      "ty": -0.06896738599259734,
      "tz": 0.0
    },
    {
      "R": [
        [
          -0.5536375022684248,
          0.03562886386453966,
          0.8319952524754582
        ],
        [
          -0.10669292733510909,
          0.9878157871891775,
          -0.11329867535188032
        ],
        [
          -0.8258947483418481,
          -0.151494404647656,
          -0.5430905173374023
        ]
      ],
      "tx": 0.00016139585362912046,
      "ty": -0.023743216875071166,
      "tz": 0.0
    },
    {
      "R": [
        [
          -0.13426265596570497,
          -0.29273698468478826,
          -0.9467199147639667
        ],
        [
          0.7070500925398925,
          -0.6976747175817195,
          0.11545629080564102
        ],
        [
          -0.6943008755952738,
          -0.6538769350917077,
          0.3006513726938739
        ]
      ],
      "tx": -0.09783148723488433,
      "ty": 0.03870975270046445,
      "tz": 0.0
    }
  ],
  "points_N": 55226
}