{
  "type": "scene",
  "distance_m": 0.3,
  "num_objects": 11,
  "intrinsics": {
    "width": 640,
    "height": 480,
    "fx": 554.2562584220408,
    "fy": 554.2562584220408,
    "cx": 0.09783304746191465,
    "cy": -0.018671922570686478
  },
  "T_wc": [
    [
      0.999999999999,
      0.0,
      0.0,
      0.0
    ],
    [
      -0.0,
      0.9999999999956668,
      0.0,
      0.0
    ],
    [
      0.0,
      0.0,
      -0.9999999999966668,
      0.31501416601240634
    ],
    [
      0.0,
      0.0,
      0.0,
      1.0
    ]
  ],
  "bin_size": {
    "w": 0.25,
    "d": 0.25
  },
  "z_floor": 0.0,
  "piece_aabb": {
    "w": 0.0300283320248127,
    "d": 0.0300283320248127,
    "h": 0.0300283320248127
  },
  "poses": [
    {
      "R": [
        [
          -0.20173659581211312,
          0.9297081103436702,
          0.3081317501838167
        ],
        [
          0.24493112712796172,
          0.35249145914285185,
          -0.9031935087206779
        ],
        [
          -0.9483201404979049,
          -0.10673612693247403,
          -0.29882488238680605
        ]
      ],
      "tx": -0.0747302140140794,
      "ty": -0.008371268217176278,
      "tz": 0.0
    },
    {
      "R": [
        [
          -0.3458134451792414,
          -0.11218259128782271,
          -0.9315729318444225
        ],
        [
          -0.9381825991467114,
          0.05726324743925204,
          0.3413712512075847
        ],
        [
          0.015048979752283476,
          0.9920362829577657,
          -0.12505015595254165
        ]
      ],
      "tx": -0.01437271267085763,
      "ty": -0.037411703532970166,
      "tz": 0.0
    },
    {
      "R": [
        [
          0.5806461022756799,
          0.29580972074207745,
          -0.758516125752482
        ],
        [
          -0.6947303120924248,
          -0.3057438956288856,
          -0.6510533493851602
        ],
        [
          -0.42449958465471177,
          0.9049957344651784,
          0.027978978319621595
        ]
      ],
      "tx": -0.09621968806675282,
      "ty": 0.0970256585373594,
      "tz": 0.0
    },
    {
      "R": [
        [
          0.5608247466507401,
          -0.0044802642338995224,
          0.8279224183318915
        ],
        [
          -0.7418372573970289,
          0.4413090343560899,
          0.504899811579832
        ],
        [
          -0.3676317275233295,
          -0.8973440050661117,
          0.24417340045574687
        ]
      ],
      "tx": 0.04710465132713629,
      "ty": 0.011897026481294107,
      "tz": 0.0
    },
    {
      "R": [
        [
          -0.36865123449821846,
          -0.6653466748243922,
          -0.649161050589962
        ],
        [
          -0.694440046267997,
          0.6613558824086696,
          -0.2834808969626561
        ],
        [
          0.6179395516086027,
          0.34629784738512936,
          -0.7058530381419237
        ]
      ],
      "tx": -0.07607893998413134,
      "ty": -0.09385831933495764,
      "tz": 0.0
    },
    {
      "R": [
        [
          -0.395928809902131,
          -0.3002612316004779,
          -0.8678038777784105
        ],
        [
          -0.4285019724769644,
          0.8962436794903361,
          -0.11460072668606626
        ],
        [
          0.8121738958331726,
          0.3264819440204738,
          -0.4835112234020831
        ]
      ],
      "tx": 0.08954454711248233,
      "ty": 0.07829398239892627,
      "tz": 0.0
    },
    {
      "R": [
        [
          0.22664737510248933,
          -0.9139547818790943,
          -0.33662683202544713
        ],
        [
          0.06579644416450664,
          -0.33046394980389016,
          0.9415223873149905
        ],
        [
          -0.9717519206538563,
          -0.23554242624280897,
          -0.014763812014260802
        ]
      ],
      "tx": 0.05991731105230419,
      "ty": -0.06681203691743615,
      "tz": 0.0
    },
    {
      "R": [
        [
          -0.45163927341485377,
          0.37968402620219144,
          0.8073797167109147
        ],
        [
          0.8594045615355332,
          0.4282324185869014,
          0.2793578266008144
        ],
        [
          -0.2396784644502315,
          0.8200347772613712,
          -0.5197087624436141
        ]
      ],
      "tx": -0.021532972982914886,
      "ty": 0.05726207728152846,
      "tz": 0.0
    },
    {
      "R": [
        [
          0.2670606153858638,
          0.6964810231129663,
          0.6660276361782889
        ],
        [
          0.9487165057124571,
          -0.3113348608949751,
          -0.054841555231879335
        ],
        [
          0.16916151896477122,
          0.6465174311919377,
          -0.7439083220844549
        ]
      ],
      "tx": 0.030822383976625012,
      "ty": 0.09012087334098726,
      "tz": 0.0
    },
    {
      "R": [
        [
          0.0044711588692554205,
          0.8690533121803556,
          0.4946982406747765
        ],
        [
          -0.3266018429481862,
          -0.4663050079111857,
          0.8221258272185575
        ],
        [
          0.9451514402048035,
          -0.1652452122916196,
          0.2817494896064292
        ]
      ],
      "tx": 0.007107200192769683,
      "ty": -0.09625167859497873,
      "tz": 0.0
    },
    {
      "R": [
        [
          -0.5547979296671963,
          -0.8047442658573914,
          0.21115379183581026
        ],
        [
          0.7383998321507231,
          -0.3593268437361583,
          0.570657434237384
        ],
        [
          -0.38336007240814274,
          0.4725154875136459,
          0.7935768198120237
        ]
      ],
      "tx": 0.09783304746191465,
      "ty": -0.018671922570686478,
      "tz": 0.0
    }
  ],
  "points_N": 51399
}