{
  "type": "scene",
  "distance_m": 0.3,
  "num_objects": 10,
  "intrinsics": {
    "width": 640,
    "height": 480,
    "fx": 554.2562584220408,
    "fy": 554.2562584220408,
    "cx": 0.09612789019331441,
    "cy": 0.03557791556936413
  },
  "T_wc": [
    [
      0.999999999999,
      0.0,
      0.0,
      0.0
    ],
    [
      -0.0,
      0.9999999999956668,
      0.0,
      0.0
    ],
    [
      0.0,
      0.0,
      -0.9999999999966668,
      0.31501416601240634
    ],
    [
      0.0,
      0.0,
      0.0,
      1.0
    ]
  ],
  "bin_size": {
    "w": 0.25,
    "d": 0.25
  },
  "z_floor": 0.0,
  "piece_aabb": {
    "w": 0.0300283320248127,
    "d": 0.0300283320248127,
    "h": 0.0300283320248127
  },
  "poses": [
    {
      "R": [
        [
          -0.5873294766883106,
          0.036054423706706196,
          -0.8085444727064877
        ],
        [
          0.7804003734260319,
          0.2900194852903154,
          -0.5539530262652697
        ],
        [
          0.21452119468608472,
          -0.956341349457984,
          -0.19847387824934803
        ]
      ],
      "tx": 0.07290952667165351,
      "ty": -0.08065026574364613,
      "tz": 0.0
    },
    {
      "R": [
        [
          0.27701265143406417,
          -0.6928295496760764,
          0.6657711363833033
        ],
        [
          -0.9208077647923627,
          0.006566812022670954,
          0.3899614561440038
        ],
        [
          -0.2745488139540262,
          -0.7210714888799198,
          -0.6361437390094578
        ]
      ],
      "tx": 0.006118699206979147,
      "ty": 0.058115400871052825,
      "tz": 0.0
    },
    {
      "R": [
        [
          0.5172318562426259,
          -0.524244640529006,
          -0.6764900322727756
        ],
        [
          0.20119472874677818,
          -0.6938022501080161,
          0.6914905052634956
        ],
        [
          -0.8318604979275779,
          -0.4937671461546094,
          -0.25338136744049433
        ]
      ],
      "tx": 0.009244617817095777,
      "ty": -0.09512999992738799,
      "tz": 0.0
    },
    {
      "R": [
        [
          -0.7173869875094194,
          -0.1923731310064837,
          0.6695882978509425
        ],
        [
          0.5632514781034325,
          0.40548004529671644,
          0.71995396052836
        ],
        [
          -0.4100044909101105,
          0.8936322013742204,
          -0.18253165780380742
        ]
      ],
      "tx": -0.09399457626233364,
      "ty": 0.006270901429845044,
      "tz": 0.0
    },
    {
      "R": [
        [
          0.7923141571085164,
          0.019503939553537075,
          -0.6098015027755451
        ],
        [
          0.4977115431028955,
          0.5574200455515558,
          0.6645044113318104
        ],
        [
          0.3528760353262259,
          -0.8300014994921354,
          0.43194445769479517
        ]
      ],
      "tx": 0.053179091754789215,
      "ty": -0.003533973310616653,
      "tz": 0.0
    },
    {
      "R": [
        [
          0.6327668756375346,
          -0.0012434233272580753,
          -0.7743413556012246
        ],
        [
          0.3678277878726411,
          -0.8794914260093807,
          0.30198932107726195
        ],
        [
          -0.6814020836221681,
          -0.4759131070630599,
          -0.5560556761341011
        ]
      ],
      "tx": -0.07799210990954661,
      "ty": -0.08917557106401015,
      "tz": 0.0
    },
    {
      "R": [
        [
          -0.27036702871310525,
          0.9582702063814889,
          -0.09284331611066902
        ],
        [
          0.9351327229694061,
          0.23845029241973636,
          -0.26204627163301936
        ],
        [
          -0.2289726189234661,
          -0.15766949485084603,
          -0.9605789244912715
        ]
      ],
      "tx": -0.013203936749788467,
      "ty": -0.0307850315085786,
      "tz": 0.0
    },
    {
      "R": [
        [
          0.10406741309100975,
          0.7456108089899118,
          -0.6582055112576574
        ],
        [
          0.7984437336196637,
          -0.4572266795239488,
          -0.39170316283506745
        ],
        [
          -0.5930072324820638,
          -0.48477653104179164,
          -0.6429106758913328
        ]
      ],
      "tx": 0.09470160759443441,
      "ty": 0.09352960237641147,
      "tz": 0.0
    },
    {
      "R": [
        [
          0.8037823491944346,
          0.043215405208332995,
          -0.5933518044770367
        ],
        [
          0.1111323121534005,
          -0.9907092229357146,
          0.07838906036910845
        ],
        [
          -0.5844514901331976,
          -0.12894830104655183,
          -0.8011172144813097
        ]
      ],
      "tx": -0.061520262701265135,
      "ty": 0.061830452729927654,
      "tz": 0.0
    },
    {
      "R": [
        [
          0.3124467139665714,
          0.7006101544927259,
          -0.6415001655129717
        ],
        [
          -0.9447154915145111,
          0.15847716598554518,
          -0.28704987015096506
        ],
        [
          -0.09944692566383057,
          0.6957229328424274,
          0.7113929362125715
        ]
      ],
      "tx": 0.09612789019331441,
      "ty": 0.03557791556936413,
      "tz": 0.0
    }
  ],
  "points_N": 49128
}