{
  "type": "scene",
  "distance_m": 0.3,
  "num_objects": 5,
  "intrinsics": {
    "width": 640,
    "height": 480,
    "fx": 554.2562584220408,
    "fy": 554.2562584220408,
    "cx": 0.027034145874931914,
    "cy": 0.012143231509604141
  },
  "T_wc": [
    [
      0.999999999999,
      0.0,
      0.0,
      0.0
    ],
    [
      -0.0,
      0.9999999999956668,
      0.0,
      0.0
    ],
    [
      0.0,
      0.0,
      -0.9999999999966668,
      0.31501416601240634
    ],
    [
      0.0,
      0.0,
      0.0,
      1.0
    ]
  ],
  "bin_size": {
    "w": 0.25,
    "d": 0.25
  },
  "z_floor": 0.0,
  "piece_aabb": {
    "w": 0.0300283320248127,
    "d": 0.0300283320248127,
    "h": 0.0300283320248127
  },
  "poses": [
    {
      "R": [
        [
          0.12811547465845363,
          -0.46855660844686925,
          -0.8740944627634971
        ],
        [
          -0.9887840889000177,
          0.00787061788043164,
          -0.149144490050227
        ],
        [
          0.07676229993428496,
          0.8833984141116327,
          -0.4622929712356134
        ]
      ],
      "tx": 0.046995630419389256,
      "ty": 0.0920090838105842,
      "tz": 0.0
    },
    {
      "R": [
        [
          0.8571551750009763,
          0.21072475757096124,
          -0.4699788107092757
        ],
        [
          -0.5127258666001566,
          0.2623586343204851,
          -0.8174840259702989
        ],
        [
          -0.04896112425347329,
          0.9416809563456987,
          0.33292609505367154
        ]
      ],
      "tx": 0.08718826694519588,
      "ty": 0.02398619743060315,
      "tz": 0.0
    },
    {
      "R": [
        [
          -0.16440551570770268,
          -0.3271061603208384,
          -0.9305763731607645
        ],
        [
          0.3421260912888635,
          -0.9037585278428573,
          0.2572358081813561
        ],
        [
          -0.9251597505643491,
          -0.27608347149271567,
          0.26049443891231583
        ]
      ],
      "tx": -0.09351634869934487,
      "ty": -0.09228121852009696,
      "tz": 0.0
    },
    {
      "R": [
        [
          -0.5582471446730859,
          -0.7860719267827623,
          0.2654261693736741
        ],
        [
          0.02949514418145155,
          0.3009108761481375,
          0.9531960349715454
        ],
        [
          -0.8291502649906481,
          0.5399477479717791,
          -0.1447973325933254
        ]
      ],
      "tx": -0.09362125213315864,
      "ty": 0.06211284617151963,
      "tz": 0.0
    },
    {
      "R": [
        [
          -0.5969685928976503,
          0.8015884756720197,
          0.03293045343762077
        ],
        [
          -0.7097861390268716,
          -0.5085775990802044,
          -0.48739353971830734
        ],
        [
          -0.3739413536092603,
          -0.314332214994936,
          0.8725612429378533
        ]
      ],
      "tx": 0.027034145874931914,
      "ty": 0.012143231509604141,
      "tz": 0.0
    }
  ],
  "points_N": 24848
}