{
  "type": "scene",
  "distance_m": 0.3,
  "num_objects": 12,
  "intrinsics": {
    "width": 640,
    "height": 480,
    "fx": 554.2562584220408,
    "fy": 554.2562584220408,
    "cx": 0.0966437112313615,
    "cy": 0.09231417023854738
  },
  "T_wc": [
    [
      0.999999999999,
      0.0,
      0.0,
      0.0
    ],
    [
      -0.0,
      0.9999999999956668,
      0.0,
      0.0
    ],
    [
      0.0,
      0.0,
      -0.9999999999966668,
      0.31501416601240634
    ],
    [
      0.0,
      0.0,
      0.0,
      1.0
    ]
  ],
  "bin_size": {
    "w": 0.25,
    "d": 0.25
  },
  "z_floor": 0.0,
  "piece_aabb": {
    "w": 0.0300283320248127,
    "d": 0.0300283320248127,
    "h": 0.0300283320248127
  },
  "poses": [
    {
      "R": [
        [
          0.6947898483660131,
          -0.7147745966432919,
          0.07977682997557532
        ],
        [
          -0.6525368012006905,
          -0.5798452445389743,
          0.48782703437213026
        ],
        [
          -0.3024281562393011,
          -0.3909945886824475,
          -0.8692873184021153
        ]
      ],
      "tx": 0.044826491469571544,
      "ty": 0.0671423747762897,
      "tz": 0.0
    },
    {
      "R": [
        [
          0.12705243195959592,
          -0.9498131878219653,
          -0.2858541372319604
        ],
        [
          0.6315339303714069,
          -0.14476642172204213,
          0.7617135799836046
        ],
        [
          -0.7648676841930212,
          -0.2773041495925948,
          0.5814463296779271
        ]
      ],
      "tx": 0.08814444876228694,
      "ty": -0.05040430398819716,
      "tz": 0.0
    },
    {
      "R": [
        [
          -0.8788049419198676,
          -0.0750029816320411,
          -0.47124985602493535
        ],
        [
          0.3015459982629754,
          -0.8526791461440923,
          -0.42662428981783007
        ],
        [
          -0.3698268310828789,
          -0.5170230425012854,
          0.7719554964723743
        ]
      ],
      "tx": -0.03177730523123862,
      "ty": -0.044188303336676796,
      "tz": 0.0
    },
    {
      "R": [
        [
          0.08358294190231175,
          -0.9801939067845143,
          0.1795377312028465
        ],
        [
          -0.9673050079003184,
          -0.03651417467995377,
          0.25097357776946755
        ],
        [
          -0.23944709961475824,
          -0.19464485646929536,
          -0.9511984368869237
        ]
      ],
      "tx": -0.06058775804925205,
      "ty": -0.09769921104951908,
      "tz": 0.0
    },
    {
      "R": [
        [
          0.5134663525969982,
          0.6507687971068128,
          -0.5593319921682353
        ],
        [
          -0.5616381701746338,
          0.7476765459174999,
          0.3543195570212935
        ],
        [
          0.6487795238396662,
          0.1322110260039926,
          0.7494033453683988
        ]
      ],
      "tx": 0.08126041105049189,
      "ty": 0.007714044201894699,
      "tz": 0.0
    },
    {
      "R": [
        [
          -0.4411814112910071,
          0.756642379005714,
          -0.48254665331328206
        ],
        [
          -0.7670886747726837,
          -0.038883487200396916,
          0.6403616473982685
        ],
        [
          0.4657616636937427,
          0.6526717281418815,
          0.5975664715473308
        ]
      ],
      "tx": -0.08905604571032334,
      "ty": -0.02013336211986791,
      "tz": 0.0
    },
    {
      "R": [
        [
          0.6654928802847188,
          -0.027653247222868882,
          0.7458917644057883
        ],
        [
          -0.4115596059797897,
          0.8200802045543554,
          0.3976017465050259
        ],
        [
          -0.6226860501216558,
          -0.5715800521502806,
          0.5343765778622537
        ]
      ],
      "tx": -0.040339555958347276,
      "ty": 0.09482497989474536,
      "tz": 0.0
    },
    {
      "R": [
        [
          0.6211875249138077,
          -0.24776896720855318,
          0.7434625732206461
        ],
        [
          -0.49711716868028794,
          0.6088034912722522,
          0.6182498116603118
        ],
        [
          -0.6058057275189397,
          -0.7536370797029056,
          0.25501092643674017
        ]
      ],
      "tx": -0.04627311144106502,
      "ty": 0.03679181187438732,
      "tz": 0.0
    },
    {
      "R": [
        [
          0.3040362375862413,
          0.44250059232993116,
          0.8436558492786396
        ],
        [
          -0.8406210676134456,
          0.5412891196510288,
          0.019034432795463685
        ],
        [
          -0.4482389841578188,
          -0.7149820380506592,
          0.5365468277290364
        ]
      ],
      "tx": 0.01994699765754311,
      "ty": 0.015092002922131184,
      "tz": 0.0
    },
    {
      "R": [
        [
          0.39370245100970236,
          -0.6884419102035455,
          0.6091355484161521
        ],
        [
          0.7622146121467959,
          -0.12592220410736044,
          -0.6349586471122775
        ],
        [
          0.5138358347749429,
          0.7142767914387516,
          0.47516460317778286
        ]
      ],
      "tx": 0.02771662200557784,
      "ty": -0.05868036830221117,
      "tz": 0.0
    },
    {
      "R": [
        [
          0.279740244744453,
          -0.0961956795714882,
          0.9552443596808584
        ],
        [
          -0.4860198414799858,
          -0.8722473093027894,
          0.05449169754938754
        ],
        [
          0.8279674565815272,
          -0.4795112330757477,
          -0.29075568471844715
        ]
      ],
      "tx": -0.09713367500373551,
      "ty": 0.07067624311691892,
      "tz": 0.0
    },
    {
      "R": [
        [
          -0.43391201809372193,
          0.3347173419406299,
          0.8364715545420734
        ],
        [
          0.4387786862084398,
          0.8893915039452398,
          -0.12828100887980246
        ],
        [
          -0.7868885722152973,
          0.31136321830656855,
          -0.5327844979001803
        ]
      ],
      "tx": 0.0966437112313615,
      "ty": 0.09231417023854738,
      "tz": 0.0
    }
  ],
  "points_N": 60848
}