{
  "type": "scene",
  "distance_m": 0.3,
  "num_objects": 10,
  "intrinsics": {
    "width": 640,
    "height": 480,
    "fx": 554.2562584220408,
    "fy": 554.2562584220408,
    "cx": 0.08379433624797081,
    "cy": -0.011607936896135915
  },
  "T_wc": [
    [
      0.999999999999,
      0.0,
      0.0,
      0.0
    ],
    [
      -0.0,
      0.9999999999956668,
      0.0,
      0.0
    ],
    [
      0.0,
      0.0,
      -0.9999999999966668,
      0.31501416601240634
    ],
    [
      0.0,
      0.0,
      0.0,
      1.0
    ]
  ],
  "bin_size": {
    "w": 0.25,
    "d": 0.25
  },
  "z_floor": 0.0,
  "piece_aabb": {
    "w": 0.0300283320248127,
    "d": 0.0300283320248127,
    "h": 0.0300283320248127
  },
  "poses": [
    {
      "R": [
        [
          -0.9825406351871324,
          -0.014120583466818479,
          -0.185511480314893
        ],
        [
          -0.17828514976025012,
          0.35648609209544146,
          0.9171325266925635
        ],
        [
          0.053181816263000184,
          0.9341939173774775,
          -0.3527795617009175
        ]
      ],
      "tx": 0.0029941246656021714,
      "ty": -0.051758242950402614,
      "tz": 0.0
    },
    {
      "R": [
        [
          -0.8996989315255102,
          0.0008099218871722158,
          0.4365102251246727
        ],
        [
          -0.398997996610198,
          -0.4071001789249462,
          -0.8216264619766852
        ],
        [
          0.17703793749618796,
          -0.9133831552781196,
          0.3665907532130104
        ]
      ],
      "tx": -0.006961937175292407,
      "ty": 0.06979993503503645,
      "tz": 0.0
    },
    {
      "R": [
        [
          0.8150586493036982,
          0.5696452726765598,
          0.10575283217237628
        ],
        [
          -0.5742472381067062,
          0.818507694323954,
          0.016889756046332274
        ],
        [
          -0.07693833714118624,
          -0.07449441354714166,
          0.9942490003154223
        ]
      ],
      "tx": -0.08985133338931828,
      "ty": -0.02331728915271805,
      "tz": 0.0
    },
    {
      "R": [
        [
          0.5829163149101101,
          -0.55283250715833,
          0.5954702249824524
        ],
        [
          -0.34009030965185266,
          -0.8315762771991131,
          -0.4391121456764444
        ],
        [
          0.7379343812918087,
          0.05345198058724385,
          -0.6727523576166616
        ]
      ],
      "tx": -0.0880695611100287,
      "ty": 0.09293595496464843,
      "tz": 0.0
    },
    {
      "R": [
        [
          -0.5394510848726268,
          0.5009030479473131,
          -0.6768224756809111
        ],
        [
          0.8393422636757712,
          0.25587431399619764,
          -0.47961745156385527
        ],
        [
          -0.06706035667499677,
          -0.826815863414622,
          -0.5584607744224792
        ]
      ],
      "tx": 0.024404843016942457,
      "ty": 0.004056898531884068,
      "tz": 0.0
    },
    {
      "R": [
        [
          0.8644898940895115,
          0.2793928880671133,
          -0.4178478635994477
        ],
        [
          -0.47849377754360595,
          0.20281864638439018,
          -0.854346710376328
        ],
        [
          -0.15395105673283074,
          0.9385116998611795,
          0.3090224285622706
        ]
      ],
      "tx": -0.061235568887062296,
      "ty": 0.036722512262204854,
      "tz": 0.0
    },
    {
      "R": [
        [
          -0.4453924491956678,
          -0.5396673211929952,
          -0.7144121699942273
        ],
        [
          -0.7362626209501977,
          0.6747921762890897,
          -0.05072348381745356
        ],
        [
          0.5094535495911571,
          0.5034031200294755,
          -0.6978842164381993
        ]
      ],
      "tx": 0.08676017086122831,
      "ty": 0.05472701651672349,
      "tz": 0.0
    },
    {
      "R": [
        [
          0.215734156374928,
          0.9748329583794533,
          0.05620922549156304
        ],
        [
          0.16898835899237735,
          0.01942231054590593,
          -0.9854266631150803
        ],
        [
          -0.9617181023035085,
          0.2220888946125441,
          -0.1605453661477556
        ]
      ],
      "tx": 0.08456566645294547,
      "ty": -0.09087334815519402,
      "tz": 0.0
    },
    {
      "R": [
        [
          -0.5964485943587001,
          0.10393955423378795,
          -0.7958929848624201
        ],
        [
          -0.3942319875379201,
          0.8257977250858238,
          0.40328557777954244
        ],
        [
          0.6991639394944738,
          0.5543055892815439,
          -0.45156959530266017
        ]
      ],
      "tx": -0.03776551705211242,
      "ty": -0.09702642791530941,
      "tz": 0.0
    },
    {
      "R": [
        [
          -0.6971510083874166,
          -0.3734522402848986,
          0.611975404514429
        ],
        [
          0.4262421700340581,
          -0.9022683844496424,
          -0.06503364442570912
        ],
        [
          0.5764530197588227,
          0.21551145363720892,
          0.7881984073582688
        ]
      ],
      "tx": 0.08379433624797081,
      "ty": -0.011607936896135915,
      "tz": 0.0
    }
  ],
  "points_N": 47686
}