{
  "type": "scene",
  "distance_m": 0.3,
  "num_objects": 12,
  "intrinsics": {
    "width": 640,
    "height": 480,
    "fx": 554.2562584220408,
    "fy": 554.2562584220408,
    "cx": 0.0972355532255757,
    "cy": 0.09166628807859259
  },
  "T_wc": [
    [
      0.999999999999,
      0.0,
      0.0,
      0.0
    ],
    [
      -0.0,
      0.9999999999956668,
      0.0,
      0.0
    ],
    [
      0.0,
      0.0,
      -0.9999999999966668,
      0.31501416601240634
    ],
    [
      0.0,
      0.0,
      0.0,
      1.0
    ]
  ],
  "bin_size": {
    "w": 0.25,
    "d": 0.25
  },
  "z_floor": 0.0,
  "piece_aabb": {
    "w": 0.0300283320248127,
    "d": 0.0300283320248127,
    "h": 0.0300283320248127
  },
  "poses": [
    {
      "R": [
        [
          0.8275343596071192,
          -0.12031730498651647,
          0.548370887074083
        ],
        [
          0.47351490824081643,
          -0.37517288650007297,
          -0.7968870289500856
        ],
        [
          0.30161318827817574,
          0.9191131874562484,
          -0.2534964167413196
        ]
      ],
      "tx": -0.08957697609340227,
      "ty": -0.09253944902035,
      "tz": 0.0
    },
    {
      "R": [
        [
          0.24665753696813486,
          -0.262496139126403,
          0.9328750379340982
        ],
        [
          0.9415094679633494,
          -0.16316312091357776,
          -0.29485202680177053
        ],
        [
          0.22960832126075909,
          0.9510381553426095,
          0.20689718676275592
        ]
      ],
      "tx": 0.05230728312523583,
      "ty": 0.05542950312157885,
      "tz": 0.0
    },
    {
      "R": [
        [
          -0.09995275318420527,
          -0.07701392649902594,
          -0.9920072087722446
        ],
        [
          -0.9940581326858791,
          -0.03546082978866916,
          0.102912382111007
        ],
        [
          -0.04310308541114216,
          0.9963992094918088,
          -0.0730119123988553
        ]
      ],
      "tx": -0.07223219376044868,
      "ty": 0.023269229947624995,
      "tz": 0.0
    },
    {
      "R": [
        [
          0.02781073317500249,
          -0.28876502058439835,
          -0.956995990590954
        ],
        [
          0.04000102600990103,
          0.956920948679281,
          -0.2875799295794128
        ],
        [
          0.9988125354832229,
          -0.030283012822980626,
          0.03816357027243589
        ]
      ],
      "tx": -0.017811396146532127,
      "ty": -0.077044359199123,
      "tz": 0.0
    },
    {
      "R": [
        [
          0.05765945987822829,
          -0.33127822600849244,
          0.9417696765447572
        ],
        [
          -0.9834189917215356,
          0.1436183112081224,
          0.11072880116358436
        ],
        [
          -0.17193741130989676,
          -0.9325387486096182,
          -0.31750434474768685
        ]
      ],
      "tx": 0.04831464707428845,
      "ty": -0.044616721141692045,
      "tz": 0.0
    },
    {
      "R": [
        [
          -0.25927495989140326,
          -0.3947810614202881,
          0.8814331561253991
        ],
        [
          0.7388926666019827,
          0.5066285336507292,
          0.44425798375799985
        ],
        [
          -0.6219438257713655,
          0.7664694660811888,
          0.16034473845466435
        ]
      ],
      "tx": -0.0048171572092742115,
      "ty": 0.09839214409662675,
      "tz": 0.0
    },
    {
      "R": [
        [
          -0.5390973361884446,
          -0.46553052707401005,
          0.701894144780192
        ],
        [
          0.13100185054847374,
          -0.869566831595119,
          -0.47612187572353837
        ],
        [
          0.8319931353487228,
          -0.16472660304826178,
          0.5297665230842565
        ]
      ],
      "tx": -0.013941519283690182,
      "ty": 0.012276936176582307,
      "tz": 0.0
    },
    {
      "R": [
        [
          -0.7854769799955277,
          -0.591745507767953,
          0.18128201216213866
        ],
        [
          0.611948252286755,
          -0.6988489498901143,
          0.3703099806387496
        ],
        [
          -0.09244052369114017,
          0.4018051757679742,
          0.9110473919098694
        ]
      ],
      "tx": -0.06202989487345551,
      "ty": 0.08525821099663461,
      "tz": 0.0
    },
    {
      "R": [
        [
          0.2787366381080505,
          0.9603673882386039,
          -0.0006051313778260292
        ],
        [
          0.9458706833958201,
          -0.2744199425615421,
          0.17326957441179341
        ],
        [
          0.16623638852112327,
          -0.048868954687844524,
          -0.9848742500437158
        ]
      ],
      "tx": 0.09834772635144926,
      "ty": -0.002095932111368201,
      "tz": 0.0
    },
    {
      "R": [
        [
          -0.28324083546934076,
          -0.7677386394509453,
          0.5747625689070586
        ],
        [
          -0.4331975368337213,
          0.6371006461909426,
          0.637528556775522
        ],
        [
          -0.8556369108470172,
          -0.06841160805809793,
          -0.5130354068474015
        ]
      ],
      "tx": -0.09748034045268376,
      "ty": -0.029312965636184615,
      "tz": 0.0
    },
    {
      "R": [
        [
          0.2918287289542443,
          -0.9564703857125468,
          -0.0006278629167377203
        ],
        [
          0.8309600110949306,
          0.253859212397741,
          -0.4950363221440541
        ],
        [
          0.47364697076838075,
          0.14394409170122463,
          0.8688720536110286
        ]
      ],
      "tx": 0.08835844118006608,
      "ty": -0.08741881964046934,
      "tz": 0.0
    },
    {
      "R": [
        [
          0.07230545530066546,
          0.16244305856390634,
          0.9840651268377346
        ],
        [
          -0.24990036160521378,
          -0.9522249796564397,
          0.17554884615934263
        ],
        [
          0.9655680868811619,
          -0.2586113702888882,
          -0.02825648162734873
        ]
      ],
      "tx": 0.0972355532255757,
      "ty": 0.09166628807859259,
      "tz": 0.0
    }
  ],
  "points_N": 57551
}