{
  "type": "scene",
  "distance_m": 0.3,
  "num_objects": 10,
  "intrinsics": {
    "width": 640,
    "height": 480,
    "fx": 554.2562584220408,
    "fy": 554.2562584220408,
    "cx": -0.003118835137861084,
    "cy": 0.093724361745532
  },
  "T_wc": [
    [
      0.999999999999,
      0.0,
      0.0,
      0.0
    ],
    [
      -0.0,
      0.9999999999956668,
      0.0,
      0.0
    ],
    [
      0.0,
      0.0,
      -0.9999999999966668,
      0.31501416601240634
    ],
    [
      0.0,
      0.0,
      0.0,
      1.0
    ]
  ],
  "bin_size": {
    "w": 0.25,
    "d": 0.25
  },
  "z_floor": 0.0,
  "piece_aabb": {
    "w": 0.0300283320248127,
    "d": 0.0300283320248127,
    "h": 0.0300283320248127
  },
  "poses": [
    {
      "R": [
        [
          -0.02077491832279632,
          -0.782948047210884,
          -0.6217401049774292
        ],
        [
          -0.937179088350525,
          0.23185214660486808,
          -0.26065290804668517
        ],
        [
          0.3482294633243432,
          0.5772667818984376,
          -0.7385792465196013
        ]
      ],
      "tx": -0.07158349834769995,
      "ty": -0.0560134226718119,
      "tz": 0.0
    },
    {
      "R": [
        [
          0.16506860501473142,
          -0.63048181631538,
          0.7584490984463954
        ],
        [
          -0.9736100870130731,
          0.018710279185020884,
          0.22744960742813958
        ],
        [
          -0.157593635991073,
          -0.7759784821426932,
          -0.6107549763584699
        ]
      ],
      "tx": 0.09627648083279869,
      "ty": 0.0229976928023701,
      "tz": 0.0
    },
    {
      "R": [
        [
          -0.6344873492346645,
          0.23405201047559127,
          0.7366447312331109
        ],
        [
          -0.1635302434156305,
          -0.972125306568774,
          0.16801859366448427
        ],
        [
          0.7554360748267143,
          -0.013858020093077517,
          0.6550757911337486
        ]
      ],
      "tx": -0.01387734813682999,
      "ty": -0.07624994737306068,
      "tz": 0.0
    },
    {
      "R": [
        [
          -0.4782269150539946,
          -0.8570774054635906,
          0.19161768906272644
        ],
        [
          -0.8622024150174101,
          0.4996859331268747,
          0.08319233001467255
        ],
        [
          -0.16705093012637015,
          -0.12542842293086723,
          -0.9779374711427058
        ]
      ],
      "tx": -0.0019870946614766044,
      "ty": 0.035502050897004006,
      "tz": 0.0
    },
    {
      "R": [
        [
          0.9543275742469426,
          -0.11816862081781185,
          -0.27439944986454046
        ],
        [
          -0.12311814398215004,
          -0.9923916804239836,
          -0.0008217345392257693
        ],
        [
          -0.27221462792130924,
          0.034567754906539516,
          -0.9616154463538866
        ]
      ],
      "tx": 0.059596305477137124,
      "ty": -0.06160488866676892,
      "tz": 0.0
    },
    {
      "R": [
        [
          -0.9035369775891824,
          0.312377275232004,
          -0.29332808942826005
        ],
        [
          0.4285044136040582,
          0.6551204456234365,
          -0.6222549069697979
        ],
        [
          -0.002213063678856736,
          -0.6879226988875847,
          -0.7257805885420012
        ]
      ],
      "tx": -0.07092595734061559,
      "ty": 0.011002602162046002,
      "tz": 0.0
    },
    {
      "R": [
        [
          0.9934150408561877,
          0.112621925492062,
          -0.02104420345747076
        ],
        [
          0.10538446441385589,
          -0.970279097628957,
          -0.2178361479748976
        ],
        [
          -0.04495187716774162,
          0.21418397373005565,
          -0.9757584507122135
        ]
      ],
      "tx": -0.08239453166703112,
      "ty": 0.08149456140115377,
      "tz": 0.0
    },
    {
      "R": [
        [
          0.6188156350147912,
          0.025330527621729812,
          -0.7851277438937216
        ],
        [
          -0.21839872806550298,
          0.9656221254621055,
          -0.14098193642242368
        ],
        [
          0.75456557398321,
          0.25871272714818383,
          0.6030742237659791
        ]
      ],
      "tx": 0.03652867424390624,
      "ty": -0.00697715561302048,
      "tz": 0.0
    },
    {
      "R": [
        [
          -0.6412278398158893,
          0.5641684780559673,
          0.5201353533582025
        ],
        [
          0.44512294269900293,
          0.8256086786043267,
          -0.34675045161642937
        ],
        [
          -0.6250539363351204,
          0.009178136043401841,
          -0.7805276026449932
        ]
      ],
      "tx": 0.06614834182807308,
      "ty": 0.08885615048761089,
      "tz": 0.0
    },
    {
      "R": [
        [
          0.7835069669276697,
          0.27113738676746474,
          -0.5591076374659119
        ],
        [
          0.022509563092813725,
          0.8868043028615947,
          0.4615966290989695
        ],
        [
          0.6209751624221165,
          -0.3742494434505831,
          0.6887141654792319
        ]
      ],
      "tx": -0.003118835137861084,
      "ty": 0.093724361745532,
      "tz": 0.0
    }
  ],
  "points_N": 50113
}