{
  "type": "scene",
  "distance_m": 0.3,
  "num_objects": 10,
  "intrinsics": {
    "width": 640,
    "height": 480,
    "fx": 554.2562584220408,
    "fy": 554.2562584220408,
    "cx": 0.09342184942126514,
    "cy": 0.03741840558284734
  },
  "T_wc": [
    [
      0.999999999999,
      0.0,
      0.0,
      0.0
    ],
    [
      -0.0,
      0.9999999999956668,
      0.0,
      0.0
    ],
    [
      0.0,
      0.0,
      -0.9999999999966668,
      0.31501416601240634
    ],
    [
      0.0,
      0.0,
      0.0,
      1.0
    ]
  ],
  "bin_size": {
    "w": 0.25,
    "d": 0.25
  },
  "z_floor": 0.0,
  "piece_aabb": {
    "w": 0.0300283320248127,
    "d": 0.0300283320248127,
    "h": 0.0300283320248127
  },
  "poses": [
    {
      "R": [
        [
          -0.013802828419161806,
          -0.8822345262626913,
          -0.4706078224994521
        ],
        [
          -0.7051817525823246,
          0.3422626628328148,
          -0.6209468298135614
        ],
        [
          0.7088922187135025,
          0.3232932264997762,
          -0.6268598822279283
        ]
      ],
      "tx": -0.062388470844833274,
      "ty": 0.06194453619586637,
      "tz": 0.0
    },
    {
      "R": [
        [
          -0.5805679541288282,
          0.4232000122661488,
          -0.695587952926586
        ],
        [
          -0.7948719916363058,
          -0.4796862653838889,
          0.3715906399711788
        ],
        [
          -0.17640682399158925,
          0.7686369991224655,
          0.6148803103281251
        ]
      ],
      "tx": -0.09508512596760253,
      "ty": 0.011099318379138579,
      "tz": 0.0
    },
    {
      "R": [
        [
          0.9229786673891416,
          0.33090000863045615,
          0.1965084319639452
        ],
        [
          0.156321070281619,
          -0.7889342767792589,
          0.5942612471874611
        ],
        [
          0.35167328947557785,
          -0.5177720456061254,
          -0.7798961509446463
        ]
      ],
      "tx": 0.0072101384746929426,
      "ty": 0.06181155095801752,
      "tz": 0.0
    },
    {
      "R": [
        [
          0.8473531287096574,
          -0.25044070015764164,
          0.46826502215145743
        ],
        [
          -0.1076939152242485,
          0.782437037066325,
          0.6133468053642595
        ],
        [
          -0.5199948998688613,
          -0.5701506281075384,
          0.6360295318449862
        ]
      ],
      "tx": -0.002264352852243884,
      "ty": 0.0037422206645744555,
      "tz": 0.0
    },
    {
      "R": [
        [
          -0.728272585236718,
          -0.5967743462335618,
          0.33686706765448626
        ],
        [
          -0.24602290248332084,
          -0.23111505960146683,
          -0.9413068366261305
        ],
        [
          0.6396028244514792,
          -0.7684049771461109,
          0.021494605155131352
        ]
      ],
      "tx": 0.05743032934222697,
      "ty": -0.07442632951232477,
      "tz": 0.0
    },
    {
      "R": [
        [
          0.48875663134030056,
          -0.7059787463968556,
          -0.5125533776659809
        ],
        [
          -0.8635876028732905,
          -0.30811811522497856,
          -0.3990985833522475
        ],
        [
          0.12382813688514208,
          0.6376968219351034,
          -0.7602692653326344
        ]
      ],
      "tx": -0.07463303547413949,
      "ty": -0.07349050054281361,
      "tz": 0.0
    },
    {
      "R": [
        [
          -0.9265102764178987,
          -0.021588815300194186,
          0.37564961166752514
        ],
        [
          0.3382509245602014,
          0.38952247144980257,
          0.8566554478142343
        ],
        [
          -0.1648181413746596,
          0.9207639042064863,
          -0.3535941359584893
        ]
      ],
      "tx": 0.06585678056054906,
      "ty": 0.0905648925594621,
      "tz": 0.0
    },
    {
      "R": [
        [
          -0.27289266549138147,
          -0.05565668411861882,
          0.9604331973822696
        ],
        [
          -0.3862545543594683,
          0.920666545096223,
          -0.05639620534355794
        ],
        [
          -0.8810998878433579,
          -0.3863618074467306,
          -0.27274079524141226
        ]
      ],
      "tx": 0.07992038936262075,
      "ty": -0.01978718459007814,
      "tz": 0.0
    },
    {
      "R": [
        [
          -0.9498208429531585,
          0.12436764756335612,
          0.28700706355647065
        ],
        [
          -0.17609853025122113,
          0.5457201451637789,
          -0.8192550462498133
        ],
        [
          -0.2585143592435649,
          -0.8286870406866399,
          -0.49643540834927147
        ]
      ],
      "tx": -0.015901227368781468,
      "ty": -0.06860502896280879,
      "tz": 0.0
    },
    {
      "R": [
        [
          -0.5847893180665538,
          0.04025826655763837,
          -0.8101856117267384
        ],
        [
          0.5992558402161672,
          0.6945988877436927,
          -0.3980261588288396
        ],
        [
          0.5467301815722915,
          -0.7182699054805228,
          -0.4303190112450648
        ]
      ],
      "tx": 0.09342184942126514,
      "ty": 0.03741840558284734,
      "tz": 0.0
    }
  ],
  "points_N": 51236
}