{
  "type": "scene",
  "distance_m": 0.3,
  "num_objects": 10,
  "intrinsics": {
    "width": 640,
    "height": 480,
    "fx": 554.2562584220408,
    "fy": 554.2562584220408,
    "cx": -0.010783310839343502,
    "cy": -0.08548291286014373
  },
  "T_wc": [
    [
      0.999999999999,
      0.0,
      0.0,
      0.0
    ],
    [
      -0.0,
      0.9999999999956668,
      0.0,
      0.0
    ],
    [
      0.0,
      0.0,
      -0.9999999999966668,
      0.31501416601240634
    ],
    [
      0.0,
      0.0,
      0.0,
      1.0
    ]
  ],
  "bin_size": {
    "w": 0.25,
    "d": 0.25
  },
  "z_floor": 0.0,
  "piece_aabb": {
    "w": 0.0300283320248127,
    "d": 0.0300283320248127,
    "h": 0.0300283320248127
  },
  "poses": [
    {
      "R": [
        [
          0.2387221632256592,
          0.5068188091488955,
          0.8283395580785438
        ],
        [
          -0.5310081687508624,
          0.7823056045129257,
          -0.32561981798950945
        ],
        [
          -0.8130449271133282,
          -0.3621224044995851,
          0.4558786139475306
        ]
      ],
      "tx": 0.026384316015020837,
      "ty": -0.027058797720085057,
      "tz": 0.0
    },
    {
      "R": [
        [
          -0.03615559832800175,
          -0.7166747488878614,
          -0.6964697244073609
        ],
        [
          0.6118816416044158,
          -0.5668924428497824,
          0.5515739432816709
        ],
        [
          -0.7901225407346822,
          -0.4062145523566671,
          0.45901645730479335
        ]
      ],
      "tx": 0.07778839164813495,
      "ty": 0.018983016786143336,
      "tz": 0.0
    },
    {
      "R": [
        [
          -0.5595621552247356,
          0.3970242334675322,
          -0.7275039192195243
        ],
        [
          0.37593609625671937,
          -0.6607059393712913,
          -0.6497227972072082
        ],
        [
          -0.7386218558718041,
          -0.6370552721067606,
          0.22045029895528234
        ]
      ],
      "tx": 0.004538483959242556,
      "ty": 0.045595202253993106,
      "tz": 0.0
    },
    {
      "R": [
        [
          0.13203894013386475,
          -0.6785645667733063,
          0.7225758416997352
        ],
        [
          0.3227678355036484,
          0.7186629639043182,
          0.6159094646752479
        ],
        [
          -0.9372228351105276,
          0.1519002074785147,
          0.31391031253427903
        ]
      ],
      "tx": -0.07979789091888989,
      "ty": 0.00422554455675668,
      "tz": 0.0
    },
    {
      "R": [
        [
          0.8104197482509019,
          -0.3627204292679075,
          0.4600583895948965
        ],
        [
          -0.37944522818399373,
          -0.9232968758003128,
          -0.059533166770953175
        ],
        [
          0.4463643696055292,
          -0.12632010659070136,
          -0.8858905576974911
        ]
      ],
      "tx": -0.06596988452990718,
      "ty": -0.06714471701382863,
      "tz": 0.0
    },
    {
      "R": [
        [
          -0.5351835654668133,
          -0.6970927056100064,
          -0.4771166639717689
        ],
        [
          -0.6942758679662558,
          0.0412339990231555,
          0.7185268098576839
        ],
        [
          -0.4812063698808764,
          0.7157943259832947,
          -0.5060424018560001
        ]
      ],
      "tx": 0.04874860906687381,
      "ty": -0.08166475846490669,
      "tz": 0.0
    },
    {
      "R": [
        [
          0.9424669103337725,
          0.07478197168927482,
          -0.3258278374175193
        ],
        [
          -0.24635093613217146,
          -0.5034905218116883,
          -0.8281355630043894
        ],
        [
          -0.22598083810959657,
          0.860758358167993,
          -0.45610054774273845
        ]
      ],
      "tx": -0.08002976574064637,
      "ty": 0.08194858909767586,
      "tz": 0.0
    },
    {
      "R": [
        [
          0.6151547844316595,
          0.28429051350906664,
          -0.7353662319685271
        ],
        [
          0.04265466148049582,
          0.919357930457643,
          0.3911030242258732
        ],
        [
          0.7872516567431426,
          -0.27195569424704236,
          0.5534211139103624
        ]
      ],
      "tx": 0.06596616587866688,
      "ty": 0.08620204818412353,
      "tz": 0.0
    },
    {
      "R": [
        [
          -0.6690850548081937,
          0.7156772102371539,
          0.2003280314371431
        ],
        [
          0.6536281501643845,
          0.6949580255153268,
          -0.29967246133824715
        ],
        [
          -0.35368832429838737,
          -0.06956632460467493,
          -0.9327727996334347
        ]
      ],
      "tx": 0.09583324271060259,
      "ty": -0.044134592358699126,
      "tz": 0.0
    },
    {
      "R": [
        [
          -0.7292851194928993,
          0.46622413669212215,
          0.5007776640904752
        ],
        [
          0.2158945282808298,
          0.8513186421961152,
          -0.47816955372311254
        ],
        [
          -0.6492555484126611,
          -0.2406067825624376,
          -0.7215092577648097
        ]
      ],
      "tx": -0.010783310839343502,
      "ty": -0.08548291286014373,
      "tz": 0.0
    }
  ],
  "points_N": 49480
}