{
  "type": "scene",
  "distance_m": 0.3,
  "num_objects": 13,
  "intrinsics": {
    "width": 640,
    "height": 480,
    "fx": 554.2562584220408,
    "fy": 554.2562584220408,
    "cx": -0.02209656957901661,
    "cy": -0.09812120798930939
  },
  "T_wc": [
    [
      0.999999999999,
      0.0,
      0.0,
      0.0
    ],
    [
      -0.0,
      0.9999999999956668,
      0.0,
      0.0
    ],
    [
      0.0,
      0.0,
      -0.9999999999966668,
      0.31501416601240634
    ],
    [
      0.0,
      0.0,
      0.0,
      1.0
    ]
  ],
  "bin_size": {
    "w": 0.25,
    "d": 0.25
  },
  "z_floor": 0.0,
  "piece_aabb": {
    "w": 0.0300283320248127,
    "d": 0.0300283320248127,
    "h": 0.0300283320248127
  },
  "poses": [
    {
      "R": [
        [
          -0.49002658483406814,
          -0.8197773279305118,
          0.296376582689945
        ],
        [
          -0.055861215070520165,
          0.36882805008357444,
          0.9278175435517446
        ],
        [
          -0.8699157837438662,
          0.4380993061882868,
          -0.22652930739892518
        ]
      ],
      "tx": -0.06726410003487923,
      "ty": -0.06202254608006065,
      "tz": 0.0
    },
    {
      "R": [
        [
          0.10429941950883825,
          0.9287316641255263,
          0.355779604728475
        ],
        [
          0.37533511904824896,
          0.2945204485663184,
          -0.878852236604841
        ],
        [
          -0.9210022689978328,
          0.22520035840763014,
          -0.3178672978994832
        ]
      ],
      "tx": 0.09172432678442827,
      "ty": 0.05903883652565067,
      "tz": 0.0
    },
    {
      "R": [
        [
          -0.25134343667466963,
          -0.8061361651846239,
          -0.5356967052558707
        ],
        [
          0.7816943475290021,
          -0.495444101290055,
          0.37879953740480926
        ],
        [
          -0.5707717791567607,
          -0.32354230894632413,
          0.754678706761962
        ]
      ],
      "tx": -0.014219206277186328,
      "ty": 0.07550409224820989,
      "tz": 0.0
    },
    {
      "R": [
        [
          0.6206093662932295,
          -0.1806382947718104,
          0.7630293709491454
        ],
        [
          0.41436223598568866,
          0.9016858962643199,
          -0.12355760545976285
        ],
        [
          -0.6656935870639407,
          0.39285156349433364,
          0.6344444004024317
        ]
      ],
      "tx": 0.03839997146556526,
      "ty": -0.005157935024373089,
      "tz": 0.0
    },
    {
      "R": [
        [
          -0.22917317519090985,
          0.9305430312485989,
          0.2856034361970904
        ],
        [
          0.4655655156713894,
          0.3624624563159595,
          -0.8073844922829732
        ],
        [
          -0.8548265358483847,
          -0.052063756645770454,
          -0.5162954181990969
        ]
      ],
      "tx": 0.04140769608250086,
      "ty": -0.07921264970754521,
      "tz": 0.0
    },
    {
      "R": [
        [
          -0.3831631981412196,
          0.9090543504317279,
          -0.16372584264966075
        ],
        [
          -0.710921685122645,
          -0.40340425280795555,
          -0.5760688903584655
        ],
        [
          -0.5897256321481805,
          -0.10433214642479152,
          0.8008361143266609
        ]
      ],
      "tx": -0.09602208705071057,
      "ty": -0.005031835562766748,
      "tz": 0.0
    },
    {
      "R": [
        [
          0.7170917587793466,
          0.5294747716330889,
          0.45325034549885534
        ],
        [
          -0.14215899396676424,
          -0.5255261227409802,
          0.8388164964705864
        ],
        [
          0.6823270696118547,
          -0.6659420098784279,
          -0.301580850774678
        ]
      ],
      "tx": 0.041769240870428936,
      "ty": 0.09733890949478541,
      "tz": 0.0
    },
    {
      "R": [
        [
          -0.08336410285309737,
          -0.9082484459480389,
          0.41004290847235786
        ],
        [
          0.8254444062729993,
          -0.2934626353430765,
          -0.48220453524423845
        ],
        [
          0.558293792288714,
          0.29826907665808855,
          0.7741728485302346
        ]
      ],
      "tx": -0.07368133059650964,
      "ty": 0.07417055395816535,
      "tz": 0.0
    },
    {
      "R": [
        [
          0.4313748821587997,
          0.9010217511771009,
          -0.04555781983624915
        ],
        [
          0.7400597014945051,
          -0.38228971739947837,
          -0.5533228805991046
        ],
        [
          -0.5159722369142992,
          0.20497408586545132,
          -0.8317200700099023
        ]
      ],
      "tx": 0.0978495354342806,
      "ty": -0.0181063920010507,
      "tz": 0.0
    },
    {
      "R": [
        [
          -0.21424510158588905,
          -0.5347296385664312,
          0.8174125335992016
        ],
        [
          0.625500038163303,
          0.5676456036145006,
          0.5352832623525938
        ],
        [
          -0.7502324564454396,
          0.6259733878814204,
          0.21285811931917997
        ]
      ],
      "tx": -0.030545957410887087,
      "ty": 0.017570015617558332,
      "tz": 0.0
    },
    {
      "R": [
        [
          -0.6244045830165406,
          -0.576066022717034,
          0.5275100512586629
        ],
        [
          0.6188436019241976,
          0.04723097016003697,
          0.7840929994683199
        ],
        [
          -0.47660414713410193,
          0.8160374825513343,
          0.3270035382161116
        ]
      ],
      "tx": -0.014010273485805316,
      "ty": -0.03850832859954593,
      "tz": 0.0
    },
    {
      "R": [
        [
          0.1538445253142804,
          -0.21654790608483787,
          0.9640740979826685
        ],
        [
          0.8185313294076402,
          -0.5185993232577193,
          -0.24710565492274122
        ],
        [
          0.5534783869393503,
          0.8271407052532886,
          0.09746757873317236
        ]
      ],
      "tx": 0.09840387618375537,
      "ty": -0.08653539939282752,
      "tz": 0.0
    },
    {
      "R": [
        [
          0.4683594104757901,
          0.3191759599112005,
          -0.8238726656671733
        ],
        [
          0.390739364664612,
          -0.9111523324650252,
          -0.13085937469298772
        ],
        [
          -0.7924406675078366,
          -0.26063026236089337,
          -0.5514613810788804
        ]
      ],
      "tx": -0.02209656957901661,
      "ty": -0.09812120798930939,
      "tz": 0.0
    }
  ],
  "points_N": 66250
}