{
  "type": "scene",
  "distance_m": 0.3,
  "num_objects": 5,
  "intrinsics": {
    "width": 640,
    "height": 480,
    "fx": 554.2562584220408,
    "fy": 554.2562584220408,
    "cx": 0.038380778847809105,
    "cy": 0.011235996873697751
  },
  "T_wc": [
    [
      0.999999999999,
      0.0,
      0.0,
      0.0
    ],
    [
      -0.0,
      0.9999999999956668,
      0.0,
      0.0
    ],
    [
      0.0,
      0.0,
      -0.9999999999966668,
      0.31501416601240634
    ],
    [
      0.0,
      0.0,
      0.0,
      1.0
    ]
  ],
  "bin_size": {
    "w": 0.25,
    "d": 0.25
  },
  "z_floor": 0.0,
  "piece_aabb": {
    "w": 0.0300283320248127,
    "d": 0.0300283320248127,
    "h": 0.0300283320248127
  },
  "poses": [
    {
      "R": [
        [
          -0.6482129802272847,
          0.6343171930651137,
          0.4212619503905584
        ],
        [
          -0.761458907682071,
          -0.5403532564316775,
          -0.3580484466874685
        ],
        [
          0.0005139810201789663,
          -0.5528653152854474,
          0.8332704716824146
        ]
      ],
      "tx": 0.07206682025286462,
      "ty": -0.08246412868835405,
      "tz": 0.0
    },
    {
      "R": [
        [
          0.19250700753298322,
          -0.9733999356507022,
          0.12423211068763418
        ],
        [
          0.13876382124844605,
          0.1523310703862062,
          0.9785396501458292
        ],
        [
          -0.9714348428809959,
          -0.17113681740116982,
          0.16439749318822772
        ]
      ],
      "tx": -0.015553248903328043,
      "ty": 0.07147829129563846,
      "tz": 0.0
    },
    {
      "R": [
        [
          0.20657195835997832,
          0.9113759320669437,
          -0.3559802473009327
        ],
        [
          -0.4997735189747095,
          -0.21450070833470702,
          -0.83917571214588
        ],
        [
          -0.8411625620241067,
          0.35125967114517836,
          0.4111717252876492
        ]
      ],
      "tx": -0.042343826712269515,
      "ty": -0.04943645842244803,
      "tz": 0.0
    },
    {
      "R": [
        [
          -0.571913695264114,
          -0.8011970026477382,
          -0.17606273915177545
        ],
        [
          -0.4756000197034034,
          0.4987295962989675,
          -0.724619493964654
        ],
        [
          0.668370665445057,
          -0.330684370244118,
          -0.6662795966024944
        ]
      ],
      "tx": 0.09628329757691703,
      "ty": 0.039749248704222,
      "tz": 0.0
    },
    {
      "R": [
        [
          -0.282711735465907,
          -0.932421819316559,
          0.22508581806114253
        ],
        [
          0.727171656915024,
          -0.3613693322744784,
          -0.5836382330442007
        ],
        [
          0.625536134854985,
          -0.0013253504805866845,
          0.7801940703676167
        ]
      ],
      "tx": 0.038380778847809105,
      "ty": 0.011235996873697751,
      "tz": 0.0
    }
  ],
  "points_N": 23836
}