{
  "type": "scene",
  "distance_m": 0.3,
  "num_objects": 11,
  "intrinsics": {
    "width": 640,
    "height": 480,
    "fx": 554.2562584220408,
    "fy": 554.2562584220408,
    "cx": -0.09777496496785086,
    "cy": 0.07577398747896458
  },
  "T_wc": [
    [
      0.999999999999,
      0.0,
      0.0,
      0.0
    ],
    [
      -0.0,
      0.9999999999956668,
      0.0,
      0.0
    ],
    [
      0.0,
      0.0,
      -0.9999999999966668,
      0.31501416601240634
    ],
    [
      0.0,
      0.0,
      0.0,
      1.0
    ]
  ],
  "bin_size": {
    "w": 0.25,
    "d": 0.25
  },
  "z_floor": 0.0,
  "piece_aabb": {
    "w": 0.0300283320248127,
    "d": 0.0300283320248127,
    "h": 0.0300283320248127
  },
  "poses": [
    {
      "R": [
        [
          0.511840157941549,
          -0.7330750670014173,
          -0.44790690869782046
        ],
        [
          0.5404234415183559,
          0.6800499372459309,
          -0.49545391986466475
        ],
        [
          0.6678039806528757,
          0.011533819517965449,
          0.744247817888303
        ]
      ],
      "tx": 0.09021796208707622,
      "ty": -0.0770688292003692,
      "tz": 0.0
    },
    {
      "R": [
        [
          -0.7689742547520302,
          -0.607487199538955,
          0.19909268676894573
        ],
        [
          0.10569612611258361,
          -0.4279630976795925,
          -0.8975945164434107
        ],
        [
          0.630481502070721,
          -0.6691837486227572,
          0.3933016477537845
        ]
      ],
      "tx": 0.027171725451868828,
      "ty": 0.07075619695530819,
      "tz": 0.0
    },
    {
      "R": [
        [
          -0.4522180869019232,
          0.545054818147553,
          0.7059844524441755
        ],
        [
          0.8421147046077659,
          0.5217023463355588,
          0.13663632793421931
        ],
        [
          -0.2938394564420157,
          0.6563093074474188,
          -0.6949219141714771
        ]
      ],
      "tx": -0.03941505952213598,
      "ty": 0.09766641243572094,
      "tz": 0.0
    },
    {
      "R": [
        [
          0.8554031822980824,
          0.4091013160714124,
          0.31768145822970517
        ],
        [
          -0.21385385745979724,
          -0.27966525830110345,
          0.9359774948944773
        ],
        [
          0.47175409204783614,
          -0.868575532977999,
          -0.15173865739522774
        ]
      ],
      "tx": -0.09189544632122865,
      "ty": 0.006475796582266255,
      "tz": 0.0
    },
    {
      "R": [
        [
          0.07563171188269446,
          -0.958588918443997,
          -0.2745671677277912
        ],
        [
          0.8723646075361847,
          0.1969806026568084,
          -0.44741326946705395
        ],
        [
          0.48296980824470914,
          -0.20568404802834994,
          0.8511370258135527
        ]
      ],
      "tx": -0.028663145502215687,
      "ty": -0.008596866018019192,
      "tz": 0.0
    },
    {
      "R": [
        [
          0.01081821049643561,
          -0.9984577592204766,
          -0.05445245057919404
        ],
        [
          0.9712069430602628,
          -0.0024690019350841474,
          0.23822463722500245
        ],
        [
          -0.237991680680637,
          -0.05546176234009617,
          0.9696823979246691
        ]
      ],
      "tx": 0.0215933817617788,
      "ty": -0.04249165974057454,
      "tz": 0.0
    },
    {
      "R": [
        [
          0.9002337906391933,
          -0.294952324565622,
          -0.3202846365730413
        ],
        [
          0.13696157109324492,
          0.8900872637714417,
          -0.43472542013958426
        ],
        [
          0.41330454901326596,
          0.3474878258374011,
          0.8416837652347446
        ]
      ],
      "tx": 0.07461113411015599,
      "ty": 0.0163318797260337,
      "tz": 0.0
    },
    {
      "R": [
        [
          0.335290977438539,
          -0.7657992968387176,
          -0.5487544053669501
        ],
        [
          -0.014745642284332616,
          0.5781338807966232,
          -0.8158086674635532
        ],
        [
          0.9419992178775584,
          0.2816250216801796,
          0.18255087148985838
        ]
      ],
      "tx": -0.0578333994687274,
      "ty": -0.06385741051831016,
      "tz": 0.0
    },
    {
      "R": [
        [
          0.8581118402145104,
          -0.42929146608114643,
          0.28169647998078806
        ],
        [
          -0.39029136486829386,
          -0.18885273095004185,
          0.9011144747044934
        ],
        [
          -0.33364160440944857,
          -0.8832007037829005,
          -0.3296055167081977
        ]
      ],
      "tx": -0.001112103918728527,
      "ty": -0.09690639703701903,
      "tz": 0.0
    },
    {
      "R": [
        [
          0.10602887467601374,
          -0.7894669263457414,
          0.6045658359030437
        ],
        [
          -0.48743593281777575,
          0.4886677446377561,
          0.7236090427494074
        ],
        [
          -0.8666972303711389,
          -0.37141056468126565,
          -0.33300165661771186
        ]
      ],
      "tx": 0.09397760337534677,
      "ty": 0.0779395800489022,
      "tz": 0.0
    },
    {
      "R": [
        [
          -0.2892909167383495,
          0.7883083231025451,
          0.5430292379052339
        ],
        [
          -0.9383177311003005,
          -0.345768048344667,
          0.002071773806342214
        ],
        [
          0.18939535631970983,
          -0.5089346170886531,
          0.839711232825521
        ]
      ],
      "tx": -0.09777496496785086,
      "ty": 0.07577398747896458,
      "tz": 0.0
    }
  ],
  "points_N": 54990
}