{
  "type": "scene",
  "distance_m": 0.3,
  "num_objects": 7,
  "intrinsics": {
    "width": 640,
    "height": 480,
    "fx": 554.2562584220408,
    "fy": 554.2562584220408,
    "cx": 0.034514553291569744,
    "cy": -0.037734249728657875
  },
  "T_wc": [
    [
      0.999999999999,
      0.0,
      0.0,
      0.0
    ],
    [
      -0.0,
      0.9999999999956668,
      0.0,
      0.0
    ],
    [
      0.0,
      0.0,
      -0.9999999999966668,
      0.31501416601240634
    ],
    [
      0.0,
      0.0,
      0.0,
      1.0
    ]
  ],
  "bin_size": {
    "w": 0.25,
    "d": 0.25
  },
  "z_floor": 0.0,
  "piece_aabb": {
    "w": 0.0300283320248127,
    "d": 0.0300283320248127,
    "h": 0.0300283320248127
  },
  "poses": [
    {
      "R": [
        [
          -0.9063452043389666,
          -0.41900377757140805,
          -0.05453627189905027
        ],
        [
          -0.41934292501890913,
          0.8761257389445027,
          0.23781337387862497
        ],
        [
          -0.05186407049531174,
          0.23841041072033567,
          -0.9697786315710502
        ]
      ],
      "tx": 0.08628943326494351,
      "ty": -0.07235974213124391,
      "tz": 0.0
    },
    {
      "R": [
        [
          0.40365070171526474,
          -0.49610855387227865,
          0.7687277891292412
        ],
        [
          0.8320190618065852,
          -0.15042510067224257,
          -0.5339630791339749
        ],
        [
          0.3805396060796618,
          0.855130745478434,
          0.3520525761050949
        ]
      ],
      "tx": 0.05583244713369284,
      "ty": 0.06893275809240787,
      "tz": 0.0
    },
    {
      "R": [
        [
          0.7684600972845281,
          -0.4746564845644127,
          -0.4291506734730905
        ],
        [
          0.11460758780207483,
          -0.5577185436403436,
          0.8220797570174587
        ],
        [
          -0.6295507761091581,
          -0.6809194135436643,
          -0.3741852115727038
        ]
      ],
      "tx": -0.07518621148629365,
      "ty": 0.05503132703953095,
      "tz": 0.0
    },
    {
      "R": [
        [
          0.10081668448997672,
          -0.9243688888176976,
          0.3679377033063932
        ],
        [
          0.7581970199212168,
          0.31083674862402133,
          0.5731647186345589
        ],
        [
          -0.6441841934656846,
          0.22118470356419748,
          0.732191267223383
        ]
      ],
      "tx": -0.044477849960590427,
      "ty": -0.024611655661596205,
      "tz": 0.0
    },
    {
      "R": [
        [
          -0.8020442104366761,
          -0.5669605476901189,
          0.18783189789790655
        ],
        [
          -0.5148151717911911,
          0.4968091258082886,
          -0.6986744817203578
        ],
        [
          0.3028042658197133,
          -0.6570665338278343,
          -0.6903427748045605
        ]
      ],
      "tx": -0.01524276843024372,
      "ty": 0.07147104424915116,
      "tz": 0.0
    },
    {
      "R": [
        [
          0.49690461470035685,
          -0.7215795359807662,
          -0.48208793507333475
        ],
        [
          0.8527912151194972,
          0.30313858215218803,
          0.42526949505669054
        ],
        [
          -0.16072631179897484,
          -0.6224387305305986,
          0.7659876496595461
        ]
      ],
      "tx": -0.09021897623439172,
      "ty": -0.06143577839889059,
      "tz": 0.0
    },
    {
      "R": [
        [
          0.4745407446070409,
          0.8711799983447155,
          -0.1259225642682706
        ],
        [
          -0.4111643388353133,
          0.09289200413232312,
          -0.9068158368921444
        ],
        [
          -0.7783026199222991,
          0.4820959303420658,
          0.4022791888349473
        ]
      ],
      "tx": 0.034514553291569744,
      "ty": -0.037734249728657875,
      "tz": 0.0
    }
  ],
  "points_N": 35405
}