{
  "type": "scene",
  "distance_m": 0.3,
  "num_objects": 12,
  "intrinsics": {
    "width": 640,
    "height": 480,
    "fx": 554.2562584220408,
    "fy": 554.2562584220408,
    "cx": -0.06517412671815868,
    "cy": 0.09868567581216289
  },
  "T_wc": [
    [
      0.999999999999,
      0.0,
      0.0,
      0.0
    ],
    [
      -0.0,
      0.9999999999956668,
      0.0,
      0.0
    ],
    [
      0.0,
      0.0,
      -0.9999999999966668,
      0.31501416601240634
    ],
    [
      0.0,
      0.0,
      0.0,
      1.0
    ]
  ],
  "bin_size": {
    "w": 0.25,
    "d": 0.25
  },
  "z_floor": 0.0,
  "piece_aabb": {
    "w": 0.0300283320248127,
    "d": 0.0300283320248127,
    "h": 0.0300283320248127
  },
  "poses": [
    {
      "R": [
        [
          0.5779083288147437,
          -0.8050765781743093,
          0.1336924334496737
        ],
        [
          0.5387041237810181,
          0.25326300503800114,
          -0.8035270482693455
        ],
        [
          0.6130414590448803,
          0.5363856388404398,
          0.5800608726141228
        ]
      ],
      "tx": -0.09639698393831132,
      "ty": 0.04789545939894341,
      "tz": 0.0
    },
    {
      "R": [
        [
          0.03156049026190266,
          0.23236232653912248,
          -0.9721171146830789
        ],
        [
          0.7464823863970939,
          -0.6522477399795377,
          -0.13166978579190186
        ],
        [
          -0.6646562888089815,
          -0.72151274063381,
          -0.1940396424696771
        ]
      ],
      "tx": -0.01555371903190575,
      "ty": 0.06616819952470743,
      "tz": 0.0
    },
    {
      "R": [
        [
          -0.6924278342956753,
          -0.5364434954866804,
          -0.4824645794694489
        ],
        [
          0.14186010034988228,
          0.5544266940347762,
          -0.8200528963855868
        ],
        [
          0.7074032840051858,
          -0.6362699247109677,
          -0.30780054692442893
        ]
      ],
      "tx": 0.05510580134350987,
      "ty": -0.005186504577851761,
      "tz": 0.0
    },
    {
      "R": [
        [
          -0.11685736605302854,
          0.9882807527575329,
          -0.09821155598071202
        ],
        [
          -0.6348279314178199,
          -0.15037906406034307,
          -0.7578783771715003
        ],
        [
          -0.7637655749579972,
          -0.026216232020244368,
          0.6449611272687219
        ]
      ],
      "tx": -0.010936969217521408,
      "ty": -0.006925243948848275,
      "tz": 0.0
    },
    {
      "R": [
        [
          0.13915611766971214,
          -0.9097725334056662,
          0.3910876019202466
        ],
        [
          0.8847660419183144,
          0.29160441006103166,
          0.363532555765171
        ],
        [
          -0.4447748036740533,
          0.29543325048747265,
          0.8455143810267887
        ]
      ],
      "tx": -0.09659477381981432,
      "ty": -0.07260732129565636,
      "tz": 0.0
    },
    {
      "R": [
        [
          0.9022674003698375,
          0.1658948240935716,
          -0.3979854841182253
        ],
        [
          0.2152107998294145,
          0.6265570044479098,
          0.7490731818814806
        ],
        [
          0.3736279564843067,
          -0.761515086860546,
          0.5296196018059909
        ]
      ],
      "tx": 0.025941502785325324,
      "ty": -0.05598519772113805,
      "tz": 0.0
    },
    {
      "R": [
        [
          0.12223436167712431,
          0.9766860332424632,
          0.17647422841448535
        ],
        [
          0.18286615582981391,
          -0.1969260016036838,
          0.963213433743743
        ],
        [
          0.9755094719567883,
          -0.085466615479308,
          -0.2026739444553738
        ]
      ],
      "tx": 0.0642529285610397,
      "ty": 0.08876797428560634,
      "tz": 0.0
    },
    {
      "R": [
        [
          -0.8919224127026419,
          0.22936056597612195,
          0.3897026308530791
        ],
        [
          0.36459406236467096,
          0.874551272200818,
          0.31973620686490484
        ],
        [
          -0.26748005422297305,
          0.42726315435226075,
          -0.8636553812290131
        ]
      ],
      "tx": 0.0987428868087756,
      "ty": -0.08226654755964169,
      "tz": 0.0
    },
    {
      "R": [
        [
          0.8456745860659226,
          0.4225528581672957,
          -0.3260116202482356
        ],
        [
          -0.3795456626636261,
          0.9056108948213468,
          0.18924586424571738
        ],
        [
          0.37520605596852963,
          -0.03630412146752583,
          0.9262302231783477
        ]
      ],
      "tx": -0.03830320784460762,
      "ty": -0.06512111186108982,
      "tz": 0.0
    },
    {
      "R": [
        [
          0.8359286132926569,
          -0.43116874900354246,
          0.33958336732139277
        ],
        [
          -0.3644738384433465,
          0.026492077522232038,
          0.9308367154979059
        ],
        [
          -0.41034397104013737,
          -0.9018822981472007,
          -0.13500424333973604
        ]
      ],
      "tx": -0.09153766697808675,
      "ty": -0.012559613636635422,
      "tz": 0.0
    },
    {
      "R": [
        [
          -0.22168318378640572,
          0.11317654965254192,
          -0.968528592574875
        ],
        [
          0.974873149003409,
          0.048013760896365776,
          -0.21752476207724863
        ],
        [
          0.021883998229290547,
          -0.992414100752973,
          -0.12097662273417953
        ]
      ],
      "tx": 0.09615506517098651,
      "ty": 0.038512618619540945,
      "tz": 0.0
    },
    {
      "R": [
        [
          -0.12055443193255422,
          0.576854311791472,
          0.8079020558885874
        ],
        [
          0.9874446400229422,
          -0.014002498661815022,
          0.1573436141735277
        ],
        [
          0.10207698972531087,
          0.8167270247756058,
          -0.5679236349808008
        ]
      ],
      "tx": -0.06517412671815868,
      "ty": 0.09868567581216289,
      "tz": 0.0
    }
  ],
  "points_N": 57738
}