{
  "type": "scene",
  "distance_m": 0.3,
  "num_objects": 10,
  "intrinsics": {
    "width": 640,
    "height": 480,
    "fx": 554.2562584220408,
    "fy": 554.2562584220408,
    "cx": -0.014147569013424913,
    "cy": 0.0965407607312517
  },
  "T_wc": [
    [
      0.999999999999,
      0.0,
      0.0,
      0.0
    ],
    [
      -0.0,
      0.9999999999956668,
      0.0,
      0.0
    ],
    [
      0.0,
      0.0,
      -0.9999999999966668,
      0.31501416601240634
    ],
    [
      0.0,
      0.0,
      0.0,
      1.0
    ]
  ],
  "bin_size": {
    "w": 0.25,
    "d": 0.25
  },
  "z_floor": 0.0,
  "piece_aabb": {
    "w": 0.0300283320248127,
    "d": 0.0300283320248127,
    "h": 0.0300283320248127
  },
  "poses": [
    {
      "R": [
        [
          -0.20746093928445597,
          -0.5007023154097322,
          -0.8403910696899057
        ],
        [
          -0.9622318515348217,
          0.2592434694809852,
          0.08308241344189604
        ],
        [
          0.17626633984706158,
          0.8258874105317228,
          -0.5355746097063652
        ]
      ],
      "tx": 0.039217184106635244,
      "ty": 0.06049030693152674,
      "tz": 0.0
    },
    {
      "R": [
        [
          -0.17064632167300697,
          -0.9647409289952571,
          -0.20038655848344877
        ],
        [
          0.1223149538338057,
          0.18105588014293317,
          -0.9758369845083255
        ],
        [
          0.9777110436975265,
          -0.19103326460864306,
          0.08710572222797741
        ]
      ],
      "tx": 0.05892202394229376,
      "ty": -0.07057878807992604,
      "tz": 0.0
    },
    {
      "R": [
        [
          -0.6464542069173327,
          -0.7227119642181645,
          -0.24450843571297265
        ],
        [
          -0.48905124562049607,
          0.6384995686327496,
          -0.5942618783102565
        ],
        [
          0.5855987000633827,
          -0.2645859361941131,
          -0.7662039185832719
        ]
      ],
      "tx": -0.09522790876704633,
      "ty": -0.07796003514364808,
      "tz": 0.0
    },
    {
      "R": [
        [
          -0.16630213737371635,
          0.8304005309447138,
          -0.5317692707478227
        ],
        [
          0.4784522557875777,
          -0.4035921462695571,
          -0.7798697445094988
        ],
        [
          -0.8622221512097169,
          -0.38412021253283457,
          -0.33018877068582775
        ]
      ],
      "tx": -0.06309380255433703,
      "ty": 0.058334848208257795,
      "tz": 0.0
    },
    {
      "R": [
        [
          -0.20099907222449032,
          0.7577671247164712,
          -0.6207965509438871
        ],
        [
          -0.44759240935147027,
          0.4926654642045101,
          0.7462853177378612
        ],
        [
          0.8713555003876661,
          0.4278664804341263,
          0.24014551185702693
        ]
      ],
      "tx": -0.0444189302209812,
      "ty": -0.01404885215112349,
      "tz": 0.0
    },
    {
      "R": [
        [
          -0.4935029701032052,
          0.7517813030170032,
          0.43735533714975
        ],
        [
          -0.35250805928688445,
          -0.6325908317210036,
          0.6896135930797208
        ],
        [
          0.7951055820688904,
          0.1861550752909661,
          0.5771944224490616
        ]
      ],
      "tx": -0.013243720508845924,
      "ty": -0.0827600579497351,
      "tz": 0.0
    },
    {
      "R": [
        [
          0.9760899067111721,
          -0.04452262812652701,
          -0.21275861815983432
        ],
        [
          0.15875194562220427,
          -0.5225848261550619,
          0.8376770972359506
        ],
        [
          -0.14848001137439304,
          -0.8514240042758898,
          -0.5030217203710683
        ]
      ],
      "tx": 0.07426948191499341,
      "ty": 0.007363256114959596,
      "tz": 0.0
    },
    {
      "R": [
        [
          0.43749329116456914,
          0.5026858979661872,
          0.7455913815032478
        ],
        [
          -0.6368129313630184,
          -0.4122063449613662,
          0.6515790202442301
        ],
        [
          0.6348770830915487,
          -0.7598636832745195,
          0.13977936974263294
        ]
      ],
      "tx": 0.09222823886298079,
      "ty": 0.08947620619568547,
      "tz": 0.0
    },
    {
      "R": [
        [
          0.4727415949949427,
          -0.8500179780869448,
          -0.23234633909450775
        ],
        [
          -0.1769763551256533,
          -0.34988124752773175,
          0.9199252591134115
        ],
        [
          -0.8632466357235784,
          -0.3937671260496751,
          -0.3158365025681853
        ]
      ],
      "tx": 0.017515106929924404,
      "ty": -0.014276720037993532,
      "tz": 0.0
    },
    {
      "R": [
        [
          0.23878028727559875,
          0.9669437464221798,
          -0.08946376732298772
        ],
        [
          -0.6599984917444249,
          0.2291779185504239,
          0.7154575267225718
        ],
        [
          0.7123103012758323,
          -0.11179120226535905,
          0.6929045834690364
        ]
      ],
      "tx": -0.014147569013424913,
      "ty": 0.0965407607312517,
      "tz": 0.0
    }
  ],
  "points_N": 49035
}