{
  "type": "scene",
  "distance_m": 0.3,
  "num_objects": 10,
  "intrinsics": {
    "width": 640,
    "height": 480,
    "fx": 554.2562584220408,
    "fy": 554.2562584220408,
    "cx": 0.06800354994429408,
    "cy": -0.02727723327364072
  },
  "T_wc": [
    [
      0.999999999999,
      0.0,
      0.0,
      0.0
    ],
    [
      -0.0,
      0.9999999999956668,
      0.0,
      0.0
    ],
    [
      0.0,
      0.0,
      -0.9999999999966668,
      0.31501416601240634
    ],
    [
      0.0,
      0.0,
      0.0,
      1.0
    ]
  ],
  "bin_size": {
    "w": 0.25,
    "d": 0.25
  },
  "z_floor": 0.0,
  "piece_aabb": {
    "w": 0.0300283320248127,
    "d": 0.0300283320248127,
    "h": 0.0300283320248127
  },
  "poses": [
    {
      "R": [
        [
          0.23477489072284985,
          -0.5326273750255341,
          -0.8131351855992228
        ],
        [
          -0.30331324411528215,
          0.7546082308703959,
          -0.5818655290072737
        ],
        [
          0.9235160131964886,
          0.38324208703645823,
          0.015610127917558447
        ]
      ],
      "tx": -0.031063210966532903,
      "ty": 0.04463100805699163,
      "tz": 0.0
    },
    {
      "R": [
        [
          0.6176254560162264,
          0.41011056013621416,
          -0.671079819802018
        ],
        [
          -0.09393584944816313,
          0.8856373032934017,
          0.4547775535397974
        ],
        [
          0.7808423991236646,
          -0.21784374097033837,
          0.5855162271456256
        ]
      ],
      "tx": 0.09783308867957796,
      "ty": 0.024833694938333484,
      "tz": 0.0
    },
    {
      "R": [
        [
          -0.3831464656438359,
          0.04813282824201032,
          0.9224326624258605
        ],
        [
          0.8296962043856213,
          -0.4209675130517172,
          0.36659318240134436
        ],
        [
          0.40595935054230464,
          0.905797760982261,
          0.12135658987789999
        ]
      ],
      "tx": 0.0266828082076834,
      "ty": 0.039973904927458476,
      "tz": 0.0
    },
    {
      "R": [
        [
          -0.9801640847221895,
          0.010431055534611808,
          -0.19791301144984422
        ],
        [
          0.17635334702573002,
          0.501564675813815,
          -0.84695476441697
        ],
        [
          0.09043154324423949,
          -0.8650572634549788,
          -0.4934552329545696
        ]
      ],
      "tx": -0.08747933688991835,
      "ty": -0.025637768533054772,
      "tz": 0.0
    },
    {
      "R": [
        [
          -0.11622593208681664,
          0.008615444710892373,
          0.9931854342583686
        ],
        [
          -0.8286333346535991,
          -0.5521500482948232,
          -0.0921798289696873
        ],
        [
          0.5475932152715253,
          -0.8337002448605002,
          0.07131319869515718
        ]
      ],
      "tx": -0.05144451303416352,
      "ty": -0.07428701102247874,
      "tz": 0.0
    },
    {
      "R": [
        [
          -0.5728857035940362,
          0.702725670216681,
          0.4218751035983073
        ],
        [
          -0.7610749910501687,
          -0.2650186615801289,
          -0.5920557127604316
        ],
        [
          -0.30424797224558736,
          -0.6602588442669992,
          0.6866523355757663
        ]
      ],
      "tx": 0.06688243712173061,
      "ty": 0.09676936649174595,
      "tz": 0.0
    },
    {
      "R": [
        [
          -0.7010630598475944,
          -0.7072778301715477,
          -0.09093215638571225
        ],
        [
          0.4677566812271177,
          -0.35985703581504347,
          -0.8072834700040642
        ],
        [
          0.5382511247405998,
          -0.608490743333239,
          0.58311640518274
        ]
      ],
      "tx": 0.0524611982980564,
      "ty": -0.08778385051455723,
      "tz": 0.0
    },
    {
      "R": [
        [
          0.7657333169459509,
          0.2068768115694467,
          -0.6089782197696495
        ],
        [
          -0.4956208911791584,
          0.7932468863065951,
          -0.35372207959310176
        ],
        [
          0.40989318065287283,
          0.5726791092747765,
          0.7099480391229487
        ]
      ],
      "tx": -0.08524150554275196,
      "ty": 0.09541330498431161,
      "tz": 0.0
    },
    {
      "R": [
        [
          -0.20753658335436365,
          -0.8651475449520635,
          -0.45656137816619435
        ],
        [
          -0.95949332198276,
          0.08912767652899478,
          0.26726171133746496
        ],
        [
          -0.19052855859446616,
          0.4935341758581266,
          -0.8486005453804253
        ]
      ],
      "tx": -0.00206867561365337,
      "ty": -0.010229919382615443,
      "tz": 0.0
    },
    {
      "R": [
        [
          0.6827248293454667,
          -0.6182571467282432,
          0.3894161115242343
        ],
        [
          0.7266851688121203,
          0.518905630534318,
          -0.45018397575689206
        ],
        [
          0.07625924746352758,
          0.5903346907638355,
          0.8035480570924574
        ]
      ],
      "tx": 0.06800354994429408,
      "ty": -0.02727723327364072,
      "tz": 0.0
    }
  ],
  "points_N": 49594
}