{
  "type": "scene",
  "distance_m": 0.3,
  "num_objects": 9,
  "intrinsics": {
    "width": 640,
    "height": 480,
    "fx": 554.2562584220408,
    "fy": 554.2562584220408,
    "cx": 0.09820496606208351,
    "cy": 0.07614661746609663
  },
  "T_wc": [
    [
      0.999999999999,
      0.0,
      0.0,
      0.0
    ],
    [
      -0.0,
      0.9999999999956668,
      0.0,
      0.0
    ],
    [
      0.0,
      0.0,
      -0.9999999999966668,
      0.31501416601240634
    ],
    [
      0.0,
      0.0,
      0.0,
      1.0
    ]
  ],
  "bin_size": {
    "w": 0.25,
    "d": 0.25
  },
  "z_floor": 0.0,
  "piece_aabb": {
    "w": 0.0300283320248127,
    "d": 0.0300283320248127,
    "h": 0.0300283320248127
  },
  "poses": [
    {
      "R": [
        [
          -0.6248416382422972,
          -0.6852340785178103,
          -0.37420206407304785
        ],
        [
          -0.19121348176797934,
          0.5989962570148152,
          -0.7775865794060544
        ],
        [
          0.7569744589540974,
          -0.41431599259513135,
          -0.5053037965136047
        ]
      ],
      "tx": -0.0680143745721569,
      "ty": -0.038954118413419093,
      "tz": 0.0
    },
    {
      "R": [
        [
          -0.9306659290016785,
          -0.20831850686318287,
          -0.3007728849044344
        ],
        [
          0.2976569470602449,
          -0.9091281601508747,
          -0.2913525875763928
        ],
        [
          -0.2127469634618004,
          -0.360679065262983,
          0.9081020545174447
        ]
      ],
      "tx": 0.06602964261354238,
      "ty": 0.028071527373980165,
      "tz": 0.0
    },
    {
      "R": [
        [
          -0.16937720499446707,
          0.9837975178033243,
          -0.05876909385280743
        ],
        [
          -0.32964544578958277,
          -0.11274833286672514,
          -0.9373482242507111
        ],
        [
          -0.9287869736911956,
          -0.139392458188354,
          0.34340136881171346
        ]
      ],
      "tx": -0.06737137591913762,
      "ty": 0.07635426446365262,
      "tz": 0.0
    },
    {
      "R": [
        [
          0.5995621067534334,
          0.7102466875009631,
          0.3688833461126889
        ],
        [
          0.7675781055690553,
          -0.3798022025693204,
          -0.5163081819751778
        ],
        [
          -0.22660346863277436,
          0.5927056013042244,
          -0.7728848156007422
        ]
      ],
      "tx": -0.006945138132699133,
      "ty": 0.06433216523894933,
      "tz": 0.0
    },
    {
      "R": [
        [
          -0.43884837714989855,
          0.7978592382492617,
          -0.41331917184327166
        ],
        [
          -0.6837090481019563,
          0.001975162440170597,
          0.7297520375284001
        ],
        [
          0.5830557772772832,
          0.6028405549344227,
          0.5446367834712786
        ]
      ],
      "tx": 0.0952844572427671,
      "ty": -0.04036503531026874,
      "tz": 0.0
    },
    {
      "R": [
        [
          -0.31154004717041217,
          0.8623573078089801,
          -0.39910233359065395
        ],
        [
          -0.24121806526393047,
          0.3344754061423253,
          0.9110104542079924
        ],
        [
          0.9191064377967243,
          0.3800869326277538,
          0.10381367754897097
        ]
      ],
      "tx": 0.012001486185241897,
      "ty": -0.052062165157812056,
      "tz": 0.0
    },
    {
      "R": [
        [
          0.44481123350995244,
          0.4499172625665227,
          0.7744142453416011
        ],
        [
          0.735469291969139,
          0.3099428534693308,
          -0.6025116995990224
        ],
        [
          -0.5111045755163696,
          0.8375618690150214,
          -0.19303426757520614
        ]
      ],
      "tx": -0.055494449723344164,
      "ty": -0.09511107105483305,
      "tz": 0.0
    },
    {
      "R": [
        [
          -0.6472862229013507,
          -0.1675310341001048,
          0.7436086996905376
        ],
        [
          0.6564060792370738,
          -0.6184375751251916,
          0.43204863709296093
        ],
        [
          0.3874940061248883,
          0.7677684014640237,
          0.510274511347238
        ]
      ],
      "tx": -0.005902829173689783,
      "ty": 0.00415904973665257,
      "tz": 0.0
    },
    {
      "R": [
        [
          0.32150051002226554,
          0.7403060285921367,
          0.5904103709163327
        ],
        [
          0.8177217930566504,
          0.09733327056515151,
          -0.5673246897512108
        ],
        [
          -0.4774604603688558,
          0.6651866042481835,
          -0.5740716769821783
        ]
      ],
      "tx": 0.09820496606208351,
      "ty": 0.07614661746609663,
      "tz": 0.0
    }
  ],
  "points_N": 45930
}