{
  "type": "scene",
  "distance_m": 0.3,
  "num_objects": 4,
  "intrinsics": {
    "width": 640,
    "height": 480,
    "fx": 554.2562584220408,
    "fy": 554.2562584220408,
    "cx": 0.0732675564920616,
    "cy": 0.09643419562923758
  },
  "T_wc": [
    [
      0.999999999999,
      0.0,
      0.0,
      0.0
    ],
    [
      -0.0,
      0.9999999999956668,
      0.0,
      0.0
    ],
    [
      0.0,
      0.0,
      -0.9999999999966668,
      0.31501416601240634
    ],
    [
      0.0,
      0.0,
      0.0,
      1.0
    ]
  ],
  "bin_size": {
    "w": 0.25,
    "d": 0.25
  },
  "z_floor": 0.0,
  "piece_aabb": {
    "w": 0.0300283320248127,
    "d": 0.0300283320248127,
    "h": 0.0300283320248127
  },
  "poses": [
    {
      "R": [
        [
          0.24490083349683078,
          -0.4414359354744265,
          0.8632252872943283
        ],
        [
          0.8288630385649808,
          0.5572302995428324,
          0.04980418227651706
        ],
        [
          -0.5030006412057394,
          0.7032984488417583,
          0.5023560956168363
        ]
      ],
      "tx": -0.08131040880910677,
      "ty": 0.010113891493977983,
      "tz": 0.0
    },
    {
      "R": [
        [
          -0.6645114585881253,
          -0.7342910064657235,
          -0.13871279403370435
        ],
        [
          -0.12848175224626884,
          0.29512571773452856,
          -0.9467804656156609
        ],
        [
          0.736150093897169,
          -0.611324405332581,
          -0.29045741632803135
        ]
      ],
      "tx": 0.06369460404566987,
      "ty": -0.05289223013386715,
      "tz": 0.0
    },
    {
      "R": [
        [
          0.3129974344441451,
          -0.9437168722937594,
          0.10691618670466724
        ],
        [
          0.30971860578664295,
          0.20783952915302262,
          0.9278346379344911
        ],
        [
          -0.8978346124208851,
          -0.25729592897971393,
          0.3573399133451297
        ]
      ],
      "tx": -0.07393833873129543,
      "ty": 0.08624104512569242,
      "tz": 0.0
    },
    {
      "R": [
        [
          0.14226604630825346,
          0.9892425688848516,
          -0.03405160750856753
        ],
        [
          0.971280516876448,
          -0.13288904002354762,
          0.1973693506546545
        ],
        [
          0.19072107802767332,
          -0.0611526201214604,
          -0.9797376319445132
        ]
      ],
      "tx": 0.0732675564920616,
      "ty": 0.09643419562923758,
      "tz": 0.0
    }
  ],
  "points_N": 20417
}