{
  "type": "scene",
  "distance_m": 0.3,
  "num_objects": 11,
  "intrinsics": {
    "width": 640,
    "height": 480,
    "fx": 554.2562584220408,
    "fy": 554.2562584220408,
    "cx": 0.09833344043225442,
    "cy": -0.09834202697611405
  },
  "T_wc": [
    [
      0.999999999999,
      0.0,
      0.0,
      0.0
    ],
    [
      -0.0,
      0.9999999999956668,
      0.0,
      0.0
    ],
    [
      0.0,
      0.0,
      -0.9999999999966668,
      0.31501416601240634
    ],
    [
      0.0,
      0.0,
      0.0,
      1.0
    ]
  ],
  "bin_size": {
    "w": 0.25,
    "d": 0.25
  },
  "z_floor": 0.0,
  "piece_aabb": {
    "w": 0.0300283320248127,
    "d": 0.0300283320248127,
    "h": 0.0300283320248127
  },
  "poses": [
    {
      "R": [
        [
          0.5761900166278021,
          0.3466895307968232,
          -0.7401428470061248
        ],
        [
          0.19942505115644363,
          -0.937842432869527,
          -0.28404439807997783
        ],
        [
          -0.7926125874030155,
          0.01606052132546429,
          -0.609514024403911
        ]
      ],
      "tx": 0.07966975980135571,
      "ty": 0.08453606169028977,
      "tz": 0.0
    },
    {
      "R": [
        [
          0.2334379975996116,
          0.9242883287327174,
          -0.30198971281347353
        ],
        [
          0.9628604592635167,
          -0.26305649925478236,
          -0.060835961294852386
        ],
        [
          -0.13567032565573675,
          -0.2765725285857208,
          -0.9513680671370928
        ]
      ],
      "tx": -0.05613977411112476,
      "ty": 0.010138340646124233,
      "tz": 0.0
    },
    {
      "R": [
        [
          0.4018259165393052,
          0.792323191221737,
          0.4590859325328431
        ],
        [
          -0.857478865944183,
          0.5015026879582216,
          -0.11500021056396643
        ],
        [
          -0.3213501629942412,
          -0.347446419787111,
          0.8809171687058286
        ]
      ],
      "tx": 0.055320159542885494,
      "ty": -0.053194485660119195,
      "tz": 0.0
    },
    {
      "R": [
        [
          -0.3881282884538768,
          0.41170217477810206,
          0.8245348694778443
        ],
        [
          -0.1685650726070667,
          0.8478671002929893,
          -0.5026999070397093
        ],
        [
          -0.9060586338636363,
          -0.3340998346658363,
          -0.25968259948911143
        ]
      ],
      "tx": -0.054048498410939366,
      "ty": 0.06789834646504053,
      "tz": 0.0
    },
    {
      "R": [
        [
          -0.13813227081793422,
          -0.04365322778571534,
          0.9894512981762011
        ],
        [
          -0.4216592324958666,
          0.9065580121124097,
          -0.01886961382203181
        ],
        [
          -0.8961712824062584,
          -0.41981777758771044,
          -0.14363170336537157
        ]
      ],
      "tx": 0.05256773776202872,
      "ty": 0.015176508976037173,
      "tz": 0.0
    },
    {
      "R": [
        [
          0.23260036539823792,
          0.7682511988103489,
          0.5963951421189375
        ],
        [
          -0.9240513750507435,
          -0.016701030128281502,
          0.38190330171325304
        ],
        [
          0.30335808260772623,
          -0.639930598673884,
          0.7060189109347201
        ]
      ],
      "tx": -0.05483233318454105,
      "ty": -0.08624142650192289,
      "tz": 0.0
    },
    {
      "R": [
        [
          -0.3522182288862885,
          -0.8324769861832982,
          0.42769660591987285
        ],
        [
          0.6105848752295308,
          -0.5507252901329898,
          -0.569111381847941
        ],
        [
          0.7093154653475031,
          0.060693675808169256,
          0.7022733430337138
        ]
      ],
      "tx": 0.003681392480531495,
      "ty": -0.09495131240687787,
      "tz": 0.0
    },
    {
      "R": [
        [
          -0.7416262203892245,
          -0.6679785375196499,
          0.06160537837155827
        ],
        [
          0.030695500572352596,
          -0.12553303372564928,
          -0.9916144632306688
        ],
        [
          0.6701106889729531,
          -0.7335162785219865,
          0.1136025249167002
        ]
      ],
      "tx": 0.016510126035267886,
      "ty": 0.09679730208008694,
      "tz": 0.0
    },
    {
      "R": [
        [
          -0.07588362819537764,
          -0.16164677401626082,
          -0.983926824221213
        ],
        [
          0.9694983331057283,
          0.2186761252272864,
          -0.11069658694284412
        ],
        [
          0.23305505160180562,
          -0.9623154746265469,
          0.14012234017872993
        ]
      ],
      "tx": -8.096125119526343e-05,
      "ty": -0.014647603435573767,
      "tz": 0.0
    },
    {
      "R": [
        [
          0.9657800341926256,
          -0.21626706838534854,
          -0.14316941253947313
        ],
        [
          0.23580307465664813,
          0.9620319613596089,
          0.13744604506880218
        ],
        [
          0.10800849752386199,
          -0.16650243377978277,
          0.9801077002085266
        ]
      ],
      "tx": -0.08733588630719193,
      "ty": -0.03815021478181831,
      "tz": 0.0
    },
    {
      "R": [
        [
          -0.568172765317289,
          -0.5277634660200577,
          0.63138374439496
        ],
        [
          0.5561503644800642,
          -0.8117782618672784,
          -0.17808095251438996
        ],
        [
          0.6065282193273424,
          0.24996355233160697,
          0.7547461438559109
        ]
      ],
      "tx": 0.09833344043225442,
      "ty": -0.09834202697611405,
      "tz": 0.0
    }
  ],
  "points_N": 52791
}