{
  "type": "scene",
  "distance_m": 0.3,
  "num_objects": 11,
  "intrinsics": {
    "width": 640,
    "height": 480,
    "fx": 554.2562584220408,
    "fy": 554.2562584220408,
    "cx": 0.049105062937855465,
    "cy": -0.004561337296158305
  },
  "T_wc": [
    [
      0.999999999999,
      0.0,
      0.0,
      0.0
    ],
    [
      -0.0,
      0.9999999999956668,
      0.0,
      0.0
    ],
    [
      0.0,
      0.0,
      -0.9999999999966668,
      0.31501416601240634
    ],
    [
      0.0,
      0.0,
      0.0,
      1.0
    ]
  ],
  "bin_size": {
    "w": 0.25,
    "d": 0.25
  },
  "z_floor": 0.0,
  "piece_aabb": {
    "w": 0.0300283320248127,
    "d": 0.0300283320248127,
    "h": 0.0300283320248127
  },
  "poses": [
    {
      "R": [
        [
          0.5631468515661266,
          0.29425750859144184,
          -0.7721904831119822
        ],
        [
          -0.08399289293834276,
          0.9499945473964089,
          0.3007582980616502
        ],
        [
          0.8220771359836053,
          -0.10451257605977315,
          0.5597019777866996
        ]
      ],
      "tx": -0.035354927358868235,
      "ty": -0.03536872542340705,
      "tz": 0.0
    },
    {
      "R": [
        [
          0.994061146969242,
          0.10683132608266581,
          -0.020724474748812716
        ],
        [
          0.0718225855682474,
          -0.7871414585414025,
          -0.6125763956010755
        ],
        [
          -0.08175544195028749,
          0.6074499090564855,
          -0.79013964316365
        ]
      ],
      "tx": -0.08307476125728157,
      "ty": 0.022095604514239794,
      "tz": 0.0
    },
    {
      "R": [
        [
          -0.8451801678975683,
          -0.1539493822773275,
          0.5118301197556351
        ],
        [
          0.12998827034394453,
          0.8696613527363352,
          0.4762270268787748
        ],
        [
          -0.5184337309296417,
          0.4690295505117316,
          -0.7150089141969738
        ]
      ],
      "tx": 0.06822147718415089,
      "ty": -0.059333901599935665,
      "tz": 0.0
    },
    {
      "R": [
        [
          0.4793856901831074,
          0.11668225998595473,
          -0.8698129742951848
        ],
        [
          0.2887521900497921,
          0.9149672344862324,
          0.281881415772776
        ],
        [
          0.8287409322515176,
          -0.3862903183114818,
          0.4049299410882079
        ]
      ],
      "tx": 0.003193875568533913,
      "ty": 0.03075885341358392,
      "tz": 0.0
    },
    {
      "R": [
        [
          -0.5100555041658663,
          -0.14288307358169683,
          -0.8481909041919456
        ],
        [
          0.4402342471502262,
          0.8037937096889796,
          -0.40013682647377263
        ],
        [
          0.7389432930246925,
          -0.5774946749090211,
          -0.3470773835120158
        ]
      ],
      "tx": 0.07250623759088073,
      "ty": 0.0924281725027358,
      "tz": 0.0
    },
    {
      "R": [
        [
          -0.40052992365864015,
          -0.029488340565184068,
          0.9158090510716279
        ],
        [
          0.5557936900786358,
          0.7867965727006163,
          0.2684111161173046
        ],
        [
          -0.7284704210349089,
          0.6165075757501083,
          -0.2987461375816385
        ]
      ],
      "tx": 0.0955079449421414,
      "ty": 0.034603993744914324,
      "tz": 0.0
    },
    {
      "R": [
        [
          0.3207193601642211,
          0.3023729219813483,
          -0.8976133399567511
        ],
        [
          0.8981154099285262,
          0.20395505012938286,
          0.38960370631660585
        ],
        [
          0.30087838484139706,
          -0.9311138241800421,
          -0.20615344759680765
        ]
      ],
      "tx": 0.006159149761764043,
      "ty": 0.09555818119303439,
      "tz": 0.0
    },
    {
      "R": [
        [
          -0.30867743636734013,
          -0.5885786579409241,
          -0.7471903396686465
        ],
        [
          0.21982834184116998,
          -0.8084286003960082,
          0.546002470859897
        ],
        [
          -0.9254154420588886,
          0.004285029546167274,
          0.37892993827453136
        ]
      ],
      "tx": 0.014588247660650616,
      "ty": -0.09616478062689254,
      "tz": 0.0
    },
    {
      "R": [
        [
          -0.23538870139437496,
          0.639468265754289,
          -0.7318965065834597
        ],
        [
          0.9709839474046948,
          0.187440664307013,
          -0.14851320226344417
        ],
        [
          0.042217687504965296,
          -0.7456180888748261,
          -0.6650348354818605
        ]
      ],
      "tx": -0.07931613697695361,
      "ty": 0.0928795247440721,
      "tz": 0.0
    },
    {
      "R": [
        [
          0.22070057926354658,
          0.6210433634868606,
          0.7520614303244527
        ],
        [
          -0.39410061862634843,
          0.7621089160304884,
          -0.5136873587165286
        ],
        [
          -0.8921748464909017,
          -0.18301677730678434,
          0.4129514529738024
        ]
      ],
      "tx": -0.07630698411566281,
      "ty": -0.07827697785206131,
      "tz": 0.0
    },
    {
      "R": [
        [
          -0.8684580127097552,
          0.4446151837952319,
          0.2193126045145472
        ],
        [
          0.4957617263950014,
          0.7779699556103947,
          0.3859832364357398
        ],
        [
          0.0009953904107725953,
          0.44393702988857836,
          -0.896057432697055
        ]
      ],
      "tx": 0.049105062937855465,
      "ty": -0.004561337296158305,
      "tz": 0.0
    }
  ],
  "points_N": 55492
}