{
  "type": "scene",
  "distance_m": 0.3,
  "num_objects": 7,
  "intrinsics": {
    "width": 640,
    "height": 480,
    "fx": 554.2562584220408,
    "fy": 554.2562584220408,
    "cx": 0.03162339551520285,
    "cy": 0.0782906416429073
  },
  "T_wc": [
    [
      0.999999999999,
      0.0,
      0.0,
      0.0
    ],
    [
      -0.0,
      0.9999999999956668,
      0.0,
      0.0
    ],
    [
      0.0,
      0.0,
      -0.9999999999966668,
      0.31501416601240634
    ],
    [
      0.0,
      0.0,
      0.0,
      1.0
    ]
  ],
  "bin_size": {
    "w": 0.25,
    "d": 0.25
  },
  "z_floor": 0.0,
  "piece_aabb": {
    "w": 0.0300283320248127,
    "d": 0.0300283320248127,
    "h": 0.0300283320248127
  },
  "poses": [
    {
      "R": [
        [
          -0.6947487635759764,
          0.3054938479307236,
          0.651151030396276
        ],
        [
          0.7189021871053751,
          0.2666905097952905,
          0.6419157400782725
        ],
        [
          0.02244550923369809,
          0.914084066627139,
          -0.40490309736235885
        ]
      ],
      "tx": 0.09669885523921803,
      "ty": 0.08074991752290384,
      "tz": 0.0
    },
    {
      "R": [
        [
          -0.8468937374903798,
          0.24706038085705953,
          0.47088445038070686
        ],
        [
          0.0037476545369937997,
          -0.8827219940179776,
          0.4698806618306364
        ],
        [
          0.5317489562613612,
          0.39970370211906997,
          0.7466458317216154
        ]
      ],
      "tx": 0.007572550256480737,
      "ty": 0.015321984410571768,
      "tz": 0.0
    },
    {
      "R": [
        [
          -0.5848405462687492,
          -0.40888421666487595,
          -0.7005535188709154
        ],
        [
          -0.371428725921337,
          0.902785194723918,
          -0.2168400187874686
        ],
        [
          0.7211118061719165,
          0.13338886591334448,
          -0.679856730090854
        ]
      ],
      "tx": -0.06982716840790892,
      "ty": 0.09175706573933776,
      "tz": 0.0
    },
    {
      "R": [
        [
          0.9659794087790844,
          0.24493359809289536,
          -0.08301394063697146
        ],
        [
          0.19424721396941289,
          -0.47523228523051375,
          0.8581505083257274
        ],
        [
          0.17073898699456944,
          -0.8450809473653108,
          -0.5066422709567537
        ]
      ],
      "tx": -0.04793540211503712,
      "ty": -0.054271523810987786,
      "tz": 0.0
    },
    {
      "R": [
        [
          -0.37459183261790807,
          -0.792987588998914,
          -0.48047023074239104
        ],
        [
          -0.9097215045352791,
          0.2142223382791294,
          0.35569027814699994
        ],
        [
          -0.17913051979499475,
          0.570332774330839,
          -0.801643800825568
        ]
      ],
      "tx": -0.05249445383250922,
      "ty": 0.026651959591056318,
      "tz": 0.0
    },
    {
      "R": [
        [
          -0.8121953157823443,
          0.4649428526803674,
          0.3523732577291584
        ],
        [
          0.5510995350700854,
          0.41332292155924544,
          0.7248816903186791
        ],
        [
          0.19138461658856865,
          0.7829382518788898,
          -0.5919287307422021
        ]
      ],
      "tx": 0.08962886832606737,
      "ty": -0.025854326710836498,
      "tz": 0.0
    },
    {
      "R": [
        [
          0.12301964278622035,
          0.8671093417140108,
          0.48268784633657985
        ],
        [
          -0.3276236035462619,
          -0.4236281743329089,
          0.844512844372854
        ],
        [
          0.9367651476694212,
          -0.262031600047898,
          0.23197090052035807
        ]
      ],
      "tx": 0.03162339551520285,
      "ty": 0.0782906416429073,
      "tz": 0.0
    }
  ],
  "points_N": 35595
}