{
  "type": "scene",
  "distance_m": 0.3,
  "num_objects": 10,
  "intrinsics": {
    "width": 640,
    "height": 480,
    "fx": 554.2562584220408,
    "fy": 554.2562584220408,
    "cx": -0.003232669372025182,
    "cy": -0.023841075115716023
  },
  "T_wc": [
    [
      0.999999999999,
      0.0,
      0.0,
      0.0
    ],
    [
      -0.0,
      0.9999999999956668,
      0.0,
      0.0
    ],
    [
      0.0,
      0.0,
      -0.9999999999966668,
      0.31501416601240634
    ],
    [
      0.0,
      0.0,
      0.0,
      1.0
    ]
  ],
  "bin_size": {
    "w": 0.25,
    "d": 0.25
  },
  "z_floor": 0.0,
  "piece_aabb": {
    "w": 0.0300283320248127,
    "d": 0.0300283320248127,
    "h": 0.0300283320248127
  },
  "poses": [
    {
      "R": [
        [
          -0.8854888887848817,
          0.4523079765681723,
          -0.10642801403446756
        ],
        [
          0.18558095131064817,
          0.5542379005504592,
          0.8114062238509476
        ],
        [
          0.4259919463430617,
          0.6987401834202931,
          -0.5747112472578078
        ]
      ],
      "tx": 0.001784281670980964,
      "ty": -0.08179554681510497,
      "tz": 0.0
    },
    {
      "R": [
        [
          -0.27886010457040245,
          0.40966193137121665,
          0.8685701722164931
        ],
        [
          -0.8951780531433338,
          0.21657737381365127,
          -0.3895516580923416
        ],
        [
          -0.3476971314944874,
          -0.8861553718943346,
          0.306325581062566
        ]
      ],
      "tx": 0.08637706989899188,
      "ty": -0.08994148051704516,
      "tz": 0.0
    },
    {
      "R": [
        [
          -0.16176841849090895,
          -0.7800558491175242,
          0.6044368048328036
        ],
        [
          0.5626995143407363,
          -0.5760859040527815,
          -0.5928695368395895
        ],
        [
          0.8106788731301994,
          0.24420872918310704,
          0.5321295530706052
        ]
      ],
      "tx": 0.017687597805095365,
      "ty": 0.044982356617811414,
      "tz": 0.0
    },
    {
      "R": [
        [
          -0.43265682047190257,
          -0.8984707369839247,
          0.07455474822375241
        ],
        [
          -0.46152130859945184,
          0.14968652181704134,
          -0.8744095304232257
        ],
        [
          0.7744715342785643,
          -0.412727852185771,
          -0.479426284867994
        ]
      ],
      "tx": 0.07836425138277422,
      "ty": 0.060971023048087186,
      "tz": 0.0
    },
    {
      "R": [
        [
          0.3639192757811831,
          0.778730260884059,
          -0.511020490292067
        ],
        [
          0.08679832515280433,
          0.517899866520805,
          0.8510263092339746
        ],
        [
          0.9273773835206287,
          -0.3540606008032775,
          0.12088126196088012
        ]
      ],
      "tx": -0.08677652514710374,
      "ty": 0.07660566425154505,
      "tz": 0.0
    },
    {
      "R": [
        [
          0.45407121385933824,
          -0.7896770303255449,
          -0.41258880319336766
        ],
        [
          -0.28033805805089357,
          0.3129312390561052,
          -0.9074605296270822
        ],
        [
          0.8457126615775367,
          0.5277160480779782,
          -0.07928345759614741
        ]
      ],
      "tx": -0.06155865498681769,
      "ty": 0.001332553638802525,
      "tz": 0.0
    },
    {
      "R": [
        [
          -0.525561122446184,
          -0.5523801401068293,
          0.6470407154025679
        ],
        [
          0.19620533653510203,
          0.6613480687581478,
          0.7239628428759418
        ],
        [
          -0.8278218241193298,
          0.5074395656286842,
          -0.23919890205918093
        ]
      ],
      "tx": 0.05939752508675561,
      "ty": -0.022940186831184498,
      "tz": 0.0
    },
    {
      "R": [
        [
          -0.9179361301992475,
          0.2375082678747017,
          -0.317778356037646
        ],
        [
          0.3444371018194622,
          0.07963133983550874,
          -0.9354260700911703
        ],
        [
          -0.19686630937019006,
          -0.968116042841539,
          -0.15490314337611077
        ]
      ],
      "tx": -0.07666018907447088,
      "ty": -0.0654751673914927,
      "tz": 0.0
    },
    {
      "R": [
        [
          -0.11462835304439545,
          0.867840624373219,
          -0.48343871521200155
        ],
        [
          -0.92822814558305,
          -0.2669410330170301,
          -0.2591042157882669
        ],
        [
          -0.3539107944465404,
          0.4190407326016198,
          0.8361531043983013
        ]
      ],
      "tx": -0.026148334897663716,
      "ty": 0.09206624495089716,
      "tz": 0.0
    },
    {
      "R": [
        [
          -0.5993988249728359,
          -0.6229309672384732,
          0.5026709248370381
        ],
        [
          -0.6520161394434861,
          0.01568654172454309,
          -0.7580427997903127
        ],
        [
          0.4643231660453691,
          -0.782119519296165,
          -0.41556353907620447
        ]
      ],
      "tx": -0.003232669372025182,
      "ty": -0.023841075115716023,
      "tz": 0.0
    }
  ],
  "points_N": 50650
}