{
  "type": "scene",
  "distance_m": 0.3,
  "num_objects": 4,
  "intrinsics": {
    "width": 640,
    "height": 480,
    "fx": 554.2562584220408,
    "fy": 554.2562584220408,
    "cx": -0.014482466293395058,
    "cy": 0.048460090046860194
  },
  "T_wc": [
    [
      0.999999999999,
      0.0,
      0.0,
      0.0
    ],
    [
      -0.0,
      0.9999999999956668,
      0.0,
      0.0
    ],
    [
      0.0,
      0.0,
      -0.9999999999966668,
      0.31501416601240634
    ],
    [
      0.0,
      0.0,
      0.0,
      1.0
    ]
  ],
  "bin_size": {
    "w": 0.25,
    "d": 0.25
  },
  "z_floor": 0.0,
  "piece_aabb": {
    "w": 0.0300283320248127,
    "d": 0.0300283320248127,
    "h": 0.0300283320248127
  },
  "poses": [
    {
      "R": [
        [
          0.6689540710432639,
          0.1691353539992162,
          0.7238050033415102
        ],
        [
          -0.7190214339968845,
          0.3941077139557334,
          0.5724397673586714
        ],
        [
          -0.1884373325212067,
          -0.9033672242383746,
          0.38525190445232904
        ]
      ],
      "tx": 0.045875949570530705,
      "ty": -0.025618296232312113,
      "tz": 0.0
    },
    {
      "R": [
        [
          -0.2552218040284304,
          -0.6917331169560288,
          0.6755494990411661
        ],
        [
          0.6692465747757332,
          0.377882928026513,
          0.6397761443325768
        ],
        [
          -0.6978329691978034,
          0.6153940100556766,
          0.36649605657929163
        ]
      ],
      "tx": -0.08927740044817391,
      "ty": 0.08939195167028102,
      "tz": 0.0
    },
    {
      "R": [
        [
          0.7235353789057264,
          -0.2221432121298173,
          -0.6535663308160803
        ],
        [
          0.4254387318360144,
          0.8891087585459561,
          0.16878240705308303
        ],
        [
          0.5435976829655466,
          -0.40017247379288323,
          0.7378099689574364
        ]
      ],
      "tx": 0.02916497033269047,
      "ty": -0.09254132132815569,
      "tz": 0.0
    },
    {
      "R": [
        [
          -0.5113671561902344,
          -0.6950438825270346,
          0.5053885959651819
        ],
        [
          0.7901786499268597,
          -0.6114756305594578,
          -0.04141563028228121
        ],
        [
          0.3378184908640697,
          0.37816868536892234,
          0.8618973910139556
        ]
      ],
      "tx": -0.014482466293395058,
      "ty": 0.048460090046860194,
      "tz": 0.0
    }
  ],
  "points_N": 19910
}