{
  "type": "scene",
  "distance_m": 0.3,
  "num_objects": 9,
  "intrinsics": {
    "width": 640,
    "height": 480,
    "fx": 554.2562584220408,
    "fy": 554.2562584220408,
    "cx": 0.08637004142607987,
    "cy": -0.0939674382965876
  },
  "T_wc": [
    [
      0.999999999999,
      0.0,
      0.0,
      0.0
    ],
    [
      -0.0,
      0.9999999999956668,
      0.0,
      0.0
    ],
    [
      0.0,
      0.0,
      -0.9999999999966668,
      0.31501416601240634
    ],
    [
      0.0,
      0.0,
      0.0,
      1.0
    ]
  ],
  "bin_size": {
    "w": 0.25,
    "d": 0.25
  },
  "z_floor": 0.0,
  "piece_aabb": {
    "w": 0.0300283320248127,
    "d": 0.0300283320248127,
    "h": 0.0300283320248127
  },
  "poses": [
    {
      "R": [
        [
          0.5284769088085954,
          0.40638959020014087,
          0.7453587443862675
        ],
        [
          -0.3188508544670733,
          0.9087168759817492,
          -0.2693840602403704
        ],
        [
          -0.7867949475319023,
          -0.09529501709392682,
          0.6098135536828773
        ]
      ],
      "tx": 0.011972903042226923,
      "ty": -0.02237537091893614,
      "tz": 0.0
    },
    {
      "R": [
        [
          -0.18287812079485533,
          0.43700212114604475,
          -0.8806728899247437
        ],
        [
          -0.7841358886391679,
          -0.6051731998205472,
          -0.1374638365790144
        ],
        [
          -0.5930316189568684,
          0.6654280910307419,
          0.45334198414064664
        ]
      ],
      "tx": -0.09700851258739086,
      "ty": -0.0650831579834973,
      "tz": 0.0
    },
    {
      "R": [
        [
          0.06403585049703553,
          -0.9962921632298207,
          0.057457247914999565
        ],
        [
          -0.4400930573725261,
          0.023481549324138706,
          0.8976450956217834
        ],
        [
          -0.8956659593306111,
          -0.08276800304575704,
          -0.4369576031701403
        ]
      ],
      "tx": 0.009003645442036856,
      "ty": -0.08545033466657516,
      "tz": 0.0
    },
    {
      "R": [
        [
          -0.01201841532813308,
          -0.5141198317085395,
          -0.857634162295896
        ],
        [
          0.8041677839765667,
          0.5047795966635737,
          -0.3138657897993622
        ],
        [
          0.5942808535593403,
          -0.6934539331751912,
          0.4073719549215915
        ]
      ],
      "tx": 0.09722928281710905,
      "ty": 0.09687570716275523,
      "tz": 0.0
    },
    {
      "R": [
        [
          -0.5254134469087657,
          0.21020919567597157,
          -0.8244712268240237
        ],
        [
          0.025172585798762567,
          0.972416746229941,
          0.2318879310696837
        ],
        [
          0.8504746032255481,
          0.10108296446402602,
          -0.516212343482322
        ]
      ],
      "tx": 0.09299241360098806,
      "ty": -0.03515026458093712,
      "tz": 0.0
    },
    {
      "R": [
        [
          -0.4793174978125314,
          0.8284525944754341,
          -0.28969127532194705
        ],
        [
          0.49142397660356496,
          -0.02013694465298732,
          -0.8706876470234212
        ],
        [
          -0.7271569373318755,
          -0.5596970628536161,
          -0.39746947847999925
        ]
      ],
      "tx": -0.010544554024411942,
      "ty": 0.07132323121031739,
      "tz": 0.0
    },
    {
      "R": [
        [
          0.9442087512584184,
          -0.11076818579275491,
          -0.3101616402187734
        ],
        [
          0.23038753481546367,
          -0.4508339767868774,
          0.8623632118638773
        ],
        [
          -0.2353538141791452,
          -0.8857082670895144,
          -0.40016177698603017
        ]
      ],
      "tx": -0.053201136923637656,
      "ty": -0.017368314712481236,
      "tz": 0.0
    },
    {
      "R": [
        [
          -0.43521512389482764,
          -0.8685627609399067,
          0.2370369723095039
        ],
        [
          0.6822257094588939,
          -0.48995113654115685,
          -0.542693251437069
        ],
        [
          0.5874996827969517,
          -0.07447559405923132,
          0.8057899903839745
        ]
      ],
      "tx": 0.05953420273146373,
      "ty": 0.03586442158118333,
      "tz": 0.0
    },
    {
      "R": [
        [
          -0.4956293009194761,
          -0.8279521697680119,
          -0.26238673870169665
        ],
        [
          0.03355037495385177,
          -0.3201284390992345,
          0.9467798872073402
        ],
        [
          -0.8678859190069437,
          0.4604486801548343,
          0.1864431402147686
        ]
      ],
      "tx": 0.08637004142607987,
      "ty": -0.0939674382965876,
      "tz": 0.0
    }
  ],
  "points_N": 44185
}