{
  "type": "scene",
  "distance_m": 0.3,
  "num_objects": 11,
  "intrinsics": {
    "width": 640,
    "height": 480,
    "fx": 554.2562584220408,
    "fy": 554.2562584220408,
    "cx": -0.08133866296595285,
    "cy": 0.09688004770126524
  },
  "T_wc": [
    [
      0.999999999999,
      0.0,
      0.0,
      0.0
    ],
    [
      -0.0,
      0.9999999999956668,
      0.0,
      0.0
    ],
    [
      0.0,
      0.0,
      -0.9999999999966668,
      0.31501416601240634
    ],
    [
      0.0,
      0.0,
      0.0,
      1.0
    ]
  ],
  "bin_size": {
    "w": 0.25,
    "d": 0.25
  },
  "z_floor": 0.0,
  "piece_aabb": {
    "w": 0.0300283320248127,
    "d": 0.0300283320248127,
    "h": 0.0300283320248127
  },
  "poses": [
    {
      "R": [
        [
          0.9096449791416272,
          0.05689296306023781,
          -0.41147199500896153
        ],
        [
          -0.024695488671820982,
          -0.9814168718013201,
          -0.19029202974105744
        ],
        [
          -0.41465183559425906,
          0.1832596914161375,
          -0.8913359303541926
        ]
      ],
      "tx": 0.0706553529709153,
      "ty": 0.07088807494564697,
      "tz": 0.0
    },
    {
      "R": [
        [
          -0.9899911211449757,
          0.13930386596716873,
          -0.02262770383213589
        ],
        [
          0.13945346381320176,
          0.9902151508445503,
          -0.005165894734176635
        ],
        [
          0.021686666055754002,
          -0.008269701597135063,
          -0.9997306139910291
        ]
      ],
      "tx": -0.08900786531092124,
      "ty": -0.028130564839319125,
      "tz": 0.0
    },
    {
      "R": [
        [
          0.8154093351875109,
          0.17680423714502916,
          -0.5512239815325759
        ],
        [
          0.5682965162312691,
          -0.42577836351838627,
          0.7040964811721525
        ],
        [
          -0.11021200355888766,
          -0.8873855119885431,
          -0.44766088435820084
        ]
      ],
      "tx": -0.04560689970243365,
      "ty": -0.07326665294187523,
      "tz": 0.0
    },
    {
      "R": [
        [
          -0.9991464882522301,
          -0.025781948070040427,
          0.0322736140980507
        ],
        [
          0.04120035373409256,
          -0.6781936055411568,
          0.733727445483179
        ],
        [
          0.002970835811990173,
          0.7344308848059153,
          0.6786769847120047
        ]
      ],
      "tx": 0.00019099192486507488,
      "ty": 0.001709946381216243,
      "tz": 0.0
    },
    {
      "R": [
        [
          0.38645837772415614,
          -0.9015660299204104,
          0.19449579939002026
        ],
        [
          0.5182069023705175,
          0.037805811696053127,
          -0.8544192922316041
        ],
        [
          0.762962337617242,
          0.4309865592980273,
          0.4818081123041429
        ]
      ],
      "tx": 0.08147530357803745,
      "ty": -0.033541443579280406,
      "tz": 0.0
    },
    {
      "R": [
        [
          0.47668748834013863,
          0.16882223044898725,
          -0.8627097385367799
        ],
        [
          -0.49315003982454875,
          -0.7610580536350606,
          -0.42141864839878546
        ],
        [
          -0.7277170306382943,
          0.6263303389613522,
          -0.27953216239914447
        ]
      ],
      "tx": -0.024113596007696622,
      "ty": 0.08798256698102275,
      "tz": 0.0
    },
    {
      "R": [
        [
          0.6720410574068905,
          -0.016364352495639667,
          0.7403330501381302
        ],
        [
          -0.6290268941133539,
          -0.5401612639648874,
          0.5590625862942029
        ],
        [
          0.3907505388883504,
          -0.8414024107876408,
          -0.37330416482971374
        ]
      ],
      "tx": 0.02004100787945881,
      "ty": -0.052614003154408326,
      "tz": 0.0
    },
    {
      "R": [
        [
          -0.2280676242577302,
          -0.07883604316121912,
          -0.9704483690872572
        ],
        [
          -0.9461028015778858,
          0.2533378410672781,
          0.20176577293943132
        ],
        [
          0.2299448795079171,
          0.9641601612709649,
          -0.13236516084694117
        ]
      ],
      "tx": -0.07651865772025587,
      "ty": 0.0315875398731183,
      "tz": 0.0
    },
    {
      "R": [
        [
          -0.6931599734063767,
          -0.6534471865352328,
          -0.3041973465966794
        ],
        [
          0.7181771358403407,
          -0.6619914907613924,
          -0.2144501520532791
        ],
        [
          -0.06124420644792761,
          -0.36711584080327897,
          0.9281568329802163
        ]
      ],
      "tx": -0.09870230515502512,
      "ty": -0.09795639517921387,
      "tz": 0.0
    },
    {
      "R": [
        [
          -0.12790048504500784,
          -0.9913020249063698,
          0.031012277275016653
        ],
        [
          -0.00830802506005629,
          0.03233886892360416,
          0.9994424316969654
        ],
        [
          -0.9917522082883673,
          0.12757152101183383,
          -0.012371919086142658
        ]
      ],
      "tx": 0.07414974674339575,
      "ty": -0.09523323495566627,
      "tz": 0.0
    },
    {
      "R": [
        [
          -0.6498180963770683,
          -0.5920579668008858,
          0.47665900344846557
        ],
        [
          0.6245170029286178,
          -0.0584223746519561,
          0.7788230474203258
        ],
        [
          -0.4332608390726538,
          0.8037749623418408,
          0.40771418326866227
        ]
      ],
      "tx": -0.08133866296595285,
      "ty": 0.09688004770126524,
      "tz": 0.0
    }
  ],
  "points_N": 54330
}