{
  "type": "scene",
  "distance_m": 0.3,
  "num_objects": 4,
  "intrinsics": {
    "width": 640,
    "height": 480,
    "fx": 554.2562584220408,
    "fy": 554.2562584220408,
    "cx": 0.0064193191409840505,
    "cy": 0.009890918243189398
  },
  "T_wc": [
    [
      0.999999999999,
      0.0,
      0.0,
      0.0
    ],
    [
      -0.0,
      0.9999999999956668,
      0.0,
      0.0
    ],
    [
      0.0,
      0.0,
      -0.9999999999966668,
      0.31501416601240634
    ],
    [
      0.0,
      0.0,
      0.0,
      1.0
    ]
  ],
  "bin_size": {
    "w": 0.25,
    "d": 0.25
  },
  "z_floor": 0.0,
  "piece_aabb": {
    "w": 0.0300283320248127,
    "d": 0.0300283320248127,
    "h": 0.0300283320248127
  },
  "poses": [
    {
      "R": [
        [
          0.3542260895272288,
          -0.7093237581147167,
          -0.6094125726240496
        ],
        [
          -0.6618459243168333,
          -0.6505439296983049,
          0.37249505768249275
        ],
        [
          -0.6606692439969069,
          0.27138975976757446,
          -0.6999026706120315
        ]
      ],
      "tx": 0.05954235865553678,
      "ty": 0.04776997072720332,
      "tz": 0.0
    },
    {
      "R": [
        [
          0.10949513169616987,
          -0.062116975034997746,
          0.9920445038138863
        ],
        [
          -0.9857814777893779,
          0.1211928053583351,
          0.1163923621925736
        ],
        [
          -0.12745859791410297,
          -0.9906834940291871,
          -0.04796374126246672
        ]
      ],
      "tx": -0.0490441505691424,
      "ty": -0.028747000340420187,
      "tz": 0.0
    },
    {
      "R": [
        [
          0.586943097665767,
          0.21864071392035864,
          0.7795473291076749
        ],
        [
          -0.6791568148176881,
          -0.3911755585111023,
          0.6210698055051617
        ],
        [
          0.4407310075195598,
          -0.8939675165462796,
          -0.0811064631880265
        ]
      ],
      "tx": -0.08026638121777885,
      "ty": 0.05986764748666071,
      "tz": 0.0
    },
    {
      "R": [
        [
          -0.6104541882031922,
          0.6797650947909647,
          -0.40652810482057977
        ],
        [
          -0.7197224776422105,
          -0.690350173549694,
          -0.07359478960133718
        ],
        [
          -0.33067391684518954,
          0.2476611672905909,
          0.9106693730078566
        ]
      ],
      "tx": 0.0064193191409840505,
      "ty": 0.009890918243189398,
      "tz": 0.0
    }
  ],
  "points_N": 18977
}