{
  "type": "scene",
  "distance_m": 0.3,
  "num_objects": 9,
  "intrinsics": {
    "width": 640,
    "height": 480,
    "fx": 554.2562584220408,
    "fy": 554.2562584220408,
    "cx": 0.02662304695255477,
    "cy": 0.0873777652942268
  },
  "T_wc": [
    [
      0.999999999999,
      0.0,
      0.0,
      0.0
    ],
    [
      -0.0,
      0.9999999999956668,
      0.0,
      0.0
    ],
    [
      0.0,
      0.0,
      -0.9999999999966668,
      0.31501416601240634
    ],
    [
      0.0,
      0.0,
      0.0,
      1.0
    ]
  ],
  "bin_size": {
    "w": 0.25,
    "d": 0.25
  },
  "z_floor": 0.0,
  "piece_aabb": {
    "w": 0.0300283320248127,
    "d": 0.0300283320248127,
    "h": 0.0300283320248127
  },
  "poses": [
    {
      "R": [
        [
          0.40937997067458487,
          -0.40021971994366473,
          -0.8198976859210485
        ],
        [
          -0.8191287352412338,
          -0.5569808049513827,
          -0.13711490808006999
        ],
        [
          -0.4017911829701748,
          0.7277338515445905,
          -0.5558482586133586
        ]
      ],
      "tx": -0.006410657395577418,
      "ty": -0.0822169856622772,
      "tz": 0.0
    },
    {
      "R": [
        [
          0.3568256093334895,
          0.8216961768853495,
          -0.4443994570381298
        ],
        [
          -0.31650440245002526,
          0.5539188385287666,
          0.770064207422144
        ],
        [
          0.8789200462803977,
          -0.13412424544034823,
          0.45772288453989374
        ]
      ],
      "tx": 0.04335782869791477,
      "ty": -0.048168454893025056,
      "tz": 0.0
    },
    {
      "R": [
        [
          -0.9561928513011966,
          -0.25690375210201677,
          0.14034134556998124
        ],
        [
          -0.20490090780502385,
          0.929750373552221,
          0.3059082556260661
        ],
        [
          -0.20907139713783063,
          0.2637512180737958,
          -0.9416604727094711
        ]
      ],
      "tx": -0.0742498725995469,
      "ty": -0.03599922268581808,
      "tz": 0.0
    },
    {
      "R": [
        [
          0.8118787890409991,
          -0.300142867844628,
          0.5007665032600753
        ],
        [
          -0.5274557665180672,
          -0.7447942655258133,
          0.40874431666593514
        ],
        [
          0.25028632857621114,
          -0.5959830206657454,
          -0.7629947528036967
        ]
      ],
      "tx": -0.013504462187888852,
      "ty": 0.045871439670778835,
      "tz": 0.0
    },
    {
      "R": [
        [
          0.6967543448048634,
          -0.49865604240629396,
          0.5156311999551985
        ],
        [
          0.48503127322134937,
          0.8571145319969407,
          0.17349162238258667
        ],
        [
          -0.5284676404405687,
          0.1292162157446102,
          0.8390620493120995
        ]
      ],
      "tx": 0.0981698146634426,
      "ty": 0.09646959627289928,
      "tz": 0.0
    },
    {
      "R": [
        [
          0.17545418438877647,
          0.5039779182978803,
          0.845708038893213
        ],
        [
          -0.9815571113541945,
          0.15578276126747537,
          0.11080328714388415
        ],
        [
          -0.07590432352954907,
          -0.8495516400784686,
          0.5220158469907841
        ]
      ],
      "tx": 0.08838929167140244,
      "ty": -0.003977939698705246,
      "tz": 0.0
    },
    {
      "R": [
        [
          0.4878017480480179,
          0.22615130074804543,
          0.8431518509564366
        ],
        [
          -0.646239077641016,
          0.7428881510601733,
          0.1746203010651575
        ],
        [
          -0.5868769113970893,
          -0.630057762577658,
          0.5085299466940454
        ]
      ],
      "tx": -0.07897033447637085,
      "ty": -0.09553739286338492,
      "tz": 0.0
    },
    {
      "R": [
        [
          -0.4198467910205024,
          -0.14992401336855726,
          -0.895126506302462
        ],
        [
          -0.6745746298889221,
          -0.6082697626090157,
          0.4182785729699717
        ],
        [
          -0.6071883898593671,
          0.7794425483068248,
          0.15424517207664135
        ]
      ],
      "tx": -0.08301799093173737,
      "ty": 0.04991035637129218,
      "tz": 0.0
    },
    {
      "R": [
        [
          -0.5704728432110604,
          0.7856695375715773,
          0.2393409970956769
        ],
        [
          0.2943175607624472,
          0.4676136555606001,
          -0.8334954364362744
        ],
        [
          -0.7667710926903363,
          -0.4050442529715935,
          -0.4979972334753995
        ]
      ],
      "tx": 0.02662304695255477,
      "ty": 0.0873777652942268,
      "tz": 0.0
    }
  ],
  "points_N": 46555
}