{
  "type": "scene",
  "distance_m": 0.3,
  "num_objects": 5,
  "intrinsics": {
    "width": 640,
    "height": 480,
    "fx": 554.2562584220408,
    "fy": 554.2562584220408,
    "cx": -0.007024105376260983,
    "cy": 0.09483335725061667
  },
  "T_wc": [
    [
      0.999999999999,
      0.0,
      0.0,
      0.0
    ],
    [
      -0.0,
      0.9999999999956668,
      0.0,
      0.0
    ],
    [
      0.0,
      0.0,
      -0.9999999999966668,
      0.31501416601240634
    ],
    [
      0.0,
      0.0,
      0.0,
      1.0
    ]
  ],
  "bin_size": {
    "w": 0.25,
    "d": 0.25
  },
  "z_floor": 0.0,
  "piece_aabb": {
    "w": 0.0300283320248127,
    "d": 0.0300283320248127,
    "h": 0.0300283320248127
  },
  "poses": [
    {
      "R": [
        [
          -0.3340056450127864,
          -0.5696645702352032,
          -0.7509477388729082
        ],
        [
          0.933841628556092,
          -0.09181647661759618,
          -0.34570152935333726
        ],
        [
          0.12798453764146017,
          -0.8167325217231598,
          0.5626437114946101
        ]
      ],
      "tx": -0.029771321630864794,
      "ty": 0.005433272307749204,
      "tz": 0.0
    },
    {
      "R": [
        [
          0.15950394840761972,
          0.9871373925080533,
          0.010874684123256373
        ],
        [
          -0.61295858741536,
          0.10766628877698037,
          -0.7827450034173058
        ],
        [
          -0.7738476985532396,
          0.11818518762261648,
          0.6222475398669417
        ]
      ],
      "tx": 0.00012308986143123868,
      "ty": -0.06547760428891686,
      "tz": 0.0
    },
    {
      "R": [
        [
          0.07669939803707171,
          0.5869318412150021,
          0.8059951712688597
        ],
        [
          -0.667844307322318,
          -0.5699979268206139,
          0.4786296528605128
        ],
        [
          0.740338560064194,
          -0.5749898931182785,
          0.3482605910721259
        ]
      ],
      "tx": 0.06974373762261357,
      "ty": -0.06799928840752278,
      "tz": 0.0
    },
    {
      "R": [
        [
          0.925061199248561,
          0.29766571217012516,
          0.2359171495314962
        ],
        [
          -0.3780839383280368,
          0.7809527219262011,
          0.4971573007554235
        ],
        [
          -0.03625345808575234,
          -0.5490974138659821,
          0.8349716862639804
        ]
      ],
      "tx": 0.08552165625657285,
      "ty": 0.0409419340112499,
      "tz": 0.0
    },
    {
      "R": [
        [
          0.726483137019757,
          -0.5714136353818744,
          -0.3817181013858308
        ],
        [
          0.6827325740819699,
          0.5370524830662594,
          0.49542997761517493
        ],
        [
          -0.0780927904056492,
          -0.6205329062443308,
          0.7802822747920293
        ]
      ],
      "tx": -0.007024105376260983,
      "ty": 0.09483335725061667,
      "tz": 0.0
    }
  ],
  "points_N": 25121
}