{
  "type": "scene",
  "distance_m": 0.3,
  "num_objects": 9,
  "intrinsics": {
    "width": 640,
    "height": 480,
    "fx": 554.2562584220408,
    "fy": 554.2562584220408,
    "cx": 0.057127866545329725,
    "cy": 0.03854180239726465
  },
  "T_wc": [
    [
      0.999999999999,
      0.0,
      0.0,
      0.0
    ],
    [
      -0.0,
      0.9999999999956668,
      0.0,
      0.0
    ],
    [
      0.0,
      0.0,
      -0.9999999999966668,
      0.31501416601240634
    ],
    [
      0.0,
      0.0,
      0.0,
      1.0
    ]
  ],
  "bin_size": {
    "w": 0.25,
    "d": 0.25
  },
  "z_floor": 0.0,
  "piece_aabb": {
    "w": 0.0300283320248127,
    "d": 0.0300283320248127,
    "h": 0.0300283320248127
  },
  "poses": [
    {
      "R": [
        [
          0.100876916266882,
          0.8548907276334528,
          0.508906368176731
        ],
        [
          -0.7655199076002912,
          0.39340797290530993,
          -0.5091261512849017
        ],
        [
          -0.6354550486321799,
          -0.33821887981140386,
          0.694121653967799
        ]
      ],
      "tx": -0.08327450505661822,
      "ty": -0.06811289618825302,
      "tz": 0.0
    },
    {
      "R": [
        [
          0.877799972168781,
          0.31371110425508875,
          -0.3620118118619061
        ],
        [
          -0.4752347993170164,
          0.47540488283682236,
          -0.7403661816243516
        ],
        [
          -0.06015890938674365,
          0.821934024385145,
          0.566396826597252
        ]
      ],
      "tx": 0.04553180653325212,
      "ty": -0.020192601648184344,
      "tz": 0.0
    },
    {
      "R": [
        [
          0.7436447100765161,
          -0.6639480525437766,
          0.07852088065311474
        ],
        [
          -0.0789454432009975,
          -0.20382548112914112,
          -0.9758190356004909
        ],
        [
          0.6638977045998973,
          0.7194637980925799,
          -0.20398941409099414
        ]
      ],
      "tx": -0.055677458125215844,
      "ty": 0.023132962269719726,
      "tz": 0.0
    },
    {
      "R": [
        [
          0.9947434409994913,
          0.0782931699300182,
          0.06599747063941888
        ],
        [
          -0.012435367415128143,
          -0.5473802137359911,
          0.8367916486483309
        ],
        [
          0.10164078032828375,
          -0.8332137067719483,
          -0.5435292730126018
        ]
      ],
      "tx": 0.015768390833175244,
      "ty": 0.08303108989824307,
      "tz": 0.0
    },
    {
      "R": [
        [
          0.3195209505839576,
          -0.5783435413801252,
          -0.7506164868172159
        ],
        [
          0.41508855729817795,
          0.7975221233958947,
          -0.4377898494645811
        ],
        [
          0.8518261863420503,
          -0.17168928574025424,
          0.49488881319338784
        ]
      ],
      "tx": -0.012583539519576067,
      "ty": -0.07405476939731553,
      "tz": 0.0
    },
    {
      "R": [
        [
          -0.8974012199630388,
          0.3820453710886369,
          0.22070882365369004
        ],
        [
          -0.4376948559441999,
          -0.8339194238497261,
          -0.3361571174408287
        ],
        [
          0.0556261043830681,
          -0.39827092406537384,
          0.9155796019764078
        ]
      ],
      "tx": 0.09555939166460908,
      "ty": 0.09277675368261848,
      "tz": 0.0
    },
    {
      "R": [
        [
          0.8774401003050203,
          0.4516713235969127,
          -0.16152982949575856
        ],
        [
          -0.4424732974944667,
          0.8921444357520276,
          0.09108066074128741
        ],
        [
          0.1852464611837134,
          -0.008445187795975487,
          0.9826558031284411
        ]
      ],
      "tx": 0.09814165594834334,
      "ty": -0.08960548283063277,
      "tz": 0.0
    },
    {
      "R": [
        [
          0.03599207422974127,
          -0.9410818356331057,
          0.33625815861338604
        ],
        [
          -0.8950448972974319,
          -0.18002362971436248,
          -0.40802711253824286
        ],
        [
          0.4445213182902149,
          -0.2862804069193182,
          -0.8487899187664985
        ]
      ],
      "tx": -0.04195964873963391,
      "ty": 0.09291233423866849,
      "tz": 0.0
    },
    {
      "R": [
        [
          0.16501216893355097,
          0.5926326185356801,
          -0.7883892208493141
        ],
        [
          0.9840919418240475,
          -0.15228481348264555,
          0.09150074108733386
        ],
        [
          -0.06583338166022412,
          -0.7909462150045975,
          -0.6083338317314597
        ]
      ],
      "tx": 0.057127866545329725,
      "ty": 0.03854180239726465,
      "tz": 0.0
    }
  ],
  "points_N": 44111
}