{
  "type": "scene",
  "distance_m": 0.3,
  "num_objects": 10,
  "intrinsics": {
    "width": 640,
    "height": 480,
    "fx": 554.2562584220408,
    "fy": 554.2562584220408,
    "cx": 0.09661942279484842,
    "cy": 0.011718359074574178
  },
  "T_wc": [
    [
      0.999999999999,
      0.0,
      0.0,
      0.0
    ],
    [
      -0.0,
      0.9999999999956668,
      0.0,
      0.0
    ],
    [
      0.0,
      0.0,
      -0.9999999999966668,
      0.31501416601240634
    ],
    [
      0.0,
      0.0,
      0.0,
      1.0
    ]
  ],
  "bin_size": {
    "w": 0.25,
    "d": 0.25
  },
  "z_floor": 0.0,
  "piece_aabb": {
    "w": 0.0300283320248127,
    "d": 0.0300283320248127,
    "h": 0.0300283320248127
  },
  "poses": [
    {
      "R": [
        [
          0.8686846276293044,
          -0.22440202159017147,
          -0.4416228599458829
        ],
        [
          0.018767162350341177,
          0.9057775892371853,
          -0.42333763410898
        ],
        [
          0.4950099103430684,
          0.3594588871372037,
          0.791046456992401
        ]
      ],
      "tx": -0.07633398843102156,
      "ty": 0.06978310016713293,
      "tz": 0.0
    },
    {
      "R": [
        [
          -0.6220045115784418,
          0.7788583880671746,
          0.080560529500907
        ],
        [
          -0.6063521615794524,
          -0.5442106598402368,
          0.5798032544442812
        ],
        [
          0.4954265270693421,
          0.31179218889134597,
          0.8107639528385273
        ]
      ],
      "tx": 0.02138496350875152,
      "ty": 0.07021135088735395,
      "tz": 0.0
    },
    {
      "R": [
        [
          0.5327883601862466,
          -0.7865505706982479,
          -0.3122094857372381
        ],
        [
          0.7284630801112879,
          0.6140353415249364,
          -0.30381267299625603
        ],
        [
          0.43067168953255514,
          -0.06556522777063407,
          0.9001239341016098
        ]
      ],
      "tx": 0.03983617500901532,
      "ty": -0.013025816228358883,
      "tz": 0.0
    },
    {
      "R": [
        [
          -0.834520627741643,
          0.10429872957515787,
          0.5410148767665283
        ],
        [
          -0.5486532210911664,
          -0.24738824127231274,
          -0.7986104814404076
        ],
        [
          0.05054666022578877,
          -0.963286475088901,
          0.2636744243395984
        ]
      ],
      "tx": 0.09374031680345071,
      "ty": 0.09464619947755096,
      "tz": 0.0
    },
    {
      "R": [
        [
          0.048957028130858005,
          0.564966619384991,
          0.8236600806019975
        ],
        [
          0.5453553445862308,
          -0.7059935046172257,
          0.4518414761501211
        ],
        [
          0.836774018195969,
          0.4270666112200551,
          -0.3426709092601681
        ]
      ],
      "tx": -0.06803104412874215,
      "ty": -0.027578753451060325,
      "tz": 0.0
    },
    {
      "R": [
        [
          0.5092644450143007,
          -0.8207979312978916,
          -0.2587285856286037
        ],
        [
          0.6217379378604454,
          0.14302367848275954,
          0.770055948628605
        ],
        [
          -0.5950560155727502,
          -0.5530234926025851,
          0.5831580874516972
        ]
      ],
      "tx": -0.01425174323939575,
      "ty": -0.09064977992926317,
      "tz": 0.0
    },
    {
      "R": [
        [
          0.02271396575181306,
          0.046385969989734877,
          -0.9986653180860626
        ],
        [
          0.6228656135068288,
          0.7807018490160932,
          0.05042866698233234
        ],
        [
          0.7819990430112987,
          -0.6231797210524141,
          -0.011159390594836838
        ]
      ],
      "tx": 0.08181092728644851,
      "ty": -0.06184660008942531,
      "tz": 0.0
    },
    {
      "R": [
        [
          -0.22038199496726252,
          -0.12990632391824586,
          -0.9667244298662871
        ],
        [
          -0.9728293470922171,
          -0.04282421995813812,
          0.22752834465426053
        ],
        [
          -0.07095659046473801,
          0.9906010464314204,
          -0.11693899725324597
        ]
      ],
      "tx": -0.014859278232490322,
      "ty": 0.004027369076856968,
      "tz": 0.0
    },
    {
      "R": [
        [
          0.082081641796651,
          0.8773370024289042,
          -0.47280269484112664
        ],
        [
          0.8435882227047198,
          -0.31377058242216727,
          -0.43578312509819217
        ],
        [
          -0.5306802376138184,
          -0.3630809906556929,
          -0.7658659671447885
        ]
      ],
      "tx": -0.09559222587298719,
      "ty": -0.08980316507575087,
      "tz": 0.0
    },
    {
      "R": [
        [
          0.19104764528290907,
          -0.1736472452604626,
          0.966099079517887
        ],
        [
          0.9030960982830513,
          0.41673362077978304,
          -0.10368474611871054
        ],
        [
          -0.38460139690046,
          0.8922890358651869,
          0.23643612663252211
        ]
      ],
      "tx": 0.09661942279484842,
      "ty": 0.011718359074574178,
      "tz": 0.0
    }
  ],
  "points_N": 49038
}