{
  "type": "scene",
  "distance_m": 0.3,
  "num_objects": 13,
  "intrinsics": {
    "width": 640,
    "height": 480,
    "fx": 554.2562584220408,
    "fy": 554.2562584220408,
    "cx": -0.027560921903595423,
    "cy": 0.09617260167720496
  },
  "T_wc": [
    [
      0.999999999999,
      0.0,
      0.0,
      0.0
    ],
    [
      -0.0,
      0.9999999999956668,
      0.0,
      0.0
    ],
    [
      0.0,
      0.0,
      -0.9999999999966668,
      0.31501416601240634
    ],
    [
      0.0,
      0.0,
      0.0,
      1.0
    ]
  ],
  "bin_size": {
    "w": 0.25,
    "d": 0.25
  },
  "z_floor": 0.0,
  "piece_aabb": {
    "w": 0.0300283320248127,
    "d": 0.0300283320248127,
    "h": 0.0300283320248127
  },
  "poses": [
    {
      "R": [
        [
          -0.6660201485149804,
          -0.6314960833964812,
          -0.3970262691900729
        ],
        [
          -0.056230703806924964,
          -0.4882354955632615,
          0.870898506613414
        ],
        [
          -0.7438113132518634,
          0.6023610192625358,
          0.2896652080446276
        ]
      ],
      "tx": 0.09687350706924158,
      "ty": -0.07327515794711456,
      "tz": 0.0
    },
    {
      "R": [
        [
          -0.3297815250415781,
          -0.6959522107618505,
          -0.6378829564088886
        ],
        [
          -0.8764324780081438,
          -0.025427957009730884,
          0.4808529198152132
        ],
        [
          -0.35087071298949357,
          0.7176377493819597,
          -0.601569450211894
        ]
      ],
      "tx": -0.04442042115726559,
      "ty": -0.036522496703848925,
      "tz": 0.0
    },
    {
      "R": [
        [
          -0.4090686482533652,
          0.05909088687108277,
          0.9105883307537792
        ],
        [
          0.7841224789730028,
          0.533146533523994,
          0.3176581680998959
        ],
        [
          -0.4667063091339112,
          0.8439567766658064,
          -0.2644280244876944
        ]
      ],
      "tx": -0.04821060312853455,
      "ty": 0.042024832530139056,
      "tz": 0.0
    },
    {
      "R": [
        [
          0.22656931258206825,
          0.34738308807652685,
          -0.9099402929393252
        ],
        [
          -0.5597063586769232,
          -0.7181410227815603,
          -0.41352419935824
        ],
        [
          -0.7971167660090386,
          0.6029912615591291,
          0.03172380542465647
        ]
      ],
      "tx": 0.091883842654437,
      "ty": 0.044209291039383425,
      "tz": 0.0
    },
    {
      "R": [
        [
          -0.057365094896864255,
          -0.9709239970285437,
          0.23241307596946897
        ],
        [
          -0.9970818636493026,
          0.04397298175096054,
          -0.06240299718413461
        ],
        [
          0.05036867150429088,
          -0.23531461677942173,
          -0.9706132226900923
        ]
      ],
      "tx": 0.062024703075028664,
      "ty": -0.011924815250097157,
      "tz": 0.0
    },
    {
      "R": [
        [
          0.0012374810564935723,
          0.9977347584352181,
          -0.06725935214415797
        ],
        [
          0.9635482027025508,
          0.016804377902196355,
          0.2670065054488453
        ],
        [
          0.26753192278552274,
          -0.06513804336589488,
          -0.9613447381647979
        ]
      ],
      "tx": 0.020798247354104085,
      "ty": -0.08183222450484107,
      "tz": 0.0
    },
    {
      "R": [
        [
          0.27361110634908636,
          -0.6599925749756281,
          0.6996761847165224
        ],
        [
          -0.28634749850631197,
          0.638557382056677,
          0.714317562376917
        ],
        [
          -0.9182276801434418,
          -0.3957957437845473,
          -0.014270831105106963
        ]
      ],
      "tx": 0.022288183495884295,
      "ty": 0.06475685540867077,
      "tz": 0.0
    },
    {
      "R": [
        [
          0.13385104080163934,
          0.309860090478891,
          -0.9413132439335652
        ],
        [
          -0.20914226620496687,
          0.9372994601368461,
          0.2787996314807959
        ],
        [
          0.9686812743947149,
          0.15955076419619652,
          0.19026334981136284
        ]
      ],
      "tx": -0.0006833243744115008,
      "ty": 0.004838679913329855,
      "tz": 0.0
    },
    {
      "R": [
        [
          -0.6264015595420271,
          -0.7523532066678646,
          0.20392581646249916
        ],
        [
          0.7696467636620064,
          -0.5554779770773801,
          0.31478258555171157
        ],
        [
          -0.12355138764058951,
          0.3541311471737586,
          0.9269984817751766
        ]
      ],
      "tx": -0.057838879361716146,
      "ty": -0.09375054828137759,
      "tz": 0.0
    },
    {
      "R": [
        [
          0.35808308508782094,
          -0.11574164095224838,
          0.9264881956742184
        ],
        [
          -0.29292607021455286,
          -0.9561148079305131,
          -0.006228277824245204
        ],
        [
          0.8865499543526281,
          -0.2691623053209308,
          -0.37627228416623315
        ]
      ],
      "tx": -0.08783966302489185,
      "ty": 0.08485076717058365,
      "tz": 0.0
    },
    {
      "R": [
        [
          -0.46072644288083775,
          -0.6633991623936182,
          0.5896038468037806
        ],
        [
          0.3791680118319025,
          0.45351780731522295,
          0.8065687926342269
        ],
        [
          -0.8024729052334493,
          0.5951664891300905,
          0.04259209530827779
        ]
      ],
      "tx": -0.09735093746524291,
      "ty": -0.010167204384961326,
      "tz": 0.0
    },
    {
      "R": [
        [
          0.9389189781518897,
          -0.23521518166993854,
          0.25120702772452264
        ],
        [
          -0.25752029883855365,
          -0.9644410299685544,
          0.059470962656549956
        ],
        [
          0.2282858912686312,
          -0.12052932433716097,
          -0.9661046702208385
        ]
      ],
      "tx": 0.07244010431302422,
      "ty": 0.09876421590980416,
      "tz": 0.0
    },
    {
      "R": [
        [
          0.9802735972010446,
          -0.19748138058791564,
          0.008048537234496542
        ],
        [
          -0.14488221573366733,
          -0.7456836579708579,
          -0.6503576137782219
        ],
        [
          0.13443518213111977,
          0.6363623076175164,
          -0.7595855417588471
        ]
      ],
      "tx": -0.027560921903595423,
      "ty": 0.09617260167720496,
      "tz": 0.0
    }
  ],
  "points_N": 60918
}