{
  "type": "scene",
  "distance_m": 0.3,
  "num_objects": 6,
  "intrinsics": {
    "width": 640,
    "height": 480,
    "fx": 554.2562584220408,
    "fy": 554.2562584220408,
    "cx": -0.026761796226542955,
    "cy": -0.02570279285315953
  },
  "T_wc": [
    [
      0.999999999999,
      0.0,
      0.0,
      0.0
    ],
    [
      -0.0,
      0.9999999999956668,
      0.0,
      0.0
    ],
    [
      0.0,
      0.0,
      -0.9999999999966668,
      0.31501416601240634
    ],
    [
      0.0,
      0.0,
      0.0,
      1.0
    ]
  ],
  "bin_size": {
    "w": 0.25,
    "d": 0.25
  },
  "z_floor": 0.0,
  "piece_aabb": {
    "w": 0.0300283320248127,
    "d": 0.0300283320248127,
    "h": 0.0300283320248127
  },
  "poses": [
    {
      "R": [
        [
          -0.8742802481483825,
          -0.4471054829566399,
          0.18902575170519215
        ],
        [
          -0.27905311411981204,
          0.1442942182593735,
          -0.949372707674363
        ],
        [
          0.39719441989740784,
          -0.8827660311130159,
          -0.2509197623052748
        ]
      ],
      "tx": -0.09404283713145865,
      "ty": -0.04454181100855061,
      "tz": 0.0
    },
    {
      "R": [
        [
          -0.07481176094904107,
          -0.1825847981444257,
          0.9803397329039881
        ],
        [
          0.9250571475541138,
          -0.3798279237833062,
          -0.0001485715631861506
        ],
        [
          0.37238753226007704,
          0.9068591620538562,
          0.19731696839407342
        ]
      ],
      "tx": -0.05480134078448317,
      "ty": 0.04681879458203206,
      "tz": 0.0
    },
    {
      "R": [
        [
          0.12140246739059968,
          -0.991618642543848,
          -0.04420303915988594
        ],
        [
          -0.8806449230764879,
          -0.08705632353713466,
          -0.46570990540443113
        ],
        [
          0.45795847013793817,
          0.09546551362504543,
          -0.8838327756636009
        ]
      ],
      "tx": 0.03498462607235453,
      "ty": 0.07764739858318717,
      "tz": 0.0
    },
    {
      "R": [
        [
          0.3758384056861558,
          0.33607878755583676,
          0.8635951258351838
        ],
        [
          -0.18673027658667585,
          0.9402686508093931,
          -0.284651836654793
        ],
        [
          -0.9076768679531014,
          -0.05427626424213568,
          0.4161451555920912
        ]
      ],
      "tx": 0.0010602902959047783,
      "ty": -0.09374086083043293,
      "tz": 0.0
    },
    {
      "R": [
        [
          -0.39604704183253014,
          -0.5527005500286154,
          0.7332590556234325
        ],
        [
          0.7054428236584313,
          -0.6943282385817393,
          -0.14233312916112992
        ],
        [
          0.5877900672897779,
          0.46090172391307593,
          0.6648852816008435
        ]
      ],
      "tx": 0.03922950057729979,
      "ty": -0.031628704906730684,
      "tz": 0.0
    },
    {
      "R": [
        [
          0.8087262464383153,
          -0.5706436281784727,
          0.14257527114160556
        ],
        [
          -0.4583617051250194,
          -0.4595248336494613,
          0.7607505994307988
        ],
        [
          -0.36860060444426584,
          -0.6805900211424967,
          -0.6331909802931324
        ]
      ],
      "tx": -0.026761796226542955,
      "ty": -0.02570279285315953,
      "tz": 0.0
    }
  ],
  "points_N": 29858
}