{
  "type": "scene",
  "distance_m": 0.3,
  "num_objects": 11,
  "intrinsics": {
    "width": 640,
    "height": 480,
    "fx": 554.2562584220408,
    "fy": 554.2562584220408,
    "cx": 0.020526157395697908,
    "cy": -0.09040173019201925
  },
  "T_wc": [
    [
      0.999999999999,
      0.0,
      0.0,
      0.0
    ],
    [
      -0.0,
      0.9999999999956668,
      0.0,
      0.0
    ],
    [
      0.0,
      0.0,
      -0.9999999999966668,
      0.31501416601240634
    ],
    [
      0.0,
      0.0,
      0.0,
      1.0
    ]
  ],
  "bin_size": {
    "w": 0.25,
    "d": 0.25
  },
  "z_floor": 0.0,
  "piece_aabb": {
    "w": 0.0300283320248127,
    "d": 0.0300283320248127,
    "h": 0.0300283320248127
  },
  "poses": [
    {
      "R": [
        [
          0.08236037728751555,
          0.5943258685167496,
          -0.7999959564053241
        ],
        [
          0.9734810423535105,
          0.12393120710697236,
          0.19229070722042418
        ],
        [
          0.21342780613448725,
          -0.7946180327156058,
          -0.5683579450063134
        ]
      ],
      "tx": 0.07983175506080326,
      "ty": 0.07233417810716752,
      "tz": 0.0
    },
    {
      "R": [
        [
          -0.8305650453009497,
          0.33879883036311065,
          0.442014771324239
        ],
        [
          0.38931587417366575,
          0.9207428113879477,
          0.02580359265320606
        ],
        [
          -0.3982396962140083,
          0.19351492919670643,
          -0.8966365576627844
        ]
      ],
      "tx": 0.03033686204628222,
      "ty": -0.023790583392453976,
      "tz": 0.0
    },
    {
      "R": [
        [
          0.9546349186997706,
          0.2977752220721082,
          0.0014453784933452507
        ],
        [
          -0.08317327563643505,
          0.26197749262507575,
          0.961483228963347
        ],
        [
          0.28592722538958754,
          -0.9179856809764437,
          0.274859802996413
        ]
      ],
      "tx": -0.0946113528601658,
      "ty": 0.068592230049282,
      "tz": 0.0
    },
    {
      "R": [
        [
          -0.14101261405646048,
          -0.1062251991763149,
          -0.9842924614853636
        ],
        [
          -0.6615587610241531,
          -0.7295440088631149,
          0.1735094949682089
        ],
        [
          -0.736515748907755,
          0.6756343287547545,
          0.03260069660239051
        ]
      ],
      "tx": -0.09417221138846188,
      "ty": -0.06787868594311847,
      "tz": 0.0
    },
    {
      "R": [
        [
          -0.3755171377282849,
          -0.7317916291426364,
          -0.5687423764668162
        ],
        [
          -0.28016480173529945,
          0.6745717181324596,
          -0.6829792683269688
        ],
        [
          0.8834560335075967,
          -0.09712882482861318,
          -0.4583354974758511
        ]
      ],
      "tx": -0.027627155128274725,
      "ty": 0.06134230200395599,
      "tz": 0.0
    },
    {
      "R": [
        [
          -0.8811808603202489,
          -0.41849734705261477,
          0.2199551361418721
        ],
        [
          -0.4632248607702245,
          0.8573042968425103,
          -0.22461538455719163
        ],
        [
          -0.09456754078261873,
          -0.2998154651202841,
          -0.9492985131690852
        ]
      ],
      "tx": -0.02886135646582219,
      "ty": -0.05976993450121271,
      "tz": 0.0
    },
    {
      "R": [
        [
          -0.5227389221563414,
          -0.8484634671398023,
          0.08278746397813919
        ],
        [
          0.29492319385574783,
          -0.2711044664591078,
          -0.916254701484171
        ],
        [
          0.7998526920557003,
          -0.4545460517868657,
          0.39194841218739607
        ]
      ],
      "tx": -0.07837353981109299,
      "ty": -0.00456878195052747,
      "tz": 0.0
    },
    {
      "R": [
        [
          0.9710068487743527,
          -0.09329199351402886,
          -0.22009612349943783
        ],
        [
          0.08814230549540308,
          -0.7161112065564899,
          0.6923984935181211
        ],
        [
          -0.22220853632400453,
          -0.6917234590429813,
          -0.6871259146578281
        ]
      ],
      "tx": 0.07441364019986738,
      "ty": -0.06468299468425762,
      "tz": 0.0
    },
    {
      "R": [
        [
          -0.5424734846378403,
          0.5204474318432983,
          -0.6594368727578054
        ],
        [
          -0.004569169916234961,
          -0.7867920640149053,
          -0.6172012400258455
        ],
        [
          -0.8400604985065988,
          -0.33180222827895545,
          0.42919184540012467
        ]
      ],
      "tx": 0.09796111201045396,
      "ty": -0.008551836662128984,
      "tz": 0.0
    },
    {
      "R": [
        [
          0.78526632554954,
          -0.5958237328729482,
          0.16837718759757703
        ],
        [
          0.6095001075729217,
          0.6960389287842252,
          -0.37952526725569274
        ],
        [
          0.10893308416877205,
          0.4006543260246342,
          0.9097305613263882
        ]
      ],
      "tx": 0.023876374494034902,
      "ty": 0.0906268978617169,
      "tz": 0.0
    },
    {
      "R": [
        [
          -0.8178722835400829,
          -0.34631625356265294,
          0.4595105878380375
        ],
        [
          -0.31143671539205986,
          -0.405071911143819,
          -0.859606839844879
        ],
        [
          0.4838306523182834,
          -0.8461570772147583,
          0.22344149246870426
        ]
      ],
      "tx": 0.020526157395697908,
      "ty": -0.09040173019201925,
      "tz": 0.0
    }
  ],
  "points_N": 54359
}