{
  "type": "scene",
  "distance_m": 0.3,
  "num_objects": 9,
  "intrinsics": {
    "width": 640,
    "height": 480,
    "fx": 554.2562584220408,
    "fy": 554.2562584220408,
    "cx": -0.009605229916124447,
    "cy": -0.04991201711709575
  },
  "T_wc": [
    [
      0.999999999999,
      0.0,
      0.0,
      0.0
    ],
    [
      -0.0,
      0.9999999999956668,
      0.0,
      0.0
    ],
    [
      0.0,
      0.0,
      -0.9999999999966668,
      0.31501416601240634
    ],
    [
      0.0,
      0.0,
      0.0,
      1.0
    ]
  ],
  "bin_size": {
    "w": 0.25,
    "d": 0.25
  },
  "z_floor": 0.0,
  "piece_aabb": {
    "w": 0.0300283320248127,
    "d": 0.0300283320248127,
    "h": 0.0300283320248127
  },
  "poses": [
    {
      "R": [
        [
          0.5645422647359479,
          -0.7073818982268892,
          -0.4253267936395847
        ],
        [
          0.14474507607149056,
          -0.42246617177151147,
          0.8947464426650616
        ],
        [
          -0.8126136193049348,
          -0.5666861422071717,
          -0.1361099627157687
        ]
      ],
      "tx": 0.03369288122580813,
      "ty": 0.03995828342871188,
      "tz": 0.0
    },
    {
      "R": [
        [
          0.727510057448697,
          -0.29604861655351244,
          0.6189380687498104
        ],
        [
          -0.5733942723065901,
          -0.7577348134169495,
          0.3115396620367581
        ],
        [
          0.3767600360932533,
          -0.5815437809595533,
          -0.7210122786959166
        ]
      ],
      "tx": 0.03634049277055962,
      "ty": -0.08485776137005271,
      "tz": 0.0
    },
    {
      "R": [
        [
          0.12378294363865394,
          -0.5022633312094139,
          -0.8558091662202341
        ],
        [
          0.03689965578325863,
          -0.8595156365863366,
          0.5097757211427999
        ],
        [
          -0.9916230121710703,
          -0.09468060300825754,
          -0.08786003156592792
        ]
      ],
      "tx": -0.0505247326493934,
      "ty": -0.007472078135000837,
      "tz": 0.0
    },
    {
      "R": [
        [
          0.23568927461066513,
          0.16219824171702973,
          -0.9581974202727758
        ],
        [
          0.7290142030513547,
          0.6224878030247695,
          0.2846879464164121
        ],
        [
          0.6426420913563758,
          -0.7656374242873059,
          0.0284688768272231
        ]
      ],
      "tx": -0.04554789249513696,
      "ty": 0.08422294580802756,
      "tz": 0.0
    },
    {
      "R": [
        [
          0.6280717066345309,
          -0.11318204505475593,
          0.7698803517446142
        ],
        [
          0.7731193196982765,
          0.20313998669315259,
          -0.6008499507494195
        ],
        [
          -0.08838805821185192,
          0.9725862277883278,
          0.21508970380287684
        ]
      ],
      "tx": 0.0603958360636373,
      "ty": -0.019568324839164236,
      "tz": 0.0
    },
    {
      "R": [
        [
          -0.7510695327884416,
          0.6140999382986864,
          0.24243725517853348
        ],
        [
          -0.6568908681600495,
          -0.6582272496997461,
          -0.36773805226090495
        ],
        [
          -0.06624910750257919,
          -0.4354516661286958,
          0.8977710745066665
        ]
      ],
      "tx": -0.07070764069788193,
      "ty": -0.07134937799247593,
      "tz": 0.0
    },
    {
      "R": [
        [
          -0.4405106876711522,
          0.43073017631549226,
          -0.7876686163982376
        ],
        [
          0.878836759228157,
          0.027765386268016057,
          -0.4763140077246719
        ],
        [
          -0.18329289314329572,
          -0.902053545271351,
          -0.39077246165325885
        ]
      ],
      "tx": 0.0984652340131103,
      "ty": -0.07160648200948734,
      "tz": 0.0
    },
    {
      "R": [
        [
          0.4185123572309244,
          0.5861205492505506,
          -0.6937651681882335
        ],
        [
          0.5327990368729805,
          0.46017626070977014,
          0.7101851838685441
        ],
        [
          0.7355083909461804,
          -0.666858688798014,
          -0.1196950125207974
        ]
      ],
      "tx": 0.09342884310384614,
      "ty": 0.0518657394686923,
      "tz": 0.0
    },
    {
      "R": [
        [
          -0.4378403280197676,
          -0.8734041519997999,
          -0.21321593380667478
        ],
        [
          -0.8809771087566207,
          0.36948148174566364,
          0.2955719345503798
        ],
        [
          -0.17937441569623933,
          0.31725166968282303,
          -0.931222957769563
        ]
      ],
      "tx": -0.009605229916124447,
      "ty": -0.04991201711709575,
      "tz": 0.0
    }
  ],
  "points_N": 42909
}