{
  "type": "scene",
  "distance_m": 0.3,
  "num_objects": 6,
  "intrinsics": {
    "width": 640,
    "height": 480,
    "fx": 554.2562584220408,
    "fy": 554.2562584220408,
    "cx": 0.09041547054597535,
    "cy": 0.048517269037965216
  },
  "T_wc": [
    [
      0.999999999999,
      0.0,
      0.0,
      0.0
    ],
    [
      -0.0,
      0.9999999999956668,
      0.0,
      0.0
    ],
    [
      0.0,
      0.0,
      -0.9999999999966668,
      0.31501416601240634
    ],
    [
      0.0,
      0.0,
      0.0,
      1.0
    ]
  ],
  "bin_size": {
    "w": 0.25,
    "d": 0.25
  },
  "z_floor": 0.0,
  "piece_aabb": {
    "w": 0.0300283320248127,
    "d": 0.0300283320248127,
    "h": 0.0300283320248127
  },
  "poses": [
    {
      "R": [
        [
          0.46645483084045525,
          0.4057102804273809,
          -0.7860146685279723
        ],
        [
          -0.8196409005944776,
          -0.13585860910722247,
          -0.5565350235197462
        ],
        [
          -0.33257884006394023,
          0.9038482210454291,
          0.26916483510060774
        ]
      ],
      "tx": -0.07010084209576159,
      "ty": -0.06910906881635352,
      "tz": 0.0
    },
    {
      "R": [
        [
          -0.44592079290993425,
          -0.8034983390478848,
          -0.39439202020054337
        ],
        [
          0.8719762321756973,
          -0.2905194927697543,
          -0.3940252210728126
        ],
        [
          0.20202004101388,
          -0.5196045067819322,
          0.8301801368140864
        ]
      ],
      "tx": -0.004569800560740939,
      "ty": 0.0182837030310896,
      "tz": 0.0
    },
    {
      "R": [
        [
          -0.20477020111465882,
          0.36041229962661714,
          -0.9100396359573112
        ],
        [
          -0.6750065266595554,
          -0.725289036162533,
          -0.13535879354303756
        ],
        [
          -0.7088267444887114,
          0.5865652464136255,
          0.3917982363376049
        ]
      ],
      "tx": -0.06586611000752558,
      "ty": 0.042999602078237,
      "tz": 0.0
    },
    {
      "R": [
        [
          -0.8631318446849483,
          0.15229327371179321,
          -0.4814666940432154
        ],
        [
          -0.4163379876059755,
          -0.7541756718894044,
          0.5078205746190005
        ],
        [
          -0.2857728097054808,
          0.6387689838371227,
          0.7143585139975059
        ]
      ],
      "tx": 0.05537092618509873,
      "ty": -0.08233348557700847,
      "tz": 0.0
    },
    {
      "R": [
        [
          -0.8068394565898154,
          -0.5416033121720552,
          0.23595750366138094
        ],
        [
          0.5739200958856796,
          -0.8133042022389112,
          0.09566607632332631
        ],
        [
          0.14009216547838624,
          0.21260791816107777,
          0.9670429454304441
        ]
      ],
      "tx": 0.0006221001392139741,
      "ty": -0.06433244992609924,
      "tz": 0.0
    },
    {
      "R": [
        [
          -0.2591197805739238,
          -0.9645420235060652,
          0.050155998705504246
        ],
        [
          -0.6207739242110796,
          0.1265352434807201,
          -0.7737109067195911
        ],
        [
          0.7399301820678071,
          -0.231619336515974,
          -0.6315503215239477
        ]
      ],
      "tx": 0.09041547054597535,
      "ty": 0.048517269037965216,
      "tz": 0.0
    }
  ],
  "points_N": 28659
}