{
  "type": "scene",
  "distance_m": 0.3,
  "num_objects": 8,
  "intrinsics": {
    "width": 640,
    "height": 480,
    "fx": 554.2562584220408,
    "fy": 554.2562584220408,
    "cx": -0.03847585481760547,
    "cy": 0.02847811320020996
  },
  "T_wc": [
    [
      0.999999999999,
      0.0,
      0.0,
      0.0
    ],
    [
      -0.0,
      0.9999999999956668,
      0.0,
      0.0
    ],
    [
      0.0,
      0.0,
      -0.9999999999966668,
      0.31501416601240634
    ],
    [
      0.0,
      0.0,
      0.0,
      1.0
    ]
  ],
  "bin_size": {
    "w": 0.25,
    "d": 0.25
  },
  "z_floor": 0.0,
  "piece_aabb": {
    "w": 0.0300283320248127,
    "d": 0.0300283320248127,
    "h": 0.0300283320248127
  },
  "poses": [
    {
      "R": [
        [
          -0.42386430845331335,
          -0.8472233032117477,
          -0.32023697868042994
        ],
        [
          -0.8128573638044695,
          0.1998783291091556,
          0.5470937393732273
        ],
        [
          -0.3995021328206438,
          0.4922004957814524,
          -0.773392990545072
        ]
      ],
      "tx": 0.03970573062085739,
      "ty": -0.008167491622588438,
      "tz": 0.0
    },
    {
      "R": [
        [
          -0.4135365276426084,
          0.41604618717326636,
          0.8098722803281277
        ],
        [
          -0.9038045031074431,
          -0.08000366684802951,
          -0.42040080096685983
        ],
        [
          -0.11011339822202387,
          -0.905817301352462,
          0.40910885605489045
        ]
      ],
      "tx": -0.009413957186416536,
      "ty": 0.09075831424663142,
      "tz": 0.0
    },
    {
      "R": [
        [
          0.25611611009513635,
          -0.3191349987399475,
          0.9124458289284847
        ],
        [
          0.10415486126886314,
          -0.9293234397697372,
          -0.35427349487169885
        ],
        [
          0.961018367682845,
          0.1857708181437479,
          -0.20477524289425886
        ]
      ],
      "tx": 0.09183458047029514,
      "ty": 0.08656381406519978,
      "tz": 0.0
    },
    {
      "R": [
        [
          0.07250561928391064,
          0.09977250662193586,
          0.9923650447766852
        ],
        [
          -0.3384036421888505,
          -0.9334998470720435,
          0.11857913167919525
        ],
        [
          0.938203554739363,
          -0.3444175989098804,
          -0.03392060488222004
        ]
      ],
      "tx": -0.08503607625766839,
      "ty": 0.0665002744876872,
      "tz": 0.0
    },
    {
      "R": [
        [
          -0.14256588216796162,
          -0.7654334276790611,
          -0.6275242123083019
        ],
        [
          0.5010318668917568,
          0.490961871367088,
          -0.7126875256539066
        ],
        [
          0.8536053172284203,
          -0.41601455341755844,
          0.31351212694911423
        ]
      ],
      "tx": 0.09434802403142395,
      "ty": -0.057833141892906066,
      "tz": 0.0
    },
    {
      "R": [
        [
          -0.47396986710625666,
          0.7948245016456856,
          0.3789545839001881
        ],
        [
          0.7065717029680556,
          0.6001237292111905,
          -0.3749772502465656
        ],
        [
          -0.525460744147552,
          0.09003066822667255,
          -0.8460410658700674
        ]
      ],
      "tx": -0.0218265595805244,
      "ty": -0.026507579082514443,
      "tz": 0.0
    },
    {
      "R": [
        [
          -0.18732877377303403,
          0.3617694812844466,
          -0.9132528526798445
        ],
        [
          0.9250035202682205,
          0.3778403832257411,
          -0.04006410232645563
        ],
        [
          0.3305698383217848,
          -0.8522672627849831,
          -0.40541841938533274
        ]
      ],
      "tx": -0.09815173557486388,
      "ty": -0.05398808579665669,
      "tz": 0.0
    },
    {
      "R": [
        [
          -0.49924270101490165,
          0.49534846080102624,
          -0.7109054985477321
        ],
        [
          0.2247577677446235,
          -0.7183499531527477,
          -0.6583747342083375
        ],
        [
          -0.8368038427981788,
          -0.4884703135171054,
          0.2472975565805322
        ]
      ],
      "tx": -0.03847585481760547,
      "ty": 0.02847811320020996,
      "tz": 0.0
    }
  ],
  "points_N": 39657
}