{
  "type": "scene",
  "distance_m": 0.3,
  "num_objects": 11,
  "intrinsics": {
    "width": 640,
    "height": 480,
    "fx": 554.2562584220408,
    "fy": 554.2562584220408,
    "cx": 0.022045986685087504,
    "cy": 0.06073005255890626
  },
  "T_wc": [
    [
      0.999999999999,
      0.0,
      0.0,
      0.0
    ],
    [
      -0.0,
      0.9999999999956668,
      0.0,
      0.0
    ],
    [
      0.0,
      0.0,
      -0.9999999999966668,
      0.31501416601240634
    ],
    [
      0.0,
      0.0,
      0.0,
      1.0
    ]
  ],
  "bin_size": {
    "w": 0.25,
    "d": 0.25
  },
  "z_floor": 0.0,
  "piece_aabb": {
    "w": 0.0300283320248127,
    "d": 0.0300283320248127,
    "h": 0.0300283320248127
  },
  "poses": [
    {
      "R": [
        [
          -0.6986980918613641,
          -0.3684505982149033,
          0.6132414965609952
        ],
        [
          -0.6837407877358583,
          0.5961462071530743,
          -0.4208422921752896
        ],
        [
          -0.21052199793759582,
          -0.713339930448369,
          -0.6684509196734489
        ]
      ],
      "tx": 0.05142022099346011,
      "ty": -0.005339563754982388,
      "tz": 0.0
    },
    {
      "R": [
        [
          0.0036989501186397433,
          0.44786326489536665,
          0.8940944098501468
        ],
        [
          -0.7498989465589361,
          0.5927314617428872,
          -0.2938043298012098
        ],
        [
          -0.6615420528717865,
          -0.6693936885102838,
          0.33804467465821664
        ]
      ],
      "tx": -0.026744691001758525,
      "ty": 0.09118655836078435,
      "tz": 0.0
    },
    {
      "R": [
        [
          0.1679447635722644,
          -0.2703791241256149,
          -0.9479924501944738
        ],
        [
          0.6476077516463379,
          0.7552918884561238,
          -0.10068943956521695
        ],
        [
          0.7432353304278744,
          -0.5970169951261418,
          0.3019469343019082
        ]
      ],
      "tx": 0.0814597889943936,
      "ty": 0.06302229542754609,
      "tz": 0.0
    },
    {
      "R": [
        [
          0.8168146855950815,
          -0.06614061833087725,
          -0.573096142024196
        ],
        [
          -0.5684977985266343,
          0.07664663057489762,
          -0.8191065541746603
        ],
        [
          0.09810210225361388,
          0.9948621576019085,
          0.025005297540663163
        ]
      ],
      "tx": -0.02560845310631972,
      "ty": -0.048012303831964746,
      "tz": 0.0
    },
    {
      "R": [
        [
          0.8086703519742141,
          -0.4471975994951323,
          -0.3821865628769436
        ],
        [
          -0.387568609627515,
          -0.8937722166540107,
          0.2257471983630603
        ],
        [
          -0.44254133667861534,
          -0.03443155156491283,
          -0.8960868448914632
        ]
      ],
      "tx": -0.08631926701937145,
      "ty": 0.058965737623298015,
      "tz": 0.0
    },
    {
      "R": [
        [
          0.21677703216373967,
          0.8697235509460713,
          0.44338320136879034
        ],
        [
          0.4322545340717806,
          -0.4927476904370178,
          0.7552189956187364
        ],
        [
          0.8753077950644954,
          0.027940266619010945,
          -0.48275833022392245
        ]
      ],
      "tx": -0.023511839399795606,
      "ty": 0.015088650008339283,
      "tz": 0.0
    },
    {
      "R": [
        [
          -0.8744069831244277,
          -0.3477671995167568,
          -0.3383347496245535
        ],
        [
          0.46511392108178956,
          -0.40227451561459504,
          -0.7885710205827793
        ],
        [
          0.13813568792734143,
          -0.8468962091232405,
          0.5135030113772701
        ]
      ],
      "tx": -0.09811524046801694,
      "ty": -0.05099878536504412,
      "tz": 0.0
    },
    {
      "R": [
        [
          -0.05578023769916851,
          0.7545079079692721,
          0.6539161887383247
        ],
        [
          -0.9984428526552652,
          -0.04171958414439603,
          -0.03703169291883146
        ],
        [
          -0.0006595936932965452,
          -0.6549635815147669,
          0.7556601563040816
        ]
      ],
      "tx": 0.09861535753958808,
      "ty": -0.04420583746294529,
      "tz": 0.0
    },
    {
      "R": [
        [
          -0.38815939359493923,
          -0.3930031278682914,
          -0.8335951215366778
        ],
        [
          -0.4825560032627081,
          0.8572807049732427,
          -0.17947004372791953
        ],
        [
          0.7851573019969506,
          0.33259334684614417,
          -0.5224075772369217
        ]
      ],
      "tx": 0.030462218884498793,
      "ty": -0.09817983951634146,
      "tz": 0.0
    },
    {
      "R": [
        [
          0.3122003274638758,
          -0.48779886874302897,
          0.815219736748608
        ],
        [
          0.6404605652265788,
          0.7418602514269741,
          0.1986293828776547
        ],
        [
          -0.7016703071393999,
          0.4601039350035249,
          0.5440249526199807
        ]
      ],
      "tx": -0.053851292855677205,
      "ty": -0.09806547086335692,
      "tz": 0.0
    },
    {
      "R": [
        [
          0.18665507666095515,
          -0.7041016335818215,
          -0.6851282886759991
        ],
        [
          -0.27042376956898706,
          0.6336209743299367,
          -0.7248416694294562
        ],
        [
          0.9444738573453435,
          0.32057035183652277,
          -0.07213724637533447
        ]
      ],
      "tx": 0.022045986685087504,
      "ty": 0.06073005255890626,
      "tz": 0.0
    }
  ],
  "points_N": 52918
}