{
  "type": "scene",
  "distance_m": 0.3,
  "num_objects": 12,
  "intrinsics": {
    "width": 640,
    "height": 480,
    "fx": 554.2562584220408,
    "fy": 554.2562584220408,
    "cx": 0.09784205209712218,
    "cy": 0.08804855661223629
  },
  "T_wc": [
    [
      0.999999999999,
      0.0,
      0.0,
      0.0
    ],
    [
      -0.0,
      0.9999999999956668,
      0.0,
      0.0
    ],
    [
      0.0,
      0.0,
      -0.9999999999966668,
      0.31501416601240634
    ],
    [
      0.0,
      0.0,
      0.0,
      1.0
    ]
  ],
  "bin_size": {
    "w": 0.25,
    "d": 0.25
  },
  "z_floor": 0.0,
  "piece_aabb": {
    "w": 0.0300283320248127,
    "d": 0.0300283320248127,
    "h": 0.0300283320248127
  },
  "poses": [
    {
      "R": [
        [
          0.7917215035873809,
          0.54409637036433,
          -0.27773404637116156
        ],
        [
          -0.04606646688350999,
          0.506525971600758,
          0.8609932175823329
        ],
        [
          0.6091427922796158,
          -0.6688726185532412,
          0.4260921012686376
        ]
      ],
      "tx": 0.04082468698869743,
      "ty": -0.05425620775489222,
      "tz": 0.0
    },
    {
      "R": [
        [
          -0.8243364296061917,
          -0.5660209429296812,
          0.009473277632969151
        ],
        [
          0.2888716141981301,
          -0.43497798249535036,
          -0.8528466129702585
        ],
        [
          0.4868497112402177,
          -0.7002959709360534,
          0.5220755805015659
        ]
      ],
      "tx": 0.03410760505222432,
      "ty": 0.08304140245603342,
      "tz": 0.0
    },
    {
      "R": [
        [
          -0.4459823209824578,
          0.7967305968591241,
          -0.40782364497366314
        ],
        [
          0.5646457649309677,
          -0.10308698893048973,
          -0.818870095228033
        ],
        [
          -0.6944601712961103,
          -0.5954774796260136,
          -0.40389558272111414
        ]
      ],
      "tx": -0.03269827206529792,
      "ty": -0.039375966726849745,
      "tz": 0.0
    },
    {
      "R": [
        [
          -0.4128822978771556,
          0.8353635469280634,
          -0.3628993697479307
        ],
        [
          -0.43026842558647044,
          0.17228182351959187,
          0.8861083766831821
        ],
        [
          0.8027436016830155,
          0.5220026032009129,
          0.2882984429518318
        ]
      ],
      "tx": 0.09882050349686233,
      "ty": -0.04672055017856757,
      "tz": 0.0
    },
    {
      "R": [
        [
          0.5916073780826219,
          0.7160990035963738,
          0.3704091349393078
        ],
        [
          -0.715663465875262,
          0.6780066493507313,
          -0.16772831319607925
        ],
        [
          -0.3712499344237159,
          -0.16585897770236943,
          0.9135996309685723
        ]
      ],
      "tx": 0.0950709153154988,
      "ty": 0.02375542969606416,
      "tz": 0.0
    },
    {
      "R": [
        [
          0.43535042103757593,
          0.7241706743653176,
          0.5348334743559781
        ],
        [
          -0.18836787875542454,
          -0.5076629602005516,
          0.8407115207332387
        ],
        [
          0.8803337737219826,
          -0.4667495615741855,
          -0.08460078968141205
        ]
      ],
      "tx": -0.03465228555186371,
      "ty": 0.050878986906711804,
      "tz": 0.0
    },
    {
      "R": [
        [
          -0.8594863436359927,
          0.46631701671665954,
          -0.20936013236456003
        ],
        [
          0.30435912035256246,
          0.13780981151050953,
          -0.94253593125655
        ],
        [
          -0.4106686632328376,
          -0.8738174270246115,
          -0.2603734880256465
        ]
      ],
      "tx": -0.07162425747876888,
      "ty": -0.08137836205876434,
      "tz": 0.0
    },
    {
      "R": [
        [
          0.232506857545149,
          -0.06293128870323744,
          0.9705566516678095
        ],
        [
          -0.8562879173084865,
          -0.4864537555974877,
          0.17359074381024625
        ],
        [
          0.46120663900899594,
          -0.8714369722287723,
          -0.16699113619224226
        ]
      ],
      "tx": -0.09834817635001081,
      "ty": 0.014718276954064774,
      "tz": 0.0
    },
    {
      "R": [
        [
          0.5108863030422166,
          0.7961281499237053,
          0.32430719119827506
        ],
        [
          0.6514140239815617,
          -0.11235934201810704,
          -0.7503566802670628
        ],
        [
          -0.5609411330291314,
          0.5946052027692964,
          -0.5760118906026834
        ]
      ],
      "tx": 0.015959766267207368,
      "ty": 0.012650918833314581,
      "tz": 0.0
    },
    {
      "R": [
        [
          -0.4332796130605743,
          -0.64331641173958,
          -0.6311994702885848
        ],
        [
          0.7433469838019915,
          -0.651094935100474,
          0.15333182043852228
        ],
        [
          -0.5096116546730074,
          -0.4027646705869578,
          0.7603134758429702
        ]
      ],
      "tx": -0.08526682246306613,
      "ty": 0.09407222660649875,
      "tz": 0.0
    },
    {
      "R": [
        [
          0.24210183079199354,
          -0.8127356268527874,
          0.5299504735080173
        ],
        [
          0.38987542198021125,
          -0.4186725917790495,
          -0.8201892563480491
        ],
        [
          0.8884727676540892,
          0.40518398504533737,
          0.21550424450544514
        ]
      ],
      "tx": -0.00026752158033799267,
      "ty": -0.09597240596072082,
      "tz": 0.0
    },
    {
      "R": [
        [
          -0.09752930635728352,
          0.528272177159632,
          -0.8434551210589033
        ],
        [
          -0.42878136649431436,
          -0.787109616774043,
          -0.443401613584217
        ],
        [
          -0.8981283728670059,
          0.318413187573695,
          0.30327952095455335
        ]
      ],
      "tx": 0.09784205209712218,
      "ty": 0.08804855661223629,
      "tz": 0.0
    }
  ],
  "points_N": 63856
}