{
  "type": "scene",
  "distance_m": 0.3,
  "num_objects": 9,
  "intrinsics": {
    "width": 640,
    "height": 480,
    "fx": 554.2562584220408,
    "fy": 554.2562584220408,
    "cx": -0.07269275174189649,
    "cy": 0.08633293360539812
  },
  "T_wc": [
    [
      0.999999999999,
      0.0,
      0.0,
      0.0
    ],
    [
      -0.0,
      0.9999999999956668,
      0.0,
      0.0
    ],
    [
      0.0,
      0.0,
      -0.9999999999966668,
      0.31501416601240634
    ],
    [
      0.0,
      0.0,
      0.0,
      1.0
    ]
  ],
  "bin_size": {
    "w": 0.25,
    "d": 0.25
  },
  "z_floor": 0.0,
  "piece_aabb": {
    "w": 0.0300283320248127,
    "d": 0.0300283320248127,
    "h": 0.0300283320248127
  },
  "poses": [
    {
      "R": [
        [
          0.8594964407832706,
          -0.47753876692853287,
          0.18227066237128275
        ],
        [
          0.461593815976495,
          0.8783132058139596,
          0.12448719430151353
        ],
        [
          -0.21953819105829264,
          -0.022861289840722554,
          0.975336015993294
        ]
      ],
      "tx": 0.0791893121939086,
      "ty": -0.09446102706894674,
      "tz": 0.0
    },
    {
      "R": [
        [
          -0.6274703803117485,
          -0.7780426467281292,
          -0.0305051094690178
        ],
        [
          0.3027356271017385,
          -0.2798683762172032,
          0.9110569861852018
        ],
        [
          -0.7173786043051091,
          0.562426290162394,
          0.41115034503137693
        ]
      ],
      "tx": 0.08081863360422886,
      "ty": 0.026967288568785913,
      "tz": 0.0
    },
    {
      "R": [
        [
          0.30658673499359446,
          -0.6123198507844034,
          0.7287447936426945
        ],
        [
          -0.14233647465990715,
          0.7275132436334908,
          0.6711667515001519
        ],
        [
          -0.9411402137340414,
          -0.30949778783255144,
          0.13589046110525893
        ]
      ],
      "tx": -0.04597539182282283,
      "ty": 0.008471236683315925,
      "tz": 0.0
    },
    {
      "R": [
        [
          0.6562205314053327,
          0.39771911463450954,
          -0.6412441968676555
        ],
        [
          -0.7369188863594811,
          0.15506038379419018,
          -0.6579565580677044
        ],
        [
          -0.16225032847056076,
          0.9043095616170053,
          0.39484053449367995
        ]
      ],
      "tx": 0.007147106408658677,
      "ty": -0.03545638289319,
      "tz": 0.0
    },
    {
      "R": [
        [
          0.8983942236393179,
          0.29052514732800316,
          -0.32936751160603167
        ],
        [
          -0.32783101547441706,
          0.9426522499562948,
          -0.06271810699748319
        ],
        [
          0.2922578386023545,
          0.16432247083821877,
          0.9421164903307355
        ]
      ],
      "tx": -0.001641242562910053,
      "ty": 0.0803638878908235,
      "tz": 0.0
    },
    {
      "R": [
        [
          -0.5054485629168946,
          0.5299818205501813,
          -0.6809119033557581
        ],
        [
          -0.7859415712258885,
          -0.6084705344484824,
          0.10981555138940652
        ],
        [
          -0.35611458389713213,
          0.5906630838255369,
          0.7240853019786269
        ]
      ],
      "tx": -0.058893167275602336,
      "ty": -0.09593088979228707,
      "tz": 0.0
    },
    {
      "R": [
        [
          0.13989198658961588,
          -0.6987510988136729,
          -0.7015533721640109
        ],
        [
          0.852203300914917,
          0.4457221381617412,
          -0.27400968862842245
        ],
        [
          0.5041624400902253,
          -0.5595343398391294,
          0.6578309483013547
        ]
      ],
      "tx": 0.022791590815480517,
      "ty": 0.025911501185293298,
      "tz": 0.0
    },
    {
      "R": [
        [
          0.08771563902646484,
          0.5794536659757623,
          0.8102711988324827
        ],
        [
          0.9581396878157589,
          0.17346084878352497,
          -0.22777109687495328
        ],
        [
          -0.272533126981839,
          0.7963320808096008,
          -0.5399823254245941
        ]
      ],
      "tx": -0.09893106224401606,
      "ty": -0.024170650398591814,
      "tz": 0.0
    },
    {
      "R": [
        [
          -0.5318309412876412,
          -0.49170757412530713,
          -0.6894777091660813
        ],
        [
          -0.05749764152887543,
          -0.7913221005371194,
          0.6086898671902945
        ],
        [
          -0.8448963670816194,
          0.36336344718384517,
          0.3925775517562795
        ]
      ],
      "tx": -0.07269275174189649,
      "ty": 0.08633293360539812,
      "tz": 0.0
    }
  ],
  "points_N": 45035
}