{
  "type": "scene",
  "distance_m": 0.3,
  "num_objects": 9,
  "intrinsics": {
    "width": 640,
    "height": 480,
    "fx": 554.2562584220408,
    "fy": 554.2562584220408,
    "cx": -0.07930638688146854,
    "cy": -0.0864227108778205
  },
  "T_wc": [
    [
      0.999999999999,
      0.0,
      0.0,
      0.0
    ],
    [
      -0.0,
      0.9999999999956668,
      0.0,
      0.0
    ],
    [
      0.0,
      0.0,
      -0.9999999999966668,
      0.31501416601240634
    ],
    [
      0.0,
      0.0,
      0.0,
      1.0
    ]
  ],
  "bin_size": {
    "w": 0.25,
    "d": 0.25
  },
  "z_floor": 0.0,
  "piece_aabb": {
    "w": 0.0300283320248127,
    "d": 0.0300283320248127,
    "h": 0.0300283320248127
  },
  "poses": [
    {
      "R": [
        [
          0.6696561541519375,
          0.4084954986188515,
          0.620235489805745
        ],
        [
          0.37617768959719966,
          -0.9066512888409097,
          0.19098111501515136
        ],
        [
          0.6403522320221501,
          0.10542707456461754,
          -0.7608115081233966
        ]
      ],
      "tx": -0.000984893301428591,
      "ty": 0.04041765115106841,
      "tz": 0.0
    },
    {
      "R": [
        [
          0.9831542071123301,
          -0.07054574438649841,
          -0.168615251345423
        ],
        [
          -0.1579791133586259,
          0.13599000881162893,
          -0.9780333927048889
        ],
        [
          0.09192608323945801,
          0.988195332640449,
          0.12255439513899258
        ]
      ],
      "tx": -0.024410385331483375,
      "ty": 0.09526117490008484,
      "tz": 0.0
    },
    {
      "R": [
        [
          0.20357603074815334,
          -0.5411137242581798,
          -0.8159367237257247
        ],
        [
          -0.21281470936645025,
          0.7890055530402724,
          -0.5763507063836107
        ],
        [
          0.9556498831591518,
          0.2909745258455736,
          0.045465658763988115
        ]
      ],
      "tx": 0.06145960370886089,
      "ty": 0.03967854424060957,
      "tz": 0.0
    },
    {
      "R": [
        [
          -0.8388473588006407,
          0.23646596398513814,
          -0.4903253578082305
        ],
        [
          0.450034372230056,
          0.8080127179832363,
          -0.3802427006384771
        ],
        [
          0.30627466830394146,
          -0.5396288497235137,
          -0.7842171460133913
        ]
      ],
      "tx": -0.0885871304267422,
      "ty": 0.07235164295894625,
      "tz": 0.0
    },
    {
      "R": [
        [
          -0.5565844193162088,
          0.3621001460801807,
          -0.7477280711482956
        ],
        [
          -0.21469438771509508,
          0.8067579533635375,
          0.5504978878872441
        ],
        [
          0.8025709339728666,
          0.46693156767709343,
          -0.37128803784734665
        ]
      ],
      "tx": -0.06355059265065895,
      "ty": -0.002473946573010158,
      "tz": 0.0
    },
    {
      "R": [
        [
          -0.5715866107429104,
          -0.6603388255745416,
          -0.48707430835373344
        ],
        [
          -0.6950907122714628,
          0.07421474942879758,
          0.7150811651002781
        ],
        [
          -0.4360477590051154,
          0.7472916474884862,
          -0.5014155417022501
        ]
      ],
      "tx": -0.021031928483634763,
      "ty": -0.07307775343405856,
      "tz": 0.0
    },
    {
      "R": [
        [
          -0.6384798303215427,
          0.7445969835394046,
          0.19472760044891765
        ],
        [
          0.5254017838273513,
          0.2367985305918685,
          0.8172389010935351
        ],
        [
          0.5624024109333201,
          0.6241007835386455,
          -0.5424036690167549
        ]
      ],
      "tx": 0.03879711765018096,
      "ty": -0.04136363542109251,
      "tz": 0.0
    },
    {
      "R": [
        [
          -0.6522973214894456,
          -0.5407597299466307,
          0.5311187426985997
        ],
        [
          -0.7558739129328389,
          0.41209927375897615,
          -0.5087522150466999
        ],
        [
          0.0562390622725302,
          -0.7333165094523451,
          -0.6775574254919907
        ]
      ],
      "tx": 0.09671469285941708,
      "ty": -0.06977038484391154,
      "tz": 0.0
    },
    {
      "R": [
        [
          -0.47841519047845393,
          0.029313113160484405,
          0.8776443738304854
        ],
        [
          -0.7617805002432081,
          -0.5110150343873281,
          -0.39818852831206153
        ],
        [
          0.4368173244832124,
          -0.8590718107509746,
          0.26680751302084704
        ]
      ],
      "tx": -0.07930638688146854,
      "ty": -0.0864227108778205,
      "tz": 0.0
    }
  ],
  "points_N": 45239
}