{
  "type": "single",
  "distance_m": 0.6,
  "angles": {
    "az_deg": 60.0,
    "el_deg": 25.0
  },
  "z_floor": 0.0,
  "intrinsics": {
    "width": 640,
    "height": 480,
    "fx": 554.2562584220408,
    "fy": 554.2562584220408,
    "cx": 319.5,
    "cy": 239.5
  },
  "T_wc": [
    [
      -0.8660254037834831,
      -0.21130913086976452,
      -0.45315389351756985,
      0.271892336110995
    ],
    [
      0.49999999999944844,
      -0.36599815076965314,
      -0.7848855672200877,
      0.4709313403328374
    ],
    [
      0.0,
      0.9063077870341397,
      -0.4226182617399952,
      0.268585123056826
    ],
    [
      0.0,
      0.0,
      0.0,
      1.0
    ]
  ],
  "piece_aabb": {
    "w": 0.0300283320248127,
    "d": 0.0300283320248127,
    "h": 0.0300283320248127
  },
  "points_N": 1234
}