{
  "type": "single",
  "distance_m": 0.6,
  "angles": {
    "az_deg": 180.0,
    "el_deg": 45.0
  },
  "z_floor": 0.0,
  "intrinsics": {
    "width": 640,
    "height": 480,
    "fx": 554.2562584220408,
    "fy": 554.2562584220408,
    "cx": 319.5,
    "cy": 239.5
  },
  "T_wc": [
    [
      -1.2246467991456214e-16,
      0.7071067811843691,
      0.7071067811853691,
      -0.4242640687119285
    ],
    [
      -0.9999999999985858,
      -8.659560562328256e-17,
      -8.659560562340502e-17,
      5.19573633741296e-17
    ],
    [
      0.0,
      0.7071067811843691,
      -0.7071067811853691,
      0.43927823472433486
    ],
    [
      0.0,
      0.0,
      0.0,
      1.0
    ]
  ],
  "piece_aabb": {
    "w": 0.0300283320248127,
    "d": 0.0300283320248127,
    "h": 0.0300283320248127
  },
  "points_N": 1064
}