{
  "type": "single",
  "distance_m": 0.6,
  "angles": {
    "az_deg": 120.0,
    "el_deg": 15.0
  },
  "z_floor": 0.0,
  "intrinsics": {
    "width": 640,
    "height": 480,
    "fx": 554.2562584220408,
    "fy": 554.2562584220408,
    "cx": 319.5,
    "cy": 239.5
  },
  "T_wc": [
    [
      -0.8660254037835421,
      0.12940952255091065,
      0.482962913143729,
      -0.2897777478867204
    ],
    [
      -0.4999999999994822,
      -0.22414386804140773,
      -0.8365163037364137,
      0.5019097822426848
    ],
    [
      0.0,
      0.9659258262864583,
      -0.25881904510208936,
      0.1703055930739188
    ],
    [
      0.0,
      0.0,
      0.0,
      1.0
    ]
  ],
  "piece_aabb": {
    "w": 0.0300283320248127,
    "d": 0.0300283320248127,
    "h": 0.0300283320248127
  },
  "points_N": 1177
}