{
  "type": "single",
  "distance_m": 0.6,
  "angles": {
    "az_deg": 120.0,
    "el_deg": 45.0
  },
  "z_floor": 0.0,
  "intrinsics": {
    "width": 640,
    "height": 480,
    "fx": 554.2562584220408,
    "fy": 554.2562584220408,
    "cx": 319.5,
    "cy": 239.5
  },
  "T_wc": [
    [
      -0.866025403783214,
      0.35355339059218444,
      0.35355339059268437,
      -0.21213203435596417
    ],
    [
      -0.49999999999929273,
      -0.612372435693908,
      -0.612372435694774,
      0.3674234614174767
    ],
    [
      0.0,
      0.707106781184369,
      -0.7071067811853691,
      0.43927823472433486
    ],
    [
      0.0,
      0.0,
      0.0,
      1.0
    ]
  ],
  "piece_aabb": {
    "w": 0.0300283320248127,
    "d": 0.0300283320248127,
    "h": 0.0300283320248127
  },
  "points_N": 1241
}