{
  "type": "single",
  "distance_m": 0.6,
  "angles": {
    "az_deg": 30.0,
    "el_deg": 35.0
  },
  "z_floor": 0.0,
  "intrinsics": {
    "width": 640,
    "height": 480,
    "fx": 554.2562584220408,
    "fy": 554.2562584220408,
    "cx": 319.5,
    "cy": 239.5
  },
  "T_wc": [
    [
      -0.49999999999938954,
      -0.49673176489071985,
      -0.7094064799150402,
      0.4256438879497335
    ],
    [
      0.8660254037833816,
      -0.2867882181746949,
      -0.4095760221438132,
      0.2457456132866975
    ],
    [
      0.0,
      0.8191520442866267,
      -0.5735764363500901,
      0.35916002782303397
    ],
    [
      0.0,
      0.0,
      0.0,
      1.0
    ]
  ],
  "piece_aabb": {
    "w": 0.0300283320248127,
    "d": 0.0300283320248127,
    "h": 0.0300283320248127
  },
  "points_N": 1254
}