{
  "type": "single",
  "distance_m": 0.6,
  "angles": {
    "az_deg": 150.0,
    "el_deg": 55.0
  },
  "z_floor": 0.0,
  "intrinsics": {
    "width": 640,
    "height": 480,
    "fx": 554.2562584220408,
    "fy": 554.2562584220408,
    "cx": 319.5,
    "cy": 239.5
  },
  "T_wc": [
    [
      -0.4999999999991282,
      0.7094064799138033,
      0.4967317648913262,
      -0.2980390589352924
    ],
    [
      -0.8660254037829288,
      -0.4095760221430991,
      -0.286788218175045,
      0.17207293090531378
    ],
    [
      0.0,
      0.5735764363490902,
      -0.8191520442876266,
      0.5065053925858014
    ],
    [
      0.0,
      0.0,
      0.0,
      1.0
    ]
  ],
  "piece_aabb": {
    "w": 0.0300283320248127,
    "d": 0.0300283320248127,
    "h": 0.0300283320248127
  },
  "points_N": 1192
}