{
  "type": "single",
  "distance_m": 0.6,
  "angles": {
    "az_deg": 150.0,
    "el_deg": 5.0
  },
  "z_floor": 0.0,
  "intrinsics": {
    "width": 640,
    "height": 480,
    "fx": 554.2562584220408,
    "fy": 554.2562584220408,
    "cx": 319.5,
    "cy": 239.5
  },
  "T_wc": [
    [
      -0.499999999999498,
      0.07547908730497176,
      0.862729915661383,
      -0.5176379493976926
    ],
    [
      -0.8660254037835694,
      -0.0435778713737127,
      -0.4980973490450425,
      0.2988584094275236
    ],
    [
      0.0,
      0.9961946980890852,
      -0.0871557427475129,
      0.06730761166100124
    ],
    [
      0.0,
      0.0,
      0.0,
      1.0
    ]
  ],
  "piece_aabb": {
    "w": 0.0300283320248127,
    "d": 0.0300283320248127,
    "h": 0.0300283320248127
  },
  "points_N": 1082
}