{
  "type": "single",
  "distance_m": 0.6,
  "angles": {
    "az_deg": 180.0,
    "el_deg": 25.0
  },
  "z_floor": 0.0,
  "intrinsics": {
    "width": 640,
    "height": 480,
    "fx": 554.2562584220408,
    "fy": 554.2562584220408,
    "cx": 319.5,
    "cy": 239.5
  },
  "T_wc": [
    [
      -1.224646799146002e-16,
      0.42261826173952893,
      0.9063077870351396,
      -0.5437846722219899
    ],
    [
      -0.9999999999988967,
      -5.1755810150053243e-17,
      -1.1099069304349047e-16,
      6.659441582620525e-17
    ],
    [
      0.0,
      0.9063077870341396,
      -0.4226182617399952,
      0.268585123056826
    ],
    [
      0.0,
      0.0,
      0.0,
      1.0
    ]
  ],
  "piece_aabb": {
    "w": 0.0300283320248127,
    "d": 0.0300283320248127,
    "h": 0.0300283320248127
  },
  "points_N": 1008
}