{
  "type": "single",
  "distance_m": 0.6,
  "angles": {
    "az_deg": 120.0,
    "el_deg": 5.0
  },
  "z_floor": 0.0,
  "intrinsics": {
    "width": 640,
    "height": 480,
    "fx": 554.2562584220408,
    "fy": 554.2562584220408,
    "cx": 319.5,
    "cy": 239.5
  },
  "T_wc": [
    [
      -0.8660254037835694,
      0.0435778713737127,
      0.4980973490450425,
      -0.29885840942752356
    ],
    [
      -0.49999999999949796,
      -0.07547908730497177,
      -0.8627299156613831,
      0.5176379493976926
    ],
    [
      0.0,
      0.9961946980890853,
      -0.08715574274751291,
      0.06730761166100124
    ],
    [
      0.0,
      0.0,
      0.0,
      1.0
    ]
  ],
  "piece_aabb": {
    "w": 0.0300283320248127,
    "d": 0.0300283320248127,
    "h": 0.0300283320248127
  },
  "points_N": 1082
}