{
  "type": "single",
  "distance_m": 0.6,
  "angles": {
    "az_deg": 270.0,
    "el_deg": 15.0
  },
  "z_floor": 0.0,
  "intrinsics": {
    "width": 640,
    "height": 480,
    "fx": 554.2562584220408,
    "fy": 554.2562584220408,
    "cx": 319.5,
    "cy": 239.5
  },
  "T_wc": [
    [
      0.9999999999989647,
      4.7544287271348e-17,
      1.7743769570650472e-16,
      -1.0646261742408028e-16
    ],
    [
      -1.8369701987191278e-16,
      0.2588190451018214,
      0.9659258262874584,
      -0.579555495773441
    ],
    [
      0.0,
      0.9659258262864584,
      -0.25881904510208936,
      0.1703055930739188
    ],
    [
      0.0,
      0.0,
      0.0,
      1.0
    ]
  ],
  "piece_aabb": {
    "w": 0.0300283320248127,
    "d": 0.0300283320248127,
    "h": 0.0300283320248127
  },
  "points_N": 924
}