{
  "type": "single",
  "distance_m": 0.6,
  "angles": {
    "az_deg": 180.0,
    "el_deg": 55.0
  },
  "z_floor": 0.0,
  "intrinsics": {
    "width": 640,
    "height": 480,
    "fx": 554.2562584220408,
    "fy": 554.2562584220408,
    "cx": 319.5,
    "cy": 239.5
  },
  "T_wc": [
    [
      -1.224646799145218e-16,
      0.8191520442861985,
      0.5735764363500901,
      -0.3441458618106276
    ],
    [
      -0.9999999999982566,
      -1.0031719290501038e-16,
      -7.024285468424834e-17,
      4.2145712810619245e-17
    ],
    [
      0.0,
      0.5735764363490902,
      -0.8191520442876266,
      0.5065053925858014
    ],
    [
      0.0,
      0.0,
      0.0,
      1.0
    ]
  ],
  "piece_aabb": {
    "w": 0.0300283320248127,
    "d": 0.0300283320248127,
    "h": 0.0300283320248127
  },
  "points_N": 1064
}