{
  "type": "single",
  "distance_m": 0.6,
  "angles": {
    "az_deg": 330.0,
    "el_deg": 15.0
  },
  "z_floor": 0.0,
  "intrinsics": {
    "width": 640,
    "height": 480,
    "fx": 554.2562584220408,
    "fy": 554.2562584220408,
    "cx": 319.5,
    "cy": 239.5
  },
  "T_wc": [
    [
      0.4999999999994829,
      -0.2241438680414077,
      -0.8365163037364135,
      0.5019097822426846
    ],
    [
      0.8660254037835418,
      0.12940952255091087,
      0.48296291314372974,
      -0.2897777478867208
    ],
    [
      -0.0,
      0.9659258262864585,
      -0.2588190451020894,
      0.1703055930739188
    ],
    [
      0.0,
      0.0,
      0.0,
      1.0
    ]
  ],
  "piece_aabb": {
    "w": 0.0300283320248127,
    "d": 0.0300283320248127,
    "h": 0.0300283320248127
  },
  "points_N": 1177
}