{
  "type": "single",
  "distance_m": 0.6,
  "angles": {
    "az_deg": 210.0,
    "el_deg": 65.0
  },
  "z_floor": 0.0,
  "intrinsics": {
    "width": 640,
    "height": 480,
    "fx": 554.2562584220408,
    "fy": 554.2562584220408,
    "cx": 319.5,
    "cy": 239.5
  },
  "T_wc": [
    [
      0.49999999999881706,
      0.7848855672182306,
      0.3659981507700569,
      -0.21959889046240008
    ],
    [
      -0.8660254037823895,
      0.4531538935164977,
      0.21130913086999764,
      -0.12678547852220987
    ],
    [
      0.0,
      0.4226182617389952,
      -0.9063077870351396,
      0.5587988382343962
    ],
    [
      0.0,
      0.0,
      0.0,
      1.0
    ]
  ],
  "piece_aabb": {
    "w": 0.0300283320248127,
    "d": 0.0300283320248127,
    "h": 0.0300283320248127
  },
  "points_N": 1109
}