{
  "type": "single",
  "distance_m": 0.6,
  "angles": {
    "az_deg": 30.0,
    "el_deg": 25.0
  },
  "z_floor": 0.0,
  "intrinsics": {
    "width": 640,
    "height": 480,
    "fx": 554.2562584220408,
    "fy": 554.2562584220408,
    "cx": 319.5,
    "cy": 239.5
  },
  "T_wc": [
    [
      -0.4999999999994482,
      -0.36599815076965314,
      -0.7848855672200878,
      0.47093134033283746
    ],
    [
      0.8660254037834831,
      -0.2113091308697644,
      -0.4531538935175697,
      0.2718923361109949
    ],
    [
      0.0,
      0.9063077870341396,
      -0.4226182617399952,
      0.268585123056826
    ],
    [
      0.0,
      0.0,
      0.0,
      1.0
    ]
  ],
  "piece_aabb": {
    "w": 0.0300283320248127,
    "d": 0.0300283320248127,
    "h": 0.0300283320248127
  },
  "points_N": 1234
}