{
  "type": "single",
  "distance_m": 0.6,
  "angles": {
    "az_deg": 240.0,
    "el_deg": 55.0
  },
  "z_floor": 0.0,
  "intrinsics": {
    "width": 640,
    "height": 480,
    "fx": 554.2562584220408,
    "fy": 554.2562584220408,
    "cx": 319.5,
    "cy": 239.5
  },
  "T_wc": [
    [
      0.8660254037829285,
      0.40957602214309957,
      0.28678821817504535,
      -0.17207293090531398
    ],
    [
      -0.4999999999991287,
      0.7094064799138031,
      0.4967317648913261,
      -0.29803905893529237
    ],
    [
      0.0,
      0.5735764363490902,
      -0.8191520442876266,
      0.5065053925858014
    ],
    [
      0.0,
      0.0,
      0.0,
      1.0
    ]
  ],
  "piece_aabb": {
    "w": 0.0300283320248127,
    "d": 0.0300283320248127,
    "h": 0.0300283320248127
  },
  "points_N": 1192
}