{
  "type": "single",
  "distance_m": 0.6,
  "angles": {
    "az_deg": 330.0,
    "el_deg": 85.0
  },
  "z_floor": 0.0,
  "intrinsics": {
    "width": 640,
    "height": 480,
    "fx": 554.2562584220408,
    "fy": 554.2562584220408,
    "cx": 319.5,
    "cy": 239.5
  },
  "T_wc": [
    [
      0.4999999999942636,
      -0.8627299156514838,
      -0.07547908730504746,
      0.045287452383103964
    ],
    [
      0.8660254037745018,
      0.49809734903932795,
      0.043577871373756474,
      -0.026146722824297464
    ],
    [
      -0.0,
      0.08715574274651286,
      -0.9961946980900851,
      0.6127309848674537
    ],
    [
      0.0,
      0.0,
      0.0,
      1.0
    ]
  ],
  "piece_aabb": {
    "w": 0.0300283320248127,
    "d": 0.0300283320248127,
    "h": 0.0300283320248127
  },
  "points_N": 852
}