{
  "type": "single",
  "distance_m": 0.6,
  "angles": {
    "az_deg": 120.0,
    "el_deg": 85.0
  },
  "z_floor": 0.0,
  "intrinsics": {
    "width": 640,
    "height": 480,
    "fx": 554.2562584220408,
    "fy": 554.2562584220408,
    "cx": 319.5,
    "cy": 239.5
  },
  "T_wc": [
    [
      -0.8660254037745022,
      0.49809734903932734,
      0.04357787137375641,
      -0.02614672282429743
    ],
    [
      -0.499999999994263,
      -0.8627299156514843,
      -0.07547908730504749,
      0.04528745238310398
    ],
    [
      0.0,
      0.08715574274651285,
      -0.9961946980900851,
      0.6127309848674537
    ],
    [
      0.0,
      0.0,
      0.0,
      1.0
    ]
  ],
  "piece_aabb": {
    "w": 0.0300283320248127,
    "d": 0.0300283320248127,
    "h": 0.0300283320248127
  },
  "points_N": 852
}