{
  "type": "single",
  "distance_m": 0.6,
  "angles": {
    "az_deg": 270.0,
    "el_deg": 85.0
  },
  "z_floor": 0.0,
  "intrinsics": {
    "width": 640,
    "height": 480,
    "fx": 554.2562584220408,
    "fy": 554.2562584220408,
    "cx": 319.5,
    "cy": 239.5
  },
  "T_wc": [
    [
      0.9999999999885262,
      1.8299799724943828e-16,
      1.6010250207457764e-17,
      -9.60615012449067e-18
    ],
    [
      -1.8369701986999526e-16,
      0.9961946980786549,
      0.08715574274751287,
      -0.05229344564859488
    ],
    [
      0.0,
      0.08715574274651286,
      -0.9961946980900851,
      0.6127309848674537
    ],
    [
      0.0,
      0.0,
      0.0,
      1.0
    ]
  ],
  "piece_aabb": {
    "w": 0.0300283320248127,
    "d": 0.0300283320248127,
    "h": 0.0300283320248127
  },
  "points_N": 838
}