{
  "type": "single",
  "distance_m": 0.6,
  "angles": {
    "az_deg": 270.0,
    "el_deg": 5.0
  },
  "z_floor": 0.0,
  "intrinsics": {
    "width": 640,
    "height": 480,
    "fx": 554.2562584220408,
    "fy": 554.2562584220408,
    "cx": 319.5,
    "cy": 239.5
  },
  "T_wc": [
    [
      0.9999999999989962,
      1.60102502074417e-17,
      1.8299799725153798e-16,
      -1.097987983511058e-16
    ],
    [
      -1.8369701987191857e-16,
      0.08715574274742541,
      0.9961946980900851,
      -0.5977168188550473
    ],
    [
      0.0,
      0.9961946980890851,
      -0.0871557427475129,
      0.06730761166100124
    ],
    [
      0.0,
      0.0,
      0.0,
      1.0
    ]
  ],
  "piece_aabb": {
    "w": 0.0300283320248127,
    "d": 0.0300283320248127,
    "h": 0.0300283320248127
  },
  "points_N": 838
}