{
  "type": "single",
  "distance_m": 0.6,
  "angles": {
    "az_deg": 210.0,
    "el_deg": 45.0
  },
  "z_floor": 0.0,
  "intrinsics": {
    "width": 640,
    "height": 480,
    "fx": 554.2562584220408,
    "fy": 554.2562584220408,
    "cx": 319.5,
    "cy": 239.5
  },
  "T_wc": [
    [
      0.49999999999929307,
      0.6123724356939079,
      0.6123724356947738,
      -0.36742346141747667
    ],
    [
      -0.8660254037832138,
      0.35355339059218466,
      0.35355339059268465,
      -0.2121320343559643
    ],
    [
      0.0,
      0.7071067811843691,
      -0.7071067811853691,
      0.43927823472433486
    ],
    [
      0.0,
      0.0,
      0.0,
      1.0
    ]
  ],
  "piece_aabb": {
    "w": 0.0300283320248127,
    "d": 0.0300283320248127,
    "h": 0.0300283320248127
  },
  "points_N": 1241
}