{
  "type": "single",
  "distance_m": 0.6,
  "angles": {
    "az_deg": 90.0,
    "el_deg": 85.0
  },
  "z_floor": 0.0,
  "intrinsics": {
    "width": 640,
    "height": 480,
    "fx": 554.2562584220408,
    "fy": 554.2562584220408,
    "cx": 319.5,
    "cy": 239.5
  },
  "T_wc": [
    [
      -0.9999999999885262,
      -6.099933241647944e-17,
      -5.336750069152589e-18,
      3.2020500414968903e-18
    ],
    [
      6.123233995666509e-17,
      -0.9961946980786549,
      -0.08715574274751287,
      0.05229344564859488
    ],
    [
      0.0,
      0.08715574274651286,
      -0.9961946980900851,
      0.6127309848674537
    ],
    [
      0.0,
      0.0,
      0.0,
      1.0
    ]
  ],
  "piece_aabb": {
    "w": 0.0300283320248127,
    "d": 0.0300283320248127,
    "h": 0.0300283320248127
  },
  "points_N": 838
}