{
  "type": "single",
  "distance_m": 0.6,
  "angles": {
    "az_deg": 300.0,
    "el_deg": 5.0
  },
  "z_floor": 0.0,
  "intrinsics": {
    "width": 640,
    "height": 480,
    "fx": 554.2562584220408,
    "fy": 554.2562584220408,
    "cx": 319.5,
    "cy": 239.5
  },
  "T_wc": [
    [
      0.8660254037835693,
      -0.043577871373712725,
      -0.49809734904504277,
      0.29885840942752373
    ],
    [
      0.49999999999949823,
      0.07547908730497176,
      0.862729915661383,
      -0.5176379493976925
    ],
    [
      -0.0,
      0.9961946980890853,
      -0.08715574274751291,
      0.06730761166100124
    ],
    [
      0.0,
      0.0,
      0.0,
      1.0
    ]
  ],
  "piece_aabb": {
    "w": 0.0300283320248127,
    "d": 0.0300283320248127,
    "h": 0.0300283320248127
  },
  "points_N": 1082
}