{
  "type": "single",
  "distance_m": 0.6,
  "angles": {
    "az_deg": 270.0,
    "el_deg": 65.0
  },
  "z_floor": 0.0,
  "intrinsics": {
    "width": 640,
    "height": 480,
    "fx": 554.2562584220408,
    "fy": 554.2562584220408,
    "cx": 319.5,
    "cy": 239.5
  },
  "T_wc": [
    [
      0.9999999999976339,
      1.6648603956484174e-16,
      7.76337152251655e-17,
      -4.658022913517693e-17
    ],
    [
      -1.8369701987166828e-16,
      0.9063077870329952,
      0.4226182617399952,
      -0.2535709570444197
    ],
    [
      0.0,
      0.42261826173899525,
      -0.9063077870351396,
      0.5587988382343962
    ],
    [
      0.0,
      0.0,
      0.0,
      1.0
    ]
  ],
  "piece_aabb": {
    "w": 0.0300283320248127,
    "d": 0.0300283320248127,
    "h": 0.0300283320248127
  },
  "points_N": 1008
}