{
  "type": "single",
  "distance_m": 0.6,
  "angles": {
    "az_deg": 90.0,
    "el_deg": 35.0
  },
  "z_floor": 0.0,
  "intrinsics": {
    "width": 640,
    "height": 480,
    "fx": 554.2562584220408,
    "fy": 554.2562584220408,
    "cx": 319.5,
    "cy": 239.5
  },
  "T_wc": [
    [
      -0.9999999999987792,
      -3.5121427342081294e-17,
      -5.0158596452592637e-17,
      3.009515787160574e-17
    ],
    [
      6.12323399572929e-17,
      -0.5735764363493899,
      -0.8191520442876266,
      0.49149122657339506
    ],
    [
      0.0,
      0.8191520442866266,
      -0.5735764363500901,
      0.35916002782303397
    ],
    [
      0.0,
      0.0,
      0.0,
      1.0
    ]
  ],
  "piece_aabb": {
    "w": 0.0300283320248127,
    "d": 0.0300283320248127,
    "h": 0.0300283320248127
  },
  "points_N": 1064
}