{
  "type": "single",
  "distance_m": 0.6,
  "angles": {
    "az_deg": 270.0,
    "el_deg": 75.0
  },
  "z_floor": 0.0,
  "intrinsics": {
    "width": 640,
    "height": 480,
    "fx": 554.2562584220408,
    "fy": 554.2562584220408,
    "cx": 319.5,
    "cy": 239.5
  },
  "T_wc": [
    [
      0.9999999999961364,
      1.7743769570581915e-16,
      4.754428727139722e-17,
      -2.852657236288588e-17
    ],
    [
      -1.8369701987139322e-16,
      0.9659258262837265,
      0.25881904510208936,
      -0.15529142706151244
    ],
    [
      0.0,
      0.2588190451010894,
      -0.9659258262874584,
      0.5945696617858474
    ],
    [
      0.0,
      0.0,
      0.0,
      1.0
    ]
  ],
  "piece_aabb": {
    "w": 0.0300283320248127,
    "d": 0.0300283320248127,
    "h": 0.0300283320248127
  },
  "points_N": 924
}