{
  "type": "single",
  "distance_m": 0.6,
  "angles": {
    "az_deg": 330.0,
    "el_deg": 35.0
  },
  "z_floor": 0.0,
  "intrinsics": {
    "width": 640,
    "height": 480,
    "fx": 554.2562584220408,
    "fy": 554.2562584220408,
    "cx": 319.5,
    "cy": 239.5
  },
  "T_wc": [
    [
      0.4999999999993901,
      -0.49673176489071963,
      -0.7094064799150399,
      0.42564388794973335
    ],
    [
      0.8660254037833811,
      0.28678821817469524,
      0.40957602214381367,
      -0.24574561328669775
    ],
    [
      -0.0,
      0.8191520442866265,
      -0.5735764363500901,
      0.35916002782303397
    ],
    [
      0.0,
      0.0,
      0.0,
      1.0
    ]
  ],
  "piece_aabb": {
    "w": 0.0300283320248127,
    "d": 0.0300283320248127,
    "h": 0.0300283320248127
  },
  "points_N": 1254
}