{
  "type": "single",
  "distance_m": 0.6,
  "angles": {
    "az_deg": 180.0,
    "el_deg": 35.0
  },
  "z_floor": 0.0,
  "intrinsics": {
    "width": 640,
    "height": 480,
    "fx": 554.2562584220408,
    "fy": 554.2562584220408,
    "cx": 319.5,
    "cy": 239.5
  },
  "T_wc": [
    [
      -1.224646799145858e-16,
      0.5735764363493899,
      0.8191520442876266,
      -0.49149122657339506
    ],
    [
      -0.9999999999987792,
      -7.024285468416259e-17,
      -1.0031719290518527e-16,
      6.019031574321147e-17
    ],
    [
      0.0,
      0.8191520442866266,
      -0.5735764363500901,
      0.35916002782303397
    ],
    [
      0.0,
      0.0,
      0.0,
      1.0
    ]
  ],
  "piece_aabb": {
    "w": 0.0300283320248127,
    "d": 0.0300283320248127,
    "h": 0.0300283320248127
  },
  "points_N": 1064
}