{
  "type": "single",
  "distance_m": 0.6,
  "angles": {
    "az_deg": 240.0,
    "el_deg": 75.0
  },
  "z_floor": 0.0,
  "intrinsics": {
    "width": 640,
    "height": 480,
    "fx": 554.2562584220408,
    "fy": 554.2562584220408,
    "cx": 319.5,
    "cy": 239.5
  },
  "T_wc": [
    [
      0.8660254037810925,
      0.4829629131418636,
      0.1294095225510448,
      -0.07764571353075629
    ],
    [
      -0.4999999999980686,
      0.8365163037331815,
      0.22414386804163974,
      -0.134486320825208
    ],
    [
      0.0,
      0.25881904510108944,
      -0.9659258262874584,
      0.5945696617858474
    ],
    [
      0.0,
      0.0,
      0.0,
      1.0
    ]
  ],
  "piece_aabb": {
    "w": 0.0300283320248127,
    "d": 0.0300283320248127,
    "h": 0.0300283320248127
  },
  "points_N": 996
}