{
  "type": "single",
  "distance_m": 0.6,
  "angles": {
    "az_deg": 270.0,
    "el_deg": 55.0
  },
  "z_floor": 0.0,
  "intrinsics": {
    "width": 640,
    "height": 480,
    "fx": 554.2562584220408,
    "fy": 554.2562584220408,
    "cx": 319.5,
    "cy": 239.5
  },
  "T_wc": [
    [
      0.9999999999982566,
      1.5047578935751556e-16,
      1.0536428202637252e-16,
      -6.321856921592887e-17
    ],
    [
      -1.8369701987178272e-16,
      0.8191520442861985,
      0.5735764363500901,
      -0.3441458618106276
    ],
    [
      0.0,
      0.5735764363490902,
      -0.8191520442876266,
      0.5065053925858014
    ],
    [
      0.0,
      0.0,
      0.0,
      1.0
    ]
  ],
  "piece_aabb": {
    "w": 0.0300283320248127,
    "d": 0.0300283320248127,
    "h": 0.0300283320248127
  },
  "points_N": 1064
}