{
  "type": "single",
  "distance_m": 0.4,
  "angles": {
    "az_deg": 240.0,
    "el_deg": 25.0
  },
  "z_floor": 0.0,
  "intrinsics": {
    "width": 640,
    "height": 480,
    "fx": 554.2562584220408,
    "fy": 554.2562584220408,
    "cx": 319.5,
    "cy": 239.5
  },
  "T_wc": [
    [
      0.8660254037834829,
      0.2113091308695885,
      0.45315389351719243,
      -0.18126155740733016
    ],
    [
      -0.4999999999994488,
      0.3659981507693479,
      0.7848855672194334,
      -0.3139542268885583
    ],
    [
      0.0,
      0.9063077870333842,
      -0.4226182617396429,
      0.18406147070868614
    ],
    [
      0.0,
      0.0,
      0.0,
      1.0
    ]
  ],
  "piece_aabb": {
    "w": 0.0300283320248127,
    "d": 0.0300283320248127,
    "h": 0.0300283320248127
  },
  "points_N": 2767
}