{
  "type": "single",
  "distance_m": 0.4,
  "angles": {
    "az_deg": 210.0,
    "el_deg": 45.0
  },
  "z_floor": 0.0,
  "intrinsics": {
    "width": 640,
    "height": 480,
    "fx": 554.2562584220408,
    "fy": 554.2562584220408,
    "cx": 319.5,
    "cy": 239.5
  },
  "T_wc": [
    [
      0.499999999999293,
      0.6123724356933976,
      0.6123724356942636,
      -0.24494897427831785
    ],
    [
      -0.8660254037832139,
      0.35355339059188995,
      0.35355339059238994,
      -0.14142135623730956
    ],
    [
      0.0,
      0.7071067811837798,
      -0.7071067811847798,
      0.2978568784870254
    ],
    [
      0.0,
      0.0,
      0.0,
      1.0
    ]
  ],
  "piece_aabb": {
    "w": 0.0300283320248127,
    "d": 0.0300283320248127,
    "h": 0.0300283320248127
  },
  "points_N": 2788
}