{
  "type": "single",
  "distance_m": 0.4,
  "angles": {
    "az_deg": 240.0,
    "el_deg": 45.0
  },
  "z_floor": 0.0,
  "intrinsics": {
    "width": 640,
    "height": 480,
    "fx": 554.2562584220408,
    "fy": 554.2562584220408,
    "cx": 319.5,
    "cy": 239.5
  },
  "T_wc": [
    [
      0.8660254037832136,
      0.35355339059189017,
      0.3535533905923902,
      -0.14142135623730967
    ],
    [
      -0.4999999999992934,
      0.6123724356933973,
      0.6123724356942634,
      -0.2449489742783178
    ],
    [
      0.0,
      0.7071067811837797,
      -0.7071067811847797,
      0.2978568784870254
    ],
    [
      0.0,
      0.0,
      0.0,
      1.0
    ]
  ],
  "piece_aabb": {
    "w": 0.0300283320248127,
    "d": 0.0300283320248127,
    "h": 0.0300283320248127
  },
  "points_N": 2788
}