{
  "type": "single",
  "distance_m": 0.4,
  "angles": {
    "az_deg": 90.0,
    "el_deg": 15.0
  },
  "z_floor": 0.0,
  "intrinsics": {
    "width": 640,
    "height": 480,
    "fx": 554.2562584220408,
    "fy": 554.2562584220408,
    "cx": 319.5,
    "cy": 239.5
  },
  "T_wc": [
    [
      -0.9999999999989647,
      -1.5848095757102797e-17,
      -5.914589856878563e-17,
      2.36583594275734e-17
    ],
    [
      6.123233995730427e-17,
      -0.25881904510160575,
      -0.9659258262866536,
      0.38637033051562736
    ],
    [
      0.0,
      0.9659258262856536,
      -0.2588190451018737,
      0.11854178405341464
    ],
    [
      0.0,
      0.0,
      0.0,
      1.0
    ]
  ],
  "piece_aabb": {
    "w": 0.0300283320248127,
    "d": 0.0300283320248127,
    "h": 0.0300283320248127
  },
  "points_N": 2182
}