{
  "type": "single",
  "distance_m": 0.4,
  "angles": {
    "az_deg": 150.0,
    "el_deg": 65.0
  },
  "z_floor": 0.0,
  "intrinsics": {
    "width": 640,
    "height": 480,
    "fx": 554.2562584220408,
    "fy": 554.2562584220408,
    "cx": 319.5,
    "cy": 239.5
  },
  "T_wc": [
    [
      -0.4999999999988168,
      0.7848855672175765,
      0.3659981507697519,
      -0.14639926030826675
    ],
    [
      -0.8660254037823896,
      -0.45315389351611973,
      -0.21130913086982142,
      0.08452365234813988
    ],
    [
      0.0,
      0.422618261738643,
      -0.9063077870343842,
      0.37753728082706633
    ],
    [
      0.0,
      0.0,
      0.0,
      1.0
    ]
  ],
  "piece_aabb": {
    "w": 0.0300283320248127,
    "d": 0.0300283320248127,
    "h": 0.0300283320248127
  },
  "points_N": 2500
}