{
  "type": "single",
  "distance_m": 0.4,
  "angles": {
    "az_deg": 180.0,
    "el_deg": 85.0
  },
  "z_floor": 0.0,
  "intrinsics": {
    "width": 640,
    "height": 480,
    "fx": 554.2562584220408,
    "fy": 554.2562584220408,
    "cx": 319.5,
    "cy": 239.5
  },
  "T_wc": [
    [
      -1.2246467991333019e-16,
      0.9961946980778249,
      0.08715574274744026,
      -0.03486229709906326
    ],
    [
      -0.9999999999885262,
      -1.2199866483285724e-16,
      -1.0673500138296285e-17,
      4.2694000553291876e-18
    ],
    [
      0.0,
      0.08715574274644025,
      -0.9961946980892551,
      0.4134920452491046
    ],
    [
      0.0,
      0.0,
      0.0,
      1.0
    ]
  ],
  "piece_aabb": {
    "w": 0.0300283320248127,
    "d": 0.0300283320248127,
    "h": 0.0300283320248127
  },
  "points_N": 1960
}