{
  "type": "single",
  "distance_m": 0.4,
  "angles": {
    "az_deg": 120.0,
    "el_deg": 75.0
  },
  "z_floor": 0.0,
  "intrinsics": {
    "width": 640,
    "height": 480,
    "fx": 554.2562584220408,
    "fy": 554.2562584220408,
    "cx": 319.5,
    "cy": 239.5
  },
  "T_wc": [
    [
      -0.8660254037810927,
      0.4829629131414606,
      0.1294095225509368,
      -0.05176380902050413
    ],
    [
      -0.499999999998068,
      -0.8365163037324848,
      -0.22414386804145303,
      0.08965754721680536
    ],
    [
      0.0,
      0.2588190451008737,
      -0.9659258262866536,
      0.4013844965280337
    ],
    [
      0.0,
      0.0,
      0.0,
      1.0
    ]
  ],
  "piece_aabb": {
    "w": 0.0300283320248127,
    "d": 0.0300283320248127,
    "h": 0.0300283320248127
  },
  "points_N": 2238
}