{
  "type": "single",
  "distance_m": 0.4,
  "angles": {
    "az_deg": 150.0,
    "el_deg": 55.0
  },
  "z_floor": 0.0,
  "intrinsics": {
    "width": 640,
    "height": 480,
    "fx": 554.2562584220408,
    "fy": 554.2562584220408,
    "cx": 319.5,
    "cy": 239.5
  },
  "T_wc": [
    [
      -0.4999999999991283,
      0.7094064799132124,
      0.49673176489091225,
      -0.19869270595686164
    ],
    [
      -0.8660254037829289,
      -0.40957602214275796,
      -0.28678821817480604,
      0.1147152872702092
    ],
    [
      0.0,
      0.5735764363486122,
      -0.819152044286944,
      0.3426749837280031
    ],
    [
      0.0,
      0.0,
      0.0,
      1.0
    ]
  ],
  "piece_aabb": {
    "w": 0.0300283320248127,
    "d": 0.0300283320248127,
    "h": 0.0300283320248127
  },
  "points_N": 2681
}