{
  "type": "single",
  "distance_m": 0.4,
  "angles": {
    "az_deg": 270.0,
    "el_deg": 35.0
  },
  "z_floor": 0.0,
  "intrinsics": {
    "width": 640,
    "height": 480,
    "fx": 554.2562584220408,
    "fy": 554.2562584220408,
    "cx": 319.5,
    "cy": 239.5
  },
  "T_wc": [
    [
      0.9999999999987792,
      1.0536428202615608e-16,
      1.5047578935765253e-16,
      -6.019031574321149e-17
    ],
    [
      -1.8369701987187874e-16,
      0.5735764363489119,
      0.819152044286944,
      -0.32766081771559674
    ],
    [
      0.0,
      0.819152044285944,
      -0.5735764363496121,
      0.24444474055282478
    ],
    [
      0.0,
      0.0,
      0.0,
      1.0
    ]
  ],
  "piece_aabb": {
    "w": 0.0300283320248127,
    "d": 0.0300283320248127,
    "h": 0.0300283320248127
  },
  "points_N": 2428
}