{
  "type": "single",
  "distance_m": 0.4,
  "angles": {
    "az_deg": 270.0,
    "el_deg": 75.0
  },
  "z_floor": 0.0,
  "intrinsics": {
    "width": 640,
    "height": 480,
    "fx": 554.2562584220408,
    "fy": 554.2562584220408,
    "cx": 319.5,
    "cy": 239.5
  },
  "T_wc": [
    [
      0.9999999999961364,
      1.774376957056713e-16,
      4.7544287271357606e-17,
      -1.9017714908590586e-17
    ],
    [
      -1.8369701987139322e-16,
      0.9659258262829217,
      0.2588190451018737,
      -0.1035276180410083
    ],
    [
      0.0,
      0.2588190451008737,
      -0.9659258262866536,
      0.4013844965280337
    ],
    [
      0.0,
      0.0,
      0.0,
      1.0
    ]
  ],
  "piece_aabb": {
    "w": 0.0300283320248127,
    "d": 0.0300283320248127,
    "h": 0.0300283320248127
  },
  "points_N": 2182
}