{
  "type": "single",
  "distance_m": 0.4,
  "angles": {
    "az_deg": 150.0,
    "el_deg": 5.0
  },
  "z_floor": 0.0,
  "intrinsics": {
    "width": 640,
    "height": 480,
    "fx": 554.2562584220408,
    "fy": 554.2562584220408,
    "cx": 319.5,
    "cy": 239.5
  },
  "T_wc": [
    [
      -0.49999999999949807,
      0.07547908730490886,
      0.8627299156606641,
      -0.3450919662651284
    ],
    [
      -0.8660254037835694,
      -0.04357787137367639,
      -0.4980973490446275,
      0.1992389396183491
    ],
    [
      0.0,
      0.9961946980882551,
      -0.08715574274744027,
      0.049876463111469614
    ],
    [
      0.0,
      0.0,
      0.0,
      1.0
    ]
  ],
  "piece_aabb": {
    "w": 0.0300283320248127,
    "d": 0.0300283320248127,
    "h": 0.0300283320248127
  },
  "points_N": 2446
}