{
  "type": "single",
  "distance_m": 0.4,
  "angles": {
    "az_deg": 210.0,
    "el_deg": 75.0
  },
  "z_floor": 0.0,
  "intrinsics": {
    "width": 640,
    "height": 480,
    "fx": 554.2562584220408,
    "fy": 554.2562584220408,
    "cx": 319.5,
    "cy": 239.5
  },
  "T_wc": [
    [
      0.4999999999980683,
      0.8365163037324846,
      0.224143868041453,
      -0.08965754721680534
    ],
    [
      -0.8660254037810926,
      0.48296291314146095,
      0.12940952255093688,
      -0.05176380902050416
    ],
    [
      0.0,
      0.2588190451008737,
      -0.9659258262866536,
      0.4013844965280337
    ],
    [
      0.0,
      0.0,
      0.0,
      1.0
    ]
  ],
  "piece_aabb": {
    "w": 0.0300283320248127,
    "d": 0.0300283320248127,
    "h": 0.0300283320248127
  },
  "points_N": 2238
}