{
  "type": "single",
  "distance_m": 0.4,
  "angles": {
    "az_deg": 330.0,
    "el_deg": 15.0
  },
  "z_floor": 0.0,
  "intrinsics": {
    "width": 640,
    "height": 480,
    "fx": 554.2562584220408,
    "fy": 554.2562584220408,
    "cx": 319.5,
    "cy": 239.5
  },
  "T_wc": [
    [
      0.4999999999994828,
      -0.22414386804122088,
      -0.8365163037357165,
      0.3346065214951231
    ],
    [
      0.8660254037835418,
      0.12940952255080299,
      0.48296291314332723,
      -0.19318516525781385
    ],
    [
      -0.0,
      0.9659258262856536,
      -0.2588190451018737,
      0.11854178405341464
    ],
    [
      0.0,
      0.0,
      0.0,
      1.0
    ]
  ],
  "piece_aabb": {
    "w": 0.0300283320248127,
    "d": 0.0300283320248127,
    "h": 0.0300283320248127
  },
  "points_N": 2637
}