{
  "type": "single",
  "distance_m": 0.4,
  "angles": {
    "az_deg": 270.0,
    "el_deg": 65.0
  },
  "z_floor": 0.0,
  "intrinsics": {
    "width": 640,
    "height": 480,
    "fx": 554.2562584220408,
    "fy": 554.2562584220408,
    "cx": 319.5,
    "cy": 239.5
  },
  "T_wc": [
    [
      0.9999999999976339,
      1.66486039564703e-16,
      7.763371522510081e-17,
      -3.1053486090117956e-17
    ],
    [
      -1.836970198716683e-16,
      0.9063077870322398,
      0.42261826173964295,
      -0.1690473046962798
    ],
    [
      0.0,
      0.422618261738643,
      -0.9063077870343842,
      0.37753728082706633
    ],
    [
      0.0,
      0.0,
      0.0,
      1.0
    ]
  ],
  "piece_aabb": {
    "w": 0.0300283320248127,
    "d": 0.0300283320248127,
    "h": 0.0300283320248127
  },
  "points_N": 2346
}