{
  "type": "single",
  "distance_m": 0.4,
  "angles": {
    "az_deg": 330.0,
    "el_deg": 85.0
  },
  "z_floor": 0.0,
  "intrinsics": {
    "width": 640,
    "height": 480,
    "fx": 554.2562584220408,
    "fy": 554.2562584220408,
    "cx": 319.5,
    "cy": 239.5
  },
  "T_wc": [
    [
      0.4999999999942636,
      -0.8627299156507652,
      -0.07547908730498458,
      0.03019163492206931
    ],
    [
      0.8660254037745019,
      0.49809734903891295,
      0.04357787137372016,
      -0.017431148549531643
    ],
    [
      -0.0,
      0.08715574274644025,
      -0.9961946980892551,
      0.4134920452491046
    ],
    [
      0.0,
      0.0,
      0.0,
      1.0
    ]
  ],
  "piece_aabb": {
    "w": 0.0300283320248127,
    "d": 0.0300283320248127,
    "h": 0.0300283320248127
  },
  "points_N": 1920
}