{
  "type": "single",
  "distance_m": 0.4,
  "angles": {
    "az_deg": 90.0,
    "el_deg": 25.0
  },
  "z_floor": 0.0,
  "intrinsics": {
    "width": 640,
    "height": 480,
    "fx": 554.2562584220408,
    "fy": 554.2562584220408,
    "cx": 319.5,
    "cy": 239.5
  },
  "T_wc": [
    [
      -0.9999999999988967,
      -2.587790507500505e-17,
      -5.549534652169898e-17,
      2.219813860873509e-17
    ],
    [
      6.12323399573001e-17,
      -0.42261826173917666,
      -0.9063077870343842,
      0.36252311481466
    ],
    [
      0.0,
      0.9063077870333842,
      -0.42261826173964295,
      0.18406147070868614
    ],
    [
      0.0,
      0.0,
      0.0,
      1.0
    ]
  ],
  "piece_aabb": {
    "w": 0.0300283320248127,
    "d": 0.0300283320248127,
    "h": 0.0300283320248127
  },
  "points_N": 2346
}