{
  "type": "single",
  "distance_m": 0.4,
  "angles": {
    "az_deg": 240.0,
    "el_deg": 65.0
  },
  "z_floor": 0.0,
  "intrinsics": {
    "width": 640,
    "height": 480,
    "fx": 554.2562584220408,
    "fy": 554.2562584220408,
    "cx": 319.5,
    "cy": 239.5
  },
  "T_wc": [
    [
      0.8660254037823893,
      0.45315389351612023,
      0.21130913086982164,
      -0.08452365234813997
    ],
    [
      -0.49999999999881733,
      0.7848855672175763,
      0.3659981507697518,
      -0.14639926030826672
    ],
    [
      0.0,
      0.422618261738643,
      -0.9063077870343842,
      0.37753728082706633
    ],
    [
      0.0,
      0.0,
      0.0,
      1.0
    ]
  ],
  "piece_aabb": {
    "w": 0.0300283320248127,
    "d": 0.0300283320248127,
    "h": 0.0300283320248127
  },
  "points_N": 2500
}