{
  "type": "single",
  "distance_m": 0.4,
  "angles": {
    "az_deg": 270.0,
    "el_deg": 45.0
  },
  "z_floor": 0.0,
  "intrinsics": {
    "width": 640,
    "height": 480,
    "fx": 554.2562584220408,
    "fy": 554.2562584220408,
    "cx": 319.5,
    "cy": 239.5
  },
  "T_wc": [
    [
      0.9999999999985858,
      1.2989340843481558e-16,
      1.2989340843499927e-16,
      -5.1957363374129606e-17
    ],
    [
      -1.836970198718432e-16,
      0.7071067811837798,
      0.7071067811847798,
      -0.28284271247461906
    ],
    [
      0.0,
      0.7071067811837798,
      -0.7071067811847798,
      0.2978568784870254
    ],
    [
      0.0,
      0.0,
      0.0,
      1.0
    ]
  ],
  "piece_aabb": {
    "w": 0.0300283320248127,
    "d": 0.0300283320248127,
    "h": 0.0300283320248127
  },
  "points_N": 2472
}