{
  "type": "single",
  "distance_m": 0.4,
  "angles": {
    "az_deg": 270.0,
    "el_deg": 55.0
  },
  "z_floor": 0.0,
  "intrinsics": {
    "width": 640,
    "height": 480,
    "fx": 554.2562584220408,
    "fy": 554.2562584220408,
    "cx": 319.5,
    "cy": 239.5
  },
  "T_wc": [
    [
      0.9999999999982566,
      1.504757893573902e-16,
      1.053642820262847e-16,
      -4.2145712810619245e-17
    ],
    [
      -1.8369701987178274e-16,
      0.8191520442855159,
      0.5735764363496121,
      -0.22943057454041843
    ],
    [
      0.0,
      0.5735764363486121,
      -0.819152044286944,
      0.3426749837280031
    ],
    [
      0.0,
      0.0,
      0.0,
      1.0
    ]
  ],
  "piece_aabb": {
    "w": 0.0300283320248127,
    "d": 0.0300283320248127,
    "h": 0.0300283320248127
  },
  "points_N": 2428
}