{
  "type": "single",
  "distance_m": 0.4,
  "angles": {
    "az_deg": 60.0,
    "el_deg": 5.0
  },
  "z_floor": 0.0,
  "intrinsics": {
    "width": 640,
    "height": 480,
    "fx": 554.2562584220408,
    "fy": 554.2562584220408,
    "cx": 319.5,
    "cy": 239.5
  },
  "T_wc": [
    [
      -0.8660254037835693,
      -0.0435778713736764,
      -0.49809734904462766,
      0.19923893961834918
    ],
    [
      0.49999999999949823,
      -0.07547908730490883,
      -0.862729915660664,
      0.3450919662651284
    ],
    [
      0.0,
      0.9961946980882552,
      -0.08715574274744026,
      0.049876463111469614
    ],
    [
      0.0,
      0.0,
      0.0,
      1.0
    ]
  ],
  "piece_aabb": {
    "w": 0.0300283320248127,
    "d": 0.0300283320248127,
    "h": 0.0300283320248127
  },
  "points_N": 2446
}