{
  "type": "single",
  "distance_m": 0.4,
  "angles": {
    "az_deg": 90.0,
    "el_deg": 5.0
  },
  "z_floor": 0.0,
  "intrinsics": {
    "width": 640,
    "height": 480,
    "fx": 554.2562584220408,
    "fy": 554.2562584220408,
    "cx": 319.5,
    "cy": 239.5
  },
  "T_wc": [
    [
      -0.9999999999989962,
      -5.3367500691427876e-18,
      -6.099933241712851e-17,
      2.4399732966912402e-17
    ],
    [
      6.12323399573062e-17,
      -0.08715574274735279,
      -0.9961946980892551,
      0.39847787923669825
    ],
    [
      0.0,
      0.9961946980882551,
      -0.08715574274744027,
      0.049876463111469614
    ],
    [
      0.0,
      0.0,
      0.0,
      1.0
    ]
  ],
  "piece_aabb": {
    "w": 0.0300283320248127,
    "d": 0.0300283320248127,
    "h": 0.0300283320248127
  },
  "points_N": 1960
}