{
  "type": "single",
  "distance_m": 0.4,
  "angles": {
    "az_deg": 330.0,
    "el_deg": 35.0
  },
  "z_floor": 0.0,
  "intrinsics": {
    "width": 640,
    "height": 480,
    "fx": 554.2562584220408,
    "fy": 554.2562584220408,
    "cx": 319.5,
    "cy": 239.5
  },
  "T_wc": [
    [
      0.49999999999939004,
      -0.4967317648903057,
      -0.7094064799144488,
      0.28376259196648895
    ],
    [
      0.8660254037833812,
      0.2867882181744562,
      0.40957602214347233,
      -0.1638304088577985
    ],
    [
      -0.0,
      0.819152044285944,
      -0.5735764363496121,
      0.24444474055282478
    ],
    [
      0.0,
      0.0,
      0.0,
      1.0
    ]
  ],
  "piece_aabb": {
    "w": 0.0300283320248127,
    "d": 0.0300283320248127,
    "h": 0.0300283320248127
  },
  "points_N": 2822
}