{
  "type": "single",
  "distance_m": 0.4,
  "angles": {
    "az_deg": 120.0,
    "el_deg": 35.0
  },
  "z_floor": 0.0,
  "intrinsics": {
    "width": 640,
    "height": 480,
    "fx": 554.2562584220408,
    "fy": 554.2562584220408,
    "cx": 319.5,
    "cy": 239.5
  },
  "T_wc": [
    [
      -0.8660254037833816,
      0.28678821817445593,
      0.40957602214347183,
      -0.1638304088577983
    ],
    [
      -0.4999999999993895,
      -0.49673176489030596,
      -0.709406479914449,
      0.283762591966489
    ],
    [
      0.0,
      0.8191520442859439,
      -0.5735764363496122,
      0.24444474055282478
    ],
    [
      0.0,
      0.0,
      0.0,
      1.0
    ]
  ],
  "piece_aabb": {
    "w": 0.0300283320248127,
    "d": 0.0300283320248127,
    "h": 0.0300283320248127
  },
  "points_N": 2822
}