{
  "type": "single",
  "distance_m": 0.4,
  "angles": {
    "az_deg": 120.0,
    "el_deg": 25.0
  },
  "z_floor": 0.0,
  "intrinsics": {
    "width": 640,
    "height": 480,
    "fx": 554.2562584220408,
    "fy": 554.2562584220408,
    "cx": 319.5,
    "cy": 239.5
  },
  "T_wc": [
    [
      -0.8660254037834832,
      0.21130913086958827,
      0.4531538935171919,
      -0.1812615574073299
    ],
    [
      -0.49999999999944816,
      -0.3659981507693481,
      -0.7848855672194336,
      0.31395422688855834
    ],
    [
      0.0,
      0.9063077870333841,
      -0.42261826173964295,
      0.18406147070868614
    ],
    [
      0.0,
      0.0,
      0.0,
      1.0
    ]
  ],
  "piece_aabb": {
    "w": 0.0300283320248127,
    "d": 0.0300283320248127,
    "h": 0.0300283320248127
  },
  "points_N": 2767
}