{
  "type": "single",
  "distance_m": 0.4,
  "angles": {
    "az_deg": 300.0,
    "el_deg": 55.0
  },
  "z_floor": 0.0,
  "intrinsics": {
    "width": 640,
    "height": 480,
    "fx": 554.2562584220408,
    "fy": 554.2562584220408,
    "cx": 319.5,
    "cy": 239.5
  },
  "T_wc": [
    [
      0.8660254037829288,
      -0.40957602214275807,
      -0.28678821817480615,
      0.11471528727020924
    ],
    [
      0.4999999999991285,
      0.7094064799132123,
      0.4967317648909122,
      -0.19869270595686161
    ],
    [
      -0.0,
      0.5735764363486122,
      -0.819152044286944,
      0.3426749837280031
    ],
    [
      0.0,
      0.0,
      0.0,
      1.0
    ]
  ],
  "piece_aabb": {
    "w": 0.0300283320248127,
    "d": 0.0300283320248127,
    "h": 0.0300283320248127
  },
  "points_N": 2681
}