{
  "axis": "ry",
  "delta_deg": 4.0,
  "tcp_after": [
    0.418687357789748,
    -0.17134636803875578,
    0.005297470282627892,
    2.1949265864475778,
    -2.195087576626852,
    -0.05729455888208216
  ],
  "roll_mode": "post_world",
  "cam_roll_deg": -90.0,
  "mask_shrink_px": 2,
  "rel_rotvec_deg": [
    0.0013810472229283824,
    3.989868680226714,
    -0.0020699420350046654
  ],
  "rel_angle_deg": 3.989869456185944,
  "euler_zyx_deg": [
    -0.0020251115162297165,
    3.9898687039672707,
    0.0013110663873502966
  ],
  "Zc_m": 0.1850000023841858,
  "intrinsics_ideal": {
    "W": 640,
    "H": 480,
    "fx": 554.2562584220408,
    "fy": 554.2562584220408,
    "cx": 319.5,
    "cy": 239.5
  },
  "pts_in_mask": 8677
}