{
  "axis": "ry",
  "delta_deg": 4.0,
  "tcp_after": [
    0.41868631121916156,
    -0.17134314021617325,
    0.00527570840506425,
    2.1583783860926995,
    -2.1585668375311857,
    -0.131870200264331
  ],
  "roll_mode": "post_world",
  "cam_roll_deg": -90.0,
  "mask_shrink_px": 2,
  "rel_rotvec_deg": [
    0.0020093092043529026,
    7.991102802848029,
    -0.0028388707386023003
  ],
  "rel_angle_deg": 7.991103559721659,
  "euler_zyx_deg": [
    -0.0027161575269349586,
    7.991102848086864,
    0.0018228523547330652
  ],
  "Zc_m": 0.1850000023841858,
  "intrinsics_ideal": {
    "W": 640,
    "H": 480,
    "fx": 554.2562584220408,
    "fy": 554.2562584220408,
    "cx": 319.5,
    "cy": 239.5
  },
  "pts_in_mask": 8957
}