{
  "axis": "ry",
  "delta_deg": 4.0,
  "tcp_after": [
    0.41871061776892515,
    -0.17134145009031365,
    0.005293557998851173,
    2.1207021666629267,
    -2.1208380868469514,
    -0.20395710470685696
  ],
  "roll_mode": "post_world",
  "cam_roll_deg": -90.0,
  "mask_shrink_px": 2,
  "rel_rotvec_deg": [
    0.0012589289502832836,
    11.986353639306317,
    -0.0014908881785991163
  ],
  "rel_angle_deg": 11.98635379813901,
  "euler_zyx_deg": [
    -0.0013788958108722162,
    11.98635365363124,
    0.00111877880448262
  ],
  "Zc_m": 0.1850000023841858,
  "intrinsics_ideal": {
    "W": 640,
    "H": 480,
    "fx": 554.2562584220408,
    "fy": 554.2562584220408,
    "cx": 319.5,
    "cy": 239.5
  },
  "pts_in_mask": 9137
}