{
  "axis": "ry",
  "delta_deg": 4.0,
  "tcp_after": [
    0.41868827193254277,
    -0.17134938086909557,
    0.005270024245626503,
    2.081758631018745,
    -2.081912965963582,
    -0.2738805922807976
  ],
  "roll_mode": "post_world",
  "cam_roll_deg": -90.0,
  "mask_shrink_px": 2,
  "rel_rotvec_deg": [
    -0.0002635778427725392,
    15.990593011889544,
    -0.0020496860829352253
  ],
  "rel_angle_deg": 15.990593145427002,
  "euler_zyx_deg": [
    -0.0021426285552617022,
    15.990593003438308,
    -0.0005662495648329753
  ],
  "Zc_m": 0.1850000023841858,
  "intrinsics_ideal": {
    "W": 640,
    "H": 480,
    "fx": 554.2562584220408,
    "fy": 554.2562584220408,
    "cx": 319.5,
    "cy": 239.5
  },
  "pts_in_mask": 9012
}