{
  "axis": "ry",
  "delta_deg": 4.0,
  "tcp_after": [
    0.41869121196668874,
    -0.17137359812627412,
    0.005273879269347359,
    2.0417699977202433,
    -2.042040574182108,
    -0.3414450873887576
  ],
  "roll_mode": "post_world",
  "cam_roll_deg": -90.0,
  "mask_shrink_px": 2,
  "rel_rotvec_deg": [
    -0.0006418781667792817,
    19.988002220552637,
    -0.0053387691263688565
  ],
  "rel_angle_deg": 19.988002943848105,
  "euler_zyx_deg": [
    -0.00568437067969017,
    19.98800215820817,
    -0.0016501624060324752
  ],
  "Zc_m": 0.1850000023841858,
  "intrinsics_ideal": {
    "W": 640,
    "H": 480,
    "fx": 554.2562584220408,
    "fy": 554.2562584220408,
    "cx": 319.5,
    "cy": 239.5
  },
  "pts_in_mask": 7603
}