{
  "axis": "rx",
  "delta_deg": 8.0,
  "tcp_after": [
    0.41997167453592565,
    -0.17139407182565217,
    0.005465093022476081,
    -2.067395722639689,
    2.0698883702822033,
    0.28279530184359897
  ],
  "roll_mode": "post_world",
  "cam_roll_deg": -90.0,
  "mask_shrink_px": 2,
  "rel_rotvec_deg": [
    15.995954219321224,
    0.5613483948019972,
    0.07328634356326526
  ],
  "rel_angle_deg": 16.005968708426245,
  "euler_zyx_deg": [
    0.1501947108115525,
    0.5439199471230634,
    15.996796767213349
  ],
  "Zc_m": 0.18400001525878906,
  "intrinsics_ideal": {
    "W": 640,
    "H": 480,
    "fx": 554.2562584220408,
    "fy": 554.2562584220408,
    "cx": 319.5,
    "cy": 239.5
  },
  "pts_in_mask": 8993
}