{
  "axis": "rx",
  "delta_deg": 8.0,
  "tcp_after": [
    0.41999760722935664,
    -0.1713759015143221,
    0.0054864344890381,
    -1.985940161425171,
    1.9891571138740503,
    0.41474942698662254
  ],
  "roll_mode": "post_world",
  "cam_roll_deg": -90.0,
  "mask_shrink_px": 2,
  "rel_rotvec_deg": [
    23.99147308173093,
    0.5557750678262077,
    0.12035651518590845
  ],
  "rel_angle_deg": 23.99821143852568,
  "euler_zyx_deg": [
    0.23154683922855668,
    0.5148414712570448,
    23.992708614729548
  ],
  "Zc_m": 0.18300001323223114,
  "intrinsics_ideal": {
    "W": 640,
    "H": 480,
    "fx": 554.2562584220408,
    "fy": 554.2562584220408,
    "cx": 319.5,
    "cy": 239.5
  },
  "pts_in_mask": 9523
}