{
  "axis": "rx",
  "delta_deg": 8.0,
  "tcp_after": [
    0.4199488576531,
    -0.17139618820504046,
    0.005436587735285409,
    -1.900442028750927,
    1.9049531326223241,
    0.5383785218234798
  ],
  "roll_mode": "post_world",
  "cam_roll_deg": -90.0,
  "mask_shrink_px": 2,
  "rel_rotvec_deg": [
    31.993855200617794,
    0.5573040680274401,
    0.14934881699523922
  ],
  "rel_angle_deg": 31.999057228166524,
  "euler_zyx_deg": [
    0.2933132228426454,
    0.4881615992375768,
    31.99537090928234
  ],
  "Zc_m": 0.18200001120567322,
  "intrinsics_ideal": {
    "W": 640,
    "H": 480,
    "fx": 554.2562584220408,
    "fy": 554.2562584220408,
    "cx": 319.5,
    "cy": 239.5
  },
  "pts_in_mask": 10240
}