{
  "axis": "rx+ry",
  "delta_rx_deg": -3.3333333333333335,
  "delta_ry_deg": -2.5,
  "tcp_after": [
    0.4181509644174438,
    -0.17107232545204498,
    0.0034164177354799874,
    -2.219647542517576,
    2.210503398461258,
    -0.09686556867264212
  ],
  "roll_mode": "post_world",
  "cam_roll_deg": -90.0,
  "mask_shrink_px": 2,
  "rel_rotvec_deg": [
    -2.2034561485161364,
    -1.8072702788257957,
    0.21927305063665722
  ],
  "rel_angle_deg": 2.8582381863476916,
  "euler_zyx_deg": [
    0.25405307082477796,
    -1.8026026628997949,
    -2.2076382995197292
  ],
  "Zc_m": 0.18300001323223114,
  "intrinsics_ideal": {
    "W": 640,
    "H": 480,
    "fx": 554.2562584220408,
    "fy": 554.2562584220408,
    "cx": 319.5,
    "cy": 239.5
  },
  "pts_in_mask": 8898
}