{
  "axis": "rx+ry",
  "delta_rx_deg": -3.3333333333333335,
  "delta_ry_deg": -2.5,
  "tcp_after": [
    0.4181450314091143,
    -0.17102403482939424,
    0.0033924319476093256,
    2.190041231442597,
    -2.1767173290813284,
    0.431348625703087
  ],
  "roll_mode": "post_world",
  "cam_roll_deg": -90.0,
  "mask_shrink_px": 2,
  "rel_rotvec_deg": [
    -12.214984522293795,
    -9.279588385326724,
    0.24258461900644396
  ],
  "rel_angle_deg": 15.341950813972325,
  "euler_zyx_deg": [
    1.2389383794621207,
    -9.182650578464147,
    -12.34121039156264
  ],
  "Zc_m": 0.18200001120567322,
  "intrinsics_ideal": {
    "W": 640,
    "H": 480,
    "fx": 554.2562584220408,
    "fy": 554.2562584220408,
    "cx": 319.5,
    "cy": 239.5
  },
  "pts_in_mask": 9572
}