{
  "axis": "rx+ry",
  "delta_rx_deg": -3.3333333333333335,
  "delta_ry_deg": -2.5,
  "tcp_after": [
    0.4181260883792052,
    -0.17102854404322546,
    0.003360371655916322,
    2.149370937305731,
    -2.1333383313369785,
    0.6478451044117038
  ],
  "roll_mode": "post_world",
  "cam_roll_deg": -90.0,
  "mask_shrink_px": 2,
  "rel_rotvec_deg": [
    -18.895935313283378,
    -14.25605688328124,
    0.2592429309683152
  ],
  "rel_angle_deg": 23.671897602862288,
  "euler_zyx_deg": [
    2.648497935881237,
    -13.949179524434507,
    -19.317581021797427
  ],
  "Zc_m": 0.1810000091791153,
  "intrinsics_ideal": {
    "W": 640,
    "H": 480,
    "fx": 554.2562584220408,
    "fy": 554.2562584220408,
    "cx": 319.5,
    "cy": 239.5
  },
  "pts_in_mask": 9724
}