{
  "axis": "rx+ry",
  "delta_rx_deg": -3.3333333333333335,
  "delta_ry_deg": -0.8333333333333334,
  "tcp_after": [
    0.4190259356722075,
    -0.17139319277489878,
    0.003433728418408749,
    2.202552393587068,
    -2.197510176573931,
    0.12951276944607928
  ],
  "roll_mode": "post_world",
  "cam_roll_deg": -90.0,
  "mask_shrink_px": 2,
  "rel_rotvec_deg": [
    -4.4900438618053276,
    -1.2519842345421135,
    0.09407945097022899
  ],
  "rel_angle_deg": 4.6622751256840855,
  "euler_zyx_deg": [
    0.14303915422061383,
    -1.2470172065743121,
    -4.491780135910455
  ],
  "Zc_m": 0.18300001323223114,
  "intrinsics_ideal": {
    "W": 640,
    "H": 480,
    "fx": 554.2562584220408,
    "fy": 554.2562584220408,
    "cx": 319.5,
    "cy": 239.5
  },
  "pts_in_mask": 8816
}