{
  "axis": "rx+ry",
  "delta_rx_deg": -3.3333333333333335,
  "delta_ry_deg": -0.8333333333333334,
  "tcp_after": [
    0.41905782930727475,
    -0.17136824166052878,
    0.003479559061206977,
    2.1783677292641332,
    -2.172020005650568,
    0.20746254226946637
  ],
  "roll_mode": "post_world",
  "cam_roll_deg": -90.0,
  "mask_shrink_px": 2,
  "rel_rotvec_deg": [
    -7.824575429694804,
    -2.0865117350912463,
    0.1005980782453778
  ],
  "rel_angle_deg": 8.09861913223506,
  "euler_zyx_deg": [
    0.2426577699447898,
    -2.0731656020741815,
    -7.829832064945586
  ],
  "Zc_m": 0.18300001323223114,
  "intrinsics_ideal": {
    "W": 640,
    "H": 480,
    "fx": 554.2562584220408,
    "fy": 554.2562584220408,
    "cx": 319.5,
    "cy": 239.5
  },
  "pts_in_mask": 9181
}