{
  "axis": "rx+ry",
  "delta_rx_deg": -3.3333333333333335,
  "delta_ry_deg": -0.8333333333333334,
  "tcp_after": [
    0.4190632115123401,
    -0.17134812553763878,
    0.003433400425879779,
    2.152859569454704,
    -2.144979149310059,
    0.28358091691060633
  ],
  "roll_mode": "post_world",
  "cam_roll_deg": -90.0,
  "mask_shrink_px": 2,
  "rel_rotvec_deg": [
    -11.160679312882586,
    -2.910336602947263,
    0.11389307932797424
  ],
  "rel_angle_deg": 11.534461127464027,
  "euler_zyx_deg": [
    0.3961262153805289,
    -2.8808768022446665,
    -11.173039621662129
  ],
  "Zc_m": 0.18200001120567322,
  "intrinsics_ideal": {
    "W": 640,
    "H": 480,
    "fx": 554.2562584220408,
    "fy": 554.2562584220408,
    "cx": 319.5,
    "cy": 239.5
  },
  "pts_in_mask": 9520
}