{
  "axis": "rx+ry",
  "delta_rx_deg": -3.3333333333333335,
  "delta_ry_deg": -0.8333333333333334,
  "tcp_after": [
    0.41905119603559793,
    -0.17135139446003644,
    0.003409417400396103,
    2.1259523103589304,
    -2.1167567808194105,
    0.358071830643989
  ],
  "roll_mode": "post_world",
  "cam_roll_deg": -90.0,
  "mask_shrink_px": 2,
  "rel_rotvec_deg": [
    -14.497873184296262,
    -3.734616896713311,
    0.12224015625617483
  ],
  "rel_angle_deg": 14.971660992987877,
  "euler_zyx_deg": [
    0.5918975192683972,
    -3.679412362573588,
    -14.522009306303502
  ],
  "Zc_m": 0.18200001120567322,
  "intrinsics_ideal": {
    "W": 640,
    "H": 480,
    "fx": 554.2562584220408,
    "fy": 554.2562584220408,
    "cx": 319.5,
    "cy": 239.5
  },
  "pts_in_mask": 9818
}