{
  "axis": "rx+ry",
  "delta_rx_deg": -3.3333333333333335,
  "delta_ry_deg": -0.8333333333333334,
  "tcp_after": [
    0.41904120347404095,
    -0.17136006988617675,
    0.00338512146301298,
    2.0682934024584942,
    -2.0571356117744535,
    0.5020905122667801
  ],
  "roll_mode": "post_world",
  "cam_roll_deg": -90.0,
  "mask_shrink_px": 2,
  "rel_rotvec_deg": [
    -21.16432782241211,
    -5.390853813250502,
    0.12311959547507068
  ],
  "rel_angle_deg": 21.84044952479584,
  "euler_zyx_deg": [
    1.108530272321319,
    -5.246108561189841,
    -21.230643154126078
  ],
  "Zc_m": 0.18200001120567322,
  "intrinsics_ideal": {
    "W": 640,
    "H": 480,
    "fx": 554.2562584220408,
    "fy": 554.2562584220408,
    "cx": 319.5,
    "cy": 239.5
  },
  "pts_in_mask": 9780
}