{
  "axis": "rx+ry",
  "delta_rx_deg": -3.3333333333333335,
  "delta_ry_deg": 0.8333333333333334,
  "tcp_after": [
    0.4178871138319373,
    -0.17148692612052632,
    0.00306979907778801,
    2.1788092664043566,
    -2.1773198389339274,
    0.09564545093313492
  ],
  "roll_mode": "post_world",
  "cam_roll_deg": -90.0,
  "mask_shrink_px": 2,
  "rel_rotvec_deg": [
    -4.940903737965439,
    0.9119631367512919,
    -0.0019202439420315958
  ],
  "rel_angle_deg": 5.024361670697174,
  "euler_zyx_deg": [
    -0.041219391159980176,
    0.9107503893338383,
    -4.941335624575287
  ],
  "Zc_m": 0.18300001323223114,
  "intrinsics_ideal": {
    "W": 640,
    "H": 480,
    "fx": 554.2562584220408,
    "fy": 554.2562584220408,
    "cx": 319.5,
    "cy": 239.5
  },
  "pts_in_mask": 8966
}