{
  "axis": "rx+ry",
  "delta_rx_deg": -3.3333333333333335,
  "delta_ry_deg": 0.8333333333333334,
  "tcp_after": [
    0.41790311284568393,
    -0.1714755963988322,
    0.0030851885023192582,
    2.14207422812338,
    -2.1388746119562945,
    0.1409324266663995
  ],
  "roll_mode": "post_world",
  "cam_roll_deg": -90.0,
  "mask_shrink_px": 2,
  "rel_rotvec_deg": [
    -8.27501092533927,
    1.7418058269279928,
    0.015288949707885966
  ],
  "rel_angle_deg": 8.456354244305745,
  "euler_zyx_deg": [
    -0.110370298586719,
    1.736857091643097,
    -8.277320669635257
  ],
  "Zc_m": 0.18200001120567322,
  "intrinsics_ideal": {
    "W": 640,
    "H": 480,
    "fx": 554.2562584220408,
    "fy": 554.2562584220408,
    "cx": 319.5,
    "cy": 239.5
  },
  "pts_in_mask": 9357
}