{
  "axis": "rx+ry",
  "delta_rx_deg": -3.3333333333333335,
  "delta_ry_deg": 0.8333333333333334,
  "tcp_after": [
    0.4179339140444833,
    -0.17145178881416012,
    0.003092946484396286,
    2.0670080371526183,
    -2.060950332539599,
    0.22695846171689368
  ],
  "roll_mode": "post_world",
  "cam_roll_deg": -90.0,
  "mask_shrink_px": 2,
  "rel_rotvec_deg": [
    -14.939838645655506,
    3.405870908671461,
    0.038743360178950664
  ],
  "rel_angle_deg": 15.323192763021492,
  "euler_zyx_deg": [
    -0.4038184942535686,
    3.372383466121832,
    -14.95611273904374
  ],
  "Zc_m": 0.18200001120567322,
  "intrinsics_ideal": {
    "W": 640,
    "H": 480,
    "fx": 554.2562584220408,
    "fy": 554.2562584220408,
    "cx": 319.5,
    "cy": 239.5
  },
  "pts_in_mask": 9886
}