{
  "axis": "rx+ry",
  "delta_rx_deg": -3.3333333333333335,
  "delta_ry_deg": 0.8333333333333334,
  "tcp_after": [
    0.41794096114054446,
    -0.17143160467906973,
    0.0030702794595415805,
    2.0288321247877974,
    -2.0213738062890947,
    0.26776070292717996
  ],
  "roll_mode": "post_world",
  "cam_roll_deg": -90.0,
  "mask_shrink_px": 2,
  "rel_rotvec_deg": [
    -18.271515792281793,
    4.242556106356972,
    0.051621257923613495
  ],
  "rel_angle_deg": 18.75767140178811,
  "euler_zyx_deg": [
    -0.6214113976063305,
    4.179037314816279,
    -18.302500098522838
  ],
  "Zc_m": 0.18200001120567322,
  "intrinsics_ideal": {
    "W": 640,
    "H": 480,
    "fx": 554.2562584220408,
    "fy": 554.2562584220408,
    "cx": 319.5,
    "cy": 239.5
  },
  "pts_in_mask": 10085
}