{
  "axis": "rx+ry",
  "delta_rx_deg": -3.3333333333333335,
  "delta_ry_deg": 0.8333333333333334,
  "tcp_after": [
    0.41794301039233805,
    -0.17142137945171204,
    0.003073989543070338,
    1.9902151139072362,
    -1.9815452072895183,
    0.30727952424701505
  ],
  "roll_mode": "post_world",
  "cam_roll_deg": -90.0,
  "mask_shrink_px": 2,
  "rel_rotvec_deg": [
    -21.60355092922553,
    5.076074646980019,
    0.060404934318668405
  ],
  "rel_angle_deg": 22.19197141601991,
  "euler_zyx_deg": [
    -0.8895417163050179,
    4.967572708973052,
    -21.65618087940832
  ],
  "Zc_m": 0.1810000091791153,
  "intrinsics_ideal": {
    "W": 640,
    "H": 480,
    "fx": 554.2562584220408,
    "fy": 554.2562584220408,
    "cx": 319.5,
    "cy": 239.5
  },
  "pts_in_mask": 9943
}