{
  "axis": "rx+ry",
  "delta_rx_deg": -3.3333333333333335,
  "delta_ry_deg": 2.5,
  "tcp_after": [
    0.41690599070818185,
    -0.17151642449153837,
    0.002580008934002259,
    2.1522703979986493,
    -2.1561437686749616,
    0.050241793530717054
  ],
  "roll_mode": "post_world",
  "cam_roll_deg": -90.0,
  "mask_shrink_px": 2,
  "rel_rotvec_deg": [
    -5.170683377489953,
    3.5012509297857464,
    -0.1460181838149454
  ],
  "rel_angle_deg": 6.246282572345017,
  "euler_zyx_deg": [
    -0.30412409967863474,
    3.489895004898596,
    -5.181560176102519
  ],
  "Zc_m": 0.18200001120567322,
  "intrinsics_ideal": {
    "W": 640,
    "H": 480,
    "fx": 554.2562584220408,
    "fy": 554.2562584220408,
    "cx": 319.5,
    "cy": 239.5
  },
  "pts_in_mask": 9009
}