{
  "axis": "rx+ry",
  "delta_rx_deg": -3.3333333333333335,
  "delta_ry_deg": 2.5,
  "tcp_after": [
    0.4169112987464193,
    -0.17152216543167031,
    0.0025647615465035634,
    2.101978927394138,
    -2.1042209828257565,
    0.06452712416414794
  ],
  "roll_mode": "post_world",
  "cam_roll_deg": -90.0,
  "mask_shrink_px": 2,
  "rel_rotvec_deg": [
    -8.50713860677579,
    5.998761353823852,
    -0.13316036402459533
  ],
  "rel_angle_deg": 10.410296669047087,
  "euler_zyx_deg": [
    -0.5796962635273555,
    5.9667303853537765,
    -8.54512552252011
  ],
  "Zc_m": 0.18200001120567322,
  "intrinsics_ideal": {
    "W": 640,
    "H": 480,
    "fx": 554.2562584220408,
    "fy": 554.2562584220408,
    "cx": 319.5,
    "cy": 239.5
  },
  "pts_in_mask": 9421
}