{
  "axis": "rx+ry",
  "delta_rx_deg": -3.3333333333333335,
  "delta_ry_deg": 2.5,
  "tcp_after": [
    0.4169482498969419,
    -0.1715624638620516,
    0.0026171463384296045,
    2.0011093407905487,
    -2.000722828550945,
    0.09138792333204315
  ],
  "roll_mode": "post_world",
  "cam_roll_deg": -90.0,
  "mask_shrink_px": 2,
  "rel_rotvec_deg": [
    -15.176552491197578,
    10.978482197526326,
    -0.1195100844876193
  ],
  "rel_angle_deg": 18.731500194585912,
  "euler_zyx_deg": [
    -1.5869615528911503,
    10.83269463587557,
    -15.373476538933865
  ],
  "Zc_m": 0.18200001120567322,
  "intrinsics_ideal": {
    "W": 640,
    "H": 480,
    "fx": 554.2562584220408,
    "fy": 554.2562584220408,
    "cx": 319.5,
    "cy": 239.5
  },
  "pts_in_mask": 10475
}