{
  "axis": "rx+ry",
  "delta_rx_deg": -3.3333333333333335,
  "delta_ry_deg": 2.5,
  "tcp_after": [
    0.4169142361555963,
    -0.1715446141075091,
    0.0026224530216305275,
    1.899917723738425,
    -1.8968739930254392,
    0.11561647949870156
  ],
  "roll_mode": "post_world",
  "cam_roll_deg": -90.0,
  "mask_shrink_px": 2,
  "rel_rotvec_deg": [
    -21.849955857990427,
    15.9764906766987,
    -0.09853934172342398
  ],
  "rel_angle_deg": 27.06803530625446,
  "euler_zyx_deg": [
    -3.2040742999089944,
    15.560949536994979,
    -22.429498300807804
  ],
  "Zc_m": 0.1810000091791153,
  "intrinsics_ideal": {
    "W": 640,
    "H": 480,
    "fx": 554.2562584220408,
    "fy": 554.2562584220408,
    "cx": 319.5,
    "cy": 239.5
  },
  "pts_in_mask": 10855
}