{
  "axis": "rx+ry",
  "delta_rx_deg": -1.6666666666666667,
  "delta_ry_deg": -2.5,
  "tcp_after": [
    0.4176071719015576,
    -0.17150980591750026,
    0.002910331224116408,
    2.212326338619603,
    -2.2230148939073318,
    0.17531195457012613
  ],
  "roll_mode": "post_world",
  "cam_roll_deg": -90.0,
  "mask_shrink_px": 2,
  "rel_rotvec_deg": [
    -4.539692281769712,
    -3.50633371370464,
    -0.3134431795129328
  ],
  "rel_angle_deg": 5.7446870020745635,
  "euler_zyx_deg": [
    -0.1744551506374569,
    -3.515073546817389,
    -4.535767426544376
  ],
  "Zc_m": 0.18200001120567322,
  "intrinsics_ideal": {
    "W": 640,
    "H": 480,
    "fx": 554.2562584220408,
    "fy": 554.2562584220408,
    "cx": 319.5,
    "cy": 239.5
  },
  "pts_in_mask": 8981
}