{
  "axis": "rx+ry",
  "delta_rx_deg": -1.6666666666666667,
  "delta_ry_deg": -2.5,
  "tcp_after": [
    0.41761843464287374,
    -0.1714794623597391,
    0.0029012012134203014,
    -2.2012356141220604,
    2.2129334760219748,
    -0.2550302444738868
  ],
  "roll_mode": "post_world",
  "cam_roll_deg": -90.0,
  "mask_shrink_px": 2,
  "rel_rotvec_deg": [
    -6.201533025973462,
    -6.006459523254612,
    -0.3550997755848502
  ],
  "rel_angle_deg": 8.640755969668163,
  "euler_zyx_deg": [
    -0.029471999245136268,
    -6.0139352008223765,
    -6.205687158253511
  ],
  "Zc_m": 0.18200001120567322,
  "intrinsics_ideal": {
    "W": 640,
    "H": 480,
    "fx": 554.2562584220408,
    "fy": 554.2562584220408,
    "cx": 319.5,
    "cy": 239.5
  },
  "pts_in_mask": 9260
}