{
  "axis": "rx+ry",
  "delta_rx_deg": -1.6666666666666667,
  "delta_ry_deg": -2.5,
  "tcp_after": [
    0.4176173291242111,
    -0.1714819272877937,
    0.002878654395788438,
    -2.173253594847387,
    2.1875297317830613,
    -0.41220875555937597
  ],
  "roll_mode": "post_world",
  "cam_roll_deg": -90.0,
  "mask_shrink_px": 2,
  "rel_rotvec_deg": [
    -9.518010430420638,
    -11.011581836665593,
    -0.4539673433064378
  ],
  "rel_angle_deg": 14.56205835203143,
  "euler_zyx_deg": [
    0.4692406973037056,
    -10.998338386294337,
    -9.592601127805835
  ],
  "Zc_m": 0.18200001120567322,
  "intrinsics_ideal": {
    "W": 640,
    "H": 480,
    "fx": 554.2562584220408,
    "fy": 554.2562584220408,
    "cx": 319.5,
    "cy": 239.5
  },
  "pts_in_mask": 9633
}