{
  "axis": "rx+ry",
  "delta_rx_deg": -1.6666666666666667,
  "delta_ry_deg": -2.5,
  "tcp_after": [
    0.4176256027886133,
    -0.17145663702886108,
    0.0028765008870858255,
    -2.1572724824576057,
    2.172646364713445,
    -0.48959225117165983
  ],
  "roll_mode": "post_world",
  "cam_roll_deg": -90.0,
  "mask_shrink_px": 2,
  "rel_rotvec_deg": [
    -11.172977769613528,
    -13.514496910996737,
    -0.4989103603448631
  ],
  "rel_angle_deg": 17.54211989883999,
  "euler_zyx_deg": [
    0.8394279330502805,
    -13.476530580666406,
    -11.324220487388413
  ],
  "Zc_m": 0.1810000091791153,
  "intrinsics_ideal": {
    "W": 640,
    "H": 480,
    "fx": 554.2562584220408,
    "fy": 554.2562584220408,
    "cx": 319.5,
    "cy": 239.5
  },
  "pts_in_mask": 9541
}