{
  "axis": "rx+ry",
  "delta_rx_deg": -1.6666666666666667,
  "delta_ry_deg": -0.8333333333333334,
  "tcp_after": [
    0.4186129564276741,
    -0.17134579542101666,
    0.0052145960582874185,
    -2.2128857892167964,
    2.2126758377224265,
    -0.019232334841359385
  ],
  "roll_mode": "post_world",
  "cam_roll_deg": -90.0,
  "mask_shrink_px": 2,
  "rel_rotvec_deg": [
    -0.004885226201330846,
    0.00961687871938892,
    0.007490872225321807
  ],
  "rel_angle_deg": 0.01313251529744788,
  "euler_zyx_deg": [
    0.0074904623032850835,
    0.009617198028518164,
    -0.00488459757607646
  ],
  "Zc_m": 0.18400001525878906,
  "intrinsics_ideal": {
    "W": 640,
    "H": 480,
    "fx": 554.2562584220408,
    "fy": 554.2562584220408,
    "cx": 319.5,
    "cy": 239.5
  },
  "pts_in_mask": 8829
}