{
  "axis": "rx+ry",
  "delta_rx_deg": -1.6666666666666667,
  "delta_ry_deg": -0.8333333333333334,
  "tcp_after": [
    0.41859873945301446,
    -0.17132864026308942,
    0.005189092832122155,
    -2.2200519969315016,
    2.219129232368381,
    -0.06752212429768195
  ],
  "roll_mode": "post_world",
  "cam_roll_deg": -90.0,
  "mask_shrink_px": 2,
  "rel_rotvec_deg": [
    -1.6668912482105498,
    -0.817977790770793,
    0.011341223448504101
  ],
  "rel_angle_deg": 1.8568098241081397,
  "euler_zyx_deg": [
    0.023239172099501954,
    -0.8176974172014646,
    -1.667085396471798
  ],
  "Zc_m": 0.1850000023841858,
  "intrinsics_ideal": {
    "W": 640,
    "H": 480,
    "fx": 554.2562584220408,
    "fy": 554.2562584220408,
    "cx": 319.5,
    "cy": 239.5
  },
  "pts_in_mask": 8655
}