{
  "axis": "rx+ry",
  "delta_rx_deg": -1.6666666666666667,
  "delta_ry_deg": -0.8333333333333334,
  "tcp_after": [
    0.4186037476038963,
    -0.17132721134410925,
    0.005191806128468979,
    2.214759305599624,
    -2.213215416383993,
    0.11567597188446015
  ],
  "roll_mode": "post_world",
  "cam_roll_deg": -90.0,
  "mask_shrink_px": 2,
  "rel_rotvec_deg": [
    -3.3335795257359377,
    -1.6503877176881927,
    0.012889069159634984
  ],
  "rel_angle_deg": 3.719771256570178,
  "euler_zyx_deg": [
    0.06089976825588733,
    -1.6490814416335915,
    -3.3346864782553567
  ],
  "Zc_m": 0.18400001525878906,
  "intrinsics_ideal": {
    "W": 640,
    "H": 480,
    "fx": 554.2562584220408,
    "fy": 554.2562584220408,
    "cx": 319.5,
    "cy": 239.5
  },
  "pts_in_mask": 8738
}