{
  "axis": "rx+ry",
  "delta_rx_deg": -1.6666666666666667,
  "delta_ry_deg": -0.8333333333333334,
  "tcp_after": [
    0.418597819750146,
    -0.17128273281099787,
    0.00519014072231308,
    2.1876981015493273,
    -2.1846159159178793,
    0.2576729694862045
  ],
  "roll_mode": "post_world",
  "cam_roll_deg": -90.0,
  "mask_shrink_px": 2,
  "rel_rotvec_deg": [
    -8.326117037182929,
    -4.147794404380814,
    0.00988054744488273
  ],
  "rel_angle_deg": 9.302070788974811,
  "euler_zyx_deg": [
    0.3113617594016656,
    -4.132462673024788,
    -8.340984736840406
  ],
  "Zc_m": 0.18400001525878906,
  "intrinsics_ideal": {
    "W": 640,
    "H": 480,
    "fx": 554.2562584220408,
    "fy": 554.2562584220408,
    "cx": 319.5,
    "cy": 239.5
  },
  "pts_in_mask": 9130
}