{
  "axis": "rx+ry",
  "delta_rx_deg": -1.6666666666666667,
  "delta_ry_deg": 0.8333333333333334,
  "tcp_after": [
    0.4185750979349952,
    -0.17134954166982408,
    0.00473501834858811,
    2.1812557123013803,
    -2.177562017235091,
    0.0806785623436598
  ],
  "roll_mode": "post_world",
  "cam_roll_deg": -90.0,
  "mask_shrink_px": 2,
  "rel_rotvec_deg": [
    -4.487095703024998,
    1.246810879283779,
    0.05995114582648787
  ],
  "rel_angle_deg": 4.6574842304286665,
  "euler_zyx_deg": [
    0.011092908281594144,
    1.2478831045399112,
    -4.487152329662207
  ],
  "Zc_m": 0.18400001525878906,
  "intrinsics_ideal": {
    "W": 640,
    "H": 480,
    "fx": 554.2562584220408,
    "fy": 554.2562584220408,
    "cx": 319.5,
    "cy": 239.5
  },
  "pts_in_mask": 8793
}