{
  "axis": "rx+ry",
  "delta_rx_deg": -1.6666666666666667,
  "delta_ry_deg": 0.8333333333333334,
  "tcp_after": [
    0.418580118010565,
    -0.17132654456515245,
    0.004717071387711103,
    2.1596592539692483,
    -2.154846489844367,
    0.09551569959456416
  ],
  "roll_mode": "post_world",
  "cam_roll_deg": -90.0,
  "mask_shrink_px": 2,
  "rel_rotvec_deg": [
    -6.153815785674397,
    2.08390897127443,
    0.07603603509778482
  ],
  "rel_angle_deg": 6.497530823567276,
  "euler_zyx_deg": [
    -0.03594116752524601,
    2.083983620038181,
    -6.1551484756718375
  ],
  "Zc_m": 0.18400001525878906,
  "intrinsics_ideal": {
    "W": 640,
    "H": 480,
    "fx": 554.2562584220408,
    "fy": 554.2562584220408,
    "cx": 319.5,
    "cy": 239.5
  },
  "pts_in_mask": 8823
}