{
  "axis": "rx+ry",
  "delta_rx_deg": -1.6666666666666667,
  "delta_ry_deg": 0.8333333333333334,
  "tcp_after": [
    0.41854183125677097,
    -0.1713184588122692,
    0.004654759841495604,
    2.13801845910209,
    -2.132006456267429,
    0.10987930315843991
  ],
  "roll_mode": "post_world",
  "cam_roll_deg": -90.0,
  "mask_shrink_px": 2,
  "rel_rotvec_deg": [
    -7.818124565655182,
    2.928105189255805,
    0.09487658122529574
  ],
  "rel_angle_deg": 8.349004329206734,
  "euler_zyx_deg": [
    -0.10501542923887838,
    2.9254863964541906,
    -7.8225083738740135
  ],
  "Zc_m": 0.18400001525878906,
  "intrinsics_ideal": {
    "W": 640,
    "H": 480,
    "fx": 554.2562584220408,
    "fy": 554.2562584220408,
    "cx": 319.5,
    "cy": 239.5
  },
  "pts_in_mask": 9029
}