{
  "axis": "rx+ry",
  "delta_rx_deg": -1.6666666666666667,
  "delta_ry_deg": 0.8333333333333334,
  "tcp_after": [
    0.4185373242381958,
    -0.1713179366277928,
    0.004635986077502041,
    2.116298765716874,
    -2.109212520975932,
    0.12413302484866294
  ],
  "roll_mode": "post_world",
  "cam_roll_deg": -90.0,
  "mask_shrink_px": 2,
  "rel_rotvec_deg": [
    -9.48514607206267,
    3.765690701839302,
    0.11093955223214047
  ],
  "rel_angle_deg": 10.2059164240422,
  "euler_zyx_deg": [
    -0.20095477874268006,
    3.7576603266955177,
    -9.495152201024723
  ],
  "Zc_m": 0.18400001525878906,
  "intrinsics_ideal": {
    "W": 640,
    "H": 480,
    "fx": 554.2562584220408,
    "fy": 554.2562584220408,
    "cx": 319.5,
    "cy": 239.5
  },
  "pts_in_mask": 9168
}