{
  "axis": "rx+ry",
  "delta_rx_deg": -1.6666666666666667,
  "delta_ry_deg": 0.8333333333333334,
  "tcp_after": [
    0.4185343914921351,
    -0.17130636448644804,
    0.004629462041481236,
    2.094614080217816,
    -2.086273071660247,
    0.13809673173500345
  ],
  "roll_mode": "post_world",
  "cam_roll_deg": -90.0,
  "mask_shrink_px": 2,
  "rel_rotvec_deg": [
    -11.152609073475524,
    4.604111604781056,
    0.13250010525442946
  ],
  "rel_angle_deg": 12.066320445477182,
  "euler_zyx_deg": [
    -0.31593196010280233,
    4.587903306132915,
    -11.171263551920346
  ],
  "Zc_m": 0.18400001525878906,
  "intrinsics_ideal": {
    "W": 640,
    "H": 480,
    "fx": 554.2562584220408,
    "fy": 554.2562584220408,
    "cx": 319.5,
    "cy": 239.5
  },
  "pts_in_mask": 9372
}