{
  "axis": "rx+ry",
  "delta_rx_deg": -1.6666666666666667,
  "delta_ry_deg": 2.5,
  "tcp_after": [
    0.4178606004185362,
    -0.17143607583957465,
    0.003968146060398081,
    2.1698853235281033,
    -2.169743937465168,
    0.017325752956448816
  ],
  "roll_mode": "post_world",
  "cam_roll_deg": -90.0,
  "mask_shrink_px": 2,
  "rel_rotvec_deg": [
    -3.4141188780491256,
    3.499924201564699,
    -0.023988088285946375
  ],
  "rel_angle_deg": 4.889402065542303,
  "euler_zyx_deg": [
    -0.12841101579475428,
    3.4971345905843503,
    -3.419100855367384
  ],
  "Zc_m": 0.18300001323223114,
  "intrinsics_ideal": {
    "W": 640,
    "H": 480,
    "fx": 554.2562584220408,
    "fy": 554.2562584220408,
    "cx": 319.5,
    "cy": 239.5
  },
  "pts_in_mask": 8937
}