{
  "axis": "rx+ry",
  "delta_rx_deg": -1.6666666666666667,
  "delta_ry_deg": 2.5,
  "tcp_after": [
    0.4178855448751195,
    -0.17142725115840118,
    0.003983537661334247,
    2.1343064870565196,
    -2.1327550583823767,
    0.0015977038918574547
  ],
  "roll_mode": "post_world",
  "cam_roll_deg": -90.0,
  "mask_shrink_px": 2,
  "rel_rotvec_deg": [
    -5.0812005204609685,
    5.994890121854135,
    -0.0006593735510551343
  ],
  "rel_angle_deg": 7.85858172554123,
  "euler_zyx_deg": [
    -0.2675254402684626,
    5.986971269863443,
    -5.099829272320316
  ],
  "Zc_m": 0.18300001323223114,
  "intrinsics_ideal": {
    "W": 640,
    "H": 480,
    "fx": 554.2562584220408,
    "fy": 554.2562584220408,
    "cx": 319.5,
    "cy": 239.5
  },
  "pts_in_mask": 8993
}