{
  "axis": "rx+ry",
  "delta_rx_deg": -1.6666666666666667,
  "delta_ry_deg": 2.5,
  "tcp_after": [
    0.41783328095221334,
    -0.17143774870058806,
    0.003945861028589098,
    2.0985559967983023,
    -2.095666587855989,
    -0.013949816152666368
  ],
  "roll_mode": "post_world",
  "cam_roll_deg": -90.0,
  "mask_shrink_px": 2,
  "rel_rotvec_deg": [
    -6.744461436851095,
    8.502789956285916,
    0.021956995697994613
  ],
  "rel_angle_deg": 10.852911094427537,
  "euler_zyx_deg": [
    -0.48240921213040083,
    8.484295865753262,
    -6.79264094608587
  ],
  "Zc_m": 0.18300001323223114,
  "intrinsics_ideal": {
    "W": 640,
    "H": 480,
    "fx": 554.2562584220408,
    "fy": 554.2562584220408,
    "cx": 319.5,
    "cy": 239.5
  },
  "pts_in_mask": 9321
}