{
  "axis": "rx+ry",
  "delta_rx_deg": -1.6666666666666667,
  "delta_ry_deg": 2.5,
  "tcp_after": [
    0.417833323130031,
    -0.17142400846409422,
    0.003940903899269238,
    2.0628896649229342,
    -2.058441550220626,
    -0.028851871546774606
  ],
  "roll_mode": "post_world",
  "cam_roll_deg": -90.0,
  "mask_shrink_px": 2,
  "rel_rotvec_deg": [
    -8.4108371773709,
    11.004578354475386,
    0.05182609006736004
  ],
  "rel_angle_deg": 13.850834369367224,
  "euler_zyx_deg": [
    -0.766494230789553,
    10.968363144365561,
    -8.510353734787582
  ],
  "Zc_m": 0.18300001323223114,
  "intrinsics_ideal": {
    "W": 640,
    "H": 480,
    "fx": 554.2562584220408,
    "fy": 554.2562584220408,
    "cx": 319.5,
    "cy": 239.5
  },
  "pts_in_mask": 9589
}