{
  "axis": "rx+ry",
  "delta_rx_deg": -1.6666666666666667,
  "delta_ry_deg": 2.5,
  "tcp_after": [
    0.41788254325395685,
    -0.1714328836281167,
    0.003977394174924209,
    2.0271266419368303,
    -2.0214082511414744,
    -0.04310041332922982
  ],
  "roll_mode": "post_world",
  "cam_roll_deg": -90.0,
  "mask_shrink_px": 2,
  "rel_rotvec_deg": [
    -10.077260005266465,
    13.495370656008724,
    0.07494937445722659
  ],
  "rel_angle_deg": 16.842856520363046,
  "euler_zyx_deg": [
    -1.1355245555814908,
    13.431057406466877,
    -10.25774717313933
  ],
  "Zc_m": 0.18300001323223114,
  "intrinsics_ideal": {
    "W": 640,
    "H": 480,
    "fx": 554.2562584220408,
    "fy": 554.2562584220408,
    "cx": 319.5,
    "cy": 239.5
  },
  "pts_in_mask": 9548
}