{
  "axis": "rx+ry",
  "delta_rx_deg": -1.6666666666666667,
  "delta_ry_deg": 2.5,
  "tcp_after": [
    0.4178969825858163,
    -0.1714604891261388,
    0.00398922173461036,
    1.9912121220347772,
    -1.9843249563774317,
    -0.05702742810637567
  ],
  "roll_mode": "post_world",
  "cam_roll_deg": -90.0,
  "mask_shrink_px": 2,
  "rel_rotvec_deg": [
    -11.74347730916626,
    15.992517686793693,
    0.09631263361208779
  ],
  "rel_angle_deg": 19.841349686871233,
  "euler_zyx_deg": [
    -1.5891170954612486,
    15.887369783806836,
    -12.041915856812938
  ],
  "Zc_m": 0.18300001323223114,
  "intrinsics_ideal": {
    "W": 640,
    "H": 480,
    "fx": 554.2562584220408,
    "fy": 554.2562584220408,
    "cx": 319.5,
    "cy": 239.5
  },
  "pts_in_mask": 9483
}