{
  "axis": "rx+ry",
  "delta_rx_deg": 1.6666666666666667,
  "delta_ry_deg": -2.5,
  "tcp_after": [
    0.4186502403264665,
    -0.17134942400737146,
    0.005261497548555788,
    -2.212650821935212,
    2.2127059892678114,
    -0.019349949881195937
  ],
  "roll_mode": "post_world",
  "cam_roll_deg": -90.0,
  "mask_shrink_px": 2,
  "rel_rotvec_deg": [
    -0.0020555859218962854,
    0.000710302721008673,
    0.0006507272552348009
  ],
  "rel_angle_deg": 0.0022701121995346274,
  "euler_zyx_deg": [
    0.0006507145134742659,
    0.0007103143938281796,
    -0.002055581888384984
  ],
  "Zc_m": 0.18400001525878906,
  "intrinsics_ideal": {
    "W": 640,
    "H": 480,
    "fx": 554.2562584220408,
    "fy": 554.2562584220408,
    "cx": 319.5,
    "cy": 239.5
  },
  "pts_in_mask": 8824
}