{
  "axis": "rx+ry",
  "delta_rx_deg": 1.6666666666666667,
  "delta_ry_deg": -2.5,
  "tcp_after": [
    0.41859424877238377,
    -0.17140644108896794,
    0.0052253002454836495,
    -2.1392816203046237,
    2.1404593887082015,
    -0.04983786727748528
  ],
  "roll_mode": "post_world",
  "cam_roll_deg": -90.0,
  "mask_shrink_px": 2,
  "rel_rotvec_deg": [
    3.323317031416217,
    -4.989012969040742,
    -0.0003852279303106294
  ],
  "rel_angle_deg": 5.99455474951713,
  "euler_zyx_deg": [
    -0.14549175606096576,
    -4.986196286795275,
    3.3317528056144843
  ],
  "Zc_m": 0.18400001525878906,
  "intrinsics_ideal": {
    "W": 640,
    "H": 480,
    "fx": 554.2562584220408,
    "fy": 554.2562584220408,
    "cx": 319.5,
    "cy": 239.5
  },
  "pts_in_mask": 8749
}