{
  "axis": "rx+ry",
  "delta_rx_deg": 1.6666666666666667,
  "delta_ry_deg": -2.5,
  "tcp_after": [
    0.41858860000332976,
    -0.1714386512728118,
    0.005241468307518982,
    -2.1024850037602234,
    2.104188155147139,
    -0.06443683608509561
  ],
  "roll_mode": "post_world",
  "cam_roll_deg": -90.0,
  "mask_shrink_px": 2,
  "rel_rotvec_deg": [
    4.986562535347379,
    -7.489425023387427,
    -0.0006451461181583493
  ],
  "rel_angle_deg": 8.997627104747416,
  "euler_zyx_deg": [
    -0.32868150953431985,
    -7.479880559855734,
    5.0151572312169
  ],
  "Zc_m": 0.18400001525878906,
  "intrinsics_ideal": {
    "W": 640,
    "H": 480,
    "fx": 554.2562584220408,
    "fy": 554.2562584220408,
    "cx": 319.5,
    "cy": 239.5
  },
  "pts_in_mask": 8975
}