{
  "axis": "rx+ry",
  "delta_rx_deg": 1.6666666666666667,
  "delta_ry_deg": -2.5,
  "tcp_after": [
    0.41855788274163785,
    -0.17151353568076647,
    0.005205348533356996,
    -2.0286854371230265,
    2.031678971065288,
    -0.09208278599068745
  ],
  "roll_mode": "post_world",
  "cam_roll_deg": -90.0,
  "mask_shrink_px": 2,
  "rel_rotvec_deg": [
    8.314934490361697,
    -12.483041405036433,
    -0.009242149212782396
  ],
  "rel_angle_deg": 14.99881807730804,
  "euler_zyx_deg": [
    -0.9316700226789447,
    -12.437744296871655,
    8.449471427966973
  ],
  "Zc_m": 0.18400001525878906,
  "intrinsics_ideal": {
    "W": 640,
    "H": 480,
    "fx": 554.2562584220408,
    "fy": 554.2562584220408,
    "cx": 319.5,
    "cy": 239.5
  },
  "pts_in_mask": 9089
}