{
  "axis": "rx+ry",
  "delta_rx_deg": 1.6666666666666667,
  "delta_ry_deg": -0.8333333333333334,
  "tcp_after": [
    0.4188007787402913,
    -0.17139979237898087,
    0.0042525313915912355,
    -2.1731963979699462,
    2.1779507017547566,
    -0.0057390372489598985
  ],
  "roll_mode": "post_world",
  "cam_roll_deg": -90.0,
  "mask_shrink_px": 2,
  "rel_rotvec_deg": [
    2.476789373522231,
    -1.7776224865684476,
    -0.10143101665740646
  ],
  "rel_angle_deg": 3.050363184390769,
  "euler_zyx_deg": [
    -0.13986292070848466,
    -1.7748748923397137,
    2.47915516516049
  ],
  "Zc_m": 0.18300001323223114,
  "intrinsics_ideal": {
    "W": 640,
    "H": 480,
    "fx": 554.2562584220408,
    "fy": 554.2562584220408,
    "cx": 319.5,
    "cy": 239.5
  },
  "pts_in_mask": 8829
}