{
  "axis": "rx+ry",
  "delta_rx_deg": 1.6666666666666667,
  "delta_ry_deg": -0.8333333333333334,
  "tcp_after": [
    0.41880340701576435,
    -0.1714352985131336,
    0.004264813999137168,
    -2.150951345118583,
    2.1566277126173974,
    0.009975031788351942
  ],
  "roll_mode": "post_world",
  "cam_roll_deg": -90.0,
  "mask_shrink_px": 2,
  "rel_rotvec_deg": [
    4.140657563062401,
    -2.6093484414641064,
    -0.11261579010264906
  ],
  "rel_angle_deg": 4.89555172168546,
  "euler_zyx_deg": [
    -0.20692175512374011,
    -2.603003175173068,
    4.146075660487011
  ],
  "Zc_m": 0.18300001323223114,
  "intrinsics_ideal": {
    "W": 640,
    "H": 480,
    "fx": 554.2562584220408,
    "fy": 554.2562584220408,
    "cx": 319.5,
    "cy": 239.5
  },
  "pts_in_mask": 8794
}