{
  "axis": "rx+ry",
  "delta_rx_deg": 1.6666666666666667,
  "delta_ry_deg": -0.8333333333333334,
  "tcp_after": [
    0.4187697957650016,
    -0.17146133453611254,
    0.004228741890058979,
    -2.1287320109527252,
    2.13525825487167,
    0.02555165331639904
  ],
  "roll_mode": "post_world",
  "cam_roll_deg": -90.0,
  "mask_shrink_px": 2,
  "rel_rotvec_deg": [
    5.806153959638275,
    -3.4342266139085447,
    -0.12232333785332399
  ],
  "rel_angle_deg": 6.746873293436341,
  "euler_zyx_deg": [
    -0.2963759279780209,
    -3.422139026375213,
    5.8167477400422785
  ],
  "Zc_m": 0.18300001323223114,
  "intrinsics_ideal": {
    "W": 640,
    "H": 480,
    "fx": 554.2562584220408,
    "fy": 554.2562584220408,
    "cx": 319.5,
    "cy": 239.5
  },
  "pts_in_mask": 8914
}