{
  "axis": "rx+ry",
  "delta_rx_deg": 1.6666666666666667,
  "delta_ry_deg": -0.8333333333333334,
  "tcp_after": [
    0.4186885148211723,
    -0.17152218894073606,
    0.004188552807844387,
    -2.0841386731986873,
    2.092326723337566,
    0.05575096956622819
  ],
  "roll_mode": "post_world",
  "cam_roll_deg": -90.0,
  "mask_shrink_px": 2,
  "rel_rotvec_deg": [
    9.135712528154587,
    -5.087100002100578,
    -0.14204736923351557
  ],
  "rel_angle_deg": 10.457533518165675,
  "euler_zyx_deg": [
    -0.5478383961659926,
    -5.0541615344834625,
    9.165894513230832
  ],
  "Zc_m": 0.18300001323223114,
  "intrinsics_ideal": {
    "W": 640,
    "H": 480,
    "fx": 554.2562584220408,
    "fy": 554.2562584220408,
    "cx": 319.5,
    "cy": 239.5
  },
  "pts_in_mask": 9167
}