{
  "axis": "rx+ry",
  "delta_rx_deg": 1.6666666666666667,
  "delta_ry_deg": -0.8333333333333334,
  "tcp_after": [
    0.41865741135929946,
    -0.17153427539636765,
    0.004167535857462212,
    -2.0617373721981043,
    2.0707586490042322,
    0.07045630934640101
  ],
  "roll_mode": "post_world",
  "cam_roll_deg": -90.0,
  "mask_shrink_px": 2,
  "rel_rotvec_deg": [
    10.802845046105691,
    -5.914309553340736,
    -0.15261448174261588
  ],
  "rel_angle_deg": 12.316810048179901,
  "euler_zyx_deg": [
    -0.710592796109819,
    -5.8647669547189505,
    10.848837020542428
  ],
  "Zc_m": 0.18300001323223114,
  "intrinsics_ideal": {
    "W": 640,
    "H": 480,
    "fx": 554.2562584220408,
    "fy": 554.2562584220408,
    "cx": 319.5,
    "cy": 239.5
  },
  "pts_in_mask": 9387
}