{
  "axis": "rx+ry",
  "delta_rx_deg": 1.6666666666666667,
  "delta_ry_deg": 0.8333333333333334,
  "tcp_after": [
    0.4179752433420283,
    -0.17123051842607817,
    0.0037294853911395975,
    -2.170648225019153,
    2.1773154193579365,
    0.09838752307560188
  ],
  "roll_mode": "post_world",
  "cam_roll_deg": -90.0,
  "mask_shrink_px": 2,
  "rel_rotvec_deg": [
    5.247707634762551,
    0.9360507957316977,
    -0.12763890830231125
  ],
  "rel_angle_deg": 5.332065097412794,
  "euler_zyx_deg": [
    -0.0846307717887728,
    0.9405834996949178,
    5.247131800581871
  ],
  "Zc_m": 0.18300001323223114,
  "intrinsics_ideal": {
    "W": 640,
    "H": 480,
    "fx": 554.2562584220408,
    "fy": 554.2562584220408,
    "cx": 319.5,
    "cy": 239.5
  },
  "pts_in_mask": 8910
}