{
  "axis": "rx+ry",
  "delta_rx_deg": 1.6666666666666667,
  "delta_ry_deg": 0.8333333333333334,
  "tcp_after": [
    0.4179592088531947,
    -0.17125611506404395,
    0.0037458845750738268,
    -2.151618146652595,
    2.161197484279896,
    0.19194885273799905
  ],
  "roll_mode": "post_world",
  "cam_roll_deg": -90.0,
  "mask_shrink_px": 2,
  "rel_rotvec_deg": [
    8.575574288891158,
    2.6059614909762523,
    -0.1770019017958524
  ],
  "rel_angle_deg": 8.96453229956709,
  "euler_zyx_deg": [
    0.018360647581184615,
    2.609463335190225,
    8.577476266923016
  ],
  "Zc_m": 0.18300001323223114,
  "intrinsics_ideal": {
    "W": 640,
    "H": 480,
    "fx": 554.2562584220408,
    "fy": 554.2562584220408,
    "cx": 319.5,
    "cy": 239.5
  },
  "pts_in_mask": 9234
}