{
  "axis": "rx+ry",
  "delta_rx_deg": 1.6666666666666667,
  "delta_ry_deg": 0.8333333333333334,
  "tcp_after": [
    0.4179577312041153,
    -0.17129490039964976,
    0.003767954577145599,
    -2.1412639599820205,
    2.152485566855979,
    0.23812227898997226
  ],
  "roll_mode": "post_world",
  "cam_roll_deg": -90.0,
  "mask_shrink_px": 2,
  "rel_rotvec_deg": [
    10.237657714500243,
    3.4375028858500656,
    -0.20709250490292708
  ],
  "rel_angle_deg": 10.801340142550869,
  "euler_zyx_deg": [
    0.10051237101064425,
    3.437687078098455,
    10.243752138178923
  ],
  "Zc_m": 0.18200001120567322,
  "intrinsics_ideal": {
    "W": 640,
    "H": 480,
    "fx": 554.2562584220408,
    "fy": 554.2562584220408,
    "cx": 319.5,
    "cy": 239.5
  },
  "pts_in_mask": 9433
}