{
  "axis": "rx+ry",
  "delta_rx_deg": 1.6666666666666667,
  "delta_ry_deg": 0.8333333333333334,
  "tcp_after": [
    0.41793027683389217,
    -0.17136101082842975,
    0.0037711482922853645,
    -2.130462702627608,
    2.1433837637797235,
    0.2840561396676973
  ],
  "roll_mode": "post_world",
  "cam_roll_deg": -90.0,
  "mask_shrink_px": 2,
  "rel_rotvec_deg": [
    11.898422041132367,
    4.275689041693504,
    -0.2390513898978828
  ],
  "rel_angle_deg": 12.645596443710142,
  "euler_zyx_deg": [
    0.2056155066475424,
    4.269732505794831,
    11.911617055331252
  ],
  "Zc_m": 0.18200001120567322,
  "intrinsics_ideal": {
    "W": 640,
    "H": 480,
    "fx": 554.2562584220408,
    "fy": 554.2562584220408,
    "cx": 319.5,
    "cy": 239.5
  },
  "pts_in_mask": 9514
}