{
  "axis": "rx+ry",
  "delta_rx_deg": 1.6666666666666667,
  "delta_ry_deg": 2.5,
  "tcp_after": [
    0.4186000929496861,
    -0.17139269084496717,
    0.004704015663025696,
    -2.214762082981331,
    2.215661973228934,
    0.08931377686961894
  ],
  "roll_mode": "post_world",
  "cam_roll_deg": -90.0,
  "mask_shrink_px": 2,
  "rel_rotvec_deg": [
    2.6144582533735425,
    3.0052427054985795,
    0.001691086381116089
  ],
  "rel_angle_deg": 3.9833250604687787,
  "euler_zyx_deg": [
    0.07032474646748524,
    3.00416013575714,
    2.616901826051209
  ],
  "Zc_m": 0.18400001525878906,
  "intrinsics_ideal": {
    "W": 640,
    "H": 480,
    "fx": 554.2562584220408,
    "fy": 554.2562584220408,
    "cx": 319.5,
    "cy": 239.5
  },
  "pts_in_mask": 8808
}