{
  "axis": "rx+ry",
  "delta_rx_deg": 1.6666666666666667,
  "delta_ry_deg": 2.5,
  "tcp_after": [
    0.4186066481059466,
    -0.17141561408866063,
    0.0047161114123034364,
    2.215196242050377,
    -2.217233646310927,
    -0.16993139477917768
  ],
  "roll_mode": "post_world",
  "cam_roll_deg": -90.0,
  "mask_shrink_px": 2,
  "rel_rotvec_deg": [
    4.276182727112853,
    5.502807156701849,
    -0.013132531513118717
  ],
  "rel_angle_deg": 6.968988289765691,
  "euler_zyx_deg": [
    0.19288133858937342,
    5.498172779593201,
    4.2887335334135335
  ],
  "Zc_m": 0.18400001525878906,
  "intrinsics_ideal": {
    "W": 640,
    "H": 480,
    "fx": 554.2562584220408,
    "fy": 554.2562584220408,
    "cx": 319.5,
    "cy": 239.5
  },
  "pts_in_mask": 8836
}