{
  "axis": "rx+ry",
  "delta_rx_deg": 1.6666666666666667,
  "delta_ry_deg": 2.5,
  "tcp_after": [
    0.4186039102411675,
    -0.17146152709368626,
    0.0047013410082936136,
    2.2034535797820376,
    -2.2067806949676028,
    -0.24955970445472578
  ],
  "roll_mode": "post_world",
  "cam_roll_deg": -90.0,
  "mask_shrink_px": 2,
  "rel_rotvec_deg": [
    5.939632907224352,
    8.002795536611611,
    -0.03223652679127294
  ],
  "rel_angle_deg": 9.96619358968371,
  "euler_zyx_deg": [
    0.38543505331378647,
    7.990039528262559,
    5.976221829690031
  ],
  "Zc_m": 0.18400001525878906,
  "intrinsics_ideal": {
    "W": 640,
    "H": 480,
    "fx": 554.2562584220408,
    "fy": 554.2562584220408,
    "cx": 319.5,
    "cy": 239.5
  },
  "pts_in_mask": 9091
}