{
  "axis": "rx+ry",
  "delta_rx_deg": 1.6666666666666667,
  "delta_ry_deg": 2.5,
  "tcp_after": [
    0.41858767370137,
    -0.17147712394944517,
    0.004715465841540201,
    2.1903714475173346,
    -2.1948228635824143,
    -0.3285225770088225
  ],
  "roll_mode": "post_world",
  "cam_roll_deg": -90.0,
  "mask_shrink_px": 2,
  "rel_rotvec_deg": [
    7.603380237124856,
    10.503534706611209,
    -0.04732042221866979
  ],
  "rel_angle_deg": 12.966798817967602,
  "euler_zyx_deg": [
    0.6580252829634424,
    10.475493375021124,
    7.68505001602526
  ],
  "Zc_m": 0.18400001525878906,
  "intrinsics_ideal": {
    "W": 640,
    "H": 480,
    "fx": 554.2562584220408,
    "fy": 554.2562584220408,
    "cx": 319.5,
    "cy": 239.5
  },
  "pts_in_mask": 9215
}