{
  "axis": "rx+ry",
  "delta_rx_deg": 1.6666666666666667,
  "delta_ry_deg": 2.5,
  "tcp_after": [
    0.418621272473773,
    -0.17152665243227982,
    0.0047526657693552354,
    2.1601951927722345,
    -2.16677178885993,
    -0.48402411302104176
  ],
  "roll_mode": "post_world",
  "cam_roll_deg": -90.0,
  "mask_shrink_px": 2,
  "rel_rotvec_deg": [
    10.929510653524595,
    15.49562428732625,
    -0.07509694051729222
  ],
  "rel_angle_deg": 18.962442214281307,
  "euler_zyx_deg": [
    1.4427579116928726,
    15.406371789264114,
    11.191657713975646
  ],
  "Zc_m": 0.18400001525878906,
  "intrinsics_ideal": {
    "W": 640,
    "H": 480,
    "fx": 554.2562584220408,
    "fy": 554.2562584220408,
    "cx": 319.5,
    "cy": 239.5
  },
  "pts_in_mask": 9290
}