{
  "type": "scene",
  "distance_m": 0.4,
  "num_objects": 11,
  "intrinsics": {
    "width": 640,
    "height": 480,
    "fx": 554.2562584220408,
    "fy": 554.2562584220408,
    "cx": 0.09827283198346318,
    "cy": -0.09861419643818005
  },
  "T_wc": [
    [
      0.999999999999,
      0.0,
      0.0,
      0.0
    ],
    [
      -0.0,
      0.9999999999965001,
      0.0,
      0.0
    ],
    [
      0.0,
      0.0,
      -0.9999999999975001,
      0.41501416601240637
    ],
    [
      0.0,
      0.0,
      0.0,
      1.0
    ]
  ],
  "bin_size": {
    "w": 0.25,
    "d": 0.25
  },
  "z_floor": 0.0,
  "piece_aabb": {
    "w": 0.0300283320248127,
    "d": 0.0300283320248127,
    "h": 0.0300283320248127
  },
  "poses": [
    {
      "R": [
        [
          -0.3002767338337482,
          -0.037684967235743216,
          -0.9531074054704314
        ],
        [
          -0.7508077049051203,
          -0.6069647363886868,
          0.2605409738135596
        ],
        [
          -0.5883210631731981,
          0.7938347762759284,
          0.15396322483536384
        ]
      ],
      "tx": -0.08821356665533339,
      "ty": 0.08288307036084833,
      "tz": 0.0
    },
    {
      "R": [
        [
          0.11578437381910422,
          -0.011865222037179157,
          -0.9932035014463686
        ],
        [
          0.7836885330394101,
          0.6154470208015297,
          0.08400742686845575
        ],
        [
          0.610267369242249,
          -0.7880889423742286,
          0.08055778637484212
        ]
      ],
      "tx": -0.004026914611545862,
      "ty": -0.047764827364729714,
      "tz": 0.0
    },
    {
      "R": [
        [
          -0.782794610893748,
          0.41054332947245264,
          0.46763957465272193
        ],
        [
          -0.5879478612535574,
          -0.7341121289426997,
          -0.3397008898819439
        ],
        [
          0.20383794936928007,
          -0.5408637136699874,
          0.8160370908433248
        ]
      ],
      "tx": -0.06522994694499903,
      "ty": -0.058971366713971934,
      "tz": 0.0
    },
    {
      "R": [
        [
          0.3746800040892354,
          0.9169605965594195,
          -0.137106378017523
        ],
        [
          0.702373158912924,
          -0.18419070782171976,
          0.687565072404652
        ],
        [
          0.6052163581516704,
          -0.35391672397546764,
          -0.7130610859639599
        ]
      ],
      "tx": 0.03467867511415024,
      "ty": 0.04113193143818522,
      "tz": 0.0
    },
    {
      "R": [
        [
          0.2180157874980202,
          0.7531629838971661,
          0.6206566168895123
        ],
        [
          -0.0670749849505709,
          0.6460140071925226,
          -0.7603728354596448
        ],
        [
          -0.9736375417964832,
          0.12414274927750063,
          0.19135964832305896
        ]
      ],
      "tx": 0.06786544848329346,
      "ty": -0.042951662820154564,
      "tz": 0.0
    },
    {
      "R": [
        [
          -0.5306138052715039,
          0.8464599281586216,
          0.04421062855237473
        ],
        [
          -0.41257894563600384,
          -0.30348944676473666,
          0.8588787861627029
        ],
        [
          0.7404239348327268,
          0.43749256647871826,
          0.5102672348903917
        ]
      ],
      "tx": -0.05030729005326147,
      "ty": 0.01680364053422062,
      "tz": 0.0
    },
    {
      "R": [
        [
          -0.8862570377215004,
          -0.3439716517029869,
          0.3102127752266655
        ],
        [
          -0.18392649268296973,
          0.8759997989879325,
          0.44586477486166526
        ],
        [
          -0.42511117178739505,
          0.3380944468603722,
          -0.8396264863757732
        ]
      ],
      "tx": 0.09034522564029931,
      "ty": 0.07798402495307599,
      "tz": 0.0
    },
    {
      "R": [
        [
          -0.6247577292090434,
          0.20651077146098878,
          -0.7530146619184425
        ],
        [
          -0.34643278170891617,
          -0.9375853772438838,
          0.030298319027059067
        ],
        [
          -0.6997586066287297,
          0.27979807299020176,
          0.6573058122365785
        ]
      ],
      "tx": -0.002239745149192937,
      "ty": 0.08930605144120735,
      "tz": 0.0
    },
    {
      "R": [
        [
          0.0010938490760353803,
          0.999996676151844,
          0.0023347761055753924
        ],
        [
          -0.8817610102679359,
          0.0020658153216505104,
          -0.4716919049319439
        ],
        [
          -0.47169516031592695,
          -0.0015427547832183863,
          0.8817603391184086
        ]
      ],
      "tx": 0.03525017937635533,
      "ty": -0.09077565980112112,
      "tz": 0.0
    },
    {
      "R": [
        [
          -0.8940211923472625,
          -0.3108318551854695,
          -0.3226602941732029
        ],
        [
          0.3569099302409926,
          -0.9294427588194709,
          -0.09354923716108232
        ],
        [
          -0.27081619103987914,
          -0.1987956636348237,
          0.9418804992092371
        ]
      ],
      "tx": 0.09699215419767551,
      "ty": 0.007700537647119671,
      "tz": 0.0
    },
    {
      "R": [
        [
          -0.3185856104179958,
          -0.8986160817733102,
          0.3016493766162568
        ],
        [
          -0.8822442859612734,
          0.3974757643964161,
          0.25230544307677477
        ],
        [
          -0.3466240452179794,
          -0.18574755528907555,
          -0.9194289624440031
        ]
      ],
      "tx": 0.09827283198346318,
      "ty": -0.09861419643818005,
      "tz": 0.0
    }
  ],
  "points_N": 28923
}