{
  "type": "scene",
  "distance_m": 0.4,
  "num_objects": 8,
  "intrinsics": {
    "width": 640,
    "height": 480,
    "fx": 554.2562584220408,
    "fy": 554.2562584220408,
    "cx": -0.08485735655452321,
    "cy": -0.09328959667207534
  },
  "T_wc": [
    [
      0.999999999999,
      0.0,
      0.0,
      0.0
    ],
    [
      -0.0,
      0.9999999999965001,
      0.0,
      0.0
    ],
    [
      0.0,
      0.0,
      -0.9999999999975001,
      0.41501416601240637
    ],
    [
      0.0,
      0.0,
      0.0,
      1.0
    ]
  ],
  "bin_size": {
    "w": 0.25,
    "d": 0.25
  },
  "z_floor": 0.0,
  "piece_aabb": {
    "w": 0.0300283320248127,
    "d": 0.0300283320248127,
    "h": 0.0300283320248127
  },
  "poses": [
    {
      "R": [
        [
          0.45091373079445873,
          -0.8148823749326534,
          -0.3642025842922328
        ],
        [
          -0.8558660030236603,
          -0.2789357164104149,
          -0.43553214689493613
        ],
        [
          0.25331836145318426,
          0.5080960353463969,
          -0.823206065706483
        ]
      ],
      "tx": -0.010531344711752613,
      "ty": -0.09687780804853552,
      "tz": 0.0
    },
    {
      "R": [
        [
          -0.49707957723081897,
          -0.86770193303145,
          0.0022911380393422776
        ],
        [
          0.22395468714029965,
          -0.13084680714032282,
          -0.9657760667820847
        ],
        [
          0.8383055481194914,
          -0.4795544478728857,
          0.25936719051840573
        ]
      ],
      "tx": 0.09585952983467944,
      "ty": 0.060310936993574316,
      "tz": 0.0
    },
    {
      "R": [
        [
          -0.9013297618034852,
          0.36925007928130943,
          -0.22640459235187524
        ],
        [
          -0.39073879850724474,
          -0.918723975765984,
          0.05717908440905448
        ],
        [
          -0.18688994576591575,
          0.14000226892264875,
          0.9723535945673896
        ]
      ],
      "tx": 0.03107123068191206,
      "ty": 0.0010862462524913602,
      "tz": 0.0
    },
    {
      "R": [
        [
          -0.7001999127907563,
          0.5373219864364329,
          0.47011186436828295
        ],
        [
          0.6772230834614079,
          0.7083345013779594,
          0.19907568757801747
        ],
        [
          -0.2260287091385515,
          0.45776338544016754,
          -0.8598626085576209
        ]
      ],
      "tx": -0.07747103911465489,
      "ty": -0.02904791508309222,
      "tz": 0.0
    },
    {
      "R": [
        [
          0.318105798693452,
          -0.30337640384418,
          -0.8982045749316656
        ],
        [
          -0.35089706036828844,
          0.8424588819932917,
          -0.40882060267983894
        ],
        [
          0.8807269462566107,
          0.4452255492906781,
          0.16153716722884326
        ]
      ],
      "tx": 0.02262661491998616,
      "ty": 0.09667096791807975,
      "tz": 0.0
    },
    {
      "R": [
        [
          -0.8534542519786128,
          -0.5179311703001571,
          -0.0579926082456739
        ],
        [
          0.32041945336180594,
          -0.6092133717072477,
          0.7253898549334754
        ],
        [
          -0.4110318888930006,
          0.6005050962020195,
          0.6858909649123943
        ]
      ],
      "tx": -0.05089596492555221,
      "ty": 0.0309713459474574,
      "tz": 0.0
    },
    {
      "R": [
        [
          0.028625426056819503,
          0.9398743416137415,
          0.34031868441095264
        ],
        [
          -0.5019675082751037,
          -0.2809008593476061,
          0.817999589152623
        ],
        [
          0.8644126361982158,
          -0.19424450878702437,
          0.4637454745730015
        ]
      ],
      "tx": 0.06525830169547425,
      "ty": -0.04625970316773961,
      "tz": 0.0
    },
    {
      "R": [
        [
          -0.3360177801409603,
          0.9096842622713486,
          -0.24406268540064374
        ],
        [
          -0.3467311066370755,
          0.1214564236883775,
          0.9300676732555855
        ],
        [
          0.8757109061324806,
          0.3971433999459913,
          0.2746043130760477
        ]
      ],
      "tx": -0.08485735655452321,
      "ty": -0.09328959667207534,
      "tz": 0.0
    }
  ],
  "points_N": 21867
}