{
  "type": "scene",
  "distance_m": 0.4,
  "num_objects": 11,
  "intrinsics": {
    "width": 640,
    "height": 480,
    "fx": 554.2562584220408,
    "fy": 554.2562584220408,
    "cx": 0.09747492407338137,
    "cy": -0.05316774755981526
  },
  "T_wc": [
    [
      0.999999999999,
      0.0,
      0.0,
      0.0
    ],
    [
      -0.0,
      0.9999999999965001,
      0.0,
      0.0
    ],
    [
      0.0,
      0.0,
      -0.9999999999975001,
      0.41501416601240637
    ],
    [
      0.0,
      0.0,
      0.0,
      1.0
    ]
  ],
  "bin_size": {
    "w": 0.25,
    "d": 0.25
  },
  "z_floor": 0.0,
  "piece_aabb": {
    "w": 0.0300283320248127,
    "d": 0.0300283320248127,
    "h": 0.0300283320248127
  },
  "poses": [
    {
      "R": [
        [
          -0.4387322393500743,
          0.6260361991133025,
          -0.644664796273721
        ],
        [
          -0.3845902669685222,
          -0.7791859567530357,
          -0.4949339060439654
        ],
        [
          -0.8121602974216048,
          0.030788345175170095,
          0.5826214286253338
        ]
      ],
      "tx": 0.04138134676810154,
      "ty": -0.0031130324674312343,
      "tz": 0.0
    },
    {
      "R": [
        [
          0.8337774697828617,
          0.40917041464912984,
          -0.3706679142552646
        ],
        [
          -0.5507559786636539,
          0.569591329127014,
          -0.6101094735779491
        ],
        [
          -0.03850951633985758,
          0.7128431030452498,
          0.7002654693700736
        ]
      ],
      "tx": -0.04861263579773432,
      "ty": 0.01975286007615798,
      "tz": 0.0
    },
    {
      "R": [
        [
          0.33698131508570806,
          0.881289613175,
          -0.33131889622079475
        ],
        [
          0.9266522490698937,
          -0.24817608967384608,
          0.2823548083668966
        ],
        [
          0.16661093174463193,
          -0.4021656949866041,
          -0.9002797072016717
        ]
      ],
      "tx": 0.09565859664491583,
      "ty": 0.027668559156161343,
      "tz": 0.0
    },
    {
      "R": [
        [
          0.6690217967789436,
          0.28882677518985517,
          -0.6848276639915349
        ],
        [
          0.5325343702564982,
          0.4564800856323551,
          0.7127643901855594
        ],
        [
          0.5184756309897203,
          -0.8415491817799519,
          0.1515849422446196
        ]
      ],
      "tx": -0.0191609210069892,
      "ty": -0.08278389812112535,
      "tz": 0.0
    },
    {
      "R": [
        [
          -0.24968365654462144,
          -0.9146722188166363,
          0.31785657737344236
        ],
        [
          0.956798314111228,
          -0.1825378278533094,
          0.226311571768895
        ],
        [
          -0.14898005829110011,
          0.3606309381176929,
          0.9207335492442605
        ]
      ],
      "tx": -0.09691532366239862,
      "ty": -0.023536672306890175,
      "tz": 0.0
    },
    {
      "R": [
        [
          -0.6487482777191114,
          0.7448573094587312,
          -0.15592710060276987
        ],
        [
          0.7237782106948025,
          0.6672225409318401,
          0.17595221679731396
        ],
        [
          0.23509737106126144,
          0.0012920597350159213,
          -0.9719709649478858
        ]
      ],
      "tx": 0.07550317468739104,
      "ty": 0.0955630680798453,
      "tz": 0.0
    },
    {
      "R": [
        [
          0.8609145033104515,
          -0.3749871605103405,
          0.34381804409034566
        ],
        [
          -0.15372914286220213,
          0.45247325423444895,
          0.8784277459400632
        ],
        [
          -0.484967595437645,
          -0.8091060398086766,
          0.33189433216092856
        ]
      ],
      "tx": -0.09173545804454232,
      "ty": -0.0923101470205204,
      "tz": 0.0
    },
    {
      "R": [
        [
          0.14185239310098618,
          -0.2158072156270719,
          0.9660771937349591
        ],
        [
          -0.2298658261586668,
          0.9420870381469906,
          0.2442001525794452
        ],
        [
          -0.9628289570510001,
          -0.25670850830995307,
          0.08403059695945225
        ]
      ],
      "tx": 0.007617965691688253,
      "ty": 0.06971110818564513,
      "tz": 0.0
    },
    {
      "R": [
        [
          0.7024530360701811,
          0.6778952512774707,
          0.21683579135198094
        ],
        [
          0.6837384362425536,
          -0.5581449152505937,
          -0.470080848774437
        ],
        [
          -0.19763978071322685,
          0.47846868432047096,
          -0.8555736293296241
        ]
      ],
      "tx": 0.039420451388905015,
      "ty": -0.08303292709432464,
      "tz": 0.0
    },
    {
      "R": [
        [
          -0.46163273439657027,
          -0.7726790115461428,
          -0.4357319860299692
        ],
        [
          0.6863512288381319,
          6.821299109416312e-05,
          -0.7272702290203925
        ],
        [
          0.5619761642684964,
          -0.6347969285236528,
          0.530297699722528
        ]
      ],
      "tx": -0.06929111347941946,
      "ty": 0.0916470829062292,
      "tz": 0.0
    },
    {
      "R": [
        [
          0.17607256680922534,
          0.9391114057840455,
          -0.2950732430152294
        ],
        [
          -0.35670765542952526,
          -0.21851399275842587,
          -0.9083013175850521
        ],
        [
          -0.917473759720234,
          0.26518182911935045,
          0.29651390815564393
        ]
      ],
      "tx": 0.09747492407338137,
      "ty": -0.05316774755981526,
      "tz": 0.0
    }
  ],
  "points_N": 28439
}