{
  "type": "scene",
  "distance_m": 0.4,
  "num_objects": 11,
  "intrinsics": {
    "width": 640,
    "height": 480,
    "fx": 554.2562584220408,
    "fy": 554.2562584220408,
    "cx": -0.014504660454000659,
    "cy": 0.0980126756361073
  },
  "T_wc": [
    [
      0.999999999999,
      0.0,
      0.0,
      0.0
    ],
    [
      -0.0,
      0.9999999999965001,
      0.0,
      0.0
    ],
    [
      0.0,
      0.0,
      -0.9999999999975001,
      0.41501416601240637
    ],
    [
      0.0,
      0.0,
      0.0,
      1.0
    ]
  ],
  "bin_size": {
    "w": 0.25,
    "d": 0.25
  },
  "z_floor": 0.0,
  "piece_aabb": {
    "w": 0.0300283320248127,
    "d": 0.0300283320248127,
    "h": 0.0300283320248127
  },
  "poses": [
    {
      "R": [
        [
          0.7707007435985703,
          -0.6347139675732524,
          0.056200917999895905
        ],
        [
          -0.3892308443541879,
          -0.3991141708202537,
          0.8301850567516782
        ],
        [
          -0.5044994684040179,
          -0.6616993713295196,
          -0.5546478417538301
        ]
      ],
      "tx": 0.025010470632526968,
      "ty": 0.054087949642895566,
      "tz": 0.0
    },
    {
      "R": [
        [
          0.021968166587747695,
          0.17704029817090072,
          0.9839583997712156
        ],
        [
          0.8762268017589274,
          -0.47731377947398346,
          0.06631853288171202
        ],
        [
          0.48139795547560665,
          0.860713825117164,
          -0.16561316287084704
        ]
      ],
      "tx": 0.055575287256563355,
      "ty": -0.07442216777190774,
      "tz": 0.0
    },
    {
      "R": [
        [
          0.6984213437732507,
          0.3476763655175219,
          0.625562763775541
        ],
        [
          -0.4540312296124899,
          -0.4604188492869461,
          0.762804120176245
        ],
        [
          0.553229851958964,
          -0.8167837094860617,
          -0.16371042367440092
        ]
      ],
      "tx": 0.0986981456714,
      "ty": 0.06501819912868342,
      "tz": 0.0
    },
    {
      "R": [
        [
          -0.18081878453370837,
          -0.9723632434169017,
          -0.14769661475983598
        ],
        [
          -0.8121832381228539,
          0.23231849456118348,
          -0.5351509177765659
        ],
        [
          0.5546737373195415,
          0.02319137634096996,
          -0.8317446754812341
        ]
      ],
      "tx": -0.08508648074606655,
      "ty": -0.08886640363036541,
      "tz": 0.0
    },
    {
      "R": [
        [
          0.44247253106407003,
          0.8646329676169705,
          0.23796615423968723
        ],
        [
          0.8964943878576105,
          -0.43319397759804557,
          -0.09295585141663969
        ],
        [
          0.0227128112210688,
          0.2544657326294743,
          -0.9668150387348042
        ]
      ],
      "tx": -0.011559221213834084,
      "ty": -0.021327521210402378,
      "tz": 0.0
    },
    {
      "R": [
        [
          0.9755624914421568,
          0.12123043340969386,
          0.18325121365619834
        ],
        [
          0.21693336983903183,
          -0.6638865799013944,
          -0.7156776663254987
        ],
        [
          0.034896107826714706,
          0.7379415905355435,
          -0.673961772370228
        ]
      ],
      "tx": -0.07228684213288705,
      "ty": 0.09111988483848008,
      "tz": 0.0
    },
    {
      "R": [
        [
          -0.2662034610652342,
          -0.8793593468796355,
          0.39479470155045265
        ],
        [
          0.7761312235874163,
          0.04734662136803247,
          0.6287913972198825
        ],
        [
          -0.571625787635224,
          0.473798941008159,
          0.6698944113888075
        ]
      ],
      "tx": -0.024926853325785495,
      "ty": -0.07855377467675508,
      "tz": 0.0
    },
    {
      "R": [
        [
          0.2030544505927554,
          -0.5811575715189089,
          0.7880512465320506
        ],
        [
          -0.9506237927003115,
          0.07590398673563348,
          0.3009202378533424
        ],
        [
          -0.23469830601550906,
          -0.8102434583900577,
          -0.537049572469404
        ]
      ],
      "tx": -0.0779763545217188,
      "ty": -0.00086603645027028,
      "tz": 0.0
    },
    {
      "R": [
        [
          -0.09759204657016807,
          0.145455906727066,
          0.9845396749976373
        ],
        [
          0.5441376277017004,
          0.8361050437245018,
          -0.06958877767007196
        ],
        [
          -0.8333006867664349,
          0.5289337719002787,
          -0.16074523438637955
        ]
      ],
      "tx": 0.07355470353534918,
      "ty": 0.007829752873279916,
      "tz": 0.0
    },
    {
      "R": [
        [
          0.442143093079281,
          -0.6175412687711175,
          -0.6505015500418463
        ],
        [
          -0.21310450969620437,
          0.6321495592978637,
          -0.7449653700855209
        ],
        [
          0.871261128014688,
          0.4680061068448521,
          0.14789973213802088
        ]
      ],
      "tx": -0.03200185993220196,
      "ty": 0.03459346180905801,
      "tz": 0.0
    },
    {
      "R": [
        [
          -0.9326582025682517,
          0.3229471517789176,
          0.16079121350385667
        ],
        [
          -0.2049618956737415,
          -0.1075559341223189,
          -0.9728424036589388
        ],
        [
          -0.29688263422434186,
          -0.9402855195061551,
          0.16650478462511364
        ]
      ],
      "tx": -0.014504660454000659,
      "ty": 0.0980126756361073,
      "tz": 0.0
    }
  ],
  "points_N": 29945
}