{
  "type": "scene",
  "distance_m": 0.4,
  "num_objects": 13,
  "intrinsics": {
    "width": 640,
    "height": 480,
    "fx": 554.2562584220408,
    "fy": 554.2562584220408,
    "cx": -0.0906289665004734,
    "cy": -0.051947236733801
  },
  "T_wc": [
    [
      0.999999999999,
      0.0,
      0.0,
      0.0
    ],
    [
      -0.0,
      0.9999999999965001,
      0.0,
      0.0
    ],
    [
      0.0,
      0.0,
      -0.9999999999975001,
      0.41501416601240637
    ],
    [
      0.0,
      0.0,
      0.0,
      1.0
    ]
  ],
  "bin_size": {
    "w": 0.25,
    "d": 0.25
  },
  "z_floor": 0.0,
  "piece_aabb": {
    "w": 0.0300283320248127,
    "d": 0.0300283320248127,
    "h": 0.0300283320248127
  },
  "poses": [
    {
      "R": [
        [
          -0.9634461593823809,
          -0.016024060920637344,
          -0.26742237648138417
        ],
        [
          0.11314299658292706,
          0.8804818808311141,
          -0.4603806249749652
        ],
        [
          0.24283772420193533,
          -0.47380891401462205,
          -0.8464838762225237
        ]
      ],
      "tx": 0.07835702024081442,
      "ty": 0.05656899576545102,
      "tz": 0.0
    },
    {
      "R": [
        [
          0.48068158616586876,
          -0.2392752688755485,
          0.8436187281145425
        ],
        [
          -0.40585229663900424,
          0.792103259128262,
          0.4559126453513122
        ],
        [
          -0.777321764801366,
          -0.5615334118135088,
          0.28363903360287046
        ]
      ],
      "tx": 0.07733661164413627,
      "ty": -0.0984110752279633,
      "tz": 0.0
    },
    {
      "R": [
        [
          -0.7566007151245215,
          0.5386592322983722,
          -0.37067720368642915
        ],
        [
          -0.1913129905847886,
          0.3597227732042727,
          0.9132353837164501
        ],
        [
          0.6252637023740997,
          0.7618699087757407,
          -0.16911399881582057
        ]
      ],
      "tx": -0.05206154299017637,
      "ty": -0.09862887593315599,
      "tz": 0.0
    },
    {
      "R": [
        [
          -0.11821095817150096,
          0.8690835802524458,
          0.4803331134783088
        ],
        [
          0.6858215236261537,
          0.4212745147194067,
          -0.5934447076004885
        ],
        [
          -0.7181051504475346,
          0.2592711202265281,
          -0.6458354892054201
        ]
      ],
      "tx": 0.015428541799114098,
      "ty": -0.001731883026373074,
      "tz": 0.0
    },
    {
      "R": [
        [
          -0.021972798897340384,
          0.5449584692327977,
          -0.8381750789185175
        ],
        [
          -0.33261207690284234,
          -0.79460436008133,
          -0.507910540585759
        ],
        [
          -0.9428077229249848,
          0.2676269376411616,
          0.19871945008433134
        ]
      ],
      "tx": 0.00939998096162506,
      "ty": -0.0913195056952719,
      "tz": 0.0
    },
    {
      "R": [
        [
          0.734333229883952,
          -0.2697333494032922,
          0.6228953585538138
        ],
        [
          0.46827072183757745,
          -0.4630240841674149,
          -0.7525498179859195
        ],
        [
          0.4914033359246933,
          0.8443059976694515,
          -0.2137057410119696
        ]
      ],
      "tx": -0.0364663947072789,
      "ty": 0.04032519285186745,
      "tz": 0.0
    },
    {
      "R": [
        [
          0.5691143666475396,
          -0.602972068077092,
          0.5590469772695358
        ],
        [
          -0.3201729455139662,
          -0.7887366904162882,
          -0.5247701574518806
        ],
        [
          0.757362609742705,
          0.11966251840069,
          -0.6419367251168326
        ]
      ],
      "tx": -0.08763504547401281,
      "ty": 0.009887513584770427,
      "tz": 0.0
    },
    {
      "R": [
        [
          -0.12400812622024193,
          0.313088022565154,
          -0.9415932639720753
        ],
        [
          -0.5921279106160282,
          0.7381000540794751,
          0.3234081749699175
        ],
        [
          0.796245265041395,
          0.5976488938282389,
          0.09385775197095358
        ]
      ],
      "tx": 0.029449528489126908,
      "ty": 0.09801758196515747,
      "tz": 0.0
    },
    {
      "R": [
        [
          0.8370171435776734,
          -0.27869103267354545,
          0.47088598372050233
        ],
        [
          -0.41700597656733074,
          -0.8820778449606026,
          0.219190991915238
        ],
        [
          0.35427152985273763,
          -0.37982888744408566,
          -0.8545301044426632
        ]
      ],
      "tx": -0.03141170147396838,
      "ty": 0.0980909033382609,
      "tz": 0.0
    },
    {
      "R": [
        [
          -0.9936672103867075,
          -0.11195561165601403,
          0.00956117257590506
        ],
        [
          0.07108412436523581,
          -0.5604425223878584,
          0.8251370954955074
        ],
        [
          -0.08702024055084054,
          0.8205913234480743,
          0.5648516244255757
        ]
      ],
      "tx": 0.09761141972514217,
      "ty": -0.023387284179780504,
      "tz": 0.0
    },
    {
      "R": [
        [
          -0.763827884538276,
          -0.38040284662581847,
          -0.5214025671980866
        ],
        [
          0.1671035686793427,
          -0.8968617262268554,
          0.4095307575311189
        ],
        [
          -0.6234126724220559,
          0.22568278248098128,
          0.7486146682741612
        ]
      ],
      "tx": -0.08689524742051355,
      "ty": 0.07105146910511712,
      "tz": 0.0
    },
    {
      "R": [
        [
          0.13095441967782584,
          -0.43661401027534114,
          -0.8900669334371029
        ],
        [
          -0.6524797730752898,
          0.6379851168821499,
          -0.4089561545746535
        ],
        [
          0.7464054432374286,
          0.6343052866468589,
          -0.20133483960155507
        ]
      ],
      "tx": -0.029915026525052166,
      "ty": -0.040423327719498574,
      "tz": 0.0
    },
    {
      "R": [
        [
          0.5789806995891009,
          -0.31679635778233406,
          -0.7512798527840093
        ],
        [
          -0.632045519331988,
          -0.756478547689106,
          -0.16810314803280285
        ],
        [
          -0.5150726269135962,
          0.572171542967691,
          -0.6382161972422034
        ]
      ],
      "tx": -0.0906289665004734,
      "ty": -0.051947236733801,
      "tz": 0.0
    }
  ],
  "points_N": 34842
}