{
  "type": "scene",
  "distance_m": 0.4,
  "num_objects": 11,
  "intrinsics": {
    "width": 640,
    "height": 480,
    "fx": 554.2562584220408,
    "fy": 554.2562584220408,
    "cx": -0.09275921639210168,
    "cy": -0.0697539754100923
  },
  "T_wc": [
    [
      0.999999999999,
      0.0,
      0.0,
      0.0
    ],
    [
      -0.0,
      0.9999999999965001,
      0.0,
      0.0
    ],
    [
      0.0,
      0.0,
      -0.9999999999975001,
      0.41501416601240637
    ],
    [
      0.0,
      0.0,
      0.0,
      1.0
    ]
  ],
  "bin_size": {
    "w": 0.25,
    "d": 0.25
  },
  "z_floor": 0.0,
  "piece_aabb": {
    "w": 0.0300283320248127,
    "d": 0.0300283320248127,
    "h": 0.0300283320248127
  },
  "poses": [
    {
      "R": [
        [
          0.11512590890764618,
          -0.9841907066745952,
          -0.13459077974939232
        ],
        [
          -0.36055985412573305,
          -0.16765336747390336,
          0.9175450615460206
        ],
        [
          -0.9256039199846868,
          -0.05710517726109832,
          -0.374160903942355
        ]
      ],
      "tx": 0.027850036892813457,
      "ty": -0.07465881844723268,
      "tz": 0.0
    },
    {
      "R": [
        [
          -0.14022411477117935,
          -0.5261924333607587,
          0.8387244605414357
        ],
        [
          0.5855618924025866,
          -0.7271472230502118,
          -0.35829343585428197
        ],
        [
          0.7984074572563438,
          0.4408837024479907,
          0.41008181270718547
        ]
      ],
      "tx": -0.04685647713236331,
      "ty": -0.03118539772252049,
      "tz": 0.0
    },
    {
      "R": [
        [
          -0.11374305884323843,
          -0.9624130042649657,
          -0.24662466581156672
        ],
        [
          -0.5325054249683763,
          -0.1505113215313436,
          0.8329371611773229
        ],
        [
          -0.838749360026124,
          0.22606979301218444,
          -0.49537052772969403
        ]
      ],
      "tx": 0.006834335239180964,
      "ty": 0.004170783948993742,
      "tz": 0.0
    },
    {
      "R": [
        [
          0.9194734990653989,
          0.39249784323546777,
          0.02266997070880608
        ],
        [
          0.35996018137168895,
          -0.8172577272570798,
          -0.45002052738231096
        ],
        [
          -0.15810487767078138,
          0.4219422357315023,
          -0.8927304169583383
        ]
      ],
      "tx": -0.0627352243659064,
      "ty": 0.029628634681933497,
      "tz": 0.0
    },
    {
      "R": [
        [
          -0.4552498406454799,
          -0.8766531509823698,
          0.15564972041397207
        ],
        [
          0.5765278965195642,
          -0.42346207640820355,
          -0.6987814067208569
        ],
        [
          0.6785006758485891,
          -0.22838371815156863,
          0.6981960399173521
        ]
      ],
      "tx": 0.06077957915460436,
      "ty": -0.017924632094452025,
      "tz": 0.0
    },
    {
      "R": [
        [
          -0.737548409426334,
          -0.4844019140775085,
          -0.4705073106666156
        ],
        [
          0.6730315942503031,
          -0.47029671275414864,
          -0.5708322653052624
        ],
        [
          0.055234200397765,
          -0.7376827147295022,
          0.6728843849397395
        ]
      ],
      "tx": 0.00957050309523605,
      "ty": 0.068727638679732,
      "tz": 0.0
    },
    {
      "R": [
        [
          -0.09172418306684493,
          -0.6572553282500161,
          0.7480655771572995
        ],
        [
          0.7351029685432048,
          0.4620629401915435,
          0.4961063040725388
        ],
        [
          -0.6717218917674843,
          0.5954101718886821,
          0.4407679971728916
        ]
      ],
      "tx": 0.09881677938539471,
      "ty": 0.06489697131853994,
      "tz": 0.0
    },
    {
      "R": [
        [
          0.04711497135606546,
          -0.06264612684208204,
          0.9969230874374426
        ],
        [
          -0.8382189185741511,
          -0.5453076623615436,
          0.005347701765215096
        ],
        [
          0.5432947855616672,
          -0.835891749068906,
          -0.07820332358683624
        ]
      ],
      "tx": 0.09680834335959884,
      "ty": -0.07581919616386698,
      "tz": 0.0
    },
    {
      "R": [
        [
          -0.382107603497742,
          0.9192995496653751,
          -0.09424498572471163
        ],
        [
          -0.35561546662638405,
          -0.24040480870891168,
          -0.9031850130763523
        ],
        [
          -0.8529545235505299,
          -0.3115988862859916,
          0.41877764364877246
        ]
      ],
      "tx": -0.03683326731840272,
      "ty": -0.09622182352278226,
      "tz": 0.0
    },
    {
      "R": [
        [
          0.1577940348965161,
          0.866565629826611,
          -0.4734607182800764
        ],
        [
          -0.46018717400336573,
          -0.35968677301240803,
          -0.811697720954492
        ],
        [
          -0.8736869046940517,
          0.3459616084526278,
          0.3420259610658196
        ]
      ],
      "tx": -0.0677436939805524,
      "ty": 0.09367286482730552,
      "tz": 0.0
    },
    {
      "R": [
        [
          0.2515471611209016,
          -0.831841845494706,
          -0.4947354543753426
        ],
        [
          0.9053781062486493,
          0.021577335706945866,
          0.4240576650756347
        ],
        [
          -0.34207383772750677,
          -0.5545931505777468,
          0.7585591123140134
        ]
      ],
      "tx": -0.09275921639210168,
      "ty": -0.0697539754100923,
      "tz": 0.0
    }
  ],
  "points_N": 29635
}