{
  "type": "scene",
  "distance_m": 0.4,
  "num_objects": 12,
  "intrinsics": {
    "width": 640,
    "height": 480,
    "fx": 554.2562584220408,
    "fy": 554.2562584220408,
    "cx": -0.032176523541918176,
    "cy": -0.027952237952948336
  },
  "T_wc": [
    [
      0.999999999999,
      0.0,
      0.0,
      0.0
    ],
    [
      -0.0,
      0.9999999999965001,
      0.0,
      0.0
    ],
    [
      0.0,
      0.0,
      -0.9999999999975001,
      0.41501416601240637
    ],
    [
      0.0,
      0.0,
      0.0,
      1.0
    ]
  ],
  "bin_size": {
    "w": 0.25,
    "d": 0.25
  },
  "z_floor": 0.0,
  "piece_aabb": {
    "w": 0.0300283320248127,
    "d": 0.0300283320248127,
    "h": 0.0300283320248127
  },
  "poses": [
    {
      "R": [
        [
          -0.37749614891217287,
          0.5161946260282164,
          -0.7687911066187412
        ],
        [
          -0.8386211366598604,
          -0.5426461107318681,
          0.04743192653583511
        ],
        [
          -0.39269739839194556,
          0.6626298412893634,
          0.6377385410409431
        ]
      ],
      "tx": -0.052159349914791694,
      "ty": -0.08717316946190067,
      "tz": 0.0
    },
    {
      "R": [
        [
          0.7464116261985243,
          -0.6639839303063217,
          0.04466569791959077
        ],
        [
          -0.6638514351174609,
          -0.7476001414174231,
          -0.01988216902494478
        ],
        [
          0.04659352281339141,
          -0.014811105550180366,
          -0.9988041223304094
        ]
      ],
      "tx": -0.09684836464211066,
      "ty": 0.06314276601058283,
      "tz": 0.0
    },
    {
      "R": [
        [
          -0.6662471179139715,
          0.4133264042822211,
          0.6207060990472512
        ],
        [
          0.7451964434633174,
          0.3374962613064836,
          0.5751334925508758
        ],
        [
          0.02823187065975008,
          0.845729009273819,
          -0.5328652778627778
        ]
      ],
      "tx": 0.02604111785519253,
      "ty": -0.08595370588410735,
      "tz": 0.0
    },
    {
      "R": [
        [
          0.6679211479303012,
          0.2578128966861578,
          0.6981503064883388
        ],
        [
          -0.6993038256354889,
          -0.10359067892064688,
          0.7072786796534514
        ],
        [
          0.2546674294036019,
          -0.9606255678166453,
          0.11109913977123953
        ]
      ],
      "tx": 0.03471343414778311,
      "ty": 0.06433916820582625,
      "tz": 0.0
    },
    {
      "R": [
        [
          0.13296366385462077,
          -0.2732146083194579,
          0.9527194980135553
        ],
        [
          -0.972971052137913,
          0.14713542815575575,
          0.17798454282061965
        ],
        [
          -0.18880676840621458,
          -0.9506339692974723,
          -0.2462662393056232
        ]
      ],
      "tx": -0.013147391310428982,
      "ty": 0.03042768537694371,
      "tz": 0.0
    },
    {
      "R": [
        [
          0.38260635231131224,
          -0.9087636299899724,
          0.1666164577059549
        ],
        [
          0.05147923134139737,
          -0.1590891250588944,
          -0.9859211626841642
        ],
        [
          0.922476161161648,
          0.3857969868926448,
          -0.014086056688279891
        ]
      ],
      "tx": 0.07727504051266368,
      "ty": 0.019750303388402543,
      "tz": 0.0
    },
    {
      "R": [
        [
          -0.8214043260792601,
          0.5693747358833644,
          0.033276767211153635
        ],
        [
          -0.5053854034748057,
          -0.7536508616849924,
          0.42023323599648366
        ],
        [
          0.2643492520376863,
          0.3283638055864523,
          0.90680575876419
        ]
      ],
      "tx": -0.03964792703663943,
      "ty": 0.09684830444394835,
      "tz": 0.0
    },
    {
      "R": [
        [
          0.3034484631535026,
          -0.805572419531601,
          0.5088930212724281
        ],
        [
          -0.28062489742756186,
          -0.5859443749053346,
          -0.7602097450444629
        ],
        [
          0.9105870069101294,
          0.08787642691188119,
          -0.4038675976599919
        ]
      ],
      "tx": -0.0835240582296107,
      "ty": 0.00039169945034837894,
      "tz": 0.0
    },
    {
      "R": [
        [
          -0.104061604172758,
          -0.5603691781568958,
          -0.821679722707551
        ],
        [
          0.9938319566744318,
          -0.09042783007709021,
          -0.06419384269709577
        ],
        [
          -0.038330463467884435,
          -0.8232916808272233,
          0.5663228618473943
        ]
      ],
      "tx": 0.027553297002223726,
      "ty": -0.016288104905303136,
      "tz": 0.0
    },
    {
      "R": [
        [
          -0.5019985463691852,
          0.7912664537229561,
          0.3491344420934752
        ],
        [
          0.5663976835957631,
          0.605851276447676,
          -0.5586930238011527
        ],
        [
          -0.6535985950570724,
          -0.08271414654953974,
          -0.7523079465883651
        ]
      ],
      "tx": 0.08201085260416707,
      "ty": -0.0472742029882442,
      "tz": 0.0
    },
    {
      "R": [
        [
          0.6673666754267722,
          -0.733179473525026,
          -0.13065060325686545
        ],
        [
          -0.5309187670430365,
          -0.34536295224814384,
          -0.7738537936948734
        ],
        [
          0.5222518389927593,
          0.5858090907591068,
          -0.6197424673625882
        ]
      ],
      "tx": 0.0960162481886429,
      "ty": 0.08063633764050002,
      "tz": 0.0
    },
    {
      "R": [
        [
          -0.8591617794404853,
          -0.49268862823127413,
          -0.1381989593312623
        ],
        [
          -0.48674384362965284,
          0.7035622610658991,
          0.5177649809445126
        ],
        [
          -0.15786534590368656,
          0.5121113750107733,
          -0.8442869607824606
        ]
      ],
      "tx": -0.032176523541918176,
      "ty": -0.027952237952948336,
      "tz": 0.0
    }
  ],
  "points_N": 31792
}