{
  "type": "scene",
  "distance_m": 0.4,
  "num_objects": 6,
  "intrinsics": {
    "width": 640,
    "height": 480,
    "fx": 554.2562584220408,
    "fy": 554.2562584220408,
    "cx": 0.0409381536767518,
    "cy": 0.02153610087203542
  },
  "T_wc": [
    [
      0.999999999999,
      0.0,
      0.0,
      0.0
    ],
    [
      -0.0,
      0.9999999999965001,
      0.0,
      0.0
    ],
    [
      0.0,
      0.0,
      -0.9999999999975001,
      0.41501416601240637
    ],
    [
      0.0,
      0.0,
      0.0,
      1.0
    ]
  ],
  "bin_size": {
    "w": 0.25,
    "d": 0.25
  },
  "z_floor": 0.0,
  "piece_aabb": {
    "w": 0.0300283320248127,
    "d": 0.0300283320248127,
    "h": 0.0300283320248127
  },
  "poses": [
    {
      "R": [
        [
          -0.003245242009266347,
          -0.22511764423933928,
          0.9743261849383047
        ],
        [
          -0.9816060861038161,
          0.18670813353918336,
          0.0398693440410296
        ],
        [
          -0.19088991625606827,
          -0.9562751273155883,
          -0.22158276275312216
        ]
      ],
      "tx": 0.09483747223997482,
      "ty": -0.08855709705685093,
      "tz": 0.0
    },
    {
      "R": [
        [
          0.12117643125119171,
          0.9258909990782649,
          -0.35782975048908067
        ],
        [
          0.3921471289772514,
          0.28650972766742644,
          0.8741469013769001
        ],
        [
          0.9118864522209573,
          -0.24624791121507944,
          -0.32836727071693117
        ]
      ],
      "tx": -0.027569255236100265,
      "ty": -0.019853968312688916,
      "tz": 0.0
    },
    {
      "R": [
        [
          0.7601991249549511,
          0.5417673837821715,
          0.3585880537434952
        ],
        [
          -0.5332423120788592,
          0.8356017320901628,
          -0.131993870830097
        ],
        [
          -0.3711467728898086,
          -0.09087269775758304,
          0.9241169978827031
        ]
      ],
      "tx": 0.008865081529300753,
      "ty": 0.08887249048813275,
      "tz": 0.0
    },
    {
      "R": [
        [
          -0.6889644825837982,
          -0.6281573856245908,
          0.3615884962541235
        ],
        [
          -0.0846769606886239,
          0.5652263937231065,
          0.8205784156113961
        ],
        [
          -0.7198317539999027,
          0.5347311686483694,
          -0.44261136814294844
        ]
      ],
      "tx": 0.09890311291445444,
      "ty": 0.08861895081445276,
      "tz": 0.0
    },
    {
      "R": [
        [
          -0.15622215722166888,
          0.03960123824594858,
          0.9869277478733668
        ],
        [
          -0.3738279354782843,
          -0.927237886966596,
          -0.021967604097081428
        ],
        [
          0.9142468552032607,
          -0.372372988954771,
          0.15965915209545023
        ]
      ],
      "tx": -0.09636937696169716,
      "ty": -0.055189344694428516,
      "tz": 0.0
    },
    {
      "R": [
        [
          -0.2828200344967975,
          -0.2670298921081955,
          0.9212534205135499
        ],
        [
          0.24897921643705653,
          0.9071058880480346,
          0.3393644908516149
        ],
        [
          -0.9262948655096925,
          0.3253520317890637,
          -0.19006282524762286
        ]
      ],
      "tx": 0.0409381536767518,
      "ty": 0.02153610087203542,
      "tz": 0.0
    }
  ],
  "points_N": 16881
}