{
  "type": "scene",
  "distance_m": 0.4,
  "num_objects": 11,
  "intrinsics": {
    "width": 640,
    "height": 480,
    "fx": 554.2562584220408,
    "fy": 554.2562584220408,
    "cx": -0.07670017800511818,
    "cy": -0.031531199923505615
  },
  "T_wc": [
    [
      0.999999999999,
      0.0,
      0.0,
      0.0
    ],
    [
      -0.0,
      0.9999999999965001,
      0.0,
      0.0
    ],
    [
      0.0,
      0.0,
      -0.9999999999975001,
      0.41501416601240637
    ],
    [
      0.0,
      0.0,
      0.0,
      1.0
    ]
  ],
  "bin_size": {
    "w": 0.25,
    "d": 0.25
  },
  "z_floor": 0.0,
  "piece_aabb": {
    "w": 0.0300283320248127,
    "d": 0.0300283320248127,
    "h": 0.0300283320248127
  },
  "poses": [
    {
      "R": [
        [
          -0.9557271697649987,
          0.2021159181773372,
          -0.2138568039420709
        ],
        [
          -0.2740539183516514,
          -0.3467632374643457,
          0.8970226903369571
        ],
        [
          0.10714488699462899,
          0.9159172521372103,
          0.3868017068580881
        ]
      ],
      "tx": 0.05533801900278426,
      "ty": -0.03836156665285478,
      "tz": 0.0
    },
    {
      "R": [
        [
          0.6371177286819216,
          -0.08382687120028848,
          0.766194528474303
        ],
        [
          -0.7603706080397223,
          0.09435946398315176,
          0.6425984982756456
        ],
        [
          -0.12616472656211025,
          -0.9920026951685073,
          -0.0036214016520415004
        ]
      ],
      "tx": -0.014531515407204668,
      "ty": 0.09708650214387418,
      "tz": 0.0
    },
    {
      "R": [
        [
          0.17689874575482734,
          0.9584532968845283,
          0.22377245460857584
        ],
        [
          -0.747959343696345,
          -0.01686749756105721,
          0.6635301859775188
        ],
        [
          0.639737175664899,
          -0.284750355956241,
          0.7139002597387762
        ]
      ],
      "tx": -0.09692548172061942,
      "ty": 0.022322010435521317,
      "tz": 0.0
    },
    {
      "R": [
        [
          0.16517109768145133,
          -0.9351891200971082,
          0.3132727535913408
        ],
        [
          -0.6574508477521884,
          0.13236635699064625,
          0.7417799743366988
        ],
        [
          -0.735171334642907,
          -0.32848205002560077,
          -0.5929777833362269
        ]
      ],
      "tx": -0.022388187469587095,
      "ty": 0.008578477146438987,
      "tz": 0.0
    },
    {
      "R": [
        [
          -0.5508543557215395,
          0.5512425756749796,
          0.6266507013846088
        ],
        [
          -0.7379578157498107,
          -0.6724187436000584,
          -0.05719523956665759
        ],
        [
          0.38984322612606226,
          -0.493948029673703,
          0.7771985608743048
        ]
      ],
      "tx": 0.052307211814837246,
      "ty": 0.07966246353146633,
      "tz": 0.0
    },
    {
      "R": [
        [
          0.06396262968079691,
          -0.6202332236053734,
          0.7818053020672119
        ],
        [
          -0.04156883621515767,
          0.781073682146902,
          0.623053717518159
        ],
        [
          -0.9970861617032075,
          -0.07235089075863171,
          0.024177153397327733
        ]
      ],
      "tx": -0.09518745038251818,
      "ty": -0.09570271673637677,
      "tz": 0.0
    },
    {
      "R": [
        [
          0.24077806248481104,
          -0.2905034836729097,
          -0.9260851206017533
        ],
        [
          -0.9704521620049062,
          -0.0565596214108437,
          -0.23457112031506605
        ],
        [
          0.01576470380513334,
          0.955200887352899,
          -0.2955380498585094
        ]
      ],
      "tx": 0.0807145258854402,
      "ty": 0.015791021840086322,
      "tz": 0.0
    },
    {
      "R": [
        [
          -0.44271428298890214,
          -0.4517025656721633,
          0.7745765654877556
        ],
        [
          -0.846519410836233,
          0.49537867529191304,
          -0.19494833967876263
        ],
        [
          -0.2956500477170586,
          -0.742000512285008,
          -0.601686204805866
        ]
      ],
      "tx": -0.039508166267444134,
      "ty": -0.07979309885508405,
      "tz": 0.0
    },
    {
      "R": [
        [
          0.9971597768434245,
          -0.07144375100456946,
          -0.0238363144795702
        ],
        [
          0.04616838009269029,
          0.8298910364208574,
          -0.5560120037804328
        ],
        [
          0.05950512688154498,
          0.5533323215850601,
          0.8308324029334069
        ]
      ],
      "tx": -0.08948388859249123,
      "ty": 0.08985204198322799,
      "tz": 0.0
    },
    {
      "R": [
        [
          0.7247558106009947,
          -0.6653818730007832,
          -0.17887419624435652
        ],
        [
          0.6555521859493492,
          0.7458354720304529,
          -0.11824034911205802
        ],
        [
          0.2120857055464252,
          -0.03156599029146659,
          0.9767411334431422
        ]
      ],
      "tx": 0.04926884843932483,
      "ty": -0.09541264120119572,
      "tz": 0.0
    },
    {
      "R": [
        [
          -0.6145481486656519,
          -0.772415638301592,
          -0.1603267123057291
        ],
        [
          -0.2894584214734882,
          0.40984444511417006,
          -0.8650094525767533
        ],
        [
          0.7338558408909044,
          -0.4851820405952824,
          -0.4754513563700302
        ]
      ],
      "tx": -0.07670017800511818,
      "ty": -0.031531199923505615,
      "tz": 0.0
    }
  ],
  "points_N": 29293
}