{
  "type": "scene",
  "distance_m": 0.4,
  "num_objects": 7,
  "intrinsics": {
    "width": 640,
    "height": 480,
    "fx": 554.2562584220408,
    "fy": 554.2562584220408,
    "cx": -0.05636180391018181,
    "cy": 0.08570897826756693
  },
  "T_wc": [
    [
      0.999999999999,
      0.0,
      0.0,
      0.0
    ],
    [
      -0.0,
      0.9999999999965001,
      0.0,
      0.0
    ],
    [
      0.0,
      0.0,
      -0.9999999999975001,
      0.41501416601240637
    ],
    [
      0.0,
      0.0,
      0.0,
      1.0
    ]
  ],
  "bin_size": {
    "w": 0.25,
    "d": 0.25
  },
  "z_floor": 0.0,
  "piece_aabb": {
    "w": 0.0300283320248127,
    "d": 0.0300283320248127,
    "h": 0.0300283320248127
  },
  "poses": [
    {
      "R": [
        [
          0.7151545195206437,
          -0.2673569117835743,
          -0.6458128946767379
        ],
        [
          -0.22633197377755285,
          -0.9627513636020257,
          0.14793123243046807
        ],
        [
          -0.6613076824407489,
          0.04037441769227289,
          -0.7490274064016986
        ]
      ],
      "tx": -0.09674178171951946,
      "ty": 0.02319350225250645,
      "tz": 0.0
    },
    {
      "R": [
        [
          0.20763278386712092,
          0.7638787427970939,
          -0.6110465558092287
        ],
        [
          -0.28922305447168717,
          0.6446713955617003,
          0.7076360763179033
        ],
        [
          0.9344723922222941,
          0.029800302804856682,
          0.35478625977774547
        ]
      ],
      "tx": -0.04331679230605711,
      "ty": 0.0024600996728705027,
      "tz": 0.0
    },
    {
      "R": [
        [
          -0.03666718441650785,
          0.36037907278351955,
          0.9320849969217702
        ],
        [
          0.5450521292863233,
          0.7889774886958406,
          -0.2836065914107953
        ],
        [
          -0.8375999605703255,
          0.49763585705905017,
          -0.22535496404937172
        ]
      ],
      "tx": 0.0740964426940417,
      "ty": 0.0030880140341854184,
      "tz": 0.0
    },
    {
      "R": [
        [
          -0.9504460334394476,
          0.3108801921120923,
          -0.0024173687283054607
        ],
        [
          -0.2049675606360577,
          -0.6207577774649209,
          0.7567351457436846
        ],
        [
          0.23375336704767274,
          0.7197313998077062,
          0.6537171219455062
        ]
      ],
      "tx": -0.09003029169253224,
      "ty": -0.0842703090449548,
      "tz": 0.0
    },
    {
      "R": [
        [
          0.49892806247055355,
          -0.798691521569045,
          -0.3363965544608075
        ],
        [
          -0.6255270166377994,
          -0.06322690112834262,
          -0.7776363613090125
        ],
        [
          0.5998222569525022,
          0.5984097361736609,
          -0.5311487999769706
        ]
      ],
      "tx": 0.025989520789499274,
      "ty": -0.06054231480661863,
      "tz": 0.0
    },
    {
      "R": [
        [
          0.6619666171347816,
          0.7486181464839607,
          -0.03702794288173014
        ],
        [
          -0.6825097550791432,
          0.6224565569894266,
          0.38305126142942875
        ],
        [
          0.3098074111782049,
          -0.22829521549035564,
          0.9229846491482243
        ]
      ],
      "tx": 0.013892940029487835,
      "ty": 0.06148990119220421,
      "tz": 0.0
    },
    {
      "R": [
        [
          -0.28968764270676317,
          0.516180699061776,
          0.806001585345274
        ],
        [
          0.9316247296535379,
          -0.041008028381696926,
          0.3611006849982679
        ],
        [
          0.21944573990162386,
          0.8554974152645596,
          -0.4690071851418556
        ]
      ],
      "tx": -0.05636180391018181,
      "ty": 0.08570897826756693,
      "tz": 0.0
    }
  ],
  "points_N": 18781
}