{
  "type": "scene",
  "distance_m": 0.4,
  "num_objects": 11,
  "intrinsics": {
    "width": 640,
    "height": 480,
    "fx": 554.2562584220408,
    "fy": 554.2562584220408,
    "cx": -0.041630466878577604,
    "cy": 0.09233467578691429
  },
  "T_wc": [
    [
      0.999999999999,
      0.0,
      0.0,
      0.0
    ],
    [
      -0.0,
      0.9999999999965001,
      0.0,
      0.0
    ],
    [
      0.0,
      0.0,
      -0.9999999999975001,
      0.41501416601240637
    ],
    [
      0.0,
      0.0,
      0.0,
      1.0
    ]
  ],
  "bin_size": {
    "w": 0.25,
    "d": 0.25
  },
  "z_floor": 0.0,
  "piece_aabb": {
    "w": 0.0300283320248127,
    "d": 0.0300283320248127,
    "h": 0.0300283320248127
  },
  "poses": [
    {
      "R": [
        [
          0.9150842664559532,
          0.36845692046533385,
          0.16389107067187259
        ],
        [
          0.4030656395325791,
          -0.8483975138499924,
          -0.3431614033095003
        ],
        [
          0.012604583014249174,
          0.38008046023750697,
          -0.924867540912039
        ]
      ],
      "tx": 0.06229744593756273,
      "ty": 0.01718991599730707,
      "tz": 0.0
    },
    {
      "R": [
        [
          -0.01813819983539755,
          0.008862784059959043,
          -0.9997962076170512
        ],
        [
          0.07592694277098241,
          -0.9970610476653803,
          -0.010215996763250225
        ],
        [
          -0.9969483963918009,
          -0.0760967692291947,
          0.01741196843253312
        ]
      ],
      "tx": -0.01895046381315825,
      "ty": 0.022736733881865298,
      "tz": 0.0
    },
    {
      "R": [
        [
          0.7540085843105135,
          0.6496042416403515,
          -0.09739293623728126
        ],
        [
          0.49015228367696484,
          -0.45771606111400454,
          0.741786186312833
        ],
        [
          0.43728914186418055,
          -0.6070505223135425,
          -0.6635268417830162
        ]
      ],
      "tx": -0.022932812880407327,
      "ty": -0.08003293502848124,
      "tz": 0.0
    },
    {
      "R": [
        [
          0.6413347991588635,
          -0.2543216646308227,
          -0.7238854648957027
        ],
        [
          0.299822347841813,
          -0.7853801088501378,
          0.5415576094536652
        ],
        [
          -0.7062550779445647,
          -0.5643567803455125,
          -0.427440275776118
        ]
      ],
      "tx": -0.08751056834567575,
      "ty": 0.014631497980868116,
      "tz": 0.0
    },
    {
      "R": [
        [
          0.5397024794622277,
          0.27832872861365204,
          -0.7945151681941836
        ],
        [
          -0.8405679000532493,
          0.12597551074726754,
          -0.5268546062169674
        ],
        [
          -0.04654931860290151,
          0.952188683780832,
          0.301943490437089
        ]
      ],
      "tx": 0.042520526596917296,
      "ty": -0.04992073612552779,
      "tz": 0.0
    },
    {
      "R": [
        [
          0.9570149213626733,
          -0.25344865824476337,
          -0.14101850205957134
        ],
        [
          -0.28978998455057403,
          -0.8154344491091268,
          -0.5010872419651821
        ],
        [
          0.012008544598503673,
          0.5204137169983359,
          -0.8538298179476995
        ]
      ],
      "tx": -0.09435849761552186,
      "ty": -0.04886982637357075,
      "tz": 0.0
    },
    {
      "R": [
        [
          0.9468684187304818,
          0.14061949921292682,
          -0.28925136828015646
        ],
        [
          0.2507240440131572,
          0.24055490231743415,
          0.9376944026305895
        ],
        [
          0.20143895195449524,
          -0.9603954890627898,
          0.1925171504654044
        ]
      ],
      "tx": -0.09567506431260282,
      "ty": 0.073154856304843,
      "tz": 0.0
    },
    {
      "R": [
        [
          -0.09503933482019633,
          -0.17718584833382298,
          -0.9795778172188047
        ],
        [
          0.6149550477470587,
          0.7633667427749112,
          -0.19774100554926696
        ],
        [
          0.7828140354435064,
          -0.6211894969938287,
          0.036411464365041724
        ]
      ],
      "tx": 0.015774601809878483,
      "ty": 0.07024410787008498,
      "tz": 0.0
    },
    {
      "R": [
        [
          0.730705966478436,
          -0.4798016276236907,
          -0.4856533626800828
        ],
        [
          0.41855409603820515,
          0.8768489544875856,
          -0.23653409839528206
        ],
        [
          0.5393340887079694,
          -0.030435327231446596,
          0.8415416992721507
        ]
      ],
      "tx": 0.09172197660799161,
      "ty": 0.08877384546052522,
      "tz": 0.0
    },
    {
      "R": [
        [
          -0.6803439951864443,
          -0.7206071982486968,
          -0.1336312614843974
        ],
        [
          0.03008005640558037,
          0.1547251029037281,
          -0.9874995355634696
        ],
        [
          0.7322753842786094,
          -0.6758590151530085,
          -0.0835903894955683
        ]
      ],
      "tx": 0.09716640068509039,
      "ty": -0.07473746939647373,
      "tz": 0.0
    },
    {
      "R": [
        [
          -0.9141117279575446,
          -0.3983511519371329,
          0.07560495063705726
        ],
        [
          -0.38247965278407703,
          0.7852871904926149,
          -0.4868607025160148
        ],
        [
          0.13456992240706875,
          -0.4739624333199572,
          -0.8702014409231813
        ]
      ],
      "tx": -0.041630466878577604,
      "ty": 0.09233467578691429,
      "tz": 0.0
    }
  ],
  "points_N": 28880
}