{
  "type": "scene",
  "distance_m": 0.4,
  "num_objects": 11,
  "intrinsics": {
    "width": 640,
    "height": 480,
    "fx": 554.2562584220408,
    "fy": 554.2562584220408,
    "cx": 0.04717107834695347,
    "cy": 0.0970377066551859
  },
  "T_wc": [
    [
      0.999999999999,
      0.0,
      0.0,
      0.0
    ],
    [
      -0.0,
      0.9999999999965001,
      0.0,
      0.0
    ],
    [
      0.0,
      0.0,
      -0.9999999999975001,
      0.41501416601240637
    ],
    [
      0.0,
      0.0,
      0.0,
      1.0
    ]
  ],
  "bin_size": {
    "w": 0.25,
    "d": 0.25
  },
  "z_floor": 0.0,
  "piece_aabb": {
    "w": 0.0300283320248127,
    "d": 0.0300283320248127,
    "h": 0.0300283320248127
  },
  "poses": [
    {
      "R": [
        [
          -0.8650392302813663,
          -0.48732792489849713,
          -0.11924187053357577
        ],
        [
          -0.011546751926058363,
          0.2569491258432153,
          -0.9663559485243342
        ],
        [
          0.5015713335051948,
          -0.8345589495910594,
          -0.22789812869632864
        ]
      ],
      "tx": -0.03593981995552854,
      "ty": -0.08546777097493809,
      "tz": 0.0
    },
    {
      "R": [
        [
          0.21893531528352161,
          -0.8861740872731871,
          -0.4083660303786771
        ],
        [
          -0.9264321511821618,
          -0.05743112559609065,
          -0.3720552849628101
        ],
        [
          0.306252831787229,
          0.4597794611096712,
          -0.8335538675838552
        ]
      ],
      "tx": -0.03823780879241246,
      "ty": -0.001506444323328221,
      "tz": 0.0
    },
    {
      "R": [
        [
          -0.7205854036045491,
          0.6040189059856531,
          0.34046708699074574
        ],
        [
          0.4853659028860453,
          0.7900826226054063,
          -0.37441873587278873
        ],
        [
          -0.49515312422288443,
          -0.10454956082575348,
          -0.8624921871550253
        ]
      ],
      "tx": 0.009819080676390063,
      "ty": 0.0511205554785272,
      "tz": 0.0
    },
    {
      "R": [
        [
          -0.4003882143722317,
          0.786292926407873,
          -0.4705663732915462
        ],
        [
          -0.6526849720542803,
          -0.6051557571597008,
          -0.4558386083154564
        ],
        [
          -0.6431886232251927,
          0.12461919377612815,
          0.7554988097252497
        ]
      ],
      "tx": 0.08354687446976128,
      "ty": -0.015877788834076742,
      "tz": 0.0
    },
    {
      "R": [
        [
          0.18096331456970516,
          0.47348833210068475,
          0.8620099060593547
        ],
        [
          0.08704668667926652,
          0.8653299329419857,
          -0.49358584004484995
        ],
        [
          -0.9796301103570202,
          0.16435603584636094,
          0.11537738237090567
        ]
      ],
      "tx": 0.04551028182858324,
      "ty": -0.06789112541010041,
      "tz": 0.0
    },
    {
      "R": [
        [
          0.8996832025701966,
          -0.04723757761646538,
          0.43398012198021585
        ],
        [
          -0.43174480816627725,
          0.05071236960112124,
          0.9005690846297711
        ],
        [
          -0.0645488623795884,
          -0.9975955427077488,
          0.025230488206399726
        ]
      ],
      "tx": 0.09583452076178678,
      "ty": 0.062235908999249884,
      "tz": 0.0
    },
    {
      "R": [
        [
          -0.5351118974168401,
          -0.6563552023261664,
          0.5318393607305935
        ],
        [
          0.47541227883657683,
          -0.7543772555226855,
          -0.4526567369226637
        ],
        [
          0.6983111214740619,
          0.010620957086717703,
          0.715715567034978
        ]
      ],
      "tx": -0.05692417686508041,
      "ty": 0.07945356582836444,
      "tz": 0.0
    },
    {
      "R": [
        [
          0.5981313364927101,
          -0.44519600989857416,
          -0.6663628269012559
        ],
        [
          -0.5403696186734628,
          -0.8380886896410036,
          0.07488673788143252
        ],
        [
          -0.5918104253222826,
          0.3152901220562019,
          -0.7418575061382373
        ]
      ],
      "tx": -0.08964919052869816,
      "ty": -0.04005716649543654,
      "tz": 0.0
    },
    {
      "R": [
        [
          0.27402310665418317,
          -0.2623314168631189,
          0.9252532435750649
        ],
        [
          0.5573890918909697,
          -0.7406964409225072,
          -0.3750815679898049
        ],
        [
          0.7837274636380622,
          0.6185070817147683,
          -0.056747269609476625
        ]
      ],
      "tx": 0.02325368249338311,
      "ty": -0.012977765050946513,
      "tz": 0.0
    },
    {
      "R": [
        [
          -0.6161037217273448,
          -0.151008215598467,
          -0.7730541526280559
        ],
        [
          -0.7634721284027295,
          0.3558661885620139,
          0.5389522845211359
        ],
        [
          0.19371761206952964,
          0.9222558076044369,
          -0.3345410469792418
        ]
      ],
      "tx": -0.09253193042390456,
      "ty": 0.024631881625098828,
      "tz": 0.0
    },
    {
      "R": [
        [
          -0.6334920722687696,
          -0.7701296449536618,
          -0.07475375800698338
        ],
        [
          0.7657465778041671,
          -0.6101481435058533,
          -0.20335048944511258
        ],
        [
          0.11099537356947116,
          -0.18606335732730134,
          0.9762481519092707
        ]
      ],
      "tx": 0.04717107834695347,
      "ty": 0.0970377066551859,
      "tz": 0.0
    }
  ],
  "points_N": 28456
}