{
  "type": "scene",
  "distance_m": 0.4,
  "num_objects": 11,
  "intrinsics": {
    "width": 640,
    "height": 480,
    "fx": 554.2562584220408,
    "fy": 554.2562584220408,
    "cx": 0.09812713546197968,
    "cy": 0.03278240966816265
  },
  "T_wc": [
    [
      0.999999999999,
      0.0,
      0.0,
      0.0
    ],
    [
      -0.0,
      0.9999999999965001,
      0.0,
      0.0
    ],
    [
      0.0,
      0.0,
      -0.9999999999975001,
      0.41501416601240637
    ],
    [
      0.0,
      0.0,
      0.0,
      1.0
    ]
  ],
  "bin_size": {
    "w": 0.25,
    "d": 0.25
  },
  "z_floor": 0.0,
  "piece_aabb": {
    "w": 0.0300283320248127,
    "d": 0.0300283320248127,
    "h": 0.0300283320248127
  },
  "poses": [
    {
      "R": [
        [
          0.44067984272244276,
          -0.24859785307656204,
          -0.8625545685136955
        ],
        [
          -0.0864817309479328,
          -0.9681755261577274,
          0.23485540394348484
        ],
        [
          -0.8934887724142775,
          -0.02890083035021898,
          -0.44815461123890654
        ]
      ],
      "tx": -0.012595404707955019,
      "ty": 0.08276658062283376,
      "tz": 0.0
    },
    {
      "R": [
        [
          0.29804989073184296,
          -0.6283832793557594,
          -0.718540685598831
        ],
        [
          0.7563134144255835,
          -0.3037950829183025,
          0.5793950006296028
        ],
        [
          -0.5823712576996327,
          -0.7161305759571809,
          0.38470861230882847
        ]
      ],
      "tx": 0.09891404285953934,
      "ty": -0.03642238796107025,
      "tz": 0.0
    },
    {
      "R": [
        [
          0.7785861285920823,
          -0.414127126935401,
          0.4714895153661677
        ],
        [
          0.6079170920531642,
          0.311335594880803,
          -0.7304156053575532
        ],
        [
          0.155693447368918,
          0.855317993553536,
          0.49415653425805794
        ]
      ],
      "tx": 0.040756036050180494,
      "ty": 0.017570594555962576,
      "tz": 0.0
    },
    {
      "R": [
        [
          -0.2468946895011439,
          0.9686445168554583,
          0.027763505938363853
        ],
        [
          0.7200867928141927,
          0.16421734535510912,
          0.6741718433004235
        ],
        [
          0.6484736101883435,
          0.18644158187050616,
          -0.7380525140116521
        ]
      ],
      "tx": 0.06345469393306008,
      "ty": 0.08011064871358567,
      "tz": 0.0
    },
    {
      "R": [
        [
          0.9176440678378539,
          0.2299708508310051,
          -0.32410302764716603
        ],
        [
          0.14791843435105823,
          -0.9546069767462757,
          -0.25854527016843076
        ],
        [
          -0.36884888713554187,
          0.1893117210195892,
          -0.9100063575291513
        ]
      ],
      "tx": -0.08267000986377038,
      "ty": -0.052830741064439406,
      "tz": 0.0
    },
    {
      "R": [
        [
          -0.5729270890513756,
          0.0037395746807940555,
          -0.819597807593654
        ],
        [
          -0.8167857376905863,
          0.08028541904244224,
          0.5713276732265158
        ],
        [
          0.06793827593015833,
          0.996764900601133,
          -0.042943260160954955
        ]
      ],
      "tx": 0.008231510187198282,
      "ty": -0.06461633635210098,
      "tz": 0.0
    },
    {
      "R": [
        [
          -0.28538258440305353,
          -0.3063498337136078,
          0.9081335584059642
        ],
        [
          0.4893033907969594,
          0.7681763236735034,
          0.4129011110448347
        ],
        [
          -0.8240988850095794,
          0.5621876155974139,
          -0.0693261321210279
        ]
      ],
      "tx": -0.0782398347317369,
      "ty": 0.04600164105622162,
      "tz": 0.0
    },
    {
      "R": [
        [
          -0.7171532624110522,
          -0.003533748421742311,
          -0.6969065294824525
        ],
        [
          0.5119905857218103,
          0.6757635906519788,
          -0.5302916270142141
        ],
        [
          0.4728179759118959,
          -0.7371099525655834,
          -0.48281681773043195
        ]
      ],
      "tx": 0.07523565177910066,
      "ty": -0.09104733614325797,
      "tz": 0.0
    },
    {
      "R": [
        [
          -0.7208839216469503,
          -0.019823520481236645,
          -0.6927722566230865
        ],
        [
          0.672319114063711,
          0.222686362261445,
          -0.7059729406481181
        ],
        [
          0.16826580275118413,
          -0.9746885718517964,
          -0.14720328639675495
        ]
      ],
      "tx": -0.03566741474228799,
      "ty": 0.006785508306216659,
      "tz": 0.0
    },
    {
      "R": [
        [
          0.5982812782388867,
          0.7469046688441349,
          -0.29016017605398087
        ],
        [
          0.4969402748777406,
          -0.061791887910513044,
          0.8655819578716334
        ],
        [
          0.6285776605267479,
          -0.6620537578227977,
          -0.40813594112676777
        ]
      ],
      "tx": -0.04098847193109195,
      "ty": -0.09498829931562455,
      "tz": 0.0
    },
    {
      "R": [
        [
          -0.15377503708560436,
          -0.9733704003419079,
          -0.17000971062723003
        ],
        [
          -0.89041617146842,
          0.21109868101924367,
          -0.40323242486121647
        ],
        [
          0.4283833324918722,
          0.0893723145620004,
          -0.8991664527955814
        ]
      ],
      "tx": 0.09812713546197968,
      "ty": 0.03278240966816265,
      "tz": 0.0
    }
  ],
  "points_N": 28586
}