{
  "type": "scene",
  "distance_m": 0.4,
  "num_objects": 12,
  "intrinsics": {
    "width": 640,
    "height": 480,
    "fx": 554.2562584220408,
    "fy": 554.2562584220408,
    "cx": -0.03739517309075928,
    "cy": 0.09867480070251919
  },
  "T_wc": [
    [
      0.999999999999,
      0.0,
      0.0,
      0.0
    ],
    [
      -0.0,
      0.9999999999965001,
      0.0,
      0.0
    ],
    [
      0.0,
      0.0,
      -0.9999999999975001,
      0.41501416601240637
    ],
    [
      0.0,
      0.0,
      0.0,
      1.0
    ]
  ],
  "bin_size": {
    "w": 0.25,
    "d": 0.25
  },
  "z_floor": 0.0,
  "piece_aabb": {
    "w": 0.0300283320248127,
    "d": 0.0300283320248127,
    "h": 0.0300283320248127
  },
  "poses": [
    {
      "R": [
        [
          0.15157032631435663,
          -0.9398977989844511,
          0.30597150789762084
        ],
        [
          -0.2044595307935685,
          -0.3326655493162769,
          -0.9206138889707092
        ],
        [
          0.9670691477079771,
          0.07697895661987103,
          -0.2425932888376814
        ]
      ],
      "tx": -0.08983948467310808,
      "ty": -0.028904628497540136,
      "tz": 0.0
    },
    {
      "R": [
        [
          0.18951496654990807,
          0.2848839103204222,
          0.939641013948483
        ],
        [
          -0.9797491484843714,
          0.1178482128396301,
          0.16187465760474856
        ],
        [
          -0.0646195287644265,
          -0.9512901536182592,
          0.3014487686676005
        ]
      ],
      "tx": 0.051805503324934526,
      "ty": -0.06284082618731485,
      "tz": 0.0
    },
    {
      "R": [
        [
          0.7523049670054696,
          -0.4097716038430535,
          -0.5158725320297552
        ],
        [
          0.5588093873028316,
          0.811640161185853,
          0.170212565377637
        ],
        [
          0.34895458913894983,
          -0.41632617193024746,
          0.8395851435588726
        ]
      ],
      "tx": -0.04077877414372825,
      "ty": -0.062375109861599706,
      "tz": 0.0
    },
    {
      "R": [
        [
          0.42715522260826577,
          -0.743608480700762,
          0.5143781130922924
        ],
        [
          0.6984906518069424,
          -0.08986084660940641,
          -0.7099548137627866
        ],
        [
          0.5741508731481608,
          0.6625492100037135,
          0.4810190424366373
        ]
      ],
      "tx": -0.09491611738666877,
      "ty": 0.07929116789519988,
      "tz": 0.0
    },
    {
      "R": [
        [
          0.5344405366936622,
          -0.5288282541141287,
          0.6593284389355526
        ],
        [
          -0.40646526557870805,
          -0.8447619180829657,
          -0.3480851758331843
        ],
        [
          0.7410528325407174,
          -0.08196328084813956,
          -0.6664253296326514
        ]
      ],
      "tx": 0.09059281593654891,
      "ty": 0.07239047504827098,
      "tz": 0.0
    },
    {
      "R": [
        [
          -0.8707069927233566,
          -0.4717577275818946,
          -0.13897474335078328
        ],
        [
          -0.3310974524330297,
          0.7712475962017773,
          -0.5436465969224291
        ],
        [
          0.36365341991380584,
          -0.4273427100346364,
          -0.8277284569019276
        ]
      ],
      "tx": -0.0032907423592356128,
      "ty": 0.04961926005064199,
      "tz": 0.0
    },
    {
      "R": [
        [
          -0.5398789742872265,
          0.4697670810900979,
          -0.698462298658032
        ],
        [
          -0.1712823091727769,
          0.7511103753056781,
          0.6375700547176009
        ],
        [
          0.8241317028770425,
          0.4638449025614626,
          -0.32504590857405624
        ]
      ],
      "tx": 0.00893085512067604,
      "ty": -0.013723707893715756,
      "tz": 0.0
    },
    {
      "R": [
        [
          -0.2863362137713643,
          -0.037718862445836276,
          0.9573864737392479
        ],
        [
          0.935879731235024,
          -0.2250973518689683,
          0.27103562652359375
        ],
        [
          0.20528200443910977,
          0.9736059108270501,
          0.09975384231242101
        ]
      ],
      "tx": 0.07672384560333267,
      "ty": 0.004096929499392887,
      "tz": 0.0
    },
    {
      "R": [
        [
          0.1959876949510586,
          -0.7661028009176576,
          0.6121072796935934
        ],
        [
          0.9037846486585137,
          -0.10107432797602467,
          -0.4158813401361044
        ],
        [
          0.3804761914719209,
          0.6347207879456251,
          0.6725826262049199
        ]
      ],
      "tx": -0.07004581757236422,
      "ty": 0.027757213809089187,
      "tz": 0.0
    },
    {
      "R": [
        [
          0.8665019847932279,
          0.4024812223922829,
          0.2952679731549126
        ],
        [
          -0.12867859805359913,
          0.7516239267598774,
          -0.6469183032849068
        ],
        [
          -0.48230294292317644,
          0.5225613249597372,
          0.7030743437958514
        ]
      ],
      "tx": 0.031013352990782506,
      "ty": 0.09863525238382553,
      "tz": 0.0
    },
    {
      "R": [
        [
          0.6622284130983638,
          0.19665587520463956,
          -0.7230352658292126
        ],
        [
          -0.19318682495188927,
          0.9771328470049204,
          0.08882707903036549
        ],
        [
          0.7239698747532463,
          0.08085707174734896,
          0.685076458797274
        ]
      ],
      "tx": -0.09616229647178959,
      "ty": -0.08588507007710974,
      "tz": 0.0
    },
    {
      "R": [
        [
          0.6931531609537576,
          -0.6543159802380886,
          -0.3023396987907535
        ],
        [
          -0.4622455681442955,
          -0.7253690931180614,
          0.5100673617082735
        ],
        [
          -0.5530530988890414,
          -0.2137996182273263,
          -0.8052465417839916
        ]
      ],
      "tx": -0.03739517309075928,
      "ty": 0.09867480070251919,
      "tz": 0.0
    }
  ],
  "points_N": 33104
}