{
  "type": "scene",
  "distance_m": 0.4,
  "num_objects": 12,
  "intrinsics": {
    "width": 640,
    "height": 480,
    "fx": 554.2562584220408,
    "fy": 554.2562584220408,
    "cx": 0.09697800384015601,
    "cy": 0.09194125507475798
  },
  "T_wc": [
    [
      0.999999999999,
      0.0,
      0.0,
      0.0
    ],
    [
      -0.0,
      0.9999999999965001,
      0.0,
      0.0
    ],
    [
      0.0,
      0.0,
      -0.9999999999975001,
      0.41501416601240637
    ],
    [
      0.0,
      0.0,
      0.0,
      1.0
    ]
  ],
  "bin_size": {
    "w": 0.25,
    "d": 0.25
  },
  "z_floor": 0.0,
  "piece_aabb": {
    "w": 0.0300283320248127,
    "d": 0.0300283320248127,
    "h": 0.0300283320248127
  },
  "poses": [
    {
      "R": [
        [
          -0.6703756945405157,
          -0.27377239613968885,
          -0.689670285920203
        ],
        [
          0.6902956680128398,
          0.11084763444718693,
          -0.7149857989220275
        ],
        [
          0.2721916951195028,
          -0.9553855122668525,
          0.11467433914601599
        ]
      ],
      "tx": -0.03803145639976027,
      "ty": 0.05275754137954017,
      "tz": 0.0
    },
    {
      "R": [
        [
          -0.13928161084397828,
          -0.3304404881497319,
          0.9334932868918091
        ],
        [
          -0.9677368141419483,
          0.2453007473079316,
          -0.05755868244289847
        ],
        [
          -0.20996688175781147,
          -0.911392685488279,
          -0.35394530849181227
        ]
      ],
      "tx": 0.09648826306562203,
      "ty": -0.041415452356458486,
      "tz": 0.0
    },
    {
      "R": [
        [
          0.10868188185288763,
          -0.6234221817213225,
          0.774295183954247
        ],
        [
          -0.6548227061791424,
          0.5411411345449981,
          0.5276111219217964
        ],
        [
          -0.7479274510466504,
          -0.564367837355371,
          -0.34941876327650423
        ]
      ],
      "tx": 0.00932605095777414,
      "ty": -0.07789064003577734,
      "tz": 0.0
    },
    {
      "R": [
        [
          -0.7608205014849887,
          -0.1725018935431318,
          -0.6256159055236404
        ],
        [
          -0.1519386972658547,
          -0.8898827514601237,
          0.43014337252469065
        ],
        [
          -0.6309253496201318,
          0.4223171620687393,
          0.6508313282478961
        ]
      ],
      "tx": -0.07921355162663793,
      "ty": -0.08863761730438251,
      "tz": 0.0
    },
    {
      "R": [
        [
          -0.06805317683848822,
          -0.21932501868028487,
          0.9732755526073191
        ],
        [
          0.8526452113401746,
          0.49375548284944504,
          0.17088495175052865
        ],
        [
          -0.5180394856580515,
          0.841488003085608,
          0.15340479771551274
        ]
      ],
      "tx": 0.05436134452448571,
      "ty": 0.05031656354800815,
      "tz": 0.0
    },
    {
      "R": [
        [
          -0.9980001836104404,
          -0.023703496036468836,
          -0.05859844527951445
        ],
        [
          0.02188527013169179,
          -0.9992648128029109,
          0.03147806927411651
        ],
        [
          -0.05930150474305035,
          0.03013267611103111,
          0.9977852240665812
        ]
      ],
      "tx": -0.09185712070347654,
      "ty": 0.0277368514982321,
      "tz": 0.0
    },
    {
      "R": [
        [
          0.8472399447864253,
          -0.1649140198647216,
          0.5049632085710337
        ],
        [
          -0.21299009831287025,
          0.7653736858703647,
          0.6073206228985527
        ],
        [
          -0.4866412374418848,
          -0.6220984544501541,
          0.6133301060536329
        ]
      ],
      "tx": -0.004683727222184089,
      "ty": -0.008834945273357722,
      "tz": 0.0
    },
    {
      "R": [
        [
          -0.5569799255270111,
          0.5852871476246299,
          -0.589247246396069
        ],
        [
          0.15139009987196317,
          0.7691486355603301,
          0.6208795487664571
        ],
        [
          0.8166115356892052,
          0.2566112453520055,
          -0.5170070294862641
        ]
      ],
      "tx": -0.06660456443670967,
      "ty": -0.02688012404669332,
      "tz": 0.0
    },
    {
      "R": [
        [
          -0.859292693227909,
          0.3698271424757668,
          -0.35333263655277475
        ],
        [
          0.11401617717967488,
          0.8119147164151359,
          0.5725336711581795
        ],
        [
          0.49861445898254825,
          0.4516883637606114,
          -0.7398386603421059
        ]
      ],
      "tx": -0.00012237884352882256,
      "ty": 0.0962915620358959,
      "tz": 0.0
    },
    {
      "R": [
        [
          -0.6979334272111593,
          0.7159462834043536,
          -0.017602569720866712
        ],
        [
          -0.39629210731021114,
          -0.40656118437124,
          -0.8232014146284531
        ],
        [
          -0.5965245148901402,
          -0.5675640251479538,
          0.5674765021504729
        ]
      ],
      "tx": 0.06791825340162583,
      "ty": -0.09805897032937855,
      "tz": 0.0
    },
    {
      "R": [
        [
          0.9805561451833642,
          -0.04016769402193937,
          0.1920838423712446
        ],
        [
          0.1950557376793387,
          0.3068147329196058,
          -0.9315674848672209
        ],
        [
          -0.021515235102370897,
          0.950921277509569,
          0.3086840109854394
        ]
      ],
      "tx": -0.09457750032259861,
      "ty": 0.09475105380641302,
      "tz": 0.0
    },
    {
      "R": [
        [
          -0.7589590279975547,
          0.3533155869636291,
          0.5469454175962659
        ],
        [
          0.11791885282289619,
          -0.7515153262975509,
          0.649091564025306
        ],
        [
          0.6403720309085489,
          0.5571290787137503,
          0.5287067728728547
        ]
      ],
      "tx": 0.09697800384015601,
      "ty": 0.09194125507475798,
      "tz": 0.0
    }
  ],
  "points_N": 33250
}