{
  "type": "scene",
  "distance_m": 0.4,
  "num_objects": 11,
  "intrinsics": {
    "width": 640,
    "height": 480,
    "fx": 554.2562584220408,
    "fy": 554.2562584220408,
    "cx": 0.08472432113485953,
    "cy": 0.02814463092244429
  },
  "T_wc": [
    [
      0.999999999999,
      0.0,
      0.0,
      0.0
    ],
    [
      -0.0,
      0.9999999999965001,
      0.0,
      0.0
    ],
    [
      0.0,
      0.0,
      -0.9999999999975001,
      0.41501416601240637
    ],
    [
      0.0,
      0.0,
      0.0,
      1.0
    ]
  ],
  "bin_size": {
    "w": 0.25,
    "d": 0.25
  },
  "z_floor": 0.0,
  "piece_aabb": {
    "w": 0.0300283320248127,
    "d": 0.0300283320248127,
    "h": 0.0300283320248127
  },
  "poses": [
    {
      "R": [
        [
          0.9298213519960553,
          0.18976852426906374,
          -0.3153096265085631
        ],
        [
          0.3677569699648635,
          -0.44729732158665025,
          0.8152790425024249
        ],
        [
          0.01367714935541306,
          -0.8740211743991962,
          -0.4856952977818081
        ]
      ],
      "tx": -0.0013065893275993473,
      "ty": -0.0031478070771895905,
      "tz": 0.0
    },
    {
      "R": [
        [
          -0.08457641722390452,
          0.2623177607937221,
          -0.9612680281907515
        ],
        [
          0.9867363014809516,
          -0.11210156395357518,
          -0.11740830762282034
        ],
        [
          -0.13855793369295144,
          -0.9584480328798897,
          -0.24935730845397241
        ]
      ],
      "tx": -0.03918447958718327,
      "ty": 0.04398881625008516,
      "tz": 0.0
    },
    {
      "R": [
        [
          -0.1027771681329741,
          -0.7420146912507534,
          -0.6624583395796418
        ],
        [
          0.8082095682577474,
          -0.4505258947909967,
          0.3792409681184222
        ],
        [
          -0.5798570060689036,
          -0.4964278558771876,
          0.6460071488938695
        ]
      ],
      "tx": 0.016422174718560764,
      "ty": 0.08894490560593049,
      "tz": 0.0
    },
    {
      "R": [
        [
          -0.12305360003217736,
          0.16047389681602564,
          -0.9793395427326523
        ],
        [
          0.9512412630405306,
          0.30032703267003136,
          -0.07031168421158762
        ],
        [
          0.28283894888819155,
          -0.9402402894411053,
          -0.18960571484934063
        ]
      ],
      "tx": 0.010449918040251749,
      "ty": -0.05938319529097085,
      "tz": 0.0
    },
    {
      "R": [
        [
          -0.4301038888846349,
          -0.887671840352542,
          -0.16446686174255623
        ],
        [
          -0.8959315051907787,
          0.39730222518424774,
          0.1986395727699567
        ],
        [
          -0.11098370498816248,
          0.23278669572975286,
          -0.9661744001567856
        ]
      ],
      "tx": -0.05333237236350723,
      "ty": -0.09126533447234754,
      "tz": 0.0
    },
    {
      "R": [
        [
          -0.9055911062689594,
          -0.3833725093064709,
          0.18146698695526345
        ],
        [
          0.38042809646363546,
          -0.5449571315273039,
          0.7471922029963828
        ],
        [
          -0.1875612211189102,
          0.7456857541254175,
          0.6393540055609181
        ]
      ],
      "tx": -0.09885016829434463,
      "ty": 0.07254972830506573,
      "tz": 0.0
    },
    {
      "R": [
        [
          0.5771286636276967,
          0.7647724187223095,
          -0.2864361240851744
        ],
        [
          0.5416729244004523,
          -0.09599593396544193,
          0.8350899494267455
        ],
        [
          0.6111570572207858,
          -0.6371090395087257,
          -0.4696585176332886
        ]
      ],
      "tx": 0.06224280394560788,
      "ty": -0.031769103883092176,
      "tz": 0.0
    },
    {
      "R": [
        [
          -0.8566975205615102,
          0.4948303754945816,
          -0.1456442849948196
        ],
        [
          -0.4887476274872225,
          -0.6884361284988145,
          0.5358931363650544
        ],
        [
          0.16490941419267727,
          0.5302816199581645,
          0.8316286963814878
        ]
      ],
      "tx": 0.08496612685854077,
      "ty": 0.0943113728552746,
      "tz": 0.0
    },
    {
      "R": [
        [
          -0.7073975310879759,
          -0.18296971750621796,
          0.682723088438007
        ],
        [
          -0.300557969255453,
          0.9521029654081771,
          -0.05625700292402551
        ],
        [
          -0.6397293491217001,
          -0.24499392999960312,
          -0.7285082938001977
        ]
      ],
      "tx": 0.09803624045958101,
      "ty": -0.08145155065044268,
      "tz": 0.0
    },
    {
      "R": [
        [
          0.7303946574681134,
          -0.6424441372545047,
          0.23192493365171543
        ],
        [
          -0.3308166499709401,
          -0.6298113797221123,
          -0.7027787490202972
        ],
        [
          0.5975650495502911,
          0.4365812140711561,
          -0.6725420842416583
        ]
      ],
      "tx": -0.09249387070447207,
      "ty": -0.015464656042568067,
      "tz": 0.0
    },
    {
      "R": [
        [
          0.5034492066632705,
          -0.26536271085964935,
          -0.8222660931811195
        ],
        [
          -0.8083262793243874,
          -0.48081344902174195,
          -0.3397455715582012
        ],
        [
          -0.3052007904048021,
          0.8357039301840301,
          -0.4565648022036404
        ]
      ],
      "tx": 0.08472432113485953,
      "ty": 0.02814463092244429,
      "tz": 0.0
    }
  ],
  "points_N": 30748
}