{
  "type": "scene",
  "distance_m": 0.4,
  "num_objects": 3,
  "intrinsics": {
    "width": 640,
    "height": 480,
    "fx": 554.2562584220408,
    "fy": 554.2562584220408,
    "cx": -0.022753675222400987,
    "cy": 0.07974912306685633
  },
  "T_wc": [
    [
      0.999999999999,
      0.0,
      0.0,
      0.0
    ],
    [
      -0.0,
      0.9999999999965001,
      0.0,
      0.0
    ],
    [
      0.0,
      0.0,
      -0.9999999999975001,
      0.41501416601240637
    ],
    [
      0.0,
      0.0,
      0.0,
      1.0
    ]
  ],
  "bin_size": {
    "w": 0.25,
    "d": 0.25
  },
  "z_floor": 0.0,
  "piece_aabb": {
    "w": 0.0300283320248127,
    "d": 0.0300283320248127,
    "h": 0.0300283320248127
  },
  "poses": [
    {
      "R": [
        [
          -0.08283630220955929,
          0.935783007497953,
          0.34270732398700304
        ],
        [
          0.9409042110490775,
          0.18675770339162368,
          -0.2825257967938491
        ],
        [
          -0.32838607258280533,
          0.29905137201151993,
          -0.8959524899411062
        ]
      ],
      "tx": 0.04184422120699832,
      "ty": -0.044394920118574314,
      "tz": 0.0
    },
    {
      "R": [
        [
          -0.8944867054203502,
          0.44469983147693576,
          0.046212484359010306
        ],
        [
          -0.4453585098221306,
          -0.8953408731527968,
          -0.004529745136117168
        ],
        [
          0.03936154919789149,
          -0.024632919972506655,
          0.9989213621193462
        ]
      ],
      "tx": -0.09003969318380906,
      "ty": 0.0366544678999457,
      "tz": 0.0
    },
    {
      "R": [
        [
          0.23120115081473314,
          -0.7707247744064607,
          0.5937418209778164
        ],
        [
          0.19370468828230697,
          -0.5615925835314715,
          -0.8044204521641038
        ],
        [
          0.9534277747157344,
          0.300993508631926,
          0.019452150576359628
        ]
      ],
      "tx": -0.022753675222400987,
      "ty": 0.07974912306685633,
      "tz": 0.0
    }
  ],
  "points_N": 7163
}