{
  "type": "scene",
  "distance_m": 0.4,
  "num_objects": 11,
  "intrinsics": {
    "width": 640,
    "height": 480,
    "fx": 554.2562584220408,
    "fy": 554.2562584220408,
    "cx": -0.08925529686260018,
    "cy": 0.09857817275941283
  },
  "T_wc": [
    [
      0.999999999999,
      0.0,
      0.0,
      0.0
    ],
    [
      -0.0,
      0.9999999999965001,
      0.0,
      0.0
    ],
    [
      0.0,
      0.0,
      -0.9999999999975001,
      0.41501416601240637
    ],
    [
      0.0,
      0.0,
      0.0,
      1.0
    ]
  ],
  "bin_size": {
    "w": 0.25,
    "d": 0.25
  },
  "z_floor": 0.0,
  "piece_aabb": {
    "w": 0.0300283320248127,
    "d": 0.0300283320248127,
    "h": 0.0300283320248127
  },
  "poses": [
    {
      "R": [
        [
          0.7300420118036596,
          -0.5222353231693038,
          -0.4408048641246128
        ],
        [
          0.4945118658086345,
          -0.041519461772172805,
          0.868178638799995
        ],
        [
          -0.4716955327074113,
          -0.851790115890295,
          0.2279406126504654
        ]
      ],
      "tx": -0.04848962809205615,
      "ty": 0.05797553768225755,
      "tz": 0.0
    },
    {
      "R": [
        [
          0.1594781262112427,
          -0.23270560733427026,
          0.9593825241139946
        ],
        [
          -0.7902406943576344,
          -0.6125546345112733,
          -0.017218150885744188
        ],
        [
          0.5916809716741911,
          -0.7553971935703421,
          -0.2815825060346193
        ]
      ],
      "tx": -0.07962260063741526,
      "ty": -0.06467331006930709,
      "tz": 0.0
    },
    {
      "R": [
        [
          0.08206293826684397,
          -0.02717598179044345,
          0.9962565634296907
        ],
        [
          -0.9702347847850267,
          -0.23070244998860612,
          0.07362636730416261
        ],
        [
          0.22783796118330452,
          -0.9726447684447699,
          -0.04529920375519714
        ]
      ],
      "tx": 0.015501689040094191,
      "ty": -0.07237719654863906,
      "tz": 0.0
    },
    {
      "R": [
        [
          -0.5935870998763702,
          -0.5580906828621834,
          0.5798181995787838
        ],
        [
          0.23485802115476798,
          -0.809244301357892,
          -0.5384843271805075
        ],
        [
          0.7697376596994764,
          -0.18346239511736231,
          0.6114290513364358
        ]
      ],
      "tx": 0.06994681598394512,
      "ty": -0.006497614673150159,
      "tz": 0.0
    },
    {
      "R": [
        [
          -0.7537400434374002,
          -0.35315670590292614,
          0.5542168239910987
        ],
        [
          -0.39086888764953664,
          0.9188650032292679,
          0.05393160954478696
        ],
        [
          -0.5282967533371754,
          -0.1759756997891232,
          -0.8306233162493866
        ]
      ],
      "tx": -0.0269364474317111,
      "ty": -0.019270920005294914,
      "tz": 0.0
    },
    {
      "R": [
        [
          0.21206402372733002,
          0.8947824533222393,
          0.39292901530328467
        ],
        [
          -0.7822706385307332,
          -0.08556199199539893,
          0.6170346778087097
        ],
        [
          0.5857315920567143,
          -0.4382276882539644,
          0.6818174208058143
        ]
      ],
      "tx": 0.0980598163762855,
      "ty": 0.08967445735424523,
      "tz": 0.0
    },
    {
      "R": [
        [
          0.2126793613755671,
          0.6494847356308306,
          -0.7300253882074451
        ],
        [
          -0.9555489156031831,
          -0.01788117577973547,
          -0.29428987995225925
        ],
        [
          -0.20419049716982896,
          0.7601643517919556,
          0.6168114777873819
        ]
      ],
      "tx": 0.007515240963593656,
      "ty": 0.045716027345431454,
      "tz": 0.0
    },
    {
      "R": [
        [
          0.727942777659656,
          0.008473400885626203,
          -0.6855855263426849
        ],
        [
          -0.6798956876178307,
          -0.12021958982763437,
          -0.7233872435842041
        ],
        [
          -0.08855036087911744,
          0.9927111622718396,
          -0.08175195342663821
        ]
      ],
      "tx": 0.09626548217866038,
      "ty": -0.06059841467077842,
      "tz": 0.0
    },
    {
      "R": [
        [
          -0.6731361164822687,
          -0.7395184531399153,
          0.00047555516642527884
        ],
        [
          -0.5642471018443198,
          0.5131819792666659,
          -0.6467375543574324
        ],
        [
          0.4780303094443437,
          -0.4356107363478249,
          -0.7627124685168392
        ]
      ],
      "tx": -0.08956532570316644,
      "ty": 0.017274119854693112,
      "tz": 0.0
    },
    {
      "R": [
        [
          0.07724251169915075,
          0.3473667057884271,
          -0.9345426507635181
        ],
        [
          0.026421402704919522,
          0.93630074168309,
          0.35020398427602173
        ],
        [
          0.9966621814163067,
          -0.05174256307327568,
          0.06314430537346227
        ]
      ],
      "tx": 0.034409454586337096,
      "ty": 0.09756301404763845,
      "tz": 0.0
    },
    {
      "R": [
        [
          0.10355266718775025,
          0.15556419463471294,
          -0.9823831362894804
        ],
        [
          0.9083570240993518,
          -0.4171400145726527,
          0.029693854780007467
        ],
        [
          -0.40517201518327045,
          -0.895429500066856,
          -0.1845037899945352
        ]
      ],
      "tx": -0.08925529686260018,
      "ty": 0.09857817275941283,
      "tz": 0.0
    }
  ],
  "points_N": 29063
}