{
  "type": "scene",
  "distance_m": 0.4,
  "num_objects": 12,
  "intrinsics": {
    "width": 640,
    "height": 480,
    "fx": 554.2562584220408,
    "fy": 554.2562584220408,
    "cx": 0.09661075951272119,
    "cy": 0.09785856629807863
  },
  "T_wc": [
    [
      0.999999999999,
      0.0,
      0.0,
      0.0
    ],
    [
      -0.0,
      0.9999999999965001,
      0.0,
      0.0
    ],
    [
      0.0,
      0.0,
      -0.9999999999975001,
      0.41501416601240637
    ],
    [
      0.0,
      0.0,
      0.0,
      1.0
    ]
  ],
  "bin_size": {
    "w": 0.25,
    "d": 0.25
  },
  "z_floor": 0.0,
  "piece_aabb": {
    "w": 0.0300283320248127,
    "d": 0.0300283320248127,
    "h": 0.0300283320248127
  },
  "poses": [
    {
      "R": [
        [
          -0.15161868066174544,
          0.9463768432975761,
          0.28527643811662157
        ],
        [
          -0.9711486715068816,
          -0.0888807455930749,
          -0.22129272670659075
        ],
        [
          -0.18407072962535456,
          -0.31059794515246575,
          0.9325485954963717
        ]
      ],
      "tx": 0.07184700818299031,
      "ty": 0.04478103360345834,
      "tz": 0.0
    },
    {
      "R": [
        [
          -0.21745017320690452,
          0.4883311179166461,
          -0.8451320260447867
        ],
        [
          -0.026088655425068774,
          -0.8684490503067399,
          -0.49509153606119516
        ],
        [
          -0.9757227086782388,
          -0.08560938205360658,
          0.20158429867923822
        ]
      ],
      "tx": -0.02670409113138017,
      "ty": 0.08678593236610771,
      "tz": 0.0
    },
    {
      "R": [
        [
          0.30137820292012274,
          -0.0539624639591407,
          0.9519764867306838
        ],
        [
          -0.33662129641101235,
          0.9280888671130368,
          0.15917649808752962
        ],
        [
          -0.8921083351293199,
          -0.36842788605682164,
          0.26154084034524117
        ]
      ],
      "tx": 0.00041514156271889313,
      "ty": 0.02823548798357442,
      "tz": 0.0
    },
    {
      "R": [
        [
          -0.27426186034251243,
          0.4772304772858057,
          0.8348841257989198
        ],
        [
          -0.6663727464306904,
          -0.7202595967016581,
          0.19280424314206304
        ],
        [
          0.6933453647179616,
          -0.5034651774539399,
          0.5155531207503159
        ]
      ],
      "tx": -0.019063507899790513,
      "ty": -0.07178858626447363,
      "tz": 0.0
    },
    {
      "R": [
        [
          0.8522973685224928,
          0.2149382804654224,
          -0.4768550421251739
        ],
        [
          -0.11709282218760986,
          0.9669346437500773,
          0.22655389139904847
        ],
        [
          0.5097827641277947,
          -0.13725498281111143,
          0.8492835822572733
        ]
      ],
      "tx": 0.04720604255426697,
      "ty": -0.09818583342008225,
      "tz": 0.0
    },
    {
      "R": [
        [
          0.7459863476639972,
          -0.41692508700182623,
          0.5193051520324534
        ],
        [
          0.5883816996632043,
          0.7778835515026485,
          -0.22069018057690148
        ],
        [
          -0.31194766323915435,
          0.47018150977058437,
          0.8256016008157234
        ]
      ],
      "tx": -0.08481019595680511,
      "ty": 0.011225776467284398,
      "tz": 0.0
    },
    {
      "R": [
        [
          0.22020224651318998,
          -0.451993178024363,
          -0.8644149105898054
        ],
        [
          -0.9308501800467469,
          -0.362274734525162,
          -0.047696530604046716
        ],
        [
          -0.2915971758050538,
          0.8151436583475089,
          -0.5005116415412898
        ]
      ],
      "tx": -0.09379209559892084,
      "ty": -0.07099323790252535,
      "tz": 0.0
    },
    {
      "R": [
        [
          -0.25762529120388344,
          -0.4497368015330707,
          -0.8551994028756789
        ],
        [
          0.612119106706023,
          0.6088541421431934,
          -0.5045858032094209
        ],
        [
          0.7476225040336433,
          -0.6534779590329572,
          0.11843626353691616
        ]
      ],
      "tx": 0.09287751735220759,
      "ty": -0.025384206181031738,
      "tz": 0.0
    },
    {
      "R": [
        [
          -0.8828809900071222,
          -0.41758411737924717,
          -0.21481308711677397
        ],
        [
          -0.44963044610942915,
          0.8836809977050438,
          0.13015512370419435
        ],
        [
          0.13547553068904858,
          0.21149798866091735,
          -0.9679436870897538
        ]
      ],
      "tx": 0.02690865773128112,
      "ty": -0.034244102293276096,
      "tz": 0.0
    },
    {
      "R": [
        [
          -0.616200098054851,
          -0.11512910649990049,
          -0.7791294680563219
        ],
        [
          0.7836389072858051,
          -0.18858561910564875,
          -0.5918999301017434
        ],
        [
          -0.07878770300688903,
          -0.9752849599491802,
          0.2064261241990084
        ]
      ],
      "tx": 0.036614288540247286,
      "ty": 0.0908790030195977,
      "tz": 0.0
    },
    {
      "R": [
        [
          -0.05224885882883967,
          -0.8775909948872832,
          -0.476554406593657
        ],
        [
          0.987359236070387,
          0.026108835921292095,
          -0.15633319427855621
        ],
        [
          0.14963888431014757,
          -0.4786986258384117,
          0.8651334174119218
        ]
      ],
      "tx": -0.08920683381466801,
      "ty": 0.07129565017446293,
      "tz": 0.0
    },
    {
      "R": [
        [
          0.6332233334149904,
          0.4516517003295941,
          -0.6285212419705435
        ],
        [
          -0.6222954117883506,
          -0.18574445963676722,
          -0.7604258124113178
        ],
        [
          -0.460191949610133,
          0.8726452528396816,
          0.16344305494695355
        ]
      ],
      "tx": 0.09661075951272119,
      "ty": 0.09785856629807863,
      "tz": 0.0
    }
  ],
  "points_N": 32261
}