{
  "type": "scene",
  "distance_m": 0.4,
  "num_objects": 9,
  "intrinsics": {
    "width": 640,
    "height": 480,
    "fx": 554.2562584220408,
    "fy": 554.2562584220408,
    "cx": 0.09875734119317894,
    "cy": 0.012274732666351443
  },
  "T_wc": [
    [
      0.999999999999,
      0.0,
      0.0,
      0.0
    ],
    [
      -0.0,
      0.9999999999965001,
      0.0,
      0.0
    ],
    [
      0.0,
      0.0,
      -0.9999999999975001,
      0.41501416601240637
    ],
    [
      0.0,
      0.0,
      0.0,
      1.0
    ]
  ],
  "bin_size": {
    "w": 0.25,
    "d": 0.25
  },
  "z_floor": 0.0,
  "piece_aabb": {
    "w": 0.0300283320248127,
    "d": 0.0300283320248127,
    "h": 0.0300283320248127
  },
  "poses": [
    {
      "R": [
        [
          -0.9323406092657098,
          0.08722160036371585,
          -0.35090366305303355
        ],
        [
          -0.32337807793775225,
          0.23302878654030423,
          0.9171282371363549
        ],
        [
          0.16176404737558256,
          0.9685504514859025,
          -0.18905664733916283
        ]
      ],
      "tx": -0.06012685573496727,
      "ty": 0.011539870701198815,
      "tz": 0.0
    },
    {
      "R": [
        [
          0.38215669098593374,
          -0.8959017706661064,
          0.22653097106580555
        ],
        [
          -0.46814121794046437,
          0.02366312819187677,
          0.8833367740728297
        ],
        [
          -0.7967434113940951,
          -0.4436215433018442,
          -0.41036552330646625
        ]
      ],
      "tx": -0.07594724183061041,
      "ty": -0.07037790781281507,
      "tz": 0.0
    },
    {
      "R": [
        [
          -0.6100179662597476,
          -0.6044637941467202,
          -0.5123491020837968
        ],
        [
          -0.703291912416187,
          0.11514417211576,
          0.7015142946211136
        ],
        [
          -0.36504597898114666,
          0.7882673031361428,
          -0.49535451147250953
        ]
      ],
      "tx": 0.08275554469345764,
      "ty": -0.05515238328785719,
      "tz": 0.0
    },
    {
      "R": [
        [
          -0.37390181776345166,
          -0.7258762063724168,
          -0.5773224087938862
        ],
        [
          0.9266684621493241,
          -0.3182249178733654,
          -0.20004615193073952
        ],
        [
          -0.0385096342620026,
          -0.6097840885648611,
          0.7916314631203893
        ]
      ],
      "tx": 0.07625135736093105,
      "ty": 0.06842037913008689,
      "tz": 0.0
    },
    {
      "R": [
        [
          0.8846877504449704,
          0.4308462130350641,
          0.1780424806779604
        ],
        [
          -0.2722297613785353,
          0.7874890036181659,
          -0.5529484842191487
        ],
        [
          -0.3784422561400927,
          0.4407182885855912,
          0.8139710368764874
        ]
      ],
      "tx": 0.008638498377832121,
      "ty": 0.013791861311073267,
      "tz": 0.0
    },
    {
      "R": [
        [
          -0.6991851363257839,
          -0.7051496949939373,
          -0.11791544763537976
        ],
        [
          0.015263768103595088,
          0.1501698407712745,
          -0.988542379620626
        ],
        [
          0.7147777014739439,
          -0.6929739725074003,
          -0.09423327916897661
        ]
      ],
      "tx": 0.019943951832571374,
      "ty": 0.08784879587967492,
      "tz": 0.0
    },
    {
      "R": [
        [
          0.2634048870975505,
          0.6773679570593938,
          0.6868700868448926
        ],
        [
          0.30032647048569283,
          -0.7342108744456299,
          0.6088829140084242
        ],
        [
          0.916745262643191,
          0.04590253364431135,
          -0.39682626025289713
        ]
      ],
      "tx": -0.009456443717929808,
      "ty": -0.0886686678717716,
      "tz": 0.0
    },
    {
      "R": [
        [
          0.23655473353700873,
          0.7916121796082913,
          0.5633755542593639
        ],
        [
          0.9716033182420927,
          -0.18952130162876313,
          -0.14166392698882363
        ],
        [
          -0.00537122166643228,
          0.5808888304355233,
          -0.8139651814746505
        ]
      ],
      "tx": -0.07638213693899815,
      "ty": 0.07235837882633259,
      "tz": 0.0
    },
    {
      "R": [
        [
          0.39850219047675806,
          -0.7267467474068814,
          -0.5594954596051196
        ],
        [
          0.10127613142454178,
          -0.5714272519987649,
          0.8143795435034079
        ],
        [
          -0.9115586373837421,
          -0.3811955676639728,
          -0.15411291251688475
        ]
      ],
      "tx": 0.09875734119317894,
      "ty": 0.012274732666351443,
      "tz": 0.0
    }
  ],
  "points_N": 23340
}