{
  "type": "scene",
  "distance_m": 0.4,
  "num_objects": 7,
  "intrinsics": {
    "width": 640,
    "height": 480,
    "fx": 554.2562584220408,
    "fy": 554.2562584220408,
    "cx": 0.007762665414207906,
    "cy": 0.026490892685744977
  },
  "T_wc": [
    [
      0.999999999999,
      0.0,
      0.0,
      0.0
    ],
    [
      -0.0,
      0.9999999999965001,
      0.0,
      0.0
    ],
    [
      0.0,
      0.0,
      -0.9999999999975001,
      0.41501416601240637
    ],
    [
      0.0,
      0.0,
      0.0,
      1.0
    ]
  ],
  "bin_size": {
    "w": 0.25,
    "d": 0.25
  },
  "z_floor": 0.0,
  "piece_aabb": {
    "w": 0.0300283320248127,
    "d": 0.0300283320248127,
    "h": 0.0300283320248127
  },
  "poses": [
    {
      "R": [
        [
          -0.8637222129185549,
          -0.023775364786685377,
          0.5034070628629825
        ],
        [
          -0.4581324485520605,
          -0.3791811073034763,
          -0.8039504633046762
        ],
        [
          0.20999666305626982,
          -0.9250169835702314,
          0.3166148790121238
        ]
      ],
      "tx": 0.05957890853489742,
      "ty": -0.0013339046764775514,
      "tz": 0.0
    },
    {
      "R": [
        [
          0.5233168537139725,
          0.002216228504177631,
          -0.852135293806169
        ],
        [
          -0.8317445038065603,
          0.2187948488391962,
          -0.5102253369924039
        ],
        [
          0.18531203686346864,
          0.9757683651628857,
          0.11634236778088147
        ]
      ],
      "tx": -0.022834002638786627,
      "ty": -0.03923769226808458,
      "tz": 0.0
    },
    {
      "R": [
        [
          -0.592235696833032,
          0.7679006863840626,
          0.244101239750189
        ],
        [
          -0.7632902197281403,
          -0.4375946889954663,
          -0.4752882584604095
        ],
        [
          -0.2581567738101425,
          -0.46780276187069186,
          0.8452902792071442
        ]
      ],
      "tx": 0.03543737517004894,
      "ty": 0.09749941955435706,
      "tz": 0.0
    },
    {
      "R": [
        [
          0.4650048457919428,
          0.34683755082633594,
          -0.8145392603962074
        ],
        [
          -0.11280339050772865,
          0.9357760035459194,
          0.3340638655670325
        ],
        [
          0.8780921867776599,
          -0.06345852601830843,
          0.47426482791327806
        ]
      ],
      "tx": -0.06148694630477671,
      "ty": 0.044899044505340435,
      "tz": 0.0
    },
    {
      "R": [
        [
          -0.02687637067302928,
          -0.6084902705732373,
          0.79310607822482
        ],
        [
          -0.5074162122398229,
          0.6918859471951169,
          0.5136366649978437
        ],
        [
          -0.8612818634196573,
          -0.3886301927174784,
          -0.32735321145933294
        ]
      ],
      "tx": -0.09260954019023099,
      "ty": -0.07638709421533743,
      "tz": 0.0
    },
    {
      "R": [
        [
          0.9871572771582817,
          0.15581009796236656,
          -0.035266464614491136
        ],
        [
          -0.051118765464299984,
          0.09893553321425863,
          -0.993779971666272
        ],
        [
          -0.15135184825714326,
          0.9828199090578945,
          0.10562975143669806
        ]
      ],
      "tx": 0.06062137774752907,
      "ty": -0.08260096277468545,
      "tz": 0.0
    },
    {
      "R": [
        [
          -0.7771512472921682,
          -0.3293904677418916,
          -0.5362255668960638
        ],
        [
          -0.29106184325777273,
          0.943601320254166,
          -0.15779591824246475
        ],
        [
          0.5579596241948113,
          0.033443507222967975,
          -0.8291939396745567
        ]
      ],
      "tx": 0.007762665414207906,
      "ty": 0.026490892685744977,
      "tz": 0.0
    }
  ],
  "points_N": 17000
}