{
  "type": "scene",
  "distance_m": 0.4,
  "num_objects": 5,
  "intrinsics": {
    "width": 640,
    "height": 480,
    "fx": 554.2562584220408,
    "fy": 554.2562584220408,
    "cx": 0.05730770715453379,
    "cy": -0.08241153075659832
  },
  "T_wc": [
    [
      0.999999999999,
      0.0,
      0.0,
      0.0
    ],
    [
      -0.0,
      0.9999999999965001,
      0.0,
      0.0
    ],
    [
      0.0,
      0.0,
      -0.9999999999975001,
      0.41501416601240637
    ],
    [
      0.0,
      0.0,
      0.0,
      1.0
    ]
  ],
  "bin_size": {
    "w": 0.25,
    "d": 0.25
  },
  "z_floor": 0.0,
  "piece_aabb": {
    "w": 0.0300283320248127,
    "d": 0.0300283320248127,
    "h": 0.0300283320248127
  },
  "poses": [
    {
      "R": [
        [
          0.67596307747037,
          -0.4411411903495599,
          0.590312093789175
        ],
        [
          0.736711337006698,
          0.38476335137243267,
          -0.5560697522491735
        ],
        [
          0.018174812862584544,
          0.8107722328851841,
          0.5850795352426734
        ]
      ],
      "tx": -0.09830475410901053,
      "ty": -0.058965970350334546,
      "tz": 0.0
    },
    {
      "R": [
        [
          -0.47974413016961726,
          0.8769583657492501,
          0.02809972082071485
        ],
        [
          -0.876075185670018,
          -0.4770045857396934,
          -0.07041941661606908
        ],
        [
          -0.0483512008231574,
          -0.058400769906811374,
          0.9971216131712572
        ]
      ],
      "tx": -0.08424579478977902,
      "ty": 0.0009084168319947877,
      "tz": 0.0
    },
    {
      "R": [
        [
          0.5411290428521094,
          -0.8111483814359212,
          -0.2218505404001649
        ],
        [
          -0.3480516531523795,
          0.024125887132476542,
          -0.9371648671967844
        ],
        [
          0.765532106263255,
          0.5843425749198462,
          -0.2692663168986942
        ]
      ],
      "tx": -0.046714920180624064,
      "ty": 0.06240920608335576,
      "tz": 0.0
    },
    {
      "R": [
        [
          0.8367385373033885,
          -0.18156636523195047,
          0.5166258561162458
        ],
        [
          0.024153781057234355,
          0.954750987463948,
          0.2964239308781517
        ],
        [
          -0.5470696619737061,
          -0.23555085852756735,
          0.8032624589727202
        ]
      ],
      "tx": -0.01173111677395458,
      "ty": -0.01372385298184331,
      "tz": 0.0
    },
    {
      "R": [
        [
          0.884719811802388,
          -0.06818582565437001,
          -0.4611090411000189
        ],
        [
          0.05984990184266836,
          -0.9644370473049639,
          0.25744741411617433
        ],
        [
          -0.46226490657821956,
          -0.2553661586144763,
          -0.849175648014423
        ]
      ],
      "tx": 0.05730770715453379,
      "ty": -0.08241153075659832,
      "tz": 0.0
    }
  ],
  "points_N": 13574
}