{
  "type": "scene",
  "distance_m": 0.4,
  "num_objects": 3,
  "intrinsics": {
    "width": 640,
    "height": 480,
    "fx": 554.2562584220408,
    "fy": 554.2562584220408,
    "cx": 0.035026589522052454,
    "cy": -0.07883083231307333
  },
  "T_wc": [
    [
      0.999999999999,
      0.0,
      0.0,
      0.0
    ],
    [
      -0.0,
      0.9999999999965001,
      0.0,
      0.0
    ],
    [
      0.0,
      0.0,
      -0.9999999999975001,
      0.41501416601240637
    ],
    [
      0.0,
      0.0,
      0.0,
      1.0
    ]
  ],
  "bin_size": {
    "w": 0.25,
    "d": 0.25
  },
  "z_floor": 0.0,
  "piece_aabb": {
    "w": 0.0300283320248127,
    "d": 0.0300283320248127,
    "h": 0.0300283320248127
  },
  "poses": [
    {
      "R": [
        [
          -0.7023565708931747,
          -0.3079273422419376,
          -0.641775661133232
        ],
        [
          -0.6620515348683076,
          -0.048629256078932315,
          0.7478789745886212
        ],
        [
          -0.2615014579341738,
          0.9501662735295471,
          -0.16970869201450833
        ]
      ],
      "tx": -0.030810691830324824,
      "ty": 0.09313399315379234,
      "tz": 0.0
    },
    {
      "R": [
        [
          0.4531561040020239,
          -0.8084057692870726,
          0.37567227418201
        ],
        [
          -0.4342800466599023,
          -0.568237352030522,
          -0.6989328671842625
        ],
        [
          0.7784923804885826,
          0.15357872229158953,
          -0.6085747198007021
        ]
      ],
      "tx": -0.049390733978130076,
      "ty": -0.05087913497636899,
      "tz": 0.0
    },
    {
      "R": [
        [
          -0.9195797626204838,
          -0.2574833811430544,
          0.2967749460685579
        ],
        [
          -0.32739616627919127,
          0.08456186590331038,
          -0.941095659930827
        ],
        [
          0.21722064930513182,
          -0.962575503152917,
          -0.16206045244095146
        ]
      ],
      "tx": 0.035026589522052454,
      "ty": -0.07883083231307333,
      "tz": 0.0
    }
  ],
  "points_N": 7928
}