{
  "type": "scene",
  "distance_m": 0.4,
  "num_objects": 4,
  "intrinsics": {
    "width": 640,
    "height": 480,
    "fx": 554.2562584220408,
    "fy": 554.2562584220408,
    "cx": 0.09243145266322711,
    "cy": 0.0391759750863612
  },
  "T_wc": [
    [
      0.999999999999,
      0.0,
      0.0,
      0.0
    ],
    [
      -0.0,
      0.9999999999965001,
      0.0,
      0.0
    ],
    [
      0.0,
      0.0,
      -0.9999999999975001,
      0.41501416601240637
    ],
    [
      0.0,
      0.0,
      0.0,
      1.0
    ]
  ],
  "bin_size": {
    "w": 0.25,
    "d": 0.25
  },
  "z_floor": 0.0,
  "piece_aabb": {
    "w": 0.0300283320248127,
    "d": 0.0300283320248127,
    "h": 0.0300283320248127
  },
  "poses": [
    {
      "R": [
        [
          -0.3955458564729708,
          0.8666721825476047,
          0.30401118963820317
        ],
        [
          0.8834077032014638,
          0.26845356607072945,
          0.3840878972165397
        ],
        [
          0.25126540818699805,
          0.4204902030512482,
          -0.8718105779276493
        ]
      ],
      "tx": -0.04489934756157794,
      "ty": -0.022402247436100725,
      "tz": 0.0
    },
    {
      "R": [
        [
          0.5171395423267477,
          -0.799169194052773,
          0.3064233885314941
        ],
        [
          -0.6421001127110921,
          -0.12552431958986787,
          0.7562744808916292
        ],
        [
          -0.5659276800250052,
          -0.5878539312350829,
          -0.5780602187600987
        ]
      ],
      "tx": 0.016288577959544526,
      "ty": 0.026936820985404064,
      "tz": 0.0
    },
    {
      "R": [
        [
          -0.9119608112552138,
          -0.40893964191849397,
          0.03310359500577556
        ],
        [
          0.2595853610348401,
          -0.6376052299083015,
          -0.7253102861051909
        ],
        [
          0.317715153984106,
          -0.6528613482671156,
          0.6876257273166122
        ]
      ],
      "tx": -0.08355986897641492,
      "ty": 0.09752209292358621,
      "tz": 0.0
    },
    {
      "R": [
        [
          -0.6395634898933487,
          -0.5854729199066144,
          0.49817667794815934
        ],
        [
          -0.37372120405654774,
          0.803110361299258,
          0.4640541016005565
        ],
        [
          -0.6717819616765288,
          0.11061287280329726,
          -0.7324437100120642
        ]
      ],
      "tx": 0.09243145266322711,
      "ty": 0.0391759750863612,
      "tz": 0.0
    }
  ],
  "points_N": 11191
}