{
  "type": "scene",
  "distance_m": 0.4,
  "num_objects": 9,
  "intrinsics": {
    "width": 640,
    "height": 480,
    "fx": 554.2562584220408,
    "fy": 554.2562584220408,
    "cx": -0.04186738901148349,
    "cy": 0.041059253871849194
  },
  "T_wc": [
    [
      0.999999999999,
      0.0,
      0.0,
      0.0
    ],
    [
      -0.0,
      0.9999999999965001,
      0.0,
      0.0
    ],
    [
      0.0,
      0.0,
      -0.9999999999975001,
      0.41501416601240637
    ],
    [
      0.0,
      0.0,
      0.0,
      1.0
    ]
  ],
  "bin_size": {
    "w": 0.25,
    "d": 0.25
  },
  "z_floor": 0.0,
  "piece_aabb": {
    "w": 0.0300283320248127,
    "d": 0.0300283320248127,
    "h": 0.0300283320248127
  },
  "poses": [
    {
      "R": [
        [
          0.45975435002090026,
          0.25697284658332575,
          -0.8500534652336417
        ],
        [
          -0.4116094309472056,
          -0.786524232361947,
          -0.46038821473053326
        ],
        [
          -0.7868949192822235,
          0.5615555075202384,
          -0.25583549007420814
        ]
      ],
      "tx": 0.04650454464284737,
      "ty": -0.09367223190324431,
      "tz": 0.0
    },
    {
      "R": [
        [
          0.37068300807396726,
          -0.8882456752527298,
          0.2713184990376754
        ],
        [
          0.902734600189432,
          0.27590902882263246,
          -0.33006734075787936
        ],
        [
          0.21832166439925613,
          0.3672789514918786,
          0.9041248932780055
        ]
      ],
      "tx": -0.09223377235924395,
      "ty": 0.0049156450964984305,
      "tz": 0.0
    },
    {
      "R": [
        [
          -0.974131393488495,
          0.14760898599286276,
          0.17111287349092766
        ],
        [
          -0.008548949028780381,
          -0.7807246789044628,
          0.6248166860928305
        ],
        [
          0.225820600678208,
          0.6071907138648304,
          0.761790321089505
        ]
      ],
      "tx": 0.07931158429133689,
      "ty": -0.006660254651358596,
      "tz": 0.0
    },
    {
      "R": [
        [
          0.049060137448482255,
          0.1170310588009256,
          -0.9919157394605
        ],
        [
          0.1881953999851846,
          -0.976406246043487,
          -0.10589303145949713
        ],
        [
          -0.9809054971494209,
          -0.18147885266112956,
          -0.0699273315581801
        ]
      ],
      "tx": 0.056264135026240975,
      "ty": 0.06878696969949644,
      "tz": 0.0
    },
    {
      "R": [
        [
          -0.41542498022790086,
          0.7758248122136059,
          0.4748872987945364
        ],
        [
          -0.9080011698536009,
          -0.32247994557898885,
          -0.26747067174526745
        ],
        [
          -0.05436875340800407,
          -0.5423122213753766,
          0.8384160621074503
        ]
      ],
      "tx": 0.01357725952365059,
      "ty": 0.026554162483190702,
      "tz": 0.0
    },
    {
      "R": [
        [
          0.9228791460910237,
          0.10734969552372214,
          0.3698244510321986
        ],
        [
          -0.15647645735411253,
          0.9820394881174929,
          0.10542088062542042
        ],
        [
          -0.3518653151480116,
          -0.15515955223219965,
          0.9231014642751325
        ]
      ],
      "tx": -0.03627346731280996,
      "ty": -0.027145196185947046,
      "tz": 0.0
    },
    {
      "R": [
        [
          -0.04503388075706516,
          -0.8561871114985711,
          -0.514699504262139
        ],
        [
          -0.3202161467976566,
          0.5004080739980574,
          -0.804396282194054
        ],
        [
          0.9462735169674885,
          0.12859000575973245,
          -0.29670025531618904
        ]
      ],
      "tx": -0.002995650952415524,
      "ty": 0.09088071492306182,
      "tz": 0.0
    },
    {
      "R": [
        [
          -0.13878113995150132,
          0.5302932555068537,
          -0.8363784181563416
        ],
        [
          -0.8636862830119315,
          -0.4780344334357107,
          -0.1597782368998748
        ],
        [
          -0.48454700466600276,
          0.7001943613124441,
          0.5243491743632893
        ]
      ],
      "tx": -0.09031193113789168,
      "ty": -0.0857036817747627,
      "tz": 0.0
    },
    {
      "R": [
        [
          0.12153257360714909,
          -0.10614937070147062,
          -0.9868952044934176
        ],
        [
          -0.9641083948339269,
          -0.24908415136065898,
          -0.09193524107592915
        ],
        [
          -0.23606108650764912,
          0.9626470779266003,
          -0.1326113373592399
        ]
      ],
      "tx": -0.04186738901148349,
      "ty": 0.041059253871849194,
      "tz": 0.0
    }
  ],
  "points_N": 22507
}