{
  "type": "scene",
  "distance_m": 0.4,
  "num_objects": 8,
  "intrinsics": {
    "width": 640,
    "height": 480,
    "fx": 554.2562584220408,
    "fy": 554.2562584220408,
    "cx": -0.04517415919515553,
    "cy": 0.08389235067671028
  },
  "T_wc": [
    [
      0.999999999999,
      0.0,
      0.0,
      0.0
    ],
    [
      -0.0,
      0.9999999999965001,
      0.0,
      0.0
    ],
    [
      0.0,
      0.0,
      -0.9999999999975001,
      0.41501416601240637
    ],
    [
      0.0,
      0.0,
      0.0,
      1.0
    ]
  ],
  "bin_size": {
    "w": 0.25,
    "d": 0.25
  },
  "z_floor": 0.0,
  "piece_aabb": {
    "w": 0.0300283320248127,
    "d": 0.0300283320248127,
    "h": 0.0300283320248127
  },
  "poses": [
    {
      "R": [
        [
          -0.874760214713848,
          -0.4845486549740048,
          0.0026772591703404514
        ],
        [
          0.3805143940859097,
          -0.6835043886055434,
          0.6229209794591888
        ],
        [
          -0.30000560435967744,
          0.5459252253924936,
          0.7822801835870188
        ]
      ],
      "tx": 0.07453882282344007,
      "ty": 0.003904047127786414,
      "tz": 0.0
    },
    {
      "R": [
        [
          0.3294146817169856,
          -0.9125321778858904,
          0.24242729176421243
        ],
        [
          0.9317383878582486,
          0.3557276364105817,
          0.07294809994134764
        ],
        [
          -0.15280557601281733,
          0.20184863887719068,
          0.9674231664183035
        ]
      ],
      "tx": -0.09160823160590283,
      "ty": 0.014836829681491193,
      "tz": 0.0
    },
    {
      "R": [
        [
          -0.23107245714551006,
          -0.6383396127548839,
          0.7342534019919019
        ],
        [
          0.42065980023279165,
          -0.746041614275166,
          -0.5162046515073384
        ],
        [
          0.877297470654535,
          0.18959021218841865,
          0.44091348292551225
        ]
      ],
      "tx": -0.013627000998285926,
      "ty": 0.027352769029700102,
      "tz": 0.0
    },
    {
      "R": [
        [
          -0.9621770393125135,
          0.27234861392197923,
          0.006448062855036643
        ],
        [
          0.2485061113246628,
          0.8871506079588347,
          -0.3888553862717658
        ],
        [
          -0.11162462834921377,
          -0.37254534125800925,
          -0.921276240360541
        ]
      ],
      "tx": 0.07543316224856872,
      "ty": 0.06214564276438733,
      "tz": 0.0
    },
    {
      "R": [
        [
          -0.763364973251164,
          -0.47213278257693314,
          0.4408679544142572
        ],
        [
          -0.2109758844757904,
          0.8272903997377015,
          0.5206532153665163
        ],
        [
          -0.6105432775675342,
          0.304435921201813,
          -0.7311331452608996
        ]
      ],
      "tx": -0.015659664215533844,
      "ty": -0.09122052308858399,
      "tz": 0.0
    },
    {
      "R": [
        [
          -0.9297531504822474,
          0.36603093554631216,
          0.03975466502722377
        ],
        [
          0.01592503766836187,
          0.1478535914125645,
          -0.9888810386905332
        ],
        [
          -0.3678389217355833,
          -0.9187821666366288,
          -0.1432963988623075
        ]
      ],
      "tx": 0.09054554399446338,
      "ty": -0.05178256141780162,
      "tz": 0.0
    },
    {
      "R": [
        [
          0.9808595559847316,
          -0.13705622395955383,
          0.13831168752995462
        ],
        [
          -0.1575288699156723,
          -0.9760655671853786,
          0.1499355318067644
        ],
        [
          0.11445167791048924,
          -0.16885378298704085,
          -0.9789735509166935
        ]
      ],
      "tx": -0.03853805734783228,
      "ty": -0.02613951650216395,
      "tz": 0.0
    },
    {
      "R": [
        [
          -0.09666294758399396,
          0.36843199364097967,
          0.924615671847556
        ],
        [
          0.12152339980346098,
          0.9263844281618419,
          -0.3564322580231277
        ],
        [
          -0.9878706078553923,
          0.07790864727994198,
          -0.13432015788565543
        ]
      ],
      "tx": -0.04517415919515553,
      "ty": 0.08389235067671028,
      "tz": 0.0
    }
  ],
  "points_N": 19993
}