{
  "type": "scene",
  "distance_m": 0.4,
  "num_objects": 11,
  "intrinsics": {
    "width": 640,
    "height": 480,
    "fx": 554.2562584220408,
    "fy": 554.2562584220408,
    "cx": -0.08690428882438207,
    "cy": -0.04305475545976118
  },
  "T_wc": [
    [
      0.999999999999,
      0.0,
      0.0,
      0.0
    ],
    [
      -0.0,
      0.9999999999965001,
      0.0,
      0.0
    ],
    [
      0.0,
      0.0,
      -0.9999999999975001,
      0.41501416601240637
    ],
    [
      0.0,
      0.0,
      0.0,
      1.0
    ]
  ],
  "bin_size": {
    "w": 0.25,
    "d": 0.25
  },
  "z_floor": 0.0,
  "piece_aabb": {
    "w": 0.0300283320248127,
    "d": 0.0300283320248127,
    "h": 0.0300283320248127
  },
  "poses": [
    {
      "R": [
        [
          0.5005098613423813,
          0.7711870992486657,
          -0.39339590319607937
        ],
        [
          0.7620293034363158,
          -0.17679335715527178,
          0.6229409679657714
        ],
        [
          0.41085425567151407,
          -0.6115673035882456,
          -0.6761539867355728
        ]
      ],
      "tx": -0.038282754836650466,
      "ty": 0.010683749720690416,
      "tz": 0.0
    },
    {
      "R": [
        [
          0.28154882213884314,
          -0.10219002076788736,
          0.9540898597132709
        ],
        [
          -0.9589454515616977,
          0.005233932651730111,
          0.2835422841096698
        ],
        [
          -0.033968833971179446,
          -0.9947511274708143,
          -0.09652104803711259
        ]
      ],
      "tx": -0.0557191937979331,
      "ty": -0.09197293788012001,
      "tz": 0.0
    },
    {
      "R": [
        [
          -0.03658094497744058,
          -0.779051022303235,
          -0.6258924341393192
        ],
        [
          -0.9811003335059416,
          0.14708273427783936,
          -0.12573306992149924
        ],
        [
          0.19001044723669167,
          0.6094638413602886,
          -0.769707643209598
        ]
      ],
      "tx": 0.09776084172161309,
      "ty": -0.006224052588364198,
      "tz": 0.0
    },
    {
      "R": [
        [
          0.5477182672477962,
          0.8132298978635686,
          0.19662612477461244
        ],
        [
          0.2976138862498469,
          0.0302661681355344,
          -0.954206441907439
        ],
        [
          -0.7819403266454128,
          0.581154964090647,
          -0.22545117715031737
        ]
      ],
      "tx": -0.08298031748089194,
      "ty": 0.07524096997418245,
      "tz": 0.0
    },
    {
      "R": [
        [
          -0.7032780698028169,
          0.7107835576919975,
          0.013663478661410822
        ],
        [
          -0.2199411704667393,
          -0.19926168041567394,
          -0.9549453723913439
        ],
        [
          -0.6760368614714325,
          -0.6745972997519545,
          0.2964669376156921
        ]
      ],
      "tx": 0.011432414542480618,
      "ty": -0.032731518718640884,
      "tz": 0.0
    },
    {
      "R": [
        [
          0.8088383028245324,
          0.5651337650817351,
          -0.16249439205237956
        ],
        [
          -0.45140871967340945,
          0.7738278395488246,
          0.44432042777933567
        ],
        [
          0.37684316059435563,
          -0.28603199524483436,
          0.8810079057588052
        ]
      ],
      "tx": 0.06504442723985293,
      "ty": 0.09383256090386846,
      "tz": 0.0
    },
    {
      "R": [
        [
          -0.7711108816099754,
          -0.38264684787240005,
          0.5088903595824974
        ],
        [
          -0.09255500483676832,
          0.8581379230739017,
          0.5050077980210567
        ],
        [
          -0.6299377583081942,
          0.34231665865938643,
          -0.6971353712600739
        ]
      ],
      "tx": 0.007334318001897072,
      "ty": 0.07507072892425729,
      "tz": 0.0
    },
    {
      "R": [
        [
          -0.39682466172756525,
          0.12490582636268022,
          0.9093562131450246
        ],
        [
          -0.9156075734133585,
          -0.12375383638571402,
          -0.3825542569203996
        ],
        [
          0.0647530644286784,
          -0.9844203992809544,
          0.16347329484237338
        ]
      ],
      "tx": 0.07074765868315874,
      "ty": -0.07336116707662764,
      "tz": 0.0
    },
    {
      "R": [
        [
          -0.24016193358824767,
          -0.9668061569076932,
          0.08722442674234859
        ],
        [
          -0.7410372651687894,
          0.12455164725323453,
          -0.6598110781107478
        ],
        [
          0.6270454666818952,
          -0.22309805497108876,
          -0.7463519548991626
        ]
      ],
      "tx": 0.04823654422103896,
      "ty": 0.02561719242803473,
      "tz": 0.0
    },
    {
      "R": [
        [
          0.7751774038296457,
          -0.36159923326940113,
          0.5180212226259766
        ],
        [
          0.6243514016560439,
          0.3134332394811783,
          -0.715503271577753
        ],
        [
          0.09636036447660298,
          0.8780692449273666,
          0.4687313529844368
        ]
      ],
      "tx": 0.01098042336881469,
      "ty": -0.09609824017345937,
      "tz": 0.0
    },
    {
      "R": [
        [
          -0.18500460303277988,
          0.9686240158208033,
          -0.1659542492130387
        ],
        [
          -0.13527716929015637,
          0.14216099978643948,
          0.9805561368981187
        ],
        [
          0.9733824450469227,
          0.203857219923406,
          0.10473227563446874
        ]
      ],
      "tx": -0.08690428882438207,
      "ty": -0.04305475545976118,
      "tz": 0.0
    }
  ],
  "points_N": 29036
}