{
  "type": "scene",
  "distance_m": 0.4,
  "num_objects": 12,
  "intrinsics": {
    "width": 640,
    "height": 480,
    "fx": 554.2562584220408,
    "fy": 554.2562584220408,
    "cx": 0.09693259373058086,
    "cy": -0.042488013954546086
  },
  "T_wc": [
    [
      0.999999999999,
      0.0,
      0.0,
      0.0
    ],
    [
      -0.0,
      0.9999999999965001,
      0.0,
      0.0
    ],
    [
      0.0,
      0.0,
      -0.9999999999975001,
      0.41501416601240637
    ],
    [
      0.0,
      0.0,
      0.0,
      1.0
    ]
  ],
  "bin_size": {
    "w": 0.25,
    "d": 0.25
  },
  "z_floor": 0.0,
  "piece_aabb": {
    "w": 0.0300283320248127,
    "d": 0.0300283320248127,
    "h": 0.0300283320248127
  },
  "poses": [
    {
      "R": [
        [
          -0.15140146724447012,
          0.9493413565318087,
          -0.2753699048454038
        ],
        [
          -0.7101079903493916,
          -0.29825211528453144,
          -0.6378027263741124
        ],
        [
          -0.6876221620615277,
          0.09897810114690886,
          0.719290690705213
        ]
      ],
      "tx": 0.09833749541371545,
      "ty": 0.0830067371220429,
      "tz": 0.0
    },
    {
      "R": [
        [
          -0.9888142474631998,
          0.14874628734913906,
          -0.010996636469080827
        ],
        [
          0.14234621001879436,
          0.9631423762088737,
          0.22824180082537407
        ],
        [
          0.044541447069791726,
          0.2241234149984597,
          -0.973542374189412
        ]
      ],
      "tx": -0.04556562948934916,
      "ty": -0.024818451503920272,
      "tz": 0.0
    },
    {
      "R": [
        [
          -0.6264196355029163,
          0.6581812612938925,
          0.4176073126011731
        ],
        [
          -0.776729592578267,
          -0.5720800430695361,
          -0.26346833649369894
        ],
        [
          0.0654948873546059,
          -0.4894096970873568,
          0.8695910349855667
        ]
      ],
      "tx": -0.02289045450630922,
      "ty": 0.07997680488011724,
      "tz": 0.0
    },
    {
      "R": [
        [
          -0.7176873847481628,
          0.4365191735076428,
          0.5425641242595634
        ],
        [
          -0.30331261527096065,
          -0.897300051353223,
          0.3207087078003864
        ],
        [
          0.6268383166262514,
          0.06560205028585536,
          0.7763826993226082
        ]
      ],
      "tx": 0.08249927810726698,
      "ty": -0.09792600272959869,
      "tz": 0.0
    },
    {
      "R": [
        [
          0.047591434804073796,
          -0.42945049473729857,
          0.9018355326239809
        ],
        [
          -0.9921388069445618,
          0.0842914559951159,
          0.09249615235697745
        ],
        [
          -0.11573954850400686,
          -0.8991480540022945,
          -0.4220629501578834
        ]
      ],
      "tx": -0.0841350014758745,
      "ty": 0.05245833258017088,
      "tz": 0.0
    },
    {
      "R": [
        [
          -0.20945865129601593,
          0.04588175887519119,
          -0.9767404658351022
        ],
        [
          0.7789006253581401,
          -0.5960507203559147,
          -0.19503167583726783
        ],
        [
          -0.5911352545855746,
          -0.8016348314324382,
          0.08911064930935098
        ]
      ],
      "tx": -0.09367620239861203,
      "ty": -0.06349109980506518,
      "tz": 0.0
    },
    {
      "R": [
        [
          0.7720228515865754,
          -0.5792297367871608,
          0.2616746618410139
        ],
        [
          -0.5651461806579612,
          -0.4371858258192469,
          0.6996272923424743
        ],
        [
          -0.29084447925970963,
          -0.6880126929964442,
          -0.664866921390987
        ]
      ],
      "tx": -0.00947009395756658,
      "ty": -0.0715346422617488,
      "tz": 0.0
    },
    {
      "R": [
        [
          -0.0014625705391870802,
          -0.7432123503852449,
          0.6690540061327322
        ],
        [
          0.7969307152507944,
          -0.40502188123301885,
          -0.44817263505520266
        ],
        [
          0.6040689496880925,
          0.532534203556266,
          0.5928811230469546
        ]
      ],
      "tx": 0.09506852574395741,
      "ty": 0.025878298251721943,
      "tz": 0.0
    },
    {
      "R": [
        [
          -0.6301303869650123,
          0.331781363829008,
          -0.7020376215268577
        ],
        [
          0.6092761975828733,
          0.7717561335191789,
          -0.18214001601647803
        ],
        [
          0.4813711774527839,
          -0.542506771378285,
          -0.6884534788396597
        ]
      ],
      "tx": 0.04187958503952388,
      "ty": -0.0220904452106247,
      "tz": 0.0
    },
    {
      "R": [
        [
          0.04138103660587589,
          -0.7321294579058268,
          -0.679907395662044
        ],
        [
          -0.3701054181459029,
          0.6208503908000925,
          -0.6910620606735829
        ],
        [
          0.928067664164887,
          0.28023427540165813,
          -0.24527364640669824
        ]
      ],
      "tx": 0.04194085421880267,
      "ty": 0.0715811749399165,
      "tz": 0.0
    },
    {
      "R": [
        [
          -0.3873674953094979,
          -0.2332374511565763,
          0.8919342548392395
        ],
        [
          -0.5347642028738804,
          0.8449257239574814,
          -0.011303464937317126
        ],
        [
          -0.7509818046413035,
          -0.4813531057061017,
          -0.4520238010600559
        ]
      ],
      "tx": -0.0058085713915900505,
      "ty": 0.02099068485490943,
      "tz": 0.0
    },
    {
      "R": [
        [
          -0.7764569334913412,
          0.059877707172281636,
          0.6273191298031753
        ],
        [
          0.6078962868834343,
          0.33349751218453827,
          0.7205841475914224
        ],
        [
          -0.166062442552661,
          0.9408475272596054,
          -0.2953458914949212
        ]
      ],
      "tx": 0.09693259373058086,
      "ty": -0.042488013954546086,
      "tz": 0.0
    }
  ],
  "points_N": 32332
}