{
  "type": "scene",
  "distance_m": 0.4,
  "num_objects": 3,
  "intrinsics": {
    "width": 640,
    "height": 480,
    "fx": 554.2562584220408,
    "fy": 554.2562584220408,
    "cx": -0.05624652795824198,
    "cy": 0.08666845755821859
  },
  "T_wc": [
    [
      0.999999999999,
      0.0,
      0.0,
      0.0
    ],
    [
      -0.0,
      0.9999999999965001,
      0.0,
      0.0
    ],
    [
      0.0,
      0.0,
      -0.9999999999975001,
      0.41501416601240637
    ],
    [
      0.0,
      0.0,
      0.0,
      1.0
    ]
  ],
  "bin_size": {
    "w": 0.25,
    "d": 0.25
  },
  "z_floor": 0.0,
  "piece_aabb": {
    "w": 0.0300283320248127,
    "d": 0.0300283320248127,
    "h": 0.0300283320248127
  },
  "poses": [
    {
      "R": [
        [
          -0.39847692989343586,
          -0.6351102625055421,
          -0.6617031742426833
        ],
        [
          0.8925330836253981,
          -0.4346372826412819,
          -0.12031262266420972
        ],
        [
          -0.21118908820495416,
          -0.638533779058198,
          0.7400498510403313
        ]
      ],
      "tx": 0.0073261986925538675,
      "ty": 0.03184868521829742,
      "tz": 0.0
    },
    {
      "R": [
        [
          0.08488330647846709,
          -0.32830426430775383,
          -0.9407503039163088
        ],
        [
          -0.1863019643489537,
          -0.9327364697958234,
          0.30869767733584685
        ],
        [
          -0.9788188812855032,
          0.14906035002699386,
          -0.14033748497399534
        ]
      ],
      "tx": 0.06042186861418636,
      "ty": -0.08179233663987,
      "tz": 0.0
    },
    {
      "R": [
        [
          -0.19134411881067526,
          -0.36130630629130317,
          0.91260351809025
        ],
        [
          0.2144883230418791,
          0.891919352176187,
          0.39808871937332424
        ],
        [
          -0.9578007034217758,
          0.27191473341425587,
          -0.09316753875146366
        ]
      ],
      "tx": -0.05624652795824198,
      "ty": 0.08666845755821859,
      "tz": 0.0
    }
  ],
  "points_N": 6823
}