{
  "type": "scene",
  "distance_m": 0.4,
  "num_objects": 6,
  "intrinsics": {
    "width": 640,
    "height": 480,
    "fx": 554.2562584220408,
    "fy": 554.2562584220408,
    "cx": -0.07015133694160247,
    "cy": 0.018748686341586857
  },
  "T_wc": [
    [
      0.999999999999,
      0.0,
      0.0,
      0.0
    ],
    [
      -0.0,
      0.9999999999965001,
      0.0,
      0.0
    ],
    [
      0.0,
      0.0,
      -0.9999999999975001,
      0.41501416601240637
    ],
    [
      0.0,
      0.0,
      0.0,
      1.0
    ]
  ],
  "bin_size": {
    "w": 0.25,
    "d": 0.25
  },
  "z_floor": 0.0,
  "piece_aabb": {
    "w": 0.0300283320248127,
    "d": 0.0300283320248127,
    "h": 0.0300283320248127
  },
  "poses": [
    {
      "R": [
        [
          -0.12667246686260114,
          -0.4366405177228405,
          0.890673421867787
        ],
        [
          0.5011255120238998,
          0.7467284731288901,
          0.43734403919269393
        ],
        [
          -0.8560533320639125,
          0.5017386228917664,
          0.124221765246459
        ]
      ],
      "tx": 0.028915043278117725,
      "ty": -0.025043177809956324,
      "tz": 0.0
    },
    {
      "R": [
        [
          -0.8208554568420448,
          -0.35669184805895815,
          -0.446057445292558
        ],
        [
          0.5537436372543446,
          -0.6883066799318405,
          -0.46861700626581626
        ],
        [
          -0.13987245323138875,
          -0.6316682989429597,
          0.7625161355260233
        ]
      ],
      "tx": 0.021937558057951903,
      "ty": 0.06699535458900571,
      "tz": 0.0
    },
    {
      "R": [
        [
          0.025177954628358812,
          0.8980116447437422,
          0.4392506761581269
        ],
        [
          -0.9391122122736989,
          -0.12937405650355327,
          0.3183246868563837
        ],
        [
          0.34268691740294316,
          -0.42052043875233325,
          0.8400763282181052
        ]
      ],
      "tx": -0.07799794889688486,
      "ty": -0.07423943218595921,
      "tz": 0.0
    },
    {
      "R": [
        [
          0.38763196255444465,
          -0.05013586599699976,
          0.9204498120739232
        ],
        [
          -0.8089591432275973,
          0.46023211738191483,
          0.36574786768842693
        ],
        [
          -0.44195765203768256,
          -0.8863818551114921,
          0.13784281168943258
        ]
      ],
      "tx": -0.056686044914389944,
      "ty": 0.08052797719361407,
      "tz": 0.0
    },
    {
      "R": [
        [
          -0.5104136500348013,
          -0.3978818432686024,
          -0.7623437181844752
        ],
        [
          0.8593394846198856,
          -0.2688229793210464,
          -0.4350515555220845
        ],
        [
          -0.03183639476103506,
          -0.8771683102951996,
          0.4791264962225361
        ]
      ],
      "tx": 0.08051440375759722,
      "ty": -0.05273894217135077,
      "tz": 0.0
    },
    {
      "R": [
        [
          -0.21567216507197773,
          -0.4498478614445133,
          -0.8666731902897216
        ],
        [
          0.025360943804416586,
          0.8846812592882818,
          -0.46550606010389306
        ],
        [
          0.9761364350041009,
          -0.12237634991246474,
          -0.1793925562546761
        ]
      ],
      "tx": -0.07015133694160247,
      "ty": 0.018748686341586857,
      "tz": 0.0
    }
  ],
  "points_N": 15520
}