{
  "type": "scene",
  "distance_m": 0.4,
  "num_objects": 11,
  "intrinsics": {
    "width": 640,
    "height": 480,
    "fx": 554.2562584220408,
    "fy": 554.2562584220408,
    "cx": -0.09565738786669391,
    "cy": -0.012151583878180952
  },
  "T_wc": [
    [
      0.999999999999,
      0.0,
      0.0,
      0.0
    ],
    [
      -0.0,
      0.9999999999965001,
      0.0,
      0.0
    ],
    [
      0.0,
      0.0,
      -0.9999999999975001,
      0.41501416601240637
    ],
    [
      0.0,
      0.0,
      0.0,
      1.0
    ]
  ],
  "bin_size": {
    "w": 0.25,
    "d": 0.25
  },
  "z_floor": 0.0,
  "piece_aabb": {
    "w": 0.0300283320248127,
    "d": 0.0300283320248127,
    "h": 0.0300283320248127
  },
  "poses": [
    {
      "R": [
        [
          0.014336787605310208,
          0.7552696507931916,
          0.655257362501094
        ],
        [
          0.44175198934086335,
          0.5831171997089901,
          -0.6817840650212759
        ],
        [
          -0.8970226510153183,
          0.2992358367480004,
          -0.3252818432854405
        ]
      ],
      "tx": -0.08459189994303092,
      "ty": -0.08163198360164613,
      "tz": 0.0
    },
    {
      "R": [
        [
          -0.9317201986714625,
          -0.35653168680467673,
          0.06915654482276012
        ],
        [
          0.1692699436934041,
          -0.594785001862526,
          -0.78586162122948
        ],
        [
          0.3213178450532157,
          -0.7204970214120296,
          0.6145232986525009
        ]
      ],
      "tx": 0.06906907933475837,
      "ty": 0.0771106143847585,
      "tz": 0.0
    },
    {
      "R": [
        [
          -0.383053545761854,
          -0.9013811347157363,
          0.2019456141089548
        ],
        [
          0.7778873315542987,
          -0.43267383042404717,
          -0.4557243200373613
        ],
        [
          0.49815788710669207,
          -0.017475881801912174,
          0.8669102104997044
        ]
      ],
      "tx": -0.0892667147132096,
      "ty": 0.09048652419034825,
      "tz": 0.0
    },
    {
      "R": [
        [
          0.2302537715543942,
          -0.3106975807153101,
          0.9221985762419233
        ],
        [
          -0.2565050975812923,
          0.8947705341664366,
          0.3655007881008212
        ],
        [
          -0.9387163232839774,
          -0.32070657075458087,
          0.1263287769079099
        ]
      ],
      "tx": -0.03696121346645176,
      "ty": 0.003308807408420017,
      "tz": 0.0
    },
    {
      "R": [
        [
          -0.6754295595873883,
          -0.7315692255056986,
          0.09274361610687626
        ],
        [
          -0.33297810525941773,
          0.4147786766811894,
          0.8468082609354077
        ],
        [
          -0.657966937963782,
          0.5410777371723898,
          -0.5237503134920027
        ]
      ],
      "tx": -0.010350277975354927,
      "ty": 0.09398478731244858,
      "tz": 0.0
    },
    {
      "R": [
        [
          -0.5822677344444522,
          0.7962849289434791,
          -0.16399572361010828
        ],
        [
          0.5728862070512847,
          0.544994038435942,
          0.612195141960205
        ],
        [
          0.5768584568118225,
          0.26251059027544266,
          -0.7735130967203601
        ]
      ],
      "tx": 0.07871821623624345,
      "ty": -0.027072730049827215,
      "tz": 0.0
    },
    {
      "R": [
        [
          -0.8219491604242184,
          -0.40645456353849946,
          -0.398991560633368
        ],
        [
          0.3350753917602792,
          0.2213923871260418,
          -0.9158110573471627
        ],
        [
          0.46056927764953887,
          -0.886442383181987,
          -0.04578036461214774
        ]
      ],
      "tx": 0.02059746577656013,
      "ty": -0.06317534769357777,
      "tz": 0.0
    },
    {
      "R": [
        [
          -0.892416333354821,
          -0.015453116553463236,
          -0.450948211162126
        ],
        [
          -0.15112513891192528,
          0.9519265834140401,
          0.26645257022315205
        ],
        [
          0.42515206732460753,
          0.3059362367854739,
          -0.8518501855791041
        ]
      ],
      "tx": -0.025105094335251238,
      "ty": -0.09858552300788166,
      "tz": 0.0
    },
    {
      "R": [
        [
          -0.7553087694283995,
          0.6550543340270563,
          -0.02030966018735625
        ],
        [
          0.2925272695793976,
          0.3092426382480806,
          -0.9048739068189496
        ],
        [
          -0.5864609615114876,
          -0.6894003264879821,
          -0.4251949323090347
        ]
      ],
      "tx": 0.034806594424406256,
      "ty": 0.01236792026438864,
      "tz": 0.0
    },
    {
      "R": [
        [
          -0.84371677614053,
          0.06758034108581995,
          -0.5325175106583397
        ],
        [
          -0.03478759185580799,
          0.9830739017386965,
          0.17987642194887457
        ],
        [
          0.5356601768956737,
          0.17028975664725135,
          -0.8270849857596954
        ]
      ],
      "tx": 0.08990103261370777,
      "ty": -0.09069206258030263,
      "tz": 0.0
    },
    {
      "R": [
        [
          0.7365352420394999,
          0.13700679423475956,
          -0.6623782722639153
        ],
        [
          0.12033444878241963,
          0.9371085619822318,
          0.3276387698301665
        ],
        [
          0.6656090877309644,
          -0.32102442491671535,
          0.6737268444531846
        ]
      ],
      "tx": -0.09565738786669391,
      "ty": -0.012151583878180952,
      "tz": 0.0
    }
  ],
  "points_N": 31305
}