{
  "type": "scene",
  "distance_m": 0.4,
  "num_objects": 13,
  "intrinsics": {
    "width": 640,
    "height": 480,
    "fx": 554.2562584220408,
    "fy": 554.2562584220408,
    "cx": 0.04671351568218893,
    "cy": -0.020821423094229075
  },
  "T_wc": [
    [
      0.999999999999,
      0.0,
      0.0,
      0.0
    ],
    [
      -0.0,
      0.9999999999965001,
      0.0,
      0.0
    ],
    [
      0.0,
      0.0,
      -0.9999999999975001,
      0.41501416601240637
    ],
    [
      0.0,
      0.0,
      0.0,
      1.0
    ]
  ],
  "bin_size": {
    "w": 0.25,
    "d": 0.25
  },
  "z_floor": 0.0,
  "piece_aabb": {
    "w": 0.0300283320248127,
    "d": 0.0300283320248127,
    "h": 0.0300283320248127
  },
  "poses": [
    {
      "R": [
        [
          0.11079939898706082,
          0.02973986151445726,
          -0.9933977218723661
        ],
        [
          0.21724207738500823,
          -0.9761049947682068,
          -0.004991893629140209
        ],
        [
          -0.9698089363362002,
          -0.2152546859551714,
          -0.11461259606512852
        ]
      ],
      "tx": -0.03283062101232702,
      "ty": -0.01764709603288893,
      "tz": 0.0
    },
    {
      "R": [
        [
          -0.7991630951894133,
          -0.21741021069512545,
          -0.5604205095932677
        ],
        [
          0.5523562072250241,
          -0.6334077894974897,
          -0.5419383660010519
        ],
        [
          -0.23715178183446764,
          -0.7426488891053464,
          0.626284008963451
        ]
      ],
      "tx": 0.09512095848231125,
      "ty": -0.05840854479072368,
      "tz": 0.0
    },
    {
      "R": [
        [
          -0.0979327166865529,
          0.962499490328598,
          0.25298994865326235
        ],
        [
          0.5629527576451573,
          -0.15605299778543769,
          0.8116228524024511
        ],
        [
          0.8206664216733277,
          0.2219058201115221,
          -0.5265590482923341
        ]
      ],
      "tx": 0.07957281221471882,
      "ty": 0.07140349719167746,
      "tz": 0.0
    },
    {
      "R": [
        [
          0.5395433728787655,
          0.3526921457662685,
          -0.764526781151184
        ],
        [
          -0.47437858254589826,
          -0.6228489738134066,
          -0.6221126234383372
        ],
        [
          -0.6955989571616317,
          0.6983318739212547,
          -0.16874443594168942
        ]
      ],
      "tx": -0.051658541508383594,
      "ty": 0.08010467418313982,
      "tz": 0.0
    },
    {
      "R": [
        [
          0.39873300389784294,
          -0.09940860674628835,
          0.911663271448052
        ],
        [
          -0.3021506138426472,
          0.9243602898387939,
          0.23294433052481123
        ],
        [
          -0.8658619971780227,
          -0.36834220973695475,
          0.3385365835016697
        ]
      ],
      "tx": -0.03833761526169135,
      "ty": -0.0869128672014466,
      "tz": 0.0
    },
    {
      "R": [
        [
          -0.02341538804529808,
          0.9955480716701944,
          -0.09130036471145991
        ],
        [
          0.5955306848281424,
          -0.05946349345936852,
          -0.8011287639160958
        ],
        [
          -0.8029912347160535,
          -0.07313090960302027,
          -0.5914870641272074
        ]
      ],
      "tx": 0.0978791750857961,
      "ty": 0.010938015231095319,
      "tz": 0.0
    },
    {
      "R": [
        [
          0.9758047205756496,
          0.17459657604815187,
          0.13160996517946666
        ],
        [
          -0.1767431168743277,
          0.9842457102849246,
          0.00471724742535296
        ],
        [
          -0.12871292840979975,
          -0.027864267763323423,
          0.9912903533486985
        ]
      ],
      "tx": 0.016271353555502507,
      "ty": -0.06958446171027094,
      "tz": 0.0
    },
    {
      "R": [
        [
          -0.6718363399856666,
          -0.03845150599387964,
          0.7397008949308268
        ],
        [
          -0.7130273925091679,
          -0.23684421697344482,
          -0.6599217790146135
        ],
        [
          0.2005688654957204,
          -0.9707864330392335,
          0.13170357482134398
        ]
      ],
      "tx": -0.09700137343276154,
      "ty": -0.030604807822990257,
      "tz": 0.0
    },
    {
      "R": [
        [
          0.7181255390611145,
          -0.18828809863017812,
          0.6699576867701542
        ],
        [
          0.6090214533885144,
          -0.29578582063177583,
          -0.7359372375588348
        ],
        [
          0.33673220734097487,
          0.9365139295426522,
          -0.09773986040431737
        ]
      ],
      "tx": 0.01582763580085797,
      "ty": 0.03061867361158674,
      "tz": 0.0
    },
    {
      "R": [
        [
          0.8226678881524857,
          0.5521603433199602,
          -0.13541233720571022
        ],
        [
          0.12100831159249031,
          0.06266208881903135,
          0.9906717171446707
        ],
        [
          0.5554948553571527,
          -0.8313798276898589,
          -0.015265902597502157
        ]
      ],
      "tx": -0.09639477301722638,
      "ty": 0.04134710667389224,
      "tz": 0.0
    },
    {
      "R": [
        [
          -0.4793392404732262,
          -0.4455985554750079,
          -0.7560924678246284
        ],
        [
          -0.8776286674574918,
          0.24469676085049752,
          0.4121788656470166
        ],
        [
          0.001347070650507487,
          0.8611419294099321,
          -0.5083628259548503
        ]
      ],
      "tx": 0.027731944427943966,
      "ty": 0.09781640586953971,
      "tz": 0.0
    },
    {
      "R": [
        [
          -0.1219016438351741,
          -0.9297821341828165,
          0.34734013903482236
        ],
        [
          0.9683091075871308,
          -0.03454851249929347,
          0.24735373950660378
        ],
        [
          -0.21798500268159965,
          0.3664854475126311,
          0.9045280290667446
        ]
      ],
      "tx": -0.09668706560879392,
      "ty": -0.09400145002771615,
      "tz": 0.0
    },
    {
      "R": [
        [
          0.03075062357639069,
          0.9992787431101096,
          0.02227987248488872
        ],
        [
          -0.08654432480790125,
          -0.019544811415093122,
          0.9960562635666185
        ],
        [
          0.995773307029872,
          -0.03255754774285402,
          0.08588088897865553
        ]
      ],
      "tx": 0.04671351568218893,
      "ty": -0.020821423094229075,
      "tz": 0.0
    }
  ],
  "points_N": 32698
}