{
  "type": "scene",
  "distance_m": 0.4,
  "num_objects": 10,
  "intrinsics": {
    "width": 640,
    "height": 480,
    "fx": 554.2562584220408,
    "fy": 554.2562584220408,
    "cx": -0.006735636358676286,
    "cy": 0.09478404609191629
  },
  "T_wc": [
    [
      0.999999999999,
      0.0,
      0.0,
      0.0
    ],
    [
      -0.0,
      0.9999999999965001,
      0.0,
      0.0
    ],
    [
      0.0,
      0.0,
      -0.9999999999975001,
      0.41501416601240637
    ],
    [
      0.0,
      0.0,
      0.0,
      1.0
    ]
  ],
  "bin_size": {
    "w": 0.25,
    "d": 0.25
  },
  "z_floor": 0.0,
  "piece_aabb": {
    "w": 0.0300283320248127,
    "d": 0.0300283320248127,
    "h": 0.0300283320248127
  },
  "poses": [
    {
      "R": [
        [
          0.26001696472153,
          -0.8361054716061125,
          0.48303086693018166
        ],
        [
          0.3816779936925092,
          0.5484935676682081,
          0.7439601571034982
        ],
        [
          -0.8869684815075807,
          -0.00908000974233919,
          0.4617406915523209
        ]
      ],
      "tx": 0.015022708072982408,
      "ty": 0.039188458929844794,
      "tz": 0.0
    },
    {
      "R": [
        [
          0.040521738983025135,
          0.7224414493807474,
          0.6902436822502881
        ],
        [
          -0.9331194960597144,
          -0.21965134641134298,
          0.2846775229851297
        ],
        [
          0.357275796469697,
          -0.6556154652205279,
          0.6652235466522621
        ]
      ],
      "tx": -0.02457772012542092,
      "ty": -0.012011435441453541,
      "tz": 0.0
    },
    {
      "R": [
        [
          0.6907059770773487,
          0.5672971632709863,
          -0.4484408341959025
        ],
        [
          0.6844233831538998,
          -0.7130297433577748,
          0.15216181412994337
        ],
        [
          -0.23343068740376693,
          -0.41202246738720116,
          -0.8807653493106817
        ]
      ],
      "tx": 0.07290932633018915,
      "ty": -0.058359814196305364,
      "tz": 0.0
    },
    {
      "R": [
        [
          -0.33659867671025867,
          0.7257462400032997,
          0.5999947716088663
        ],
        [
          -0.055873821591556794,
          0.6206592430477565,
          -0.7820870923881436
        ],
        [
          -0.9399890674351792,
          -0.2967734811947635,
          -0.16836286396317823
        ]
      ],
      "tx": -0.06795748764786878,
      "ty": 0.08773801067371056,
      "tz": 0.0
    },
    {
      "R": [
        [
          -0.5464628707051244,
          -0.5362977191332977,
          0.6432441895525657
        ],
        [
          0.4943715115392185,
          0.4133985574270602,
          0.7646557665352782
        ],
        [
          -0.6759993635493623,
          0.7358575875600171,
          0.03922335160601487
        ]
      ],
      "tx": 0.09489503611149797,
      "ty": 0.03499822137718123,
      "tz": 0.0
    },
    {
      "R": [
        [
          -0.15253101878502262,
          -0.985345073472881,
          -0.0763503404781265
        ],
        [
          0.35872957994849486,
          0.016785658804277293,
          -0.9332905925425814
        ],
        [
          0.9208948782452748,
          -0.16974489047164026,
          0.3509120906728511
        ]
      ],
      "tx": -0.006011106858985288,
      "ty": -0.09878997696563474,
      "tz": 0.0
    },
    {
      "R": [
        [
          -0.6668774206391324,
          -0.34220679885832206,
          0.6619433606108892
        ],
        [
          -0.659149716783422,
          0.6852248172754254,
          -0.30982027153527947
        ],
        [
          -0.3475574149777735,
          -0.642931922216497,
          -0.6825264732513809
        ]
      ],
      "tx": 0.06521620772193853,
      "ty": 0.08769122956670244,
      "tz": 0.0
    },
    {
      "R": [
        [
          -0.8778514252256453,
          -0.4635703843180575,
          0.12033027055779177
        ],
        [
          0.443825795637405,
          -0.6929867728126942,
          0.5681443441885801
        ],
        [
          -0.17998760611810838,
          0.5521520003494109,
          0.8140839208300437
        ]
      ],
      "tx": -0.08308281302530189,
      "ty": -0.062455148610134834,
      "tz": 0.0
    },
    {
      "R": [
        [
          0.6881171891624869,
          0.619432548767903,
          0.377886294414097
        ],
        [
          0.4757350119015241,
          0.008086450645399368,
          -0.8795514810214442
        ],
        [
          -0.5478785745310495,
          0.785008233614692,
          -0.2891213252718763
        ]
      ],
      "tx": -0.08586702865481358,
      "ty": 0.007672337297519455,
      "tz": 0.0
    },
    {
      "R": [
        [
          0.28461531339485235,
          -0.9546984306652011,
          0.08686213137237564
        ],
        [
          -0.18149217132265555,
          0.03530856360664114,
          0.9827583106159028
        ],
        [
          -0.9413047939587569,
          -0.295472861395827,
          -0.16322093324333276
        ]
      ],
      "tx": -0.006735636358676286,
      "ty": 0.09478404609191629,
      "tz": 0.0
    }
  ],
  "points_N": 26598
}