{
  "type": "scene",
  "distance_m": 0.4,
  "num_objects": 12,
  "intrinsics": {
    "width": 640,
    "height": 480,
    "fx": 554.2562584220408,
    "fy": 554.2562584220408,
    "cx": -0.0978961177367423,
    "cy": 0.09735811926346738
  },
  "T_wc": [
    [
      0.999999999999,
      0.0,
      0.0,
      0.0
    ],
    [
      -0.0,
      0.9999999999965001,
      0.0,
      0.0
    ],
    [
      0.0,
      0.0,
      -0.9999999999975001,
      0.41501416601240637
    ],
    [
      0.0,
      0.0,
      0.0,
      1.0
    ]
  ],
  "bin_size": {
    "w": 0.25,
    "d": 0.25
  },
  "z_floor": 0.0,
  "piece_aabb": {
    "w": 0.0300283320248127,
    "d": 0.0300283320248127,
    "h": 0.0300283320248127
  },
  "poses": [
    {
      "R": [
        [
          -0.12596554438917185,
          0.12184276376159442,
          -0.9845237541805052
        ],
        [
          -0.9406077412361591,
          0.3007174921475977,
          0.15756289868833384
        ],
        [
          0.31526141335937413,
          0.9458981609218805,
          0.07672620420204568
        ]
      ],
      "tx": 0.09885250610440854,
      "ty": 0.09362179694114284,
      "tz": 0.0
    },
    {
      "R": [
        [
          0.589454497115985,
          0.7713225504320915,
          0.24001024774928853
        ],
        [
          -0.4324872665211801,
          0.5522809360298435,
          -0.7126994682157675
        ],
        [
          -0.6822742557995127,
          0.3163025306457941,
          0.6591316628567372
        ]
      ],
      "tx": 0.01487667349559113,
      "ty": 0.057690273219005966,
      "tz": 0.0
    },
    {
      "R": [
        [
          -0.6379703394179035,
          -0.765913396484946,
          -0.07981550668823179
        ],
        [
          0.43171310943621516,
          -0.2699056217321134,
          -0.8606827211570569
        ],
        [
          0.6376657723007563,
          -0.5835474483212957,
          0.5028466350626053
        ]
      ],
      "tx": 0.0452704177836839,
      "ty": -0.0589200315233472,
      "tz": 0.0
    },
    {
      "R": [
        [
          -0.7987871044612831,
          -0.33151508046232436,
          -0.5020327809739298
        ],
        [
          -0.5610285240864163,
          0.10916891273024465,
          0.8205663554245407
        ],
        [
          -0.21722374848937787,
          0.9371125332207199,
          -0.2731921360011462
        ]
      ],
      "tx": -0.022822937553179976,
      "ty": -0.009825188742939861,
      "tz": 0.0
    },
    {
      "R": [
        [
          0.21820473191161927,
          0.4505696444992947,
          0.8656637282612444
        ],
        [
          0.3234909623303782,
          -0.8702824467505947,
          0.37143244361305316
        ],
        [
          0.9207281315686754,
          0.1989860757278691,
          -0.3356549558765347
        ]
      ],
      "tx": -0.081775876055376,
      "ty": 0.007188964772436662,
      "tz": 0.0
    },
    {
      "R": [
        [
          -0.7058945816108131,
          0.5651782312316197,
          -0.42695012190464665
        ],
        [
          -0.4892274482336122,
          -0.824919582902711,
          -0.2831328056556591
        ],
        [
          -0.5122200147859541,
          0.00901380527384274,
          0.8588069676983077
        ]
      ],
      "tx": -0.0472869717692541,
      "ty": 0.07048154103354223,
      "tz": 0.0
    },
    {
      "R": [
        [
          -0.06884847738544142,
          0.9177096666023057,
          -0.3912401500183627
        ],
        [
          -0.5419920656174237,
          0.2948395057640969,
          0.7869652258191218
        ],
        [
          0.8375586474805596,
          0.26623041461385993,
          0.4770921067939269
        ]
      ],
      "tx": -0.0915497524617096,
      "ty": -0.07026421426400625,
      "tz": 0.0
    },
    {
      "R": [
        [
          0.8318525274475485,
          -0.3935015857130637,
          -0.391379450942982
        ],
        [
          -0.5137670616783564,
          -0.2792573500197435,
          -0.8112081969472069
        ],
        [
          0.20991612351964192,
          0.8758834594289671,
          -0.43446908587980304
        ]
      ],
      "tx": 0.05666735674592405,
      "ty": 0.017490354314786002,
      "tz": 0.0
    },
    {
      "R": [
        [
          0.9433846994546881,
          0.3273063176624714,
          -0.05381341146053817
        ],
        [
          -0.04501808539790539,
          0.28707283821393004,
          0.9568503318423973
        ],
        [
          0.32863152743139956,
          -0.9002553859755755,
          0.2855548269598558
        ]
      ],
      "tx": -0.02683467967922165,
      "ty": -0.07911963150274988,
      "tz": 0.0
    },
    {
      "R": [
        [
          0.7518424874168577,
          -0.10113853936622702,
          -0.6515396150424764
        ],
        [
          -0.6541093541028697,
          -0.2386680367605798,
          -0.7177593754901274
        ],
        [
          -0.08290854594044489,
          0.9658201510031342,
          -0.24559643508472284
        ]
      ],
      "tx": 0.09413991094806429,
      "ty": -0.09221566748523181,
      "tz": 0.0
    },
    {
      "R": [
        [
          0.772301522287886,
          0.6311698705764475,
          0.07193714720729905
        ],
        [
          -0.43149897712384866,
          0.6043212095480694,
          -0.669779447603038
        ],
        [
          -0.4662177510701264,
          0.4862308815438082,
          0.7390673436299595
        ]
      ],
      "tx": 0.09766968794973449,
      "ty": -0.024760704215433235,
      "tz": 0.0
    },
    {
      "R": [
        [
          0.23133751537813751,
          -0.6219888682677231,
          -0.7480727248935807
        ],
        [
          -0.6560014830790254,
          -0.6675569368139074,
          0.35217863409036043
        ],
        [
          -0.7184323267899274,
          0.40926468680142647,
          -0.5624565831782407
        ]
      ],
      "tx": -0.0978961177367423,
      "ty": 0.09735811926346738,
      "tz": 0.0
    }
  ],
  "points_N": 33803
}