{
  "type": "scene",
  "distance_m": 0.4,
  "num_objects": 10,
  "intrinsics": {
    "width": 640,
    "height": 480,
    "fx": 554.2562584220408,
    "fy": 554.2562584220408,
    "cx": -0.09867056178300869,
    "cy": 0.02985082555751714
  },
  "T_wc": [
    [
      0.999999999999,
      0.0,
      0.0,
      0.0
    ],
    [
      -0.0,
      0.9999999999965001,
      0.0,
      0.0
    ],
    [
      0.0,
      0.0,
      -0.9999999999975001,
      0.41501416601240637
    ],
    [
      0.0,
      0.0,
      0.0,
      1.0
    ]
  ],
  "bin_size": {
    "w": 0.25,
    "d": 0.25
  },
  "z_floor": 0.0,
  "piece_aabb": {
    "w": 0.0300283320248127,
    "d": 0.0300283320248127,
    "h": 0.0300283320248127
  },
  "poses": [
    {
      "R": [
        [
          0.850103525526433,
          0.5063762058432117,
          0.14459299444773457
        ],
        [
          8.549461957402249e-05,
          -0.2747029845803828,
          0.9615291274596418
        ],
        [
          0.5266155984949547,
          -0.817386939226743,
          -0.2335692681054966
        ]
      ],
      "tx": 0.056192804565127236,
      "ty": 0.010081975424739237,
      "tz": 0.0
    },
    {
      "R": [
        [
          0.5743286978356952,
          -0.6973524171802128,
          0.4287728455665881
        ],
        [
          -0.7765517112311544,
          -0.6298559803352377,
          0.015776052101295263
        ],
        [
          0.2590636729190736,
          -0.34202492641451043,
          -0.9032745779024385
        ]
      ],
      "tx": -0.04761412223351058,
      "ty": 0.003571924413286215,
      "tz": 0.0
    },
    {
      "R": [
        [
          -0.36469797374544655,
          -0.05217831622578928,
          -0.9296627406010244
        ],
        [
          -0.7408217288556365,
          -0.5885850011446698,
          0.3236523790780399
        ],
        [
          -0.5640731814235737,
          0.8067497255923741,
          0.17600092685925672
        ]
      ],
      "tx": 0.02453678408928664,
      "ty": -0.0967594222549572,
      "tz": 0.0
    },
    {
      "R": [
        [
          0.21253878162308937,
          -0.9161685646241858,
          0.33979762727339907
        ],
        [
          0.18955347470774975,
          -0.30248072739872933,
          -0.934117171332673
        ],
        [
          0.9585910215166795,
          0.2629459464353747,
          0.10937404957673413
        ]
      ],
      "tx": -0.060074364165895414,
      "ty": 0.08991762582542934,
      "tz": 0.0
    },
    {
      "R": [
        [
          0.3001350503229483,
          0.8952246036145425,
          0.3293810265495364
        ],
        [
          -0.48761230244552445,
          0.44076297023250655,
          -0.7536327000439889
        ],
        [
          -0.8198494947680431,
          0.06558134761503215,
          0.5688109464255946
        ]
      ],
      "tx": -0.059933542913872644,
      "ty": -0.06552557153309937,
      "tz": 0.0
    },
    {
      "R": [
        [
          0.20062238393439735,
          -0.907344086727974,
          0.36942843331863073
        ],
        [
          0.9488911815486328,
          0.2737526902469746,
          0.15705091582599442
        ],
        [
          -0.24363124726462904,
          0.31903945345728446,
          0.9158917198522751
        ]
      ],
      "tx": 0.0953689992114782,
      "ty": 0.07911739892969538,
      "tz": 0.0
    },
    {
      "R": [
        [
          0.14345834886671982,
          0.6067931911368948,
          0.7818067058617102
        ],
        [
          0.9521793960043642,
          0.13070869150465725,
          -0.27616957795873276
        ],
        [
          -0.2697667510372595,
          0.7840390686407435,
          -0.5590247211705015
        ]
      ],
      "tx": 0.02161832259385711,
      "ty": -0.03668000490479488,
      "tz": 0.0
    },
    {
      "R": [
        [
          -0.5497072744901794,
          0.3762702818338041,
          -0.745816725061384
        ],
        [
          0.7335812347124728,
          0.6445219166897299,
          -0.2155227853019738
        ],
        [
          0.3996004059686403,
          -0.6655915969386231,
          -0.6303232041059501
        ]
      ],
      "tx": 0.01233448139786407,
      "ty": 0.06943161241654153,
      "tz": 0.0
    },
    {
      "R": [
        [
          -0.9575542780352371,
          -0.15126384616370325,
          -0.2453753318085995
        ],
        [
          0.2882515253129938,
          -0.5052272392452737,
          -0.8134227036906039
        ],
        [
          -0.0009288547514325757,
          -0.8496262034379372,
          0.527384538700641
        ]
      ],
      "tx": 0.09523665325202946,
      "ty": -0.08320556589470553,
      "tz": 0.0
    },
    {
      "R": [
        [
          0.3179452119483336,
          0.7267515215890689,
          -0.6088867448607356
        ],
        [
          -0.16314759792503752,
          0.6745696437325173,
          0.7199573994660204
        ],
        [
          0.933966650095398,
          -0.12956859813457083,
          0.33304395338606974
        ]
      ],
      "tx": -0.09867056178300869,
      "ty": 0.02985082555751714,
      "tz": 0.0
    }
  ],
  "points_N": 27367
}