{
  "type": "scene",
  "distance_m": 0.4,
  "num_objects": 12,
  "intrinsics": {
    "width": 640,
    "height": 480,
    "fx": 554.2562584220408,
    "fy": 554.2562584220408,
    "cx": -0.09822253429309254,
    "cy": -0.014012865949405637
  },
  "T_wc": [
    [
      0.999999999999,
      0.0,
      0.0,
      0.0
    ],
    [
      -0.0,
      0.9999999999965001,
      0.0,
      0.0
    ],
    [
      0.0,
      0.0,
      -0.9999999999975001,
      0.41501416601240637
    ],
    [
      0.0,
      0.0,
      0.0,
      1.0
    ]
  ],
  "bin_size": {
    "w": 0.25,
    "d": 0.25
  },
  "z_floor": 0.0,
  "piece_aabb": {
    "w": 0.0300283320248127,
    "d": 0.0300283320248127,
    "h": 0.0300283320248127
  },
  "poses": [
    {
      "R": [
        [
          0.7885362751179461,
          -0.3096865979964554,
          -0.531323586757163
        ],
        [
          -0.34707061241411125,
          0.48913261619421866,
          -0.800182025400154
        ],
        [
          0.507693345260314,
          0.815379356371242,
          0.2782156939894127
        ]
      ],
      "tx": -0.012774154359338541,
      "ty": 0.009372993877795444,
      "tz": 0.0
    },
    {
      "R": [
        [
          0.8573574140035971,
          -0.061963299645182796,
          -0.5109782912709169
        ],
        [
          -0.4652502872673867,
          -0.5179503796121894,
          -0.7178228015723681
        ],
        [
          -0.22018273059138596,
          0.8531634976700951,
          -0.4728970410064446
        ]
      ],
      "tx": -0.07714441548820505,
      "ty": 0.040793640210137344,
      "tz": 0.0
    },
    {
      "R": [
        [
          0.7410804447225687,
          0.5981061902172945,
          0.30507172873531446
        ],
        [
          0.6131448764075572,
          -0.7880189644817812,
          0.05549299191990059
        ],
        [
          0.2735930097516403,
          0.1459283962798684,
          -0.9507111907273544
        ]
      ],
      "tx": 0.06892521940635082,
      "ty": 0.08588103832519953,
      "tz": 0.0
    },
    {
      "R": [
        [
          0.642122351411261,
          0.2007742128424867,
          0.7398436329898048
        ],
        [
          -0.3040881337697488,
          0.9526285727074117,
          0.005404568610994656
        ],
        [
          -0.7037110861131182,
          -0.22844806394215605,
          0.6727571548207987
        ]
      ],
      "tx": 0.05373299132930781,
      "ty": -0.09592398280166012,
      "tz": 0.0
    },
    {
      "R": [
        [
          0.5617383536515604,
          -0.7967446619880754,
          0.22281823451042373
        ],
        [
          -0.6708442818050326,
          -0.5962827393506716,
          -0.44092498718257034
        ],
        [
          0.48416729712602913,
          0.09820813788056196,
          -0.8694464848670727
        ]
      ],
      "tx": -0.003965636741895179,
      "ty": -0.09102440702822394,
      "tz": 0.0
    },
    {
      "R": [
        [
          -0.18664594860615558,
          -0.26284132094328116,
          -0.9466138229889205
        ],
        [
          0.9675321964716004,
          -0.21632844683723906,
          -0.13070367967210522
        ],
        [
          -0.17042517026469078,
          -0.9402746636455641,
          0.29468426874618237
        ]
      ],
      "tx": 0.08176133076812067,
      "ty": -0.040302335862901516,
      "tz": 0.0
    },
    {
      "R": [
        [
          0.700990297731483,
          0.6646637290505244,
          -0.25852413769506694
        ],
        [
          -0.6960150532131908,
          0.7166278935446033,
          -0.044805221732111364
        ],
        [
          0.15548520246945008,
          0.21134471717664416,
          0.9649651612024956
        ]
      ],
      "tx": 0.06067574869817424,
      "ty": 0.02820533622570956,
      "tz": 0.0
    },
    {
      "R": [
        [
          0.12973282515938067,
          -0.9151153841993168,
          -0.3817502163429673
        ],
        [
          -0.9805631314535862,
          -0.17555808738456968,
          0.08760880770681101
        ],
        [
          -0.14719150556367938,
          0.3629644494376945,
          -0.9201040534278115
        ]
      ],
      "tx": -0.07883166990362192,
      "ty": -0.06852838293249693,
      "tz": 0.0
    },
    {
      "R": [
        [
          0.27956000108521484,
          -0.5937981016839307,
          -0.7544865938038892
        ],
        [
          0.30188519735523334,
          0.8003267454063145,
          -0.5180177875373855
        ],
        [
          0.911433778949972,
          -0.08295128102625282,
          0.40299820293033217
        ]
      ],
      "tx": 0.0018184824112170983,
      "ty": 0.09228822438820733,
      "tz": 0.0
    },
    {
      "R": [
        [
          -0.26413697620055676,
          0.11632566179414333,
          -0.9574445144298342
        ],
        [
          -0.5513001339506325,
          0.796332646447395,
          0.2488422763681905
        ],
        [
          0.7913910664833419,
          0.593567735486223,
          -0.14621054435339476
        ]
      ],
      "tx": 0.020643151869551124,
      "ty": -0.03749261538773406,
      "tz": 0.0
    },
    {
      "R": [
        [
          0.8653894890345645,
          -0.4516179816055832,
          0.2171226173363671
        ],
        [
          -0.05053118498018924,
          0.3524343694923575,
          0.9344713021516619
        ],
        [
          -0.49854551608954756,
          -0.8196531058264976,
          0.2821722071643188
        ]
      ],
      "tx": -0.05799885938045594,
      "ty": 0.094888676725004,
      "tz": 0.0
    },
    {
      "R": [
        [
          -0.891330234327435,
          -0.250714291872924,
          -0.3777204749870693
        ],
        [
          -0.38050346290702103,
          0.866672865282803,
          0.32263796939954503
        ],
        [
          0.24647013630369954,
          0.4313009256112891,
          -0.8678893843556794
        ]
      ],
      "tx": -0.09822253429309254,
      "ty": -0.014012865949405637,
      "tz": 0.0
    }
  ],
  "points_N": 29865
}