{
  "type": "scene",
  "distance_m": 0.4,
  "num_objects": 4,
  "intrinsics": {
    "width": 640,
    "height": 480,
    "fx": 554.2562584220408,
    "fy": 554.2562584220408,
    "cx": 0.013827110541008436,
    "cy": 0.02579261809413759
  },
  "T_wc": [
    [
      0.999999999999,
      0.0,
      0.0,
      0.0
    ],
    [
      -0.0,
      0.9999999999965001,
      0.0,
      0.0
    ],
    [
      0.0,
      0.0,
      -0.9999999999975001,
      0.41501416601240637
    ],
    [
      0.0,
      0.0,
      0.0,
      1.0
    ]
  ],
  "bin_size": {
    "w": 0.25,
    "d": 0.25
  },
  "z_floor": 0.0,
  "piece_aabb": {
    "w": 0.0300283320248127,
    "d": 0.0300283320248127,
    "h": 0.0300283320248127
  },
  "poses": [
    {
      "R": [
        [
          0.5402455019549619,
          -0.5262465784236035,
          0.6566577010245759
        ],
        [
          -0.00638689922642699,
          -0.7828767168083066,
          -0.6221440780058245
        ],
        [
          0.8414832173820833,
          0.3319165331478624,
          -0.4263067087055996
        ]
      ],
      "tx": -0.0156456431159432,
      "ty": -0.08265219756349595,
      "tz": 0.0
    },
    {
      "R": [
        [
          0.6146829512097085,
          -0.27357918034284295,
          -0.739810314590883
        ],
        [
          -0.4418148478813158,
          -0.896399482754938,
          -0.03560347607031861
        ],
        [
          -0.6534252135353615,
          0.348744031346227,
          -0.6718728234693296
        ]
      ],
      "tx": 0.08582724180428891,
      "ty": 0.027681264643186237,
      "tz": 0.0
    },
    {
      "R": [
        [
          -0.9730803400114407,
          -0.22894509662131815,
          -0.026434723684467934
        ],
        [
          0.1708959889185999,
          -0.7937554082827838,
          0.5837353105589597
        ],
        [
          -0.15462604196820356,
          0.5635037662295493,
          0.8115135812728957
        ]
      ],
      "tx": 0.07855295618375843,
      "ty": 0.09259531822740971,
      "tz": 0.0
    },
    {
      "R": [
        [
          0.19992517583635538,
          -0.9698344797687981,
          0.13946686315532889
        ],
        [
          0.7722241606444638,
          0.06835294288223503,
          -0.6316626638612507
        ],
        [
          0.6030752604640286,
          0.23398495047956133,
          0.7625950912281834
        ]
      ],
      "tx": 0.013827110541008436,
      "ty": 0.02579261809413759,
      "tz": 0.0
    }
  ],
  "points_N": 11239
}