{
  "type": "scene",
  "distance_m": 0.4,
  "num_objects": 10,
  "intrinsics": {
    "width": 640,
    "height": 480,
    "fx": 554.2562584220408,
    "fy": 554.2562584220408,
    "cx": 0.007569858985270975,
    "cy": -0.0264222545349415
  },
  "T_wc": [
    [
      0.999999999999,
      0.0,
      0.0,
      0.0
    ],
    [
      -0.0,
      0.9999999999965001,
      0.0,
      0.0
    ],
    [
      0.0,
      0.0,
      -0.9999999999975001,
      0.41501416601240637
    ],
    [
      0.0,
      0.0,
      0.0,
      1.0
    ]
  ],
  "bin_size": {
    "w": 0.25,
    "d": 0.25
  },
  "z_floor": 0.0,
  "piece_aabb": {
    "w": 0.0300283320248127,
    "d": 0.0300283320248127,
    "h": 0.0300283320248127
  },
  "poses": [
    {
      "R": [
        [
          0.8535474768646669,
          0.07574917381686752,
          0.5154791629193396
        ],
        [
          0.4686111282127646,
          0.3208285232604572,
          -0.8230872791980655
        ],
        [
          -0.22772859998937517,
          0.9441033425047156,
          0.23834547073167323
        ]
      ],
      "tx": 0.09155186214587804,
      "ty": 0.0816559739984048,
      "tz": 0.0
    },
    {
      "R": [
        [
          -0.5116544453790663,
          -0.7526738305883915,
          0.414357132521256
        ],
        [
          -0.18638881215462955,
          0.5680147022031095,
          0.8016348974344238
        ],
        [
          -0.8387305522200956,
          0.3329285251048794,
          -0.4309172286461327
        ]
      ],
      "tx": -0.007906342999413729,
      "ty": 0.08577749468357437,
      "tz": 0.0
    },
    {
      "R": [
        [
          0.11121904479392208,
          -0.7561209159053139,
          0.6449119975668284
        ],
        [
          0.9437571746666347,
          -0.12296345756319282,
          -0.3069240677583892
        ],
        [
          0.3113723162716604,
          0.6427761263726385,
          0.6999186610064108
        ]
      ],
      "tx": -0.05931725662322171,
      "ty": -0.049351046383461064,
      "tz": 0.0
    },
    {
      "R": [
        [
          0.9207770510906556,
          0.2929531221223825,
          -0.25758123072837563
        ],
        [
          -0.22156469607218549,
          0.9362221011710877,
          0.2727586162401358
        ],
        [
          0.32105872926808315,
          -0.19407896722092804,
          0.926959894948655
        ]
      ],
      "tx": -0.07045101103150676,
      "ty": 0.018098687005209363,
      "tz": 0.0
    },
    {
      "R": [
        [
          -0.0842525638401821,
          -0.3108504314829874,
          -0.9467172306096455
        ],
        [
          0.7226477253280124,
          0.6350892744736768,
          -0.2728403902041422
        ],
        [
          0.6860625121405527,
          -0.7071305556227502,
          0.17112745758660353
        ]
      ],
      "tx": 0.09872392408252037,
      "ty": 0.00716833096285624,
      "tz": 0.0
    },
    {
      "R": [
        [
          -0.2018519284681719,
          0.8645810187961728,
          -0.46016894822559656
        ],
        [
          0.9649301990442997,
          0.25605818001385405,
          0.05782663244838776
        ],
        [
          0.16782583217731456,
          -0.4323584975288037,
          -0.885946171992761
        ]
      ],
      "tx": -0.002687771062329661,
      "ty": -0.09069384034455133,
      "tz": 0.0
    },
    {
      "R": [
        [
          0.35917122940525614,
          -0.44489385925914104,
          -0.8204056813315134
        ],
        [
          0.6297992511307201,
          -0.5331831406500125,
          0.5648616129653115
        ],
        [
          -0.6887299407189301,
          -0.7195729236985622,
          0.0886897752686423
        ]
      ],
      "tx": 0.03399240250090327,
      "ty": 0.02690469286725497,
      "tz": 0.0
    },
    {
      "R": [
        [
          0.6639158983598861,
          0.10906411660525858,
          -0.7398112586153984
        ],
        [
          0.07052478262217446,
          0.975766251157913,
          0.20713878955262724
        ],
        [
          0.7444742674808045,
          -0.18969776374630018,
          0.6401350041112988
        ]
      ],
      "tx": 0.062070929560767596,
      "ty": -0.08585470064944403,
      "tz": 0.0
    },
    {
      "R": [
        [
          -0.20494605337016392,
          0.4485816832633078,
          0.8699261972424164
        ],
        [
          -0.46663178244853115,
          -0.8260630101750834,
          0.31602956005631333
        ],
        [
          0.8603789251352574,
          -0.34116620093605066,
          0.37862082420538057
        ]
      ],
      "tx": -0.07490205417221926,
      "ty": 0.08837804363719631,
      "tz": 0.0
    },
    {
      "R": [
        [
          -0.5575410122663469,
          0.04921310277480645,
          0.8286893809843914
        ],
        [
          -0.790064918804023,
          -0.33790206601141803,
          -0.5114876517184046
        ],
        [
          0.2548439595442867,
          -0.9398937516020052,
          0.2272758059787674
        ]
      ],
      "tx": 0.007569858985270975,
      "ty": -0.0264222545349415,
      "tz": 0.0
    }
  ],
  "points_N": 27302
}