{
  "type": "scene",
  "distance_m": 0.4,
  "num_objects": 5,
  "intrinsics": {
    "width": 640,
    "height": 480,
    "fx": 554.2562584220408,
    "fy": 554.2562584220408,
    "cx": -0.009218367083702106,
    "cy": 0.04003499136375052
  },
  "T_wc": [
    [
      0.999999999999,
      0.0,
      0.0,
      0.0
    ],
    [
      -0.0,
      0.9999999999965001,
      0.0,
      0.0
    ],
    [
      0.0,
      0.0,
      -0.9999999999975001,
      0.41501416601240637
    ],
    [
      0.0,
      0.0,
      0.0,
      1.0
    ]
  ],
  "bin_size": {
    "w": 0.25,
    "d": 0.25
  },
  "z_floor": 0.0,
  "piece_aabb": {
    "w": 0.0300283320248127,
    "d": 0.0300283320248127,
    "h": 0.0300283320248127
  },
  "poses": [
    {
      "R": [
        [
          -0.40871899492493124,
          -0.9054671766293725,
          -0.11435897531189554
        ],
        [
          -0.39974877151382876,
          0.06496564615649436,
          0.9143196292832468
        ],
        [
          -0.8204570085389842,
          0.41941465981329495,
          -0.3885120851054178
        ]
      ],
      "tx": 0.07503330840351224,
      "ty": -0.056765655010778154,
      "tz": 0.0
    },
    {
      "R": [
        [
          0.1466005019963822,
          -0.9108901639783511,
          0.38572970067380263
        ],
        [
          0.4462385189546947,
          -0.2871129267684196,
          -0.8476068377989836
        ],
        [
          0.8828247147738498,
          0.29638703826241247,
          0.36438337851019764
        ]
      ],
      "tx": -0.03312983422547178,
      "ty": -0.02191583230455163,
      "tz": 0.0
    },
    {
      "R": [
        [
          0.3642676048211577,
          -0.1601524973772202,
          -0.9174204541330526
        ],
        [
          0.8947179698004675,
          0.3335492753434628,
          0.2970263211130973
        ],
        [
          0.25843542054831964,
          -0.9290296327360557,
          0.26479251293101713
        ]
      ],
      "tx": -0.06013386255786409,
      "ty": -0.09846580268343441,
      "tz": 0.0
    },
    {
      "R": [
        [
          -0.443358089998827,
          0.20853641824609262,
          0.8717489124155431
        ],
        [
          0.14804506384156105,
          -0.9421662824879451,
          0.3006748330256339
        ],
        [
          0.8840340848093695,
          0.2623647430733319,
          0.38684425611261797
        ]
      ],
      "tx": 0.0887076024769324,
      "ty": 0.03102354589611747,
      "tz": 0.0
    },
    {
      "R": [
        [
          -0.9732530919851272,
          -0.21448836149830589,
          0.08229922067165425
        ],
        [
          0.21435732478690486,
          -0.718971968879518,
          0.6611582603852957
        ],
        [
          -0.08263991923756318,
          0.6611157619867198,
          0.7457188431313291
        ]
      ],
      "tx": -0.009218367083702106,
      "ty": 0.04003499136375052,
      "tz": 0.0
    }
  ],
  "points_N": 13344
}