{
  "type": "scene",
  "distance_m": 0.4,
  "num_objects": 11,
  "intrinsics": {
    "width": 640,
    "height": 480,
    "fx": 554.2562584220408,
    "fy": 554.2562584220408,
    "cx": 0.08651704903368554,
    "cy": 0.09404320866829477
  },
  "T_wc": [
    [
      0.999999999999,
      0.0,
      0.0,
      0.0
    ],
    [
      -0.0,
      0.9999999999965001,
      0.0,
      0.0
    ],
    [
      0.0,
      0.0,
      -0.9999999999975001,
      0.41501416601240637
    ],
    [
      0.0,
      0.0,
      0.0,
      1.0
    ]
  ],
  "bin_size": {
    "w": 0.25,
    "d": 0.25
  },
  "z_floor": 0.0,
  "piece_aabb": {
    "w": 0.0300283320248127,
    "d": 0.0300283320248127,
    "h": 0.0300283320248127
  },
  "poses": [
    {
      "R": [
        [
          0.299210796644521,
          0.9541842335023681,
          -0.002312510940399859
        ],
        [
          -0.7244242950453003,
          0.22873925657821292,
          0.6502982340804613
        ],
        [
          0.6210332840673445,
          -0.19290101356795636,
          0.7596754958829357
        ]
      ],
      "tx": 0.09434916666943652,
      "ty": -0.03537614457838434,
      "tz": 0.0
    },
    {
      "R": [
        [
          -0.4264473950950929,
          0.8003746738116437,
          0.42135851805501007
        ],
        [
          -0.04973478739816378,
          -0.48588445054887286,
          0.8726068711838562
        ],
        [
          0.903143991918824,
          0.3511647508445636,
          0.24701062249467431
        ]
      ],
      "tx": -0.0967566415472301,
      "ty": 0.06599760916214839,
      "tz": 0.0
    },
    {
      "R": [
        [
          -0.5292460744271161,
          -0.7008728104640203,
          0.4782006861723988
        ],
        [
          -0.75346839554323,
          0.1290979656086153,
          -0.6446852659966936
        ],
        [
          0.3901076385063465,
          -0.7015062500277401,
          -0.5964101034950864
        ]
      ],
      "tx": 0.00671855005363374,
      "ty": 0.08319159215132768,
      "tz": 0.0
    },
    {
      "R": [
        [
          -0.19760435289431433,
          -0.6919688151408312,
          0.6943570253045717
        ],
        [
          0.3052223613594347,
          -0.716544853398883,
          -0.6272182899069064
        ],
        [
          0.9315534498048892,
          0.08799222658944139,
          0.3527967378200122
        ]
      ],
      "tx": 0.011287534925744386,
      "ty": -0.0794625851142,
      "tz": 0.0
    },
    {
      "R": [
        [
          -0.952531022156518,
          -0.3043143198094407,
          0.008800374331614624
        ],
        [
          0.14889934298214208,
          -0.49089212090911505,
          -0.8584019520532541
        ],
        [
          0.2655440405826226,
          -0.8163441188544621,
          0.5129021759778236
        ]
      ],
      "tx": 0.0049967737047205,
      "ty": -0.020899976045601995,
      "tz": 0.0
    },
    {
      "R": [
        [
          -0.6902451742423015,
          0.6902351163369664,
          -0.21711076346074926
        ],
        [
          -0.31803194916270106,
          -0.019887334839290283,
          0.9478713906563291
        ],
        [
          0.6499363651519956,
          0.7233118124904946,
          0.23324395633054995
        ]
      ],
      "tx": -0.03802525525507588,
      "ty": 0.03919129042489147,
      "tz": 0.0
    },
    {
      "R": [
        [
          0.6110767620794245,
          0.5992753521384807,
          0.517159784946419
        ],
        [
          0.4196825264377981,
          0.3086672488703346,
          -0.8535754837608716
        ],
        [
          -0.6711570366533554,
          0.7386430679253133,
          -0.06288601081773071
        ]
      ],
      "tx": 0.0520741482973876,
      "ty": 0.033465563934220816,
      "tz": 0.0
    },
    {
      "R": [
        [
          -0.12129069371225354,
          0.6738425676224176,
          0.7288516733045401
        ],
        [
          0.9043850803076112,
          -0.22761757698089835,
          0.3609402515186422
        ],
        [
          0.40911635769765564,
          0.7029412725892346,
          -0.5818052708207717
        ]
      ],
      "tx": -0.06546994981465479,
      "ty": -0.09587593024727814,
      "tz": 0.0
    },
    {
      "R": [
        [
          0.3865942011008171,
          -0.7493326429497222,
          0.5376295321922011
        ],
        [
          0.37739833636875386,
          0.6604480169552192,
          0.6491370522516916
        ],
        [
          -0.8414959413932535,
          -0.048052129088133944,
          0.5381222663194485
        ]
      ],
      "tx": -0.0936323099750955,
      "ty": -0.01294285075646899,
      "tz": 0.0
    },
    {
      "R": [
        [
          -0.8724477230373355,
          0.4237161311267194,
          -0.24351511408940085
        ],
        [
          0.39726995553551875,
          0.9050994994929829,
          0.1515634469334835
        ],
        [
          0.2846252852361788,
          0.03548994562628463,
          -0.9579816860272787
        ]
      ],
      "tx": 0.07216311154640115,
      "ty": -0.08918919747051071,
      "tz": 0.0
    },
    {
      "R": [
        [
          0.3544650885832704,
          -0.9057416478983199,
          0.23235009842496396
        ],
        [
          0.5420831891668859,
          0.4015153252978846,
          0.7381945946521096
        ],
        [
          -0.7619057139819287,
          -0.1357111300276072,
          0.633310486403247
        ]
      ],
      "tx": 0.08651704903368554,
      "ty": 0.09404320866829477,
      "tz": 0.0
    }
  ],
  "points_N": 30071
}