{
  "type": "scene",
  "distance_m": 0.4,
  "num_objects": 12,
  "intrinsics": {
    "width": 640,
    "height": 480,
    "fx": 554.2562584220408,
    "fy": 554.2562584220408,
    "cx": 0.007850659425876177,
    "cy": -0.0181754408752825
  },
  "T_wc": [
    [
      0.999999999999,
      0.0,
      0.0,
      0.0
    ],
    [
      -0.0,
      0.9999999999965001,
      0.0,
      0.0
    ],
    [
      0.0,
      0.0,
      -0.9999999999975001,
      0.41501416601240637
    ],
    [
      0.0,
      0.0,
      0.0,
      1.0
    ]
  ],
  "bin_size": {
    "w": 0.25,
    "d": 0.25
  },
  "z_floor": 0.0,
  "piece_aabb": {
    "w": 0.0300283320248127,
    "d": 0.0300283320248127,
    "h": 0.0300283320248127
  },
  "poses": [
    {
      "R": [
        [
          0.6876026631390797,
          -0.7234917669118581,
          0.061337108301607046
        ],
        [
          -0.5468756532742831,
          -0.5716081357790668,
          -0.6117116632589298
        ],
        [
          0.47762914222215486,
          0.3870707975576792,
          -0.7886993091021386
        ]
      ],
      "tx": 0.0758579473286152,
      "ty": -0.041427173597582946,
      "tz": 0.0
    },
    {
      "R": [
        [
          -0.1624732808952638,
          -0.489532085251108,
          0.8567151046321235
        ],
        [
          0.19550132664488956,
          -0.8670094501040824,
          -0.4583381335982255
        ],
        [
          0.9671513140533992,
          0.09302123918718008,
          0.2365700420274398
        ]
      ],
      "tx": -0.0716556790080858,
      "ty": 0.033816550251832,
      "tz": 0.0
    },
    {
      "R": [
        [
          -0.9599809508828798,
          0.08145898389383689,
          -0.2679571008295653
        ],
        [
          0.13344833152169805,
          -0.7081255837161031,
          -0.6933611616616577
        ],
        [
          -0.2462277741362196,
          -0.7013719353023131,
          0.6689165057121933
        ]
      ],
      "tx": -0.09709653710780278,
      "ty": -0.0398404164229171,
      "tz": 0.0
    },
    {
      "R": [
        [
          -0.030095983985821473,
          -0.9002946614090136,
          -0.43423928240816095
        ],
        [
          0.7694503443400801,
          -0.2981619547550549,
          0.5648412310831925
        ],
        [
          -0.6379971781621429,
          -0.31712611272973723,
          0.7017055146441908
        ]
      ],
      "tx": 0.0380579728650034,
      "ty": 0.036664309328659356,
      "tz": 0.0
    },
    {
      "R": [
        [
          -0.3055295883378186,
          -0.47372589939593723,
          0.8259754493274198
        ],
        [
          -0.21751271101524758,
          0.8792420699146312,
          0.42381788900308615
        ],
        [
          -0.9270058744133827,
          -0.05017125405792802,
          -0.3716758723260556
        ]
      ],
      "tx": 0.03690712368318147,
      "ty": -0.09361698459878201,
      "tz": 0.0
    },
    {
      "R": [
        [
          -0.30631334426838164,
          0.09930480431087008,
          -0.9467368646904479
        ],
        [
          0.6293751598958514,
          -0.7250277172479493,
          -0.27968145689033264
        ],
        [
          -0.7141841801868698,
          -0.6815228279837787,
          0.15958568766590997
        ]
      ],
      "tx": 0.08730040373608744,
      "ty": 0.08248413206688215,
      "tz": 0.0
    },
    {
      "R": [
        [
          0.9856972042801996,
          0.16295403953699358,
          -0.042976766662634065
        ],
        [
          0.13809036695707025,
          -0.6347964134714192,
          0.7602398069014045
        ],
        [
          0.09660265021136968,
          -0.7553009297243047,
          -0.6482194331626758
        ]
      ],
      "tx": -0.025554793475676657,
      "ty": -0.0689903595844846,
      "tz": 0.0
    },
    {
      "R": [
        [
          -0.14354039053891277,
          -0.8488146714531141,
          0.5088318089603658
        ],
        [
          0.927637426760677,
          -0.2945348149851852,
          -0.2296476588917734
        ],
        [
          0.344796984842916,
          0.439047715274302,
          0.8296698999937562
        ]
      ],
      "tx": -0.054486684009471695,
      "ty": 0.09313110117245568,
      "tz": 0.0
    },
    {
      "R": [
        [
          0.09746343453191753,
          0.6811978352356265,
          -0.7255827921054487
        ],
        [
          -0.6774450108598993,
          0.5794951623690858,
          0.4530492402066885
        ],
        [
          0.7290878796073033,
          0.44738670751501225,
          0.5179536637080612
        ]
      ],
      "tx": -0.08083264555367664,
      "ty": -0.09527184985800026,
      "tz": 0.0
    },
    {
      "R": [
        [
          0.0786173884416288,
          0.7927431068547255,
          -0.6044647820749652
        ],
        [
          0.8553448943553321,
          -0.36508611219072407,
          -0.36755576772202514
        ],
        [
          -0.5120589984902945,
          -0.48812959060046657,
          -0.7067708856803152
        ]
      ],
      "tx": 0.0948346601932264,
      "ty": 0.02267895591141056,
      "tz": 0.0
    },
    {
      "R": [
        [
          0.6251021979882085,
          0.48118899158017453,
          0.6145765993367835
        ],
        [
          0.7707458231119664,
          -0.5048850225204236,
          -0.3886412101025946
        ],
        [
          0.123280648220911,
          0.7166228215851114,
          -0.6864791426967218
        ]
      ],
      "tx": 0.02778601862850813,
      "ty": 0.09765698384294799,
      "tz": 0.0
    },
    {
      "R": [
        [
          0.7790147286280087,
          0.29247458226433065,
          0.554612180996717
        ],
        [
          -0.6257172538391313,
          0.4193098182723295,
          0.6577668238429499
        ],
        [
          -0.04017425579455153,
          -0.8594404546155199,
          0.5096549167246625
        ]
      ],
      "tx": 0.007850659425876177,
      "ty": -0.0181754408752825,
      "tz": 0.0
    }
  ],
  "points_N": 33178
}