{
  "type": "scene",
  "distance_m": 0.4,
  "num_objects": 10,
  "intrinsics": {
    "width": 640,
    "height": 480,
    "fx": 554.2562584220408,
    "fy": 554.2562584220408,
    "cx": -0.06814079675658721,
    "cy": -0.09844946639068627
  },
  "T_wc": [
    [
      0.999999999999,
      0.0,
      0.0,
      0.0
    ],
    [
      -0.0,
      0.9999999999965001,
      0.0,
      0.0
    ],
    [
      0.0,
      0.0,
      -0.9999999999975001,
      0.41501416601240637
    ],
    [
      0.0,
      0.0,
      0.0,
      1.0
    ]
  ],
  "bin_size": {
    "w": 0.25,
    "d": 0.25
  },
  "z_floor": 0.0,
  "piece_aabb": {
    "w": 0.0300283320248127,
    "d": 0.0300283320248127,
    "h": 0.0300283320248127
  },
  "poses": [
    {
      "R": [
        [
          -0.2083610110324654,
          -0.6847779967612644,
          0.6983299966585703
        ],
        [
          0.12183969202347417,
          0.6902658833329964,
          0.7132237375144934
        ],
        [
          -0.9704332942192131,
          0.23369233076450752,
          -0.06039135710263688
        ]
      ],
      "tx": 0.013238529709580463,
      "ty": 0.09234956840856995,
      "tz": 0.0
    },
    {
      "R": [
        [
          0.661078507559677,
          0.5498141825583538,
          -0.510567891176442
        ],
        [
          0.5831527989428793,
          0.051683211245244554,
          0.810716756185824
        ],
        [
          0.47213135876338014,
          -0.8336865180228528,
          -0.28645901930149753
        ]
      ],
      "tx": -0.08838037915650655,
      "ty": -0.043388955440097174,
      "tz": 0.0
    },
    {
      "R": [
        [
          -0.2888674896899819,
          0.8935808261141412,
          -0.3436115257109056
        ],
        [
          -0.5939843815042619,
          -0.4487618683126031,
          -0.6676790696716355
        ],
        [
          -0.7508249649080716,
          0.011229102802540025,
          0.6604057686915241
        ]
      ],
      "tx": 0.0681753824817537,
      "ty": 0.06127235179603249,
      "tz": 0.0
    },
    {
      "R": [
        [
          -0.8451478792184821,
          -0.5149458292910434,
          -0.14337313258857676
        ],
        [
          0.39983265565845205,
          -0.787026629809576,
          0.4698115914275531
        ],
        [
          -0.35476599290463523,
          0.33973500977429444,
          0.8710460455177145
        ]
      ],
      "tx": 0.011269237046075437,
      "ty": -0.00801412653989357,
      "tz": 0.0
    },
    {
      "R": [
        [
          0.9327481445578809,
          0.13733661669032743,
          0.33334599523600783
        ],
        [
          0.07207224346739909,
          -0.9769696964834134,
          0.2008377551026777
        ],
        [
          0.35325131357916617,
          -0.16330604970166068,
          -0.921164829759274
        ]
      ],
      "tx": -0.00882991676423349,
      "ty": -0.08834490192919818,
      "tz": 0.0
    },
    {
      "R": [
        [
          0.28693741631689673,
          -0.9540615335874617,
          -0.08621780121369607
        ],
        [
          0.8909044527818085,
          0.2988507546436364,
          -0.3420197106344535
        ],
        [
          0.3520741046014747,
          0.02132642908856408,
          0.9357291319027106
        ]
      ],
      "tx": -0.06041757017513124,
      "ty": 0.03052544676090524,
      "tz": 0.0
    },
    {
      "R": [
        [
          -0.9710629471504577,
          0.13881834377711577,
          0.19433532901262537
        ],
        [
          0.18334694549578362,
          -0.08810612945962104,
          0.9790920322058649
        ],
        [
          0.15303806797275313,
          0.9863907833017413,
          0.06010467842476186
        ]
      ],
      "tx": 0.05033240585830717,
      "ty": -0.09579188522334783,
      "tz": 0.0
    },
    {
      "R": [
        [
          0.36949449670040035,
          0.236989442226345,
          0.898504213224047
        ],
        [
          0.8427335484199265,
          0.3219221344662335,
          -0.4314699360422042
        ],
        [
          -0.39150221362806786,
          0.9166254107398236,
          -0.08077049653414736
        ]
      ],
      "tx": 0.0700595464818535,
      "ty": -0.015302797877084634,
      "tz": 0.0
    },
    {
      "R": [
        [
          0.7482590950738632,
          -0.6350962453079096,
          -0.19173180705099213
        ],
        [
          0.4470147203690735,
          0.26912417127350663,
          0.853082657313878
        ],
        [
          -0.49018992891796787,
          -0.7240337972996452,
          0.4852719793633812
        ]
      ],
      "tx": -0.07791780324359548,
      "ty": 0.08525666326987352,
      "tz": 0.0
    },
    {
      "R": [
        [
          -0.5139717744003753,
          -0.806142900708359,
          -0.2932006800081512
        ],
        [
          -0.8064991866647532,
          0.3376876476612847,
          0.48531032806450736
        ],
        [
          -0.2922192276850057,
          0.48590192040626967,
          -0.8237155132184157
        ]
      ],
      "tx": -0.06814079675658721,
      "ty": -0.09844946639068627,
      "tz": 0.0
    }
  ],
  "points_N": 27180
}