{
  "type": "scene",
  "distance_m": 0.4,
  "num_objects": 7,
  "intrinsics": {
    "width": 640,
    "height": 480,
    "fx": 554.2562584220408,
    "fy": 554.2562584220408,
    "cx": 0.025955942376132496,
    "cy": 0.06207167256715182
  },
  "T_wc": [
    [
      0.999999999999,
      0.0,
      0.0,
      0.0
    ],
    [
      -0.0,
      0.9999999999965001,
      0.0,
      0.0
    ],
    [
      0.0,
      0.0,
      -0.9999999999975001,
      0.41501416601240637
    ],
    [
      0.0,
      0.0,
      0.0,
      1.0
    ]
  ],
  "bin_size": {
    "w": 0.25,
    "d": 0.25
  },
  "z_floor": 0.0,
  "piece_aabb": {
    "w": 0.0300283320248127,
    "d": 0.0300283320248127,
    "h": 0.0300283320248127
  },
  "poses": [
    {
      "R": [
        [
          0.6980507655970339,
          0.6350937384799167,
          0.33072809374620404
        ],
        [
          0.07617356213038362,
          0.3933952142439532,
          -0.916208379050488
        ],
        [
          -0.7119850539735813,
          0.6647526974398503,
          0.22623247813848313
        ]
      ],
      "tx": -0.051605724431818434,
      "ty": 0.04583890012921607,
      "tz": 0.0
    },
    {
      "R": [
        [
          -0.3052264162685394,
          -0.13618872189938486,
          -0.9424910964244045
        ],
        [
          0.9002672152017903,
          0.28134954957520963,
          -0.33220682140293234
        ],
        [
          0.31041226787077425,
          -0.9498921322872607,
          0.03673092667064137
        ]
      ],
      "tx": 0.0801010068178005,
      "ty": -0.09449039553473752,
      "tz": 0.0
    },
    {
      "R": [
        [
          0.4164845578004287,
          -0.2759141835063312,
          0.8662632258464029
        ],
        [
          -0.6571210608979972,
          -0.7498313182154988,
          0.07710321360032946
        ],
        [
          0.6282774263317694,
          -0.6013521078064348,
          -0.49360218597437955
        ]
      ],
      "tx": -0.0690540396956872,
      "ty": -0.06501636128582661,
      "tz": 0.0
    },
    {
      "R": [
        [
          0.8052214007990591,
          0.5254885761953606,
          0.2747366957349777
        ],
        [
          -0.5244994783973401,
          0.8473150700093681,
          -0.0834114458329183
        ],
        [
          -0.2766203044899618,
          -0.0769345723533472,
          0.9578947117093237
        ]
      ],
      "tx": 0.05472215552288273,
      "ty": 0.003882272503774001,
      "tz": 0.0
    },
    {
      "R": [
        [
          0.6493883625733106,
          -0.17348866892424253,
          -0.7404028878315163
        ],
        [
          0.6643663663654692,
          0.6031693773538506,
          0.4413660991341668
        ],
        [
          0.3700163317972567,
          -0.7785167846472307,
          0.5069512108929612
        ]
      ],
      "tx": 0.08884588953325051,
      "ty": 0.06292179813054491,
      "tz": 0.0
    },
    {
      "R": [
        [
          0.08500521573906916,
          0.8777573705910348,
          -0.4715040950726378
        ],
        [
          -0.05919876413480463,
          0.4768301375402264,
          0.8769997299077581
        ],
        [
          0.9946203394371472,
          -0.04663709153111478,
          0.09249520026170188
        ]
      ],
      "tx": 0.026761100730870957,
      "ty": -0.050104954466185014,
      "tz": 0.0
    },
    {
      "R": [
        [
          0.3058642316056096,
          -0.951578739461564,
          0.030740436383544678
        ],
        [
          0.6663390130216755,
          0.2370187540027664,
          0.7069755511870799
        ],
        [
          -0.6800289637578749,
          -0.19575498168812167,
          0.7065695971344039
        ]
      ],
      "tx": 0.025955942376132496,
      "ty": 0.06207167256715182,
      "tz": 0.0
    }
  ],
  "points_N": 18737
}