{
  "type": "scene",
  "distance_m": 0.4,
  "num_objects": 10,
  "intrinsics": {
    "width": 640,
    "height": 480,
    "fx": 554.2562584220408,
    "fy": 554.2562584220408,
    "cx": 0.08990237927619521,
    "cy": -0.04929126412411051
  },
  "T_wc": [
    [
      0.999999999999,
      0.0,
      0.0,
      0.0
    ],
    [
      -0.0,
      0.9999999999965001,
      0.0,
      0.0
    ],
    [
      0.0,
      0.0,
      -0.9999999999975001,
      0.41501416601240637
    ],
    [
      0.0,
      0.0,
      0.0,
      1.0
    ]
  ],
  "bin_size": {
    "w": 0.25,
    "d": 0.25
  },
  "z_floor": 0.0,
  "piece_aabb": {
    "w": 0.0300283320248127,
    "d": 0.0300283320248127,
    "h": 0.0300283320248127
  },
  "poses": [
    {
      "R": [
        [
          0.866313524204333,
          -0.2897978234167062,
          -0.4068391565761683
        ],
        [
          -0.49875390382397583,
          -0.5463817801912398,
          -0.6728383860150936
        ],
        [
          -0.027302402843205703,
          0.7858016109795088,
          -0.6178757213072836
        ]
      ],
      "tx": -0.07549148044234075,
      "ty": 0.08277927426129716,
      "tz": 0.0
    },
    {
      "R": [
        [
          -0.15620118985399856,
          -0.4022468294708442,
          -0.9021079073308518
        ],
        [
          -0.9854679403048353,
          0.0017551864052721688,
          0.16985245936408527
        ],
        [
          -0.06673924572199313,
          0.9155295776223378,
          -0.39667551673770207
        ]
      ],
      "tx": -0.050845134127260355,
      "ty": 0.010209964434245072,
      "tz": 0.0
    },
    {
      "R": [
        [
          0.3116662484471512,
          -0.8151442677088854,
          0.488266292508733
        ],
        [
          0.6762088583950958,
          -0.17072666722794283,
          -0.71665471806529
        ],
        [
          0.6675370621972084,
          0.5535270796614962,
          0.49799803480991367
        ]
      ],
      "tx": 0.004091213489294143,
      "ty": -0.014066212633718989,
      "tz": 0.0
    },
    {
      "R": [
        [
          -0.2760320600745416,
          -0.8431428725884283,
          -0.4614286491044286
        ],
        [
          -0.41229788054450667,
          0.5375373328278301,
          -0.735570576841441
        ],
        [
          0.8682262144795632,
          -0.012795007607491082,
          -0.4960035567118566
        ]
      ],
      "tx": 0.04398584042677081,
      "ty": -0.08349171738512551,
      "tz": 0.0
    },
    {
      "R": [
        [
          -0.22413360456266562,
          0.9667933364061316,
          0.12277936303160825
        ],
        [
          -0.09339330595419942,
          0.1040968774736768,
          -0.9901724751290433
        ],
        [
          -0.9700730991573223,
          -0.23339769660588144,
          0.06696041748956572
        ]
      ],
      "tx": 0.08582767742865982,
      "ty": 0.009532356287935528,
      "tz": 0.0
    },
    {
      "R": [
        [
          -0.1011469685124009,
          -0.7471283735609658,
          -0.656938721785295
        ],
        [
          0.8584142453147584,
          0.26823936202524334,
          -0.43723292202324404
        ],
        [
          0.5028859455199014,
          -0.608150341675836,
          0.6142140406390256
        ]
      ],
      "tx": -0.08803247532883027,
      "ty": -0.053564644638541346,
      "tz": 0.0
    },
    {
      "R": [
        [
          -0.6889773568353632,
          0.48145693523166244,
          -0.5417650978842135
        ],
        [
          0.29681116560817455,
          0.8693579698421834,
          0.39512004788696053
        ],
        [
          0.6612210929322153,
          0.11142683603698,
          -0.7418697503418741
        ]
      ],
      "tx": 0.031562287637353775,
      "ty": 0.0640557908289974,
      "tz": 0.0
    },
    {
      "R": [
        [
          -0.25611920762312534,
          -0.6356878313888149,
          0.7282197007158542
        ],
        [
          -0.7443545527819796,
          -0.35093570540411756,
          -0.5681376861512126
        ],
        [
          0.6167165079996171,
          -0.6875646236512609,
          -0.38329575664760274
        ]
      ],
      "tx": 0.08381859053124746,
      "ty": 0.09556611541106272,
      "tz": 0.0
    },
    {
      "R": [
        [
          -0.6040202663673038,
          0.09428923745541665,
          0.7913716304730967
        ],
        [
          0.5690844862191693,
          0.7461944524536751,
          0.34545142447531485
        ],
        [
          -0.5579447690965795,
          0.6590169791647527,
          -0.5043751141861863
        ]
      ],
      "tx": -0.01939797273749523,
      "ty": -0.08083070608716979,
      "tz": 0.0
    },
    {
      "R": [
        [
          0.18486335598197112,
          0.8881916983394708,
          0.42064360997871997
        ],
        [
          -0.5671967237492205,
          -0.25311427143563714,
          0.7837225543288625
        ],
        [
          0.8025667674301206,
          -0.383469258997971,
          0.45698786769488053
        ]
      ],
      "tx": 0.08990237927619521,
      "ty": -0.04929126412411051,
      "tz": 0.0
    }
  ],
  "points_N": 28218
}