{
  "type": "scene",
  "distance_m": 0.4,
  "num_objects": 4,
  "intrinsics": {
    "width": 640,
    "height": 480,
    "fx": 554.2562584220408,
    "fy": 554.2562584220408,
    "cx": 0.012298823407287648,
    "cy": 0.09479643485180017
  },
  "T_wc": [
    [
      0.999999999999,
      0.0,
      0.0,
      0.0
    ],
    [
      -0.0,
      0.9999999999965001,
      0.0,
      0.0
    ],
    [
      0.0,
      0.0,
      -0.9999999999975001,
      0.41501416601240637
    ],
    [
      0.0,
      0.0,
      0.0,
      1.0
    ]
  ],
  "bin_size": {
    "w": 0.25,
    "d": 0.25
  },
  "z_floor": 0.0,
  "piece_aabb": {
    "w": 0.0300283320248127,
    "d": 0.0300283320248127,
    "h": 0.0300283320248127
  },
  "poses": [
    {
      "R": [
        [
          0.767677640108237,
          -0.21485174300747495,
          0.6037464446309379
        ],
        [
          -0.3562460916469033,
          -0.9262120113240491,
          0.1233694948735928
        ],
        [
          0.5326910578038214,
          -0.3097903139313901,
          -0.7875723448230876
        ]
      ],
      "tx": -0.06325433210811622,
      "ty": -0.08898146955128078,
      "tz": 0.0
    },
    {
      "R": [
        [
          -0.21281098294095413,
          -0.5161875363160046,
          -0.8296155211251284
        ],
        [
          0.9762004347008783,
          -0.14861421930742846,
          -0.1579446900324919
        ],
        [
          -0.04176358257526941,
          -0.8434833970930649,
          0.5355292354286754
        ]
      ],
      "tx": -0.02762814977276963,
      "ty": 0.006800329736469629,
      "tz": 0.0
    },
    {
      "R": [
        [
          -0.31512246026762614,
          -0.6674622521543084,
          0.674679165962591
        ],
        [
          0.9411721673354142,
          -0.12837135439281244,
          0.3125951803923319
        ],
        [
          -0.12203600480201748,
          0.7334950151980952,
          0.6686495914987971
        ]
      ],
      "tx": 0.07964029744928675,
      "ty": 0.0178861879217017,
      "tz": 0.0
    },
    {
      "R": [
        [
          -0.09051807745888785,
          -0.0007249425466529513,
          -0.9958945486904982
        ],
        [
          0.38309116693996514,
          0.9230284444728457,
          -0.03549152725108584
        ],
        [
          0.9192647254549273,
          -0.38473102961984085,
          -0.0832730411473881
        ]
      ],
      "tx": 0.012298823407287648,
      "ty": 0.09479643485180017,
      "tz": 0.0
    }
  ],
  "points_N": 10821
}