{
  "type": "scene",
  "distance_m": 0.4,
  "num_objects": 11,
  "intrinsics": {
    "width": 640,
    "height": 480,
    "fx": 554.2562584220408,
    "fy": 554.2562584220408,
    "cx": -0.027508394560391947,
    "cy": 0.09166966576974273
  },
  "T_wc": [
    [
      0.999999999999,
      0.0,
      0.0,
      0.0
    ],
    [
      -0.0,
      0.9999999999965001,
      0.0,
      0.0
    ],
    [
      0.0,
      0.0,
      -0.9999999999975001,
      0.41501416601240637
    ],
    [
      0.0,
      0.0,
      0.0,
      1.0
    ]
  ],
  "bin_size": {
    "w": 0.25,
    "d": 0.25
  },
  "z_floor": 0.0,
  "piece_aabb": {
    "w": 0.0300283320248127,
    "d": 0.0300283320248127,
    "h": 0.0300283320248127
  },
  "poses": [
    {
      "R": [
        [
          0.8629010135417305,
          0.3617343481036996,
          0.3529165655373034
        ],
        [
          0.5039746097770281,
          -0.5640224267979055,
          -0.6541317105668351
        ],
        [
          -0.037569050144320104,
          0.7423119044384193,
          -0.6690004506726888
        ]
      ],
      "tx": -0.09664578837270806,
      "ty": 0.006941595104799428,
      "tz": 0.0
    },
    {
      "R": [
        [
          -0.2780360125819372,
          -0.06661942983273603,
          0.9582577040004937
        ],
        [
          0.520945208939739,
          -0.8486009363749201,
          0.09215497852172824
        ],
        [
          0.8070390727779345,
          0.5248221625964071,
          0.27064669341664216
        ]
      ],
      "tx": -0.006193830850036816,
      "ty": 0.03611410788388936,
      "tz": 0.0
    },
    {
      "R": [
        [
          0.6219215095330701,
          -0.7824715590786747,
          0.030852799112810192
        ],
        [
          -0.7258522298019282,
          -0.5612390272984755,
          0.3976798897714461
        ],
        [
          -0.2938574084001901,
          -0.26972025038926695,
          -0.917005348980187
        ]
      ],
      "tx": -0.007553746770953468,
      "ty": -0.07343644907525769,
      "tz": 0.0
    },
    {
      "R": [
        [
          0.6618396578707366,
          0.7452734852923092,
          0.08084367254028343
        ],
        [
          -0.49967641574033783,
          0.5189689678350626,
          -0.69353780717211
        ],
        [
          -0.5588306960273706,
          0.41861514848899584,
          0.7158698279946576
        ]
      ],
      "tx": 0.09318173493921333,
      "ty": -0.059813891605422255,
      "tz": 0.0
    },
    {
      "R": [
        [
          0.6524870799550058,
          0.7507991205513496,
          0.10276814229667525
        ],
        [
          -0.7154585430761242,
          0.5656427463379385,
          0.4100821340349567
        ],
        [
          0.24975925134252674,
          -0.3410996395404053,
          0.9062402287882756
        ]
      ],
      "tx": -0.068617338113089,
      "ty": -0.05515771798783585,
      "tz": 0.0
    },
    {
      "R": [
        [
          0.8850030117365663,
          -0.37782107938454873,
          0.2720678246134622
        ],
        [
          0.27232101446732987,
          -0.053912441481061224,
          -0.9606949118908851
        ],
        [
          0.37763862924321107,
          0.9243076763860861,
          0.055175946544331445
        ]
      ],
      "tx": 0.04383026853210112,
      "ty": 0.007836823214880315,
      "tz": 0.0
    },
    {
      "R": [
        [
          -0.5848984988024821,
          0.7206230218470075,
          0.3722851145059256
        ],
        [
          -0.17338381947289866,
          -0.5594566094967315,
          0.8105222718935062
        ],
        [
          0.7923583767737881,
          0.4095250449905462,
          0.452169702967701
        ]
      ],
      "tx": -0.08872253573243674,
      "ty": 0.09347214980696819,
      "tz": 0.0
    },
    {
      "R": [
        [
          -0.16170883571034822,
          -0.1691436667770455,
          0.9722348854276007
        ],
        [
          0.8460607222145523,
          0.48336256185541304,
          0.22481523107290208
        ],
        [
          -0.5079680174764886,
          0.85892435859381,
          0.06494181576779456
        ]
      ],
      "tx": 0.091669036975428,
      "ty": 0.040881773898435114,
      "tz": 0.0
    },
    {
      "R": [
        [
          -0.033323277046596766,
          -0.9977238290138359,
          0.058623546675767246
        ],
        [
          -0.6668115440549045,
          0.06588704743657747,
          0.7423080638759115
        ],
        [
          -0.7444809761988482,
          -0.014354720410383326,
          -0.667489339300599
        ]
      ],
      "tx": 0.04499776617248591,
      "ty": 0.09592597779221781,
      "tz": 0.0
    },
    {
      "R": [
        [
          0.575161032092415,
          0.8097794038742053,
          0.11596164979649379
        ],
        [
          -0.7930344128279653,
          0.5171678514343705,
          0.3219220923039628
        ],
        [
          0.20071424272580227,
          -0.27711862171982155,
          0.9396377292675695
        ]
      ],
      "tx": 0.04973652026828396,
      "ty": -0.09784048698130914,
      "tz": 0.0
    },
    {
      "R": [
        [
          -0.6652941233456904,
          -0.29018409953023294,
          -0.6878785632809887
        ],
        [
          0.7247664736350914,
          -0.4721346530572619,
          -0.501799190988839
        ],
        [
          -0.17915716043810176,
          -0.8323953734628314,
          0.5244241166283541
        ]
      ],
      "tx": -0.027508394560391947,
      "ty": 0.09166966576974273,
      "tz": 0.0
    }
  ],
  "points_N": 29884
}