{
  "type": "scene",
  "distance_m": 0.4,
  "num_objects": 10,
  "intrinsics": {
    "width": 640,
    "height": 480,
    "fx": 554.2562584220408,
    "fy": 554.2562584220408,
    "cx": 0.008999399892376733,
    "cy": 0.024325367088435162
  },
  "T_wc": [
    [
      0.999999999999,
      0.0,
      0.0,
      0.0
    ],
    [
      -0.0,
      0.9999999999965001,
      0.0,
      0.0
    ],
    [
      0.0,
      0.0,
      -0.9999999999975001,
      0.41501416601240637
    ],
    [
      0.0,
      0.0,
      0.0,
      1.0
    ]
  ],
  "bin_size": {
    "w": 0.25,
    "d": 0.25
  },
  "z_floor": 0.0,
  "piece_aabb": {
    "w": 0.0300283320248127,
    "d": 0.0300283320248127,
    "h": 0.0300283320248127
  },
  "poses": [
    {
      "R": [
        [
          0.5286633802369646,
          -0.6433851907032797,
          -0.5536881132732859
        ],
        [
          -0.7435799570897179,
          -0.036418509637007546,
          -0.6676545061409175
        ],
        [
          0.40939452586823855,
          0.7646758715557355,
          -0.4976614649031976
        ]
      ],
      "tx": -0.011077256894804793,
      "ty": -0.07981366651192406,
      "tz": 0.0
    },
    {
      "R": [
        [
          0.6728632607316486,
          -0.7340980230617131,
          -0.09140637228584336
        ],
        [
          0.08260703203307446,
          -0.048227887741515874,
          0.99541456142789
        ],
        [
          -0.735140197932517,
          -0.6773286967055778,
          0.028190885102519214
        ]
      ],
      "tx": 0.09429936642546843,
      "ty": 0.07015097451890737,
      "tz": 0.0
    },
    {
      "R": [
        [
          -0.9071452160951821,
          0.4084010887924662,
          0.1014697373050405
        ],
        [
          0.2308780041631569,
          0.28141776491750414,
          0.9313964723910402
        ],
        [
          0.3518279467428122,
          0.8683389846494078,
          -0.3495776074475774
        ]
      ],
      "tx": -0.04424153888902917,
      "ty": -0.001257291181552711,
      "tz": 0.0
    },
    {
      "R": [
        [
          -0.9512933339786793,
          -0.264284603016009,
          0.15872819956264403
        ],
        [
          -0.2696081007279698,
          0.9628876925742822,
          -0.01260013931793949
        ],
        [
          -0.14950740700575646,
          -0.05478083695641314,
          -0.9872419131868182
        ]
      ],
      "tx": -0.005049735894257806,
      "ty": 0.09805367760998357,
      "tz": 0.0
    },
    {
      "R": [
        [
          0.44090316117441475,
          0.5312407943509934,
          -0.7234553344082367
        ],
        [
          -0.2064807336697456,
          -0.7243776460517131,
          -0.6577558304749438
        ],
        [
          -0.8734816020326998,
          0.4393862131632091,
          -0.20968940505539013
        ]
      ],
      "tx": 0.06249004287149584,
      "ty": -0.004534087663160408,
      "tz": 0.0
    },
    {
      "R": [
        [
          0.7786906175709898,
          0.2052361511282238,
          0.5928904151502057
        ],
        [
          -0.6272753197742982,
          0.27410981592351136,
          0.7289646644498147
        ],
        [
          -0.012907180519480088,
          -0.9395434695023173,
          0.3421863141719521
        ]
      ],
      "tx": -0.0955183830717625,
      "ty": 0.0276526752808908,
      "tz": 0.0
    },
    {
      "R": [
        [
          0.1558199432253944,
          -0.1641384499631169,
          -0.9740527267745521
        ],
        [
          -0.3232859804511361,
          -0.940263393387776,
          0.10672828068816613
        ],
        [
          -0.9333843367750406,
          0.2982671961490397,
          -0.199575448300656
        ]
      ],
      "tx": -0.06722586104354228,
      "ty": 0.08999102715048349,
      "tz": 0.0
    },
    {
      "R": [
        [
          0.25481095214027694,
          -0.9514260484749438,
          -0.1728000374789307
        ],
        [
          0.9575785728114002,
          0.2731413597746569,
          -0.09185354904919892
        ],
        [
          0.13459069641638555,
          -0.14206432298014088,
          0.9806646075872967
        ]
      ],
      "tx": -0.0966112742414831,
      "ty": -0.0632517595454721,
      "tz": 0.0
    },
    {
      "R": [
        [
          0.28061505509992435,
          -0.41928910494313604,
          -0.8633955277433686
        ],
        [
          0.8975078529070324,
          -0.20420608224945846,
          0.3908702213555488
        ],
        [
          -0.34019824341327054,
          -0.8845883350170918,
          0.31901196330265424
        ]
      ],
      "tx": 0.06430817861820168,
      "ty": -0.08308443411869476,
      "tz": 0.0
    },
    {
      "R": [
        [
          0.06637515490047996,
          -0.8913800192630067,
          -0.44837038268670115
        ],
        [
          0.9849315690390731,
          -0.013389860074364268,
          0.1724253924380585
        ],
        [
          -0.1597001663185322,
          -0.4530589066621144,
          0.8770595669462609
        ]
      ],
      "tx": 0.008999399892376733,
      "ty": 0.024325367088435162,
      "tz": 0.0
    }
  ],
  "points_N": 26971
}