{
  "type": "scene",
  "distance_m": 0.4,
  "num_objects": 11,
  "intrinsics": {
    "width": 640,
    "height": 480,
    "fx": 554.2562584220408,
    "fy": 554.2562584220408,
    "cx": -0.09356220705022945,
    "cy": 0.09663428614292646
  },
  "T_wc": [
    [
      0.999999999999,
      0.0,
      0.0,
      0.0
    ],
    [
      -0.0,
      0.9999999999965001,
      0.0,
      0.0
    ],
    [
      0.0,
      0.0,
      -0.9999999999975001,
      0.41501416601240637
    ],
    [
      0.0,
      0.0,
      0.0,
      1.0
    ]
  ],
  "bin_size": {
    "w": 0.25,
    "d": 0.25
  },
  "z_floor": 0.0,
  "piece_aabb": {
    "w": 0.0300283320248127,
    "d": 0.0300283320248127,
    "h": 0.0300283320248127
  },
  "poses": [
    {
      "R": [
        [
          0.10163738068066208,
          -0.919474461484888,
          0.37978488322397613
        ],
        [
          0.8116810904971596,
          0.2973744427321705,
          0.5027347691766233
        ],
        [
          -0.5751900991652374,
          0.25716756305336425,
          0.776544393023012
        ]
      ],
      "tx": -0.07413727352924482,
      "ty": 0.03453038072867465,
      "tz": 0.0
    },
    {
      "R": [
        [
          0.7983216466587605,
          -0.4417731977935198,
          0.40929083814242995
        ],
        [
          -0.5922448368251559,
          -0.45265263754321117,
          0.6665970619340584
        ],
        [
          -0.10921813828293156,
          -0.774559249790784,
          -0.6230002944088779
        ]
      ],
      "tx": -0.04591453016637572,
      "ty": -0.04862816329431813,
      "tz": 0.0
    },
    {
      "R": [
        [
          -0.6037709617872766,
          -0.28468817689153203,
          -0.7445893281807382
        ],
        [
          0.18964522891686175,
          0.8559402842387815,
          -0.4810414919383826
        ],
        [
          0.7742708265533053,
          -0.43164669783911197,
          -0.4628021341708055
        ]
      ],
      "tx": 0.07074329195384535,
      "ty": 0.06412497762992389,
      "tz": 0.0
    },
    {
      "R": [
        [
          -0.5758068142957202,
          -0.5271241676303305,
          -0.6249692988544684
        ],
        [
          0.5579587054039891,
          0.30538055623275506,
          -0.7716377381510562
        ],
        [
          0.597602372547599,
          -0.7930213287011922,
          0.11827331292593657
        ]
      ],
      "tx": -0.03261529354115296,
      "ty": 0.08904702707789292,
      "tz": 0.0
    },
    {
      "R": [
        [
          0.6998059197862876,
          -0.6056247460792169,
          0.37880119003053825
        ],
        [
          -0.36610731365266613,
          0.1512649037566265,
          0.9181962555911056
        ],
        [
          -0.613381699696116,
          -0.7812410612787724,
          -0.11586757376384993
        ]
      ],
      "tx": 0.041741738195972516,
      "ty": -0.09465397429132665,
      "tz": 0.0
    },
    {
      "R": [
        [
          -0.9920486347214885,
          0.12489207200647648,
          0.015539520493232782
        ],
        [
          -0.036590113400744494,
          -0.16807528375545644,
          -0.9850948495408162
        ],
        [
          -0.1204187275657369,
          -0.9778305933751775,
          0.17130867085759838
        ]
      ],
      "tx": 0.012876687303882431,
      "ty": -0.015368338907704143,
      "tz": 0.0
    },
    {
      "R": [
        [
          0.5923511161692245,
          -0.7253582069342175,
          -0.35067880860732215
        ],
        [
          0.15482429011817983,
          0.5296276240388978,
          -0.8339808265447795
        ],
        [
          0.7906640211635253,
          0.4397158758654149,
          0.4260285837234815
        ]
      ],
      "tx": 0.09883893351935005,
      "ty": -0.06327457584309337,
      "tz": 0.0
    },
    {
      "R": [
        [
          -0.9563643982773307,
          -0.22404909223832753,
          -0.18753437544839716
        ],
        [
          -0.03766679143742918,
          -0.5419527231804031,
          0.8395644458051773
        ],
        [
          -0.28973841742241946,
          0.8099933642348723,
          0.5098650795701007
        ]
      ],
      "tx": 0.06773493942565087,
      "ty": 0.004155492308711983,
      "tz": 0.0
    },
    {
      "R": [
        [
          0.6394109482696619,
          0.2336966086629137,
          -0.7324885898990814
        ],
        [
          0.7662679371708807,
          -0.2719324008331383,
          0.582139345724895
        ],
        [
          -0.06314338996898178,
          -0.933508791858212,
          -0.3529507725259242
        ]
      ],
      "tx": -0.09010190106127187,
      "ty": -0.09627335467995152,
      "tz": 0.0
    },
    {
      "R": [
        [
          0.07611157073099162,
          -0.9173179517527217,
          -0.39081300412480213
        ],
        [
          -0.7260172874196689,
          -0.31964285375477086,
          0.6088738329172076
        ],
        [
          -0.6834514812103687,
          0.23739465334269277,
          -0.6903172107050897
        ]
      ],
      "tx": 0.0127060048232647,
      "ty": 0.051249648771207856,
      "tz": 0.0
    },
    {
      "R": [
        [
          0.23846377700311616,
          0.036649401124390024,
          0.9704596068124791
        ],
        [
          -0.9073063428317765,
          0.3647502904242568,
          0.20917080554572448
        ],
        [
          -0.34630943867390473,
          -0.9303838170522121,
          0.1202319660186969
        ]
      ],
      "tx": -0.09356220705022945,
      "ty": 0.09663428614292646,
      "tz": 0.0
    }
  ],
  "points_N": 29109
}