{
  "type": "scene",
  "distance_m": 0.4,
  "num_objects": 12,
  "intrinsics": {
    "width": 640,
    "height": 480,
    "fx": 554.2562584220408,
    "fy": 554.2562584220408,
    "cx": -0.09898822821031424,
    "cy": -0.006502702378332156
  },
  "T_wc": [
    [
      0.999999999999,
      0.0,
      0.0,
      0.0
    ],
    [
      -0.0,
      0.9999999999965001,
      0.0,
      0.0
    ],
    [
      0.0,
      0.0,
      -0.9999999999975001,
      0.41501416601240637
    ],
    [
      0.0,
      0.0,
      0.0,
      1.0
    ]
  ],
  "bin_size": {
    "w": 0.25,
    "d": 0.25
  },
  "z_floor": 0.0,
  "piece_aabb": {
    "w": 0.0300283320248127,
    "d": 0.0300283320248127,
    "h": 0.0300283320248127
  },
  "poses": [
    {
      "R": [
        [
          -0.8868032355495681,
          -0.3159900866780011,
          -0.33723921263703344
        ],
        [
          -0.41825183257982546,
          0.23835090732635766,
          0.8765011406269358
        ],
        [
          -0.19658439908200892,
          0.9183349661740705,
          -0.34353378864332096
        ]
      ],
      "tx": 0.03768463457742938,
      "ty": 0.09550811946312754,
      "tz": 0.0
    },
    {
      "R": [
        [
          0.7865206553939974,
          0.6172083776619857,
          0.02095416861763502
        ],
        [
          0.4728099291112644,
          -0.5799894660798892,
          -0.6633724369991307
        ],
        [
          -0.39728582855722117,
          0.531663462897559,
          -0.747995944272011
        ]
      ],
      "tx": 0.06127105026208349,
      "ty": -0.06742892253724123,
      "tz": 0.0
    },
    {
      "R": [
        [
          -0.4481821742667398,
          0.47267096267219644,
          0.7587587888888515
        ],
        [
          0.7673848221351721,
          0.6387943096733456,
          0.05533863646245846
        ],
        [
          -0.45853383018716076,
          0.6070617686656712,
          -0.6490167452372853
        ]
      ],
      "tx": -0.08348156295244917,
      "ty": -0.08320246101980978,
      "tz": 0.0
    },
    {
      "R": [
        [
          -0.3486336989098,
          0.371947953483422,
          -0.8602960327026767
        ],
        [
          0.6175419344952623,
          -0.5993178039861671,
          -0.5093722891609316
        ],
        [
          -0.7050507096119543,
          -0.7088532215661383,
          -0.02075107589951042
        ]
      ],
      "tx": 0.004542283825986204,
      "ty": 0.04849966119538149,
      "tz": 0.0
    },
    {
      "R": [
        [
          -0.22984982050159575,
          -0.9420797965892522,
          -0.24424315112964223
        ],
        [
          0.047968726655135074,
          -0.2616237296698867,
          0.9639771912948475
        ],
        [
          -0.9720432404365914,
          0.20985395143282648,
          0.10532453555349663
        ]
      ],
      "tx": -0.03547814688176422,
      "ty": -0.033910680571834814,
      "tz": 0.0
    },
    {
      "R": [
        [
          -0.6370990980153344,
          0.5650754434556705,
          -0.5242084342238538
        ],
        [
          0.770312442702391,
          0.44305237438498557,
          -0.4586102203066369
        ],
        [
          -0.026897582157561717,
          -0.6959844371501447,
          -0.7175529132537009
        ]
      ],
      "tx": 0.07744247416012326,
      "ty": 0.030300615650838025,
      "tz": 0.0
    },
    {
      "R": [
        [
          0.4811518805967573,
          0.06815877742302584,
          0.8739835518237185
        ],
        [
          0.48461717925414355,
          -0.8514628661653632,
          -0.20039255752952195
        ],
        [
          0.7305060282913216,
          0.5199666995122514,
          -0.44271387376992744
        ]
      ],
      "tx": -0.09074915781747854,
      "ty": 0.07733223264900085,
      "tz": 0.0
    },
    {
      "R": [
        [
          0.6600292757262642,
          0.5792170316321119,
          -0.47840253495518625
        ],
        [
          -0.7304328858775002,
          0.34595849541012247,
          -0.5888807338351554
        ],
        [
          -0.17558232944385369,
          0.738119468460797,
          0.651421903121334
        ]
      ],
      "tx": -0.050601804046278336,
      "ty": 0.029201664781766168,
      "tz": 0.0
    },
    {
      "R": [
        [
          -0.2363396259366526,
          -0.921743666865875,
          -0.3074608817472133
        ],
        [
          0.9686891224550639,
          -0.1987393638261663,
          -0.1488087675616221
        ],
        [
          0.07605895903416796,
          -0.33300342019057627,
          0.9398530506903817
        ]
      ],
      "tx": -0.013102491111028985,
      "ty": -0.08715870563687333,
      "tz": 0.0
    },
    {
      "R": [
        [
          0.4805106108476893,
          0.019772851935229818,
          -0.8767659819981202
        ],
        [
          -0.7259016136235378,
          -0.5520308030214138,
          -0.4102789780798878
        ],
        [
          -0.49211421458999177,
          0.8335892434777937,
          -0.2509035132408375
        ]
      ],
      "tx": 0.0345026913892684,
      "ty": -0.008079806584019661,
      "tz": 0.0
    },
    {
      "R": [
        [
          -0.7221465248858951,
          0.6785431606502408,
          -0.13447518629846353
        ],
        [
          0.5166329250930308,
          0.6583259894256729,
          0.547446173022086
        ],
        [
          0.45999436660142246,
          0.3258620425601765,
          -0.8259655633944223
        ]
      ],
      "tx": -0.028718124770027526,
      "ty": 0.09679388846572731,
      "tz": 0.0
    },
    {
      "R": [
        [
          -0.32935671175821035,
          -0.49189077204580234,
          -0.8059575825041936
        ],
        [
          0.821717187009682,
          -0.569770300910923,
          0.011944403407951998
        ],
        [
          -0.46508603611881827,
          -0.6583352281141129,
          0.5918527742870048
        ]
      ],
      "tx": -0.09898822821031424,
      "ty": -0.006502702378332156,
      "tz": 0.0
    }
  ],
  "points_N": 32196
}