{
  "type": "scene",
  "distance_m": 0.4,
  "num_objects": 11,
  "intrinsics": {
    "width": 640,
    "height": 480,
    "fx": 554.2562584220408,
    "fy": 554.2562584220408,
    "cx": -0.08880756716221971,
    "cy": -0.09650359947433261
  },
  "T_wc": [
    [
      0.999999999999,
      0.0,
      0.0,
      0.0
    ],
    [
      -0.0,
      0.9999999999965001,
      0.0,
      0.0
    ],
    [
      0.0,
      0.0,
      -0.9999999999975001,
      0.41501416601240637
    ],
    [
      0.0,
      0.0,
      0.0,
      1.0
    ]
  ],
  "bin_size": {
    "w": 0.25,
    "d": 0.25
  },
  "z_floor": 0.0,
  "piece_aabb": {
    "w": 0.0300283320248127,
    "d": 0.0300283320248127,
    "h": 0.0300283320248127
  },
  "poses": [
    {
      "R": [
        [
          0.4686381869506574,
          -0.21672510263775877,
          0.856392713431317
        ],
        [
          -0.2687760507733006,
          0.8884972197656839,
          0.3719302690012715
        ],
        [
          -0.8415091706347049,
          -0.4044785783639265,
          0.35813320899127477
        ]
      ],
      "tx": -0.053755520655479,
      "ty": -0.04988336350008423,
      "tz": 0.0
    },
    {
      "R": [
        [
          0.29276765411778416,
          0.5927020742134697,
          -0.7503274964476647
        ],
        [
          -0.8450451463230628,
          -0.2068025217822247,
          -0.4930835808058771
        ],
        [
          -0.4474212795321686,
          0.7784195322623677,
          0.44031492186188037
        ]
      ],
      "tx": 0.025133972763082088,
      "ty": 0.013496308487810166,
      "tz": 0.0
    },
    {
      "R": [
        [
          0.9376994186943948,
          0.27120577676864954,
          -0.2171801713497518
        ],
        [
          0.1766333653165379,
          -0.9103708127100361,
          -0.37419999682338734
        ],
        [
          -0.2991996899014914,
          0.31252585495120566,
          -0.901558170918477
        ]
      ],
      "tx": 0.06174510674058786,
      "ty": -0.03274495100769455,
      "tz": 0.0
    },
    {
      "R": [
        [
          0.6517284601698407,
          0.01543231881272672,
          0.7582953631275289
        ],
        [
          0.5208616194782238,
          -0.735856875771868,
          -0.43268675936962553
        ],
        [
          0.5513194968066797,
          0.676961226301277,
          -0.4876169711212903
        ]
      ],
      "tx": -0.08603944118356764,
      "ty": 0.024204010504300696,
      "tz": 0.0
    },
    {
      "R": [
        [
          -0.6449281982579722,
          -0.6956099399977909,
          0.31653503829433516
        ],
        [
          0.6958162303998463,
          -0.3631517890650897,
          0.6196455047936466
        ],
        [
          -0.31608130695103487,
          0.6198770761006532,
          0.718223515293833
        ]
      ],
      "tx": -0.06877154608782071,
      "ty": 0.08460494757632245,
      "tz": 0.0
    },
    {
      "R": [
        [
          0.519873600438039,
          -0.046773664270523735,
          0.8529617013080356
        ],
        [
          -0.10673264363582852,
          -0.9942319721068749,
          0.010532256310106382
        ],
        [
          0.8475491622024632,
          -0.09651429930939182,
          -0.5218672318499407
        ]
      ],
      "tx": 0.04954815495749812,
      "ty": -0.0942961901280138,
      "tz": 0.0
    },
    {
      "R": [
        [
          -0.571349706093387,
          -0.7711066333932534,
          0.2809876746121133
        ],
        [
          -0.4677860928265195,
          0.02466263804020441,
          -0.8834975527091158
        ],
        [
          0.6743409261679874,
          -0.6362281935137899,
          -0.37480395018339974
        ]
      ],
      "tx": 0.05043267682968411,
      "ty": 0.07219398188650084,
      "tz": 0.0
    },
    {
      "R": [
        [
          0.6704114983364317,
          0.7383601388617489,
          -0.07329889656986455
        ],
        [
          -0.69304452083081,
          0.6584099453889253,
          0.2935739020406027
        ],
        [
          0.26502398956451784,
          -0.14601592088882442,
          0.9531220466458086
        ]
      ],
      "tx": -0.010297751164316832,
      "ty": -0.09622790189932394,
      "tz": 0.0
    },
    {
      "R": [
        [
          0.34403892823564763,
          -0.21169656531230358,
          0.9147796347172583
        ],
        [
          -0.33181850177526767,
          -0.9388009585578314,
          -0.09246211164857496
        ],
        [
          0.878369909399271,
          -0.2717302420524268,
          -0.39322891274173366
        ]
      ],
      "tx": -0.00851901746189121,
      "ty": 0.08666796610985883,
      "tz": 0.0
    },
    {
      "R": [
        [
          -0.12022535006808965,
          0.5438959292062702,
          -0.8304956853553503
        ],
        [
          -0.8019802993418486,
          0.43986161281813174,
          0.4041650170865744
        ],
        [
          0.5851268791198746,
          0.7146320590079064,
          0.383311303733083
        ]
      ],
      "tx": 0.08413006380304905,
      "ty": 0.024733691916449432,
      "tz": 0.0
    },
    {
      "R": [
        [
          0.3551136255544931,
          0.6901838732514782,
          0.630508155418414
        ],
        [
          0.7573938173481749,
          -0.6077614004514751,
          0.23870627466411742
        ],
        [
          0.5479497407502834,
          0.3927751280629276,
          -0.7385653528204854
        ]
      ],
      "tx": -0.08880756716221971,
      "ty": -0.09650359947433261,
      "tz": 0.0
    }
  ],
  "points_N": 30665
}