{
  "type": "scene",
  "distance_m": 0.4,
  "num_objects": 11,
  "intrinsics": {
    "width": 640,
    "height": 480,
    "fx": 554.2562584220408,
    "fy": 554.2562584220408,
    "cx": -0.09266419304899251,
    "cy": -0.09746626330364955
  },
  "T_wc": [
    [
      0.999999999999,
      0.0,
      0.0,
      0.0
    ],
    [
      -0.0,
      0.9999999999965001,
      0.0,
      0.0
    ],
    [
      0.0,
      0.0,
      -0.9999999999975001,
      0.41501416601240637
    ],
    [
      0.0,
      0.0,
      0.0,
      1.0
    ]
  ],
  "bin_size": {
    "w": 0.25,
    "d": 0.25
  },
  "z_floor": 0.0,
  "piece_aabb": {
    "w": 0.0300283320248127,
    "d": 0.0300283320248127,
    "h": 0.0300283320248127
  },
  "poses": [
    {
      "R": [
        [
          0.7377464838702494,
          -0.5477456885754158,
          -0.39459445787305125
        ],
        [
          -0.4395251939647022,
          0.053928551417272264,
          -0.896609901357511
        ],
        [
          0.5123941153129831,
          0.8349050077638044,
          -0.2009624308261304
        ]
      ],
      "tx": -0.027706854896721242,
      "ty": 0.08633754109875397,
      "tz": 0.0
    },
    {
      "R": [
        [
          0.35009388254992546,
          -0.9028278873308762,
          -0.249671943275142
        ],
        [
          0.6954833765358996,
          0.07198172298164696,
          0.7149276218742828
        ],
        [
          -0.6274847777941256,
          -0.4239344730194281,
          0.6531021483829285
        ]
      ],
      "tx": -0.05358999248288041,
      "ty": -0.05302651620313856,
      "tz": 0.0
    },
    {
      "R": [
        [
          -0.33497883922838434,
          -0.7601056152143535,
          -0.5568021470763329
        ],
        [
          0.3900059486473218,
          0.4260894497013805,
          -0.816298438607399
        ],
        [
          0.8577205473164948,
          -0.4905988530080196,
          0.15371476226540026
        ]
      ],
      "tx": 0.03350775008187579,
      "ty": 0.0803010599986338,
      "tz": 0.0
    },
    {
      "R": [
        [
          0.6684654030731236,
          -0.7250240884387484,
          0.1658133772584351
        ],
        [
          0.7417056457413,
          0.6333641090198259,
          -0.22073205585279923
        ],
        [
          0.055015815633029645,
          0.2705364607388141,
          0.9611364541214471
        ]
      ],
      "tx": 0.0012294637187205415,
      "ty": -0.016075680859420793,
      "tz": 0.0
    },
    {
      "R": [
        [
          0.9472856372792814,
          -0.17935601582595054,
          -0.2654832216759228
        ],
        [
          0.29235267677598564,
          0.14489773968858277,
          0.9452695686496292
        ],
        [
          -0.1310718649684281,
          -0.9730550162350439,
          0.18969475900381916
        ]
      ],
      "tx": 0.013375246779405353,
      "ty": -0.08927385099532527,
      "tz": 0.0
    },
    {
      "R": [
        [
          -0.13587998094278042,
          -0.49957990517843553,
          -0.8555445921288354
        ],
        [
          0.7690197853195742,
          0.49125377787886526,
          -0.40899669376020475
        ],
        [
          0.62461604251414,
          -0.7135051815240363,
          0.31743527745404443
        ]
      ],
      "tx": -0.06470949472064956,
      "ty": 0.00807953467872008,
      "tz": 0.0
    },
    {
      "R": [
        [
          -0.6875790973166989,
          0.718863949985584,
          -0.10232109432701314
        ],
        [
          0.5290350354138884,
          0.3994420888312462,
          -0.7487108580585411
        ],
        [
          -0.4973498931715777,
          -0.5689293796959818,
          -0.6549522461072761
        ]
      ],
      "tx": 0.056688400874638806,
      "ty": -0.04288372993148657,
      "tz": 0.0
    },
    {
      "R": [
        [
          0.9584471503557073,
          0.14548841253967415,
          0.24538170631020928
        ],
        [
          -0.2392887503603474,
          0.8783141736731963,
          0.41389021041304375
        ],
        [
          -0.15530600093366492,
          -0.4554089745947656,
          0.8766314573026321
        ]
      ],
      "tx": 0.09157024148994167,
      "ty": -0.09875536836888081,
      "tz": 0.0
    },
    {
      "R": [
        [
          -0.5187873143108201,
          -0.07743281908141234,
          -0.8513893827381638
        ],
        [
          -0.47241168817247325,
          0.8559926988710225,
          0.21000880066686972
        ],
        [
          0.7125215220526326,
          0.5111561972710577,
          -0.48065832209917225
        ]
      ],
      "tx": 0.08809622453396826,
      "ty": 0.05138415812125163,
      "tz": 0.0
    },
    {
      "R": [
        [
          -0.2522965667365664,
          0.1719228242145271,
          0.9522546849068491
        ],
        [
          0.5997445182247452,
          0.8000609782489614,
          0.014454893381939005
        ],
        [
          -0.7593766886547874,
          0.574756447199521,
          -0.30496240937249075
        ]
      ],
      "tx": -0.08732836919539436,
      "ty": 0.09203606735441991,
      "tz": 0.0
    },
    {
      "R": [
        [
          -0.9280503968023983,
          -0.35656800803560373,
          0.10761838430506612
        ],
        [
          0.04587274231124541,
          -0.3961700364668257,
          -0.9170305304180009
        ],
        [
          0.3696189287736187,
          -0.8461137972231605,
          0.3840225118933095
        ]
      ],
      "tx": -0.09266419304899251,
      "ty": -0.09746626330364955,
      "tz": 0.0
    }
  ],
  "points_N": 29799
}