{
  "type": "scene",
  "distance_m": 0.4,
  "num_objects": 10,
  "intrinsics": {
    "width": 640,
    "height": 480,
    "fx": 554.2562584220408,
    "fy": 554.2562584220408,
    "cx": 0.09721331792442417,
    "cy": 0.02412236878492846
  },
  "T_wc": [
    [
      0.999999999999,
      0.0,
      0.0,
      0.0
    ],
    [
      -0.0,
      0.9999999999965001,
      0.0,
      0.0
    ],
    [
      0.0,
      0.0,
      -0.9999999999975001,
      0.41501416601240637
    ],
    [
      0.0,
      0.0,
      0.0,
      1.0
    ]
  ],
  "bin_size": {
    "w": 0.25,
    "d": 0.25
  },
  "z_floor": 0.0,
  "piece_aabb": {
    "w": 0.0300283320248127,
    "d": 0.0300283320248127,
    "h": 0.0300283320248127
  },
  "poses": [
    {
      "R": [
        [
          0.32968426708136145,
          0.6809134870022558,
          -0.6539610900179418
        ],
        [
          -0.47582166618334915,
          -0.47843639342982147,
          -0.7380327631158163
        ],
        [
          -0.8154152476067191,
          0.5544866460612863,
          0.1662604381991668
        ]
      ],
      "tx": -0.06449104066133829,
      "ty": 0.07645358006198491,
      "tz": 0.0
    },
    {
      "R": [
        [
          -0.7939895441609788,
          -0.5871750197727792,
          -0.15749952354809552
        ],
        [
          0.2911168490939706,
          -0.1397934209472036,
          -0.9464189239620455
        ],
        [
          0.5336961531964036,
          -0.7972974950510718,
          0.2819310561975157
        ]
      ],
      "tx": 0.02594086813464637,
      "ty": 0.05625588228345488,
      "tz": 0.0
    },
    {
      "R": [
        [
          -0.3696890280374814,
          0.881244106312985,
          0.29451459664561747
        ],
        [
          -0.4926110695949588,
          0.0828643852191171,
          -0.8662954621690964
        ],
        [
          -0.7878225413512949,
          -0.4653410778674995,
          0.40347654775451425
        ]
      ],
      "tx": 0.0016403400827580267,
      "ty": -0.05324537753662762,
      "tz": 0.0
    },
    {
      "R": [
        [
          -0.7029813885153819,
          0.6934229658280393,
          -0.15805618577971356
        ],
        [
          -0.6473118656478611,
          -0.5317601185054142,
          0.5460938792539182
        ],
        [
          0.29462606129205693,
          0.4862054779919221,
          0.8226783801572615
        ]
      ],
      "tx": 0.0725997744190639,
      "ty": -0.03483612113831855,
      "tz": 0.0
    },
    {
      "R": [
        [
          0.875963941234043,
          -0.2266734184226623,
          0.4258008161550501
        ],
        [
          -0.16226588255974633,
          -0.9697383672606665,
          -0.18242061950263205
        ],
        [
          0.4542652936498987,
          0.0907009395938218,
          -0.8862372044447073
        ]
      ],
      "tx": -0.08490845200863438,
      "ty": -0.018269270291453227,
      "tz": 0.0
    },
    {
      "R": [
        [
          0.4836919069999399,
          0.8576041397702169,
          -0.17480640306278206
        ],
        [
          0.2177052835867782,
          -0.31133580672772077,
          -0.9250267158020897
        ],
        [
          -0.8477302333886423,
          0.4093716586406368,
          -0.33729556252736614
        ]
      ],
      "tx": 0.0796698250299574,
      "ty": 0.07906475848803945,
      "tz": 0.0
    },
    {
      "R": [
        [
          0.137014435942028,
          0.5420647935969496,
          0.8290915533800741
        ],
        [
          -0.8074848664110581,
          0.5459166757636092,
          -0.22347969402235596
        ],
        [
          -0.5737553789382749,
          -0.6388589380026757,
          0.5125075828448686
        ]
      ],
      "tx": 0.07842469165852523,
      "ty": -0.09647679502365634,
      "tz": 0.0
    },
    {
      "R": [
        [
          0.11871321940837976,
          -0.9339216626781537,
          0.33719059820548164
        ],
        [
          0.9324796023567705,
          -0.011818984245304254,
          -0.3610292270716712
        ],
        [
          0.34115826639003916,
          0.35728229677928613,
          0.869459830976602
        ]
      ],
      "tx": -0.0763435878016778,
      "ty": -0.08761637421717591,
      "tz": 0.0
    },
    {
      "R": [
        [
          -0.3641133612323513,
          0.42794478108703593,
          -0.8272150412755124
        ],
        [
          -0.7403974224030369,
          0.40581588609835506,
          0.5358405765609262
        ],
        [
          0.5650071832030261,
          0.8075745977496913,
          0.16908622651891636
        ]
      ],
      "tx": -0.04113596040443553,
      "ty": 0.01864950410399875,
      "tz": 0.0
    },
    {
      "R": [
        [
          0.4686238415107433,
          -0.8497955459487554,
          0.24132804489609275
        ],
        [
          -0.8405557456081731,
          -0.34489483821806566,
          0.4177482364961249
        ],
        [
          -0.27176779370043425,
          -0.3986164580849505,
          -0.875926472742437
        ]
      ],
      "tx": 0.09721331792442417,
      "ty": 0.02412236878492846,
      "tz": 0.0
    }
  ],
  "points_N": 27273
}