{
  "type": "scene",
  "distance_m": 0.4,
  "num_objects": 12,
  "intrinsics": {
    "width": 640,
    "height": 480,
    "fx": 554.2562584220408,
    "fy": 554.2562584220408,
    "cx": -0.09681159018386823,
    "cy": -0.09525711716616733
  },
  "T_wc": [
    [
      0.999999999999,
      0.0,
      0.0,
      0.0
    ],
    [
      -0.0,
      0.9999999999965001,
      0.0,
      0.0
    ],
    [
      0.0,
      0.0,
      -0.9999999999975001,
      0.41501416601240637
    ],
    [
      0.0,
      0.0,
      0.0,
      1.0
    ]
  ],
  "bin_size": {
    "w": 0.25,
    "d": 0.25
  },
  "z_floor": 0.0,
  "piece_aabb": {
    "w": 0.0300283320248127,
    "d": 0.0300283320248127,
    "h": 0.0300283320248127
  },
  "poses": [
    {
      "R": [
        [
          0.8974655675187042,
          -0.05372775738574331,
          -0.4378000493428808
        ],
        [
          -0.23516873886315676,
          -0.8979989592093078,
          -0.37187838539032064
        ],
        [
          -0.3731637969844375,
          0.4367049316704566,
          -0.8185582345043381
        ]
      ],
      "tx": 0.08844012976937027,
      "ty": -0.09677563630801493,
      "tz": 0.0
    },
    {
      "R": [
        [
          0.8479461851621809,
          0.19754095729400065,
          -0.4918992145351264
        ],
        [
          0.44386881923934396,
          -0.771879831338967,
          0.4551724917865743
        ],
        [
          -0.28977187298972806,
          -0.6043005015416572,
          -0.7421948298530023
        ]
      ],
      "tx": -0.02741469047809822,
      "ty": 0.04522596661181488,
      "tz": 0.0
    },
    {
      "R": [
        [
          -0.46128804778007737,
          -0.07352761543331127,
          -0.8841985222470891
        ],
        [
          -0.6589653144202776,
          -0.638923677161368,
          0.39691466230611916
        ],
        [
          -0.5941195598246448,
          0.7657481469329762,
          0.24627570749565075
        ]
      ],
      "tx": -0.04829153836331723,
      "ty": -0.05158672298929752,
      "tz": 0.0
    },
    {
      "R": [
        [
          -0.09388330926888311,
          0.7123196779413526,
          -0.6955476983343779
        ],
        [
          0.7959572395779974,
          -0.3659532505784999,
          -0.48221394749053453
        ],
        [
          -0.5980284249131455,
          -0.5988980671270839,
          -0.5326191023492726
        ]
      ],
      "tx": 0.09533161326785725,
      "ty": 0.08424727244986618,
      "tz": 0.0
    },
    {
      "R": [
        [
          -0.011400824765110062,
          -0.9997775644942246,
          -0.01774380817840021
        ],
        [
          0.42717714971943743,
          -0.020913914136574174,
          0.9039260428558662
        ],
        [
          -0.9040960700900389,
          0.002725753012401688,
          0.4273205662243075
        ]
      ],
      "tx": 0.06125567126599146,
      "ty": 0.03251298595143656,
      "tz": 0.0
    },
    {
      "R": [
        [
          -0.07430261467379284,
          -0.7431538251330113,
          -0.6649823408503506
        ],
        [
          0.9894280463877799,
          0.02834166987526887,
          -0.14222830509410817
        ],
        [
          0.12454421895013573,
          -0.6685201133390493,
          0.733191377191007
        ]
      ],
      "tx": 0.05546829310393528,
      "ty": -0.04208077003111625,
      "tz": 0.0
    },
    {
      "R": [
        [
          -0.09765775398247678,
          0.2655220942447649,
          -0.9591459641550772
        ],
        [
          0.7650986527650832,
          -0.5963101231665275,
          -0.24297795897195323
        ],
        [
          -0.6364644645415432,
          -0.7575699667205635,
          -0.1449162892805762
        ]
      ],
      "tx": -0.005322055360763522,
      "ty": -0.09739940639806871,
      "tz": 0.0
    },
    {
      "R": [
        [
          0.6989841443286282,
          0.17565188721797065,
          -0.6932298179492433
        ],
        [
          0.2926376875359046,
          0.8142368257427919,
          0.5013796719432695
        ],
        [
          0.6525215320668076,
          -0.5533216118326372,
          0.5177362688358993
        ]
      ],
      "tx": 0.020355497854001564,
      "ty": 0.09484632664700032,
      "tz": 0.0
    },
    {
      "R": [
        [
          0.6740406350609347,
          -0.2709797379548554,
          -0.6871966268140217
        ],
        [
          0.004452712022972594,
          0.9317591323821066,
          -0.3630497108912005
        ],
        [
          0.7386808482980267,
          0.24165036900543257,
          0.6292501120518343
        ]
      ],
      "tx": -0.08723036365236442,
      "ty": 0.08550046084724072,
      "tz": 0.0
    },
    {
      "R": [
        [
          0.182145975711829,
          0.9443395996653826,
          0.2739444542892058
        ],
        [
          -0.9012220307492843,
          0.27175344007447777,
          -0.33756320756241076
        ],
        [
          -0.3932196521336666,
          -0.1853989976011526,
          0.9005584472228141
        ]
      ],
      "tx": -0.08001434304773097,
      "ty": -0.001633432843577906,
      "tz": 0.0
    },
    {
      "R": [
        [
          0.644671206382366,
          0.2799340573675584,
          0.7113620450848087
        ],
        [
          -0.30667083612414103,
          0.9470853353284796,
          -0.0947753442444898
        ],
        [
          -0.7002514076618661,
          -0.15705505764373795,
          0.696406257105791
        ]
      ],
      "tx": -0.0005756207493082255,
      "ty": -0.012018958207474228,
      "tz": 0.0
    },
    {
      "R": [
        [
          -0.07559270022957132,
          -0.05771396687048552,
          0.9954671474740264
        ],
        [
          -0.8982552093058149,
          -0.42949716192401155,
          -0.09311158281431248
        ],
        [
          0.4329241534344892,
          -0.9012221068789272,
          -0.01937502118034362
        ]
      ],
      "tx": -0.09681159018386823,
      "ty": -0.09525711716616733,
      "tz": 0.0
    }
  ],
  "points_N": 32594
}