{
  "type": "scene",
  "distance_m": 0.4,
  "num_objects": 11,
  "intrinsics": {
    "width": 640,
    "height": 480,
    "fx": 554.2562584220408,
    "fy": 554.2562584220408,
    "cx": 0.03749193998490269,
    "cy": 0.09741808475034747
  },
  "T_wc": [
    [
      0.999999999999,
      0.0,
      0.0,
      0.0
    ],
    [
      -0.0,
      0.9999999999965001,
      0.0,
      0.0
    ],
    [
      0.0,
      0.0,
      -0.9999999999975001,
      0.41501416601240637
    ],
    [
      0.0,
      0.0,
      0.0,
      1.0
    ]
  ],
  "bin_size": {
    "w": 0.25,
    "d": 0.25
  },
  "z_floor": 0.0,
  "piece_aabb": {
    "w": 0.0300283320248127,
    "d": 0.0300283320248127,
    "h": 0.0300283320248127
  },
  "poses": [
    {
      "R": [
        [
          0.41347498188752296,
          -0.0009039319651050759,
          -0.9105150313202497
        ],
        [
          -0.8578675515988892,
          0.3347262418095016,
          -0.38989948314638023
        ],
        [
          0.30512571715088194,
          0.9423149823445924,
          0.13762547286774562
        ]
      ],
      "tx": -0.08329470892425661,
      "ty": 0.07110867174090041,
      "tz": 0.0
    },
    {
      "R": [
        [
          -0.24180453505482502,
          -0.9614267917497733,
          -0.13110717345994954
        ],
        [
          0.9236716326906657,
          -0.18667510097913054,
          -0.33463879278558073
        ],
        [
          0.2972562560981336,
          -0.20201715466803538,
          0.9331815404466335
        ]
      ],
      "tx": -0.0049233812468239685,
      "ty": 0.05368672815900291,
      "tz": 0.0
    },
    {
      "R": [
        [
          -0.750807755718566,
          -0.049040756899964066,
          -0.6586977441251247
        ],
        [
          -0.6474246519872591,
          0.2522356001693864,
          0.7191790611567926
        ],
        [
          0.13087793531388697,
          0.9664223746219186,
          -0.2211306398446533
        ]
      ],
      "tx": 0.08405818982159774,
      "ty": 0.06401953923471432,
      "tz": 0.0
    },
    {
      "R": [
        [
          -0.2766711983566983,
          0.6947417779338195,
          -0.6639178488286213
        ],
        [
          -0.9577320621809412,
          -0.25597114730753723,
          0.13125573822391573
        ],
        [
          -0.07875496854491498,
          0.6721700928629737,
          0.7361963197341256
        ]
      ],
      "tx": 0.06634761703151168,
      "ty": -0.0029306605664821683,
      "tz": 0.0
    },
    {
      "R": [
        [
          0.8106883159979552,
          0.3462650711837103,
          -0.47210693151291433
        ],
        [
          0.22999141208062845,
          -0.9298847366450713,
          -0.28708592254529813
        ],
        [
          -0.5384128570841878,
          0.12415666326325937,
          -0.8334846838987358
        ]
      ],
      "tx": -0.08911925684614241,
      "ty": 0.002204798371588157,
      "tz": 0.0
    },
    {
      "R": [
        [
          0.606432884020851,
          0.0008885068337068092,
          0.7951341822194287
        ],
        [
          -0.2873646418812098,
          0.9326537494421571,
          0.21812507019590893
        ],
        [
          -0.7413910707411016,
          -0.36077166491715035,
          0.5658472285151448
        ]
      ],
      "tx": 0.0006324677805226997,
      "ty": -0.014389164045779168,
      "tz": 0.0
    },
    {
      "R": [
        [
          0.5670350447619024,
          0.28868412523874926,
          0.771448464803065
        ],
        [
          -0.7309651583542529,
          0.6080766600984141,
          0.3097300642748452
        ],
        [
          -0.37968565325017145,
          -0.7395297500971113,
          0.5558188134970736
        ]
      ],
      "tx": 0.08130874021551587,
      "ty": -0.07384700119767973,
      "tz": 0.0
    },
    {
      "R": [
        [
          0.41632052906675665,
          -0.7414188511968582,
          0.5262844327618925
        ],
        [
          -0.500425430172224,
          0.2964201293744996,
          0.8134552819538082
        ],
        [
          -0.7591123802932742,
          -0.6020242470129721,
          -0.24761906246075593
        ]
      ],
      "tx": 0.011311629496560255,
      "ty": -0.09757204996187487,
      "tz": 0.0
    },
    {
      "R": [
        [
          0.8031663967968148,
          -0.4312814414957098,
          0.41099885313441475
        ],
        [
          0.054154311637085784,
          0.7398755000037469,
          0.6705606274046507
        ],
        [
          -0.5932883359611371,
          -0.5163144029712787,
          0.6175988890023014
        ]
      ],
      "tx": -0.0525352112021607,
      "ty": -0.05943291014012493,
      "tz": 0.0
    },
    {
      "R": [
        [
          -0.31151243429003594,
          0.14774341736771968,
          0.9386862553096237
        ],
        [
          -0.3070198226462847,
          -0.9505061772658729,
          0.047716197267397245
        ],
        [
          0.899276838234445,
          -0.2733310988598353,
          0.34145465088520155
        ]
      ],
      "tx": -0.09733347097256373,
      "ty": -0.09687662598546162,
      "tz": 0.0
    },
    {
      "R": [
        [
          0.5906298339519358,
          -0.748197026374307,
          0.3022542124943063
        ],
        [
          0.7916752454327514,
          0.4647533425856597,
          -0.39655344699605033
        ],
        [
          0.1562264542736011,
          0.4735034744118579,
          0.8668262540469096
        ]
      ],
      "tx": 0.03749193998490269,
      "ty": 0.09741808475034747,
      "tz": 0.0
    }
  ],
  "points_N": 29858
}