{
  "type": "scene",
  "distance_m": 0.4,
  "num_objects": 11,
  "intrinsics": {
    "width": 640,
    "height": 480,
    "fx": 554.2562584220408,
    "fy": 554.2562584220408,
    "cx": -0.09748842443547234,
    "cy": 0.09790739907705936
  },
  "T_wc": [
    [
      0.999999999999,
      0.0,
      0.0,
      0.0
    ],
    [
      -0.0,
      0.9999999999965001,
      0.0,
      0.0
    ],
    [
      0.0,
      0.0,
      -0.9999999999975001,
      0.41501416601240637
    ],
    [
      0.0,
      0.0,
      0.0,
      1.0
    ]
  ],
  "bin_size": {
    "w": 0.25,
    "d": 0.25
  },
  "z_floor": 0.0,
  "piece_aabb": {
    "w": 0.0300283320248127,
    "d": 0.0300283320248127,
    "h": 0.0300283320248127
  },
  "poses": [
    {
      "R": [
        [
          -0.7306664012313466,
          0.45917501205784694,
          -0.5052572794263417
        ],
        [
          0.3679944195343644,
          -0.3584762671942441,
          -0.8579480596458312
        ],
        [
          -0.5750710541343551,
          -0.8128056804428453,
          0.09295272205075289
        ]
      ],
      "tx": 0.08871753536883983,
      "ty": -0.071750082374374,
      "tz": 0.0
    },
    {
      "R": [
        [
          -0.12374804811142526,
          -0.10941729529061722,
          0.986262782467177
        ],
        [
          0.7066567034659026,
          -0.707483390004966,
          0.010176262269851521
        ],
        [
          0.6966510776818735,
          0.6982084992023279,
          0.16487015377659164
        ]
      ],
      "tx": 0.08915435344271216,
      "ty": 0.008249502017118174,
      "tz": 0.0
    },
    {
      "R": [
        [
          -0.5322346553403146,
          0.3711498679005678,
          -0.7609034414511264
        ],
        [
          0.7001084832618785,
          0.6982963661738602,
          -0.1490982785049323
        ],
        [
          0.4759983018031985,
          -0.6120702251749985,
          -0.6315026968546518
        ]
      ],
      "tx": 0.012637791551435199,
      "ty": -0.08493403827368363,
      "tz": 0.0
    },
    {
      "R": [
        [
          0.5301731984947167,
          -0.45057874142693405,
          0.7182584335543871
        ],
        [
          0.5202256797157558,
          0.8417885408388239,
          0.14407392087648432
        ],
        [
          -0.669538364667897,
          0.2972723503566447,
          0.6806963551770162
        ]
      ],
      "tx": -0.08380494637131307,
      "ty": -0.07452158706583377,
      "tz": 0.0
    },
    {
      "R": [
        [
          -0.052053587786797584,
          0.14317262918401458,
          -0.9883278920738091
        ],
        [
          -0.7980800644013704,
          -0.6008679436719371,
          -0.04501027741041602
        ],
        [
          -0.6002987879411609,
          0.786421841329445,
          0.14554055337389138
        ]
      ],
      "tx": -0.050881790660967825,
      "ty": 0.06342724718264783,
      "tz": 0.0
    },
    {
      "R": [
        [
          -0.5627123961107063,
          0.7134203865779324,
          -0.41759563129700095
        ],
        [
          0.5039349273540347,
          -0.10439835465598035,
          -0.8574092211644379
        ],
        [
          -0.6552895148375496,
          -0.692915821409872,
          -0.30077120238455546
        ]
      ],
      "tx": -0.006890314343138984,
      "ty": -0.017090470641412198,
      "tz": 0.0
    },
    {
      "R": [
        [
          0.9564527140396059,
          0.15304145485808657,
          0.24854882599037192
        ],
        [
          0.20625641222787677,
          -0.9568873327548213,
          -0.20451142957851554
        ],
        [
          0.20653449644346605,
          0.2468703009847159,
          -0.9467832678446317
        ]
      ],
      "tx": -0.08456175075241382,
      "ty": -0.0008875458366929823,
      "tz": 0.0
    },
    {
      "R": [
        [
          0.07423565989303249,
          -0.42511784821413623,
          0.902088621993443
        ],
        [
          0.5125807201896329,
          -0.7596782297485012,
          -0.4001874467497212
        ],
        [
          0.8554239136767943,
          0.4921014147266458,
          0.16151199811131822
        ]
      ],
      "tx": 0.09628645798791433,
      "ty": 0.08684047420703025,
      "tz": 0.0
    },
    {
      "R": [
        [
          0.21886142866642766,
          -0.9683956781786945,
          0.11962226183665098
        ],
        [
          -0.5566717689168915,
          -0.2246055358391772,
          -0.7997930325786382
        ],
        [
          0.8013839384047006,
          0.10845350964916733,
          -0.5882360236433575
        ]
      ],
      "tx": 0.03091112964297113,
      "ty": 0.029249065198051205,
      "tz": 0.0
    },
    {
      "R": [
        [
          0.49540409918227657,
          0.8233051500751788,
          0.27702600667281096
        ],
        [
          0.569086905455288,
          -0.5485497465828701,
          0.6125628698861798
        ],
        [
          0.6562887112793585,
          -0.14581428388040701,
          -0.7402859731642377
        ]
      ],
      "tx": 0.039091313964010915,
      "ty": 0.09070386915882941,
      "tz": 0.0
    },
    {
      "R": [
        [
          -0.6495013799977407,
          -0.6719650449266069,
          -0.3558243046474107
        ],
        [
          0.7464339557298899,
          -0.6526354741955622,
          -0.13001264382729227
        ],
        [
          -0.1448596117434357,
          -0.35004273484578535,
          0.925465167722278
        ]
      ],
      "tx": -0.09748842443547234,
      "ty": 0.09790739907705936,
      "tz": 0.0
    }
  ],
  "points_N": 30352
}