{
  "type": "scene",
  "distance_m": 0.4,
  "num_objects": 12,
  "intrinsics": {
    "width": 640,
    "height": 480,
    "fx": 554.2562584220408,
    "fy": 554.2562584220408,
    "cx": -0.09786447038492078,
    "cy": 0.015527584131260722
  },
  "T_wc": [
    [
      0.999999999999,
      0.0,
      0.0,
      0.0
    ],
    [
      -0.0,
      0.9999999999965001,
      0.0,
      0.0
    ],
    [
      0.0,
      0.0,
      -0.9999999999975001,
      0.41501416601240637
    ],
    [
      0.0,
      0.0,
      0.0,
      1.0
    ]
  ],
  "bin_size": {
    "w": 0.25,
    "d": 0.25
  },
  "z_floor": 0.0,
  "piece_aabb": {
    "w": 0.0300283320248127,
    "d": 0.0300283320248127,
    "h": 0.0300283320248127
  },
  "poses": [
    {
      "R": [
        [
          -0.5608394278589448,
          -0.7549431962629223,
          0.3398821951429256
        ],
        [
          0.013295687337314288,
          0.40225756361160236,
          0.9154299958027844
        ],
        [
          -0.8278178307194641,
          0.5179282024890904,
          -0.21556441313291952
        ]
      ],
      "tx": 0.09668568183188941,
      "ty": 0.03154867153989949,
      "tz": 0.0
    },
    {
      "R": [
        [
          0.6942845329356524,
          0.4096984827323633,
          0.5917061268679938
        ],
        [
          0.05336140336878917,
          0.7905890845820694,
          -0.6100175898858973
        ],
        [
          -0.7177196861984744,
          0.4551000467880495,
          0.5270316873364245
        ]
      ],
      "tx": -0.058918119218977265,
      "ty": 0.06053527250103233,
      "tz": 0.0
    },
    {
      "R": [
        [
          0.4363946797487275,
          0.15758000924878934,
          -0.8858488720838092
        ],
        [
          -0.5432270874911475,
          -0.738709123214782,
          -0.3990152411815031
        ],
        [
          -0.7172614689936235,
          0.655345231129669,
          -0.23676700178173027
        ]
      ],
      "tx": 0.0360774909830609,
      "ty": -0.09413736126126486,
      "tz": 0.0
    },
    {
      "R": [
        [
          0.1139050809695703,
          -0.35797593994582055,
          0.926757173670224
        ],
        [
          0.8538175464433667,
          -0.4416693617567504,
          -0.27554268683965133
        ],
        [
          0.5079579017150389,
          0.8226672482269433,
          0.2553377543176174
        ]
      ],
      "tx": -0.06676529795321892,
      "ty": -0.034625301253467036,
      "tz": 0.0
    },
    {
      "R": [
        [
          0.11475739479917468,
          0.8733198623615129,
          0.47343759709572525
        ],
        [
          -0.9798245754202654,
          0.17801045263843251,
          -0.09086297460438372
        ],
        [
          -0.1636292814303199,
          -0.45345859431300706,
          0.8761282791362626
        ]
      ],
      "tx": 0.009911190584646665,
      "ty": 0.005694665207332791,
      "tz": 0.0
    },
    {
      "R": [
        [
          0.6830312655749239,
          -0.7274509066141106,
          -0.06544821398194317
        ],
        [
          0.22663877565911683,
          0.12590685352253006,
          0.9658065694557025
        ],
        [
          -0.694336485873279,
          -0.6745091865218475,
          0.2508669003331868
        ]
      ],
      "tx": 0.005392490412002654,
      "ty": 0.07933465437514747,
      "tz": 0.0
    },
    {
      "R": [
        [
          0.41855783193174345,
          -0.8092306533794223,
          -0.4122560987538103
        ],
        [
          -0.14563476806329556,
          -0.5078624301998134,
          0.8490384363046759
        ],
        [
          -0.8964373127328805,
          -0.2953328658017125,
          -0.3304219162186415
        ]
      ],
      "tx": -0.07639697015594757,
      "ty": -0.09324359697494365,
      "tz": 0.0
    },
    {
      "R": [
        [
          0.31240542573843333,
          0.28282642487429893,
          -0.9068693750270823
        ],
        [
          0.9494675428726234,
          -0.06257875428270698,
          0.3075634642538804
        ],
        [
          0.03023631923054737,
          -0.9571275322052162,
          -0.288084453058719
        ]
      ],
      "tx": 0.0632336646091857,
      "ty": 0.09062733587227578,
      "tz": 0.0
    },
    {
      "R": [
        [
          -0.09087706084261016,
          -0.9958618661257652,
          0.0007095132959992756
        ],
        [
          0.6261160930259968,
          -0.05769003175620502,
          -0.7775927586402985
        ],
        [
          0.774415907549987,
          -0.07022110674488635,
          0.628767841338163
        ]
      ],
      "tx": 0.05756619230407897,
      "ty": -0.030239991894225826,
      "tz": 0.0
    },
    {
      "R": [
        [
          0.6341225804243098,
          0.2412376557018901,
          0.7346379696608875
        ],
        [
          0.010426552310989157,
          -0.9526680597520611,
          0.3038335974429905
        ],
        [
          0.7731622339476502,
          -0.18500800360984201,
          -0.6066236053743537
        ]
      ],
      "tx": -0.012052566264347739,
      "ty": -0.05874628481477546,
      "tz": 0.0
    },
    {
      "R": [
        [
          -0.6071347499703226,
          -0.06196497749243868,
          0.7921791066058455
        ],
        [
          0.7439840856810861,
          -0.3944580406579652,
          0.5393426873644969
        ],
        [
          0.2790610607586666,
          0.9168223359651753,
          0.28559014101261804
        ]
      ],
      "tx": 0.0932073394116315,
      "ty": -0.07870168769997166,
      "tz": 0.0
    },
    {
      "R": [
        [
          0.07735473638947354,
          -0.7087205830889243,
          -0.7012356093811911
        ],
        [
          -0.3132516464750934,
          -0.6850018999068124,
          0.6577581646051234
        ],
        [
          -0.9465144746588707,
          0.1687824997745702,
          -0.2749960309369739
        ]
      ],
      "tx": -0.09786447038492078,
      "ty": 0.015527584131260722,
      "tz": 0.0
    }
  ],
  "points_N": 33280
}