{
  "type": "scene",
  "distance_m": 0.4,
  "num_objects": 12,
  "intrinsics": {
    "width": 640,
    "height": 480,
    "fx": 554.2562584220408,
    "fy": 554.2562584220408,
    "cx": -0.09752114739645273,
    "cy": -0.006569651758605438
  },
  "T_wc": [
    [
      0.999999999999,
      0.0,
      0.0,
      0.0
    ],
    [
      -0.0,
      0.9999999999965001,
      0.0,
      0.0
    ],
    [
      0.0,
      0.0,
      -0.9999999999975001,
      0.41501416601240637
    ],
    [
      0.0,
      0.0,
      0.0,
      1.0
    ]
  ],
  "bin_size": {
    "w": 0.25,
    "d": 0.25
  },
  "z_floor": 0.0,
  "piece_aabb": {
    "w": 0.0300283320248127,
    "d": 0.0300283320248127,
    "h": 0.0300283320248127
  },
  "poses": [
    {
      "R": [
        [
          -0.5852049783533979,
          -0.17690826634457874,
          0.7913523858619211
        ],
        [
          0.30018510939901394,
          -0.9538407978193266,
          0.00875399968545007
        ],
        [
          0.7532755361788284,
          0.24267508671956092,
          0.6112976107266839
        ]
      ],
      "tx": -0.00873147079366185,
      "ty": 0.07744833457611289,
      "tz": 0.0
    },
    {
      "R": [
        [
          0.1802632144947619,
          -0.9014518930799381,
          0.39356023422420494
        ],
        [
          0.6210841634052341,
          0.414577814848781,
          0.6651163036660809
        ],
        [
          -0.7627316929741649,
          0.1245380259109865,
          0.6346106244264735
        ]
      ],
      "tx": 0.07256813714670113,
      "ty": 0.09347600958562258,
      "tz": 0.0
    },
    {
      "R": [
        [
          0.22557718222924905,
          -0.0404595908461462,
          -0.973384793576556
        ],
        [
          -0.9392560353857644,
          -0.2743220996225588,
          -0.2062655706851877
        ],
        [
          -0.2586755397190224,
          0.9607863483455794,
          -0.09988272114754948
        ]
      ],
      "tx": -0.02454816782667399,
      "ty": -0.05803728011927316,
      "tz": 0.0
    },
    {
      "R": [
        [
          0.725794909577737,
          0.4326985306816778,
          -0.534783816861507
        ],
        [
          0.42751780241137644,
          -0.8927643844640376,
          -0.1421276977013825
        ],
        [
          -0.5389343910462497,
          -0.1254740426481326,
          -0.8329501706399627
        ]
      ],
      "tx": 0.09240665705388476,
      "ty": -0.079768711417278,
      "tz": 0.0
    },
    {
      "R": [
        [
          -0.9062272537918568,
          -0.0547503801320877,
          0.4192309153202578
        ],
        [
          -0.12297201449108906,
          0.9828434686462709,
          -0.137464903853202
        ],
        [
          -0.4045121112363296,
          -0.1761281125055242,
          -0.8974123020375686
        ]
      ],
      "tx": -0.0334865891681005,
      "ty": 0.016889164016205147,
      "tz": 0.0
    },
    {
      "R": [
        [
          0.14894969154220528,
          -0.7684372308457873,
          0.6223489468453691
        ],
        [
          -0.522698997979565,
          0.4730706577583996,
          0.7092178158219052
        ],
        [
          -0.8394044000960685,
          -0.43093894581262127,
          -0.3311976420225029
        ]
      ],
      "tx": -0.08610922270506176,
      "ty": -0.07342535626416911,
      "tz": 0.0
    },
    {
      "R": [
        [
          -0.6419664314760207,
          0.7629137023621679,
          0.07643156158284772
        ],
        [
          0.5558469097666707,
          0.39441635408319753,
          0.7317581243379265
        ],
        [
          0.5281224420158511,
          0.5122483990992719,
          -0.6772652832232335
        ]
      ],
      "tx": 0.09704659788556824,
      "ty": -0.017977118696093156,
      "tz": 0.0
    },
    {
      "R": [
        [
          -0.14287422254291693,
          -0.5009433602955371,
          0.8536057089245438
        ],
        [
          0.9493352185356616,
          -0.3132733418494795,
          -0.024949070810491247
        ],
        [
          0.27990998442464454,
          0.8067933831299531,
          0.520321859580318
        ]
      ],
      "tx": -0.07046160099942059,
      "ty": 0.08505851004510606,
      "tz": 0.0
    },
    {
      "R": [
        [
          0.23686226892606266,
          -0.4758277551685083,
          0.8470443984647414
        ],
        [
          -0.9654709988126201,
          -0.0179571296186245,
          0.2598909231728218
        ],
        [
          -0.10845282850603388,
          -0.8793551551603925,
          -0.46365126451017336
        ]
      ],
      "tx": 0.019882334044660804,
      "ty": -0.0052944144435448925,
      "tz": 0.0
    },
    {
      "R": [
        [
          0.37376209166985075,
          -0.07753470083330982,
          0.9242782421961838
        ],
        [
          0.4962034558886075,
          0.8586249229506858,
          -0.1286288150148778
        ],
        [
          -0.7836351377999718,
          0.5067066329293688,
          0.35939443366669044
        ]
      ],
      "tx": 0.022323693336530365,
      "ty": -0.09800282855223458,
      "tz": 0.0
    },
    {
      "R": [
        [
          0.18190314322548917,
          0.1190276590903801,
          -0.976085889077468
        ],
        [
          0.6304315037705139,
          -0.7759079117538432,
          0.022869882628424265
        ],
        [
          -0.7546306152935589,
          -0.6195153983955957,
          -0.21617887411218173
        ]
      ],
      "tx": 0.09393773346569181,
      "ty": 0.039336419370901377,
      "tz": 0.0
    },
    {
      "R": [
        [
          0.4448454544580204,
          0.5911262561168499,
          -0.6728166696636712
        ],
        [
          -0.6794525901977079,
          -0.2666843105871486,
          -0.6835376040572185
        ],
        [
          -0.5834866745022228,
          0.7612156250471567,
          0.2830089625125034
        ]
      ],
      "tx": -0.09752114739645273,
      "ty": -0.006569651758605438,
      "tz": 0.0
    }
  ],
  "points_N": 32972
}