{
  "type": "scene",
  "distance_m": 0.4,
  "num_objects": 12,
  "intrinsics": {
    "width": 640,
    "height": 480,
    "fx": 554.2562584220408,
    "fy": 554.2562584220408,
    "cx": 0.08793204320903411,
    "cy": -0.09464390284923309
  },
  "T_wc": [
    [
      0.999999999999,
      0.0,
      0.0,
      0.0
    ],
    [
      -0.0,
      0.9999999999965001,
      0.0,
      0.0
    ],
    [
      0.0,
      0.0,
      -0.9999999999975001,
      0.41501416601240637
    ],
    [
      0.0,
      0.0,
      0.0,
      1.0
    ]
  ],
  "bin_size": {
    "w": 0.25,
    "d": 0.25
  },
  "z_floor": 0.0,
  "piece_aabb": {
    "w": 0.0300283320248127,
    "d": 0.0300283320248127,
    "h": 0.0300283320248127
  },
  "poses": [
    {
      "R": [
        [
          0.3904476667681921,
          -0.6600725691354137,
          -0.6417591627629866
        ],
        [
          -0.052486997143943614,
          0.679996526332139,
          -0.7313342869762337
        ],
        [
          0.9191277031218712,
          0.31923177732049035,
          0.23085783006585325
        ]
      ],
      "tx": -0.07407665369810247,
      "ty": -0.035680311848753324,
      "tz": 0.0
    },
    {
      "R": [
        [
          0.3996121548147795,
          -0.37402554296983115,
          -0.8369080110325217
        ],
        [
          0.1257322890403179,
          -0.881980527416915,
          0.45420451423346964
        ],
        [
          -0.9080206590254268,
          -0.2867320046027356,
          -0.30542305138860426
        ]
      ],
      "tx": 0.05357328550690191,
      "ty": -0.042874422786170215,
      "tz": 0.0
    },
    {
      "R": [
        [
          -0.6296589793426797,
          0.6506075266789378,
          -0.4245461293685878
        ],
        [
          -0.6736362955247645,
          -0.7294554137078977,
          -0.118781062311767
        ],
        [
          -0.38696732560360547,
          0.21119811940676647,
          0.8975809953838363
        ]
      ],
      "tx": -0.09882753482012266,
      "ty": 0.09231155075358544,
      "tz": 0.0
    },
    {
      "R": [
        [
          -0.8033162463352088,
          0.39251451564436696,
          -0.4479010642791311
        ],
        [
          0.4783112561390955,
          0.8733002205457169,
          -0.09254764743332443
        ],
        [
          0.3548258032113095,
          -0.2885811494246814,
          -0.8892803661231812
        ]
      ],
      "tx": -0.023286006788475394,
      "ty": 0.08437340104613542,
      "tz": 0.0
    },
    {
      "R": [
        [
          -0.31121042521085407,
          -0.8685616285926654,
          0.3856796190836843
        ],
        [
          0.8416426802579922,
          -0.44036906896819783,
          -0.3125902779425898
        ],
        [
          0.4413452956679411,
          0.22732307501118104,
          0.8680659822612786
        ]
      ],
      "tx": -0.010750089206154417,
      "ty": -0.06833812665863219,
      "tz": 0.0
    },
    {
      "R": [
        [
          0.811122356675699,
          0.48253005808858107,
          -0.3305227156216207
        ],
        [
          -0.14433212672734494,
          0.7127755374972216,
          0.6863812864144161
        ],
        [
          0.5667881082867052,
          -0.509034160137193,
          0.6477927632493286
        ]
      ],
      "tx": -0.0020449284951730984,
      "ty": 0.011531373428874198,
      "tz": 0.0
    },
    {
      "R": [
        [
          0.5303395287824464,
          -0.3846524096891622,
          -0.7555014943275319
        ],
        [
          -0.07961166893951599,
          0.8646134997314208,
          -0.49609019164951185
        ],
        [
          0.8440390787039885,
          0.3232429733227088,
          0.4279158957295429
        ]
      ],
      "tx": 0.04128373545453032,
      "ty": 0.07989476384509903,
      "tz": 0.0
    },
    {
      "R": [
        [
          -0.830914687422242,
          0.18911580939077535,
          -0.5232742998318093
        ],
        [
          0.4231797987308824,
          0.8254050557334028,
          -0.3736647587287676
        ],
        [
          0.36124733932873226,
          -0.5319226490836898,
          -0.7658711740362749
        ]
      ],
      "tx": -0.09840830646934948,
      "ty": 0.02998165734147923,
      "tz": 0.0
    },
    {
      "R": [
        [
          -0.37963512612417616,
          -0.6811479601476924,
          0.6260308517951158
        ],
        [
          0.5032890134094992,
          0.4157342554339678,
          0.757538908466131
        ],
        [
          -0.7762585522839497,
          0.6026628288233826,
          0.18498695835281032
        ]
      ],
      "tx": 0.09365839107466331,
      "ty": 0.02158338830736109,
      "tz": 0.0
    },
    {
      "R": [
        [
          0.7714929535192075,
          0.633639870049475,
          -0.057438121086037575
        ],
        [
          0.6314550611472123,
          -0.7515181212714721,
          0.1910105210509816
        ],
        [
          0.07786609288888419,
          -0.18363286330142942,
          -0.9799060378903368
        ]
      ],
      "tx": -0.06291606940898066,
      "ty": -0.09508741592806016,
      "tz": 0.0
    },
    {
      "R": [
        [
          0.5472620981108203,
          0.7241513103320852,
          0.4196535186504062
        ],
        [
          -0.8225654524218159,
          0.5579507041090115,
          0.10989580640930519
        ],
        [
          -0.1545647840015188,
          -0.40533429601821525,
          0.9010071231782697
        ]
      ],
      "tx": 0.09778636977739125,
      "ty": 0.09015058714197938,
      "tz": 0.0
    },
    {
      "R": [
        [
          -0.6589534376263351,
          0.6874797471994278,
          -0.30520806711331716
        ],
        [
          -0.13701491813430217,
          -0.5086811565004701,
          -0.8499825840745181
        ],
        [
          -0.7395994045759412,
          -0.518280887368959,
          0.42939217801324436
        ]
      ],
      "tx": 0.08793204320903411,
      "ty": -0.09464390284923309,
      "tz": 0.0
    }
  ],
  "points_N": 32822
}