{
  "type": "scene",
  "distance_m": 0.4,
  "num_objects": 13,
  "intrinsics": {
    "width": 640,
    "height": 480,
    "fx": 554.2562584220408,
    "fy": 554.2562584220408,
    "cx": 0.09799107713881869,
    "cy": 0.025493952679722404
  },
  "T_wc": [
    [
      0.999999999999,
      0.0,
      0.0,
      0.0
    ],
    [
      -0.0,
      0.9999999999965001,
      0.0,
      0.0
    ],
    [
      0.0,
      0.0,
      -0.9999999999975001,
      0.41501416601240637
    ],
    [
      0.0,
      0.0,
      0.0,
      1.0
    ]
  ],
  "bin_size": {
    "w": 0.25,
    "d": 0.25
  },
  "z_floor": 0.0,
  "piece_aabb": {
    "w": 0.0300283320248127,
    "d": 0.0300283320248127,
    "h": 0.0300283320248127
  },
  "poses": [
    {
      "R": [
        [
          0.0969549686160428,
          0.7661785498405188,
          -0.6352717244021979
        ],
        [
          0.9267463489142692,
          -0.30226362189084477,
          -0.22310963147184032
        ],
        [
          -0.3629613461991979,
          -0.5671041638409196,
          -0.7393591336553285
        ]
      ],
      "tx": -0.00011315742084386238,
      "ty": 0.09868720826729671,
      "tz": 0.0
    },
    {
      "R": [
        [
          0.5090878804450899,
          0.8603319173792211,
          0.025661681989275792
        ],
        [
          0.7005864284372049,
          -0.3968726545564816,
          -0.5930183406564189
        ],
        [
          -0.500008186206513,
          0.31987667624239857,
          -0.8047799237820166
        ]
      ],
      "tx": -0.03417029788867282,
      "ty": -0.0407152574114841,
      "tz": 0.0
    },
    {
      "R": [
        [
          -0.26383737545627506,
          -0.9330111712987577,
          -0.24470388951560362
        ],
        [
          0.588238973493866,
          -0.35669310205402316,
          0.7257719621271966
        ],
        [
          -0.7644375379160989,
          0.04754140488877556,
          0.6429425055523816
        ]
      ],
      "tx": -0.07220124396411326,
      "ty": -0.09788640910910627,
      "tz": 0.0
    },
    {
      "R": [
        [
          -0.07429524689762568,
          -0.035292360599517625,
          0.9966115921319272
        ],
        [
          0.7692102738702282,
          -0.6380502515741591,
          0.03474810841817555
        ],
        [
          0.6346619343090536,
          0.7691854950201976,
          0.07455134733607593
        ]
      ],
      "tx": -0.04510162217116125,
      "ty": 0.04009513292054276,
      "tz": 0.0
    },
    {
      "R": [
        [
          0.9183947315747544,
          -0.3706011973171138,
          0.13858524294764063
        ],
        [
          0.221383464082138,
          0.19101051784578604,
          -0.9562972047973773
        ],
        [
          0.32793365006770436,
          0.9089387958599887,
          0.2574680301199861
        ]
      ],
      "tx": 0.04296250186148587,
      "ty": 0.060149387578073116,
      "tz": 0.0
    },
    {
      "R": [
        [
          0.1840473323698366,
          -0.8826799651392911,
          -0.43243804017367204
        ],
        [
          -0.18432262014991324,
          0.40115467558184514,
          -0.8972737029245286
        ],
        [
          0.965480062532944,
          0.24484894404616936,
          -0.08886643601978239
        ]
      ],
      "tx": 0.07006460408221821,
      "ty": -0.027109360414935918,
      "tz": 0.0
    },
    {
      "R": [
        [
          -0.5549446227927897,
          -0.7539009915007787,
          0.3516671162441995
        ],
        [
          0.7186838720122132,
          -0.22158174828212318,
          0.6590865048973243
        ],
        [
          -0.4189629550961533,
          0.6184939966098141,
          0.6647820834038158
        ]
      ],
      "tx": 0.09611577991157236,
      "ty": 0.08328326101875094,
      "tz": 0.0
    },
    {
      "R": [
        [
          0.8488956014066102,
          0.4233687641469893,
          -0.31644138075978695
        ],
        [
          0.07854234349690378,
          0.49099989738763106,
          0.8676117801432564
        ],
        [
          0.5226924126008756,
          -0.7613658715164391,
          0.3835552782839645
        ]
      ],
      "tx": -0.09776869473503257,
      "ty": -0.01071537690535837,
      "tz": 0.0
    },
    {
      "R": [
        [
          -0.9723534666018383,
          -0.06871230647727215,
          -0.2231756145414646
        ],
        [
          0.08928504611267256,
          -0.9925058320879587,
          -0.08342873493015515
        ],
        [
          -0.215770518208686,
          -0.10104846465910097,
          0.9712014679056007
        ]
      ],
      "tx": 0.0024802055858052924,
      "ty": -0.09897525903731559,
      "tz": 0.0
    },
    {
      "R": [
        [
          -0.7849726587577823,
          0.4968105414818281,
          -0.370131342735617
        ],
        [
          -0.10415198920242738,
          -0.694760338496597,
          -0.7116603369566631
        ],
        [
          -0.6107129343217773,
          -0.5200839912212513,
          0.5971116762611981
        ]
      ],
      "tx": 0.0912013148904017,
      "ty": -0.08030060069582404,
      "tz": 0.0
    },
    {
      "R": [
        [
          -0.07322765204219217,
          -0.997283986342074,
          0.007896933711872556
        ],
        [
          0.8185457236838655,
          -0.055576081673968325,
          0.571746619915348
        ],
        [
          -0.56975486765384,
          0.048331663859528806,
          0.8203922482893928
        ]
      ],
      "tx": 0.016702042457534677,
      "ty": 0.003569532895417657,
      "tz": 0.0
    },
    {
      "R": [
        [
          -0.7164746286507091,
          -0.10569438837926709,
          0.689559861625487
        ],
        [
          -0.6975167485522202,
          0.09210504747125803,
          -0.7106244055191575
        ],
        [
          0.011597068119438059,
          -0.990123909667598,
          -0.1397145358063474
        ]
      ],
      "tx": -0.09568025371888664,
      "ty": 0.06881177203254807,
      "tz": 0.0
    },
    {
      "R": [
        [
          0.3950871143245851,
          0.3454747071423727,
          0.8512070246535587
        ],
        [
          -0.6874220340684227,
          0.7258457808422676,
          0.024471401895089284
        ],
        [
          -0.6093907770650163,
          -0.5948067998588873,
          0.5242592409006492
        ]
      ],
      "tx": 0.09799107713881869,
      "ty": 0.025493952679722404,
      "tz": 0.0
    }
  ],
  "points_N": 35737
}