{
  "type": "scene",
  "distance_m": 0.4,
  "num_objects": 12,
  "intrinsics": {
    "width": 640,
    "height": 480,
    "fx": 554.2562584220408,
    "fy": 554.2562584220408,
    "cx": 0.02600975922065807,
    "cy": 0.09831060557500113
  },
  "T_wc": [
    [
      0.999999999999,
      0.0,
      0.0,
      0.0
    ],
    [
      -0.0,
      0.9999999999965001,
      0.0,
      0.0
    ],
    [
      0.0,
      0.0,
      -0.9999999999975001,
      0.41501416601240637
    ],
    [
      0.0,
      0.0,
      0.0,
      1.0
    ]
  ],
  "bin_size": {
    "w": 0.25,
    "d": 0.25
  },
  "z_floor": 0.0,
  "piece_aabb": {
    "w": 0.0300283320248127,
    "d": 0.0300283320248127,
    "h": 0.0300283320248127
  },
  "poses": [
    {
      "R": [
        [
          0.04297005911081364,
          0.14617764213021564,
          -0.9883246789194651
        ],
        [
          -0.19030342215278576,
          0.9723241691390921,
          0.1355371448161456
        ],
        [
          0.9807844725203145,
          0.18225752947196672,
          0.06959893256238481
        ]
      ],
      "tx": 0.0778224409796699,
      "ty": 0.029879698232879504,
      "tz": 0.0
    },
    {
      "R": [
        [
          -0.8021646663822213,
          0.310601949551919,
          -0.509959093401075
        ],
        [
          -0.5878765035090068,
          -0.5603811099911922,
          0.583415999255303
        ],
        [
          -0.10456129604171863,
          0.7677886691659275,
          0.6321135142286471
        ]
      ],
      "tx": -0.0275628009752715,
      "ty": 0.00021598669428936346,
      "tz": 0.0
    },
    {
      "R": [
        [
          0.20113376235379032,
          0.13540926508308587,
          -0.9701595438746493
        ],
        [
          -0.9360046299679552,
          0.31862330536612893,
          -0.1495811550834995
        ],
        [
          0.28886076632170105,
          0.9381596453734413,
          0.1908296032402167
        ]
      ],
      "tx": -0.037719597437432396,
      "ty": 0.07549426159645789,
      "tz": 0.0
    },
    {
      "R": [
        [
          0.33178914127230474,
          0.9155110723520222,
          0.22749822446480078
        ],
        [
          -0.12569322848041453,
          0.28191186996291684,
          -0.9511713357162219
        ],
        [
          -0.9349423394241791,
          0.2869933343735735,
          0.20860883964295796
        ]
      ],
      "tx": -0.05291991157898254,
      "ty": -0.06741816964961533,
      "tz": 0.0
    },
    {
      "R": [
        [
          -0.18819344912678715,
          0.759753216339531,
          0.6223811340067287
        ],
        [
          0.8197788649700656,
          0.47050672426544204,
          -0.32647516746208183
        ],
        [
          -0.5408750671404206,
          0.4487744117958836,
          -0.7113759126250372
        ]
      ],
      "tx": 0.04162855903113172,
      "ty": -0.033583105815146855,
      "tz": 0.0
    },
    {
      "R": [
        [
          -0.6486708101644627,
          -0.38486887609823733,
          0.6565836795500315
        ],
        [
          0.4276507605987098,
          -0.8979578728824968,
          -0.10385800637257595
        ],
        [
          0.6295561984445264,
          0.2134188528205058,
          0.7470685284904293
        ]
      ],
      "tx": -0.09402400953165606,
      "ty": -0.008722294584360482,
      "tz": 0.0
    },
    {
      "R": [
        [
          0.9021291787092267,
          -0.25927767019684433,
          0.34487394024297113
        ],
        [
          -0.14756689917811633,
          0.5656968145065346,
          0.8113021165534545
        ],
        [
          -0.4054466120075141,
          -0.7827912900604196,
          0.47207080085213127
        ]
      ],
      "tx": 0.006109402540683817,
      "ty": -0.08957413722328608,
      "tz": 0.0
    },
    {
      "R": [
        [
          -0.7797417290878821,
          -0.2502817788030788,
          0.5739005725020725
        ],
        [
          -0.5613309651127669,
          0.6854666577671065,
          -0.46372729992438677
        ],
        [
          -0.2773272138190003,
          -0.6837356889096541,
          -0.6749778694050872
        ]
      ],
      "tx": 0.08391516756946915,
      "ty": 0.094548229295627,
      "tz": 0.0
    },
    {
      "R": [
        [
          -0.9063418712388924,
          0.008142140004133408,
          -0.42246670637499456
        ],
        [
          -0.25913451297849,
          -0.8004367440883842,
          0.5405093180478827
        ],
        [
          -0.3337569723954596,
          0.5993619309476866,
          0.7275792459300066
        ]
      ],
      "tx": 0.08399388891785156,
      "ty": -0.09086063654803112,
      "tz": 0.0
    },
    {
      "R": [
        [
          -0.7117389884216527,
          0.056812083725531766,
          0.7001428422138486
        ],
        [
          0.12827836838003923,
          0.9904753558311772,
          0.05003228654436943
        ],
        [
          -0.690631792322275,
          0.1254231104456675,
          -0.7122476892204399
        ]
      ],
      "tx": -0.0936526692416618,
      "ty": 0.0882834238518343,
      "tz": 0.0
    },
    {
      "R": [
        [
          0.22149512777368152,
          -0.35144288460101525,
          0.9096305883356376
        ],
        [
          -0.08810713013304214,
          0.9217724147215033,
          0.3775880679764764
        ],
        [
          -0.9711730237152595,
          -0.1637788579817509,
          0.1732034748091209
        ]
      ],
      "tx": 0.02050235745498591,
      "ty": 0.039183258885537586,
      "tz": 0.0
    },
    {
      "R": [
        [
          -0.5666823909724918,
          -0.8225123706863082,
          -0.048419704973171024
        ],
        [
          -0.8166823846746474,
          0.552941753336182,
          0.16518262614343002
        ],
        [
          -0.10909147686153695,
          0.13314960565280634,
          -0.9850737191655612
        ]
      ],
      "tx": 0.02600975922065807,
      "ty": 0.09831060557500113,
      "tz": 0.0
    }
  ],
  "points_N": 30552
}