{
  "type": "scene",
  "distance_m": 0.4,
  "num_objects": 11,
  "intrinsics": {
    "width": 640,
    "height": 480,
    "fx": 554.2562584220408,
    "fy": 554.2562584220408,
    "cx": 0.05245491823466866,
    "cy": 0.03337338869165679
  },
  "T_wc": [
    [
      0.999999999999,
      0.0,
      0.0,
      0.0
    ],
    [
      -0.0,
      0.9999999999965001,
      0.0,
      0.0
    ],
    [
      0.0,
      0.0,
      -0.9999999999975001,
      0.41501416601240637
    ],
    [
      0.0,
      0.0,
      0.0,
      1.0
    ]
  ],
  "bin_size": {
    "w": 0.25,
    "d": 0.25
  },
  "z_floor": 0.0,
  "piece_aabb": {
    "w": 0.0300283320248127,
    "d": 0.0300283320248127,
    "h": 0.0300283320248127
  },
  "poses": [
    {
      "R": [
        [
          -0.4460101719434513,
          -0.8867271324494795,
          -0.12161381130815618
        ],
        [
          -0.12187784037352045,
          0.19478233139306877,
          -0.9732449000138491
        ],
        [
          0.8866908810565604,
          -0.4192550965164331,
          -0.19494728901971592
        ]
      ],
      "tx": 0.030780601928468432,
      "ty": -0.08782037385728836,
      "tz": 0.0
    },
    {
      "R": [
        [
          -0.8110974524604648,
          -0.5445583110034926,
          -0.21348809926824378
        ],
        [
          -0.5639670378347117,
          0.6313040501834444,
          0.5323498628326301
        ],
        [
          -0.1551196404330705,
          0.5521878685184983,
          -0.8191620444166785
        ]
      ],
      "tx": -0.009774078204145428,
      "ty": 0.07386329425107802,
      "tz": 0.0
    },
    {
      "R": [
        [
          0.04709629464979537,
          -0.8266592245322265,
          -0.5607285132094117
        ],
        [
          -0.4218950499196431,
          0.49236178314145573,
          -0.7613044340834145
        ],
        [
          0.9054206237343843,
          0.27242320201764025,
          -0.3255750191874285
        ]
      ],
      "tx": -0.08424647331135492,
      "ty": -0.017681740355551617,
      "tz": 0.0
    },
    {
      "R": [
        [
          0.14854002047249426,
          0.973680482643669,
          -0.17286462922420853
        ],
        [
          0.033063877146063736,
          0.1698161629345596,
          0.9849209363366449
        ],
        [
          0.9883535007000791,
          -0.15201575091080266,
          -0.006969155538790517
        ]
      ],
      "tx": -0.08634227891923628,
      "ty": 0.05810919400285405,
      "tz": 0.0
    },
    {
      "R": [
        [
          0.3474353367610443,
          0.033470618014025316,
          0.9371063997751263
        ],
        [
          -0.4010889586985047,
          -0.8980235638974745,
          0.18077977180820687
        ],
        [
          0.8475944395640458,
          -0.43867231097327924,
          -0.2985804240158314
        ]
      ],
      "tx": 0.08798216526437622,
      "ty": -0.020319761772890466,
      "tz": 0.0
    },
    {
      "R": [
        [
          0.08653953579017837,
          -0.6884400898617833,
          0.720111902009903
        ],
        [
          -0.9952001541924433,
          -0.09288877697019116,
          0.0307949380307751
        ],
        [
          0.045689843954183074,
          -0.7193204555579398,
          -0.6931742352218242
        ]
      ],
      "tx": 0.055871654203369675,
      "ty": 0.09792184387273462,
      "tz": 0.0
    },
    {
      "R": [
        [
          0.5660250461182247,
          -0.5628719597048824,
          0.6023211802226839
        ],
        [
          -0.40783464394691715,
          -0.8261479417930468,
          -0.3887807627285639
        ],
        [
          0.7164401931519148,
          -0.02558779492449126,
          -0.6971791121278299
        ]
      ],
      "tx": -0.0637211858607219,
      "ty": -0.09797718261485892,
      "tz": 0.0
    },
    {
      "R": [
        [
          0.1295473702803469,
          -0.9901117069261782,
          -0.053817159542067006
        ],
        [
          -0.6203714819967865,
          -0.03859098356802204,
          -0.783358130303352
        ],
        [
          0.773535198409586,
          0.13486861679049822,
          -0.6192364274059303
        ]
      ],
      "tx": 0.008724925359491792,
      "ty": -0.0067486811659630275,
      "tz": 0.0
    },
    {
      "R": [
        [
          0.6014738039207298,
          0.4818693356196928,
          0.6372057804089376
        ],
        [
          0.260944791745102,
          0.6353634773894241,
          -0.7267881859666708
        ],
        [
          -0.7550742207612658,
          0.6034195845256057,
          0.2564131941860881
        ]
      ],
      "tx": -0.03260892613504532,
      "ty": -0.049770618654106806,
      "tz": 0.0
    },
    {
      "R": [
        [
          0.3883950718246316,
          -0.866804902977474,
          0.31272756251496436
        ],
        [
          0.4361868224054368,
          0.4718784721946211,
          0.7662060841830467
        ],
        [
          -0.8117205948737454,
          -0.16118302532674433,
          0.5613641493757248
        ]
      ],
      "tx": 0.096992643706621,
      "ty": -0.09563208338595988,
      "tz": 0.0
    },
    {
      "R": [
        [
          -0.5999636840809028,
          -0.684916238144137,
          -0.41344083556242284
        ],
        [
          0.7963883141768987,
          -0.4620685410476315,
          -0.3902029169760145
        ],
        [
          0.0762183103102384,
          -0.5633670296534906,
          0.8226836324328175
        ]
      ],
      "tx": 0.05245491823466866,
      "ty": 0.03337338869165679,
      "tz": 0.0
    }
  ],
  "points_N": 29946
}