{
  "type": "scene",
  "distance_m": 0.4,
  "num_objects": 12,
  "intrinsics": {
    "width": 640,
    "height": 480,
    "fx": 554.2562584220408,
    "fy": 554.2562584220408,
    "cx": -0.09730743602787874,
    "cy": 0.09837694410498382
  },
  "T_wc": [
    [
      0.999999999999,
      0.0,
      0.0,
      0.0
    ],
    [
      -0.0,
      0.9999999999965001,
      0.0,
      0.0
    ],
    [
      0.0,
      0.0,
      -0.9999999999975001,
      0.41501416601240637
    ],
    [
      0.0,
      0.0,
      0.0,
      1.0
    ]
  ],
  "bin_size": {
    "w": 0.25,
    "d": 0.25
  },
  "z_floor": 0.0,
  "piece_aabb": {
    "w": 0.0300283320248127,
    "d": 0.0300283320248127,
    "h": 0.0300283320248127
  },
  "poses": [
    {
      "R": [
        [
          0.8813782086890017,
          0.4453664947169338,
          -0.15754725840749456
        ],
        [
          0.4575417720967204,
          -0.8877804018995312,
          0.050014845693050855
        ],
        [
          -0.11759243187705243,
          -0.116166446905543,
          -0.9862440755607014
        ]
      ],
      "tx": -0.016204577416637278,
      "ty": 0.09899300906163402,
      "tz": 0.0
    },
    {
      "R": [
        [
          -0.14937880454524177,
          -0.14601040401545418,
          -0.9779401488188724
        ],
        [
          -0.9624446417381656,
          0.24821520941399755,
          0.10995235970664469
        ],
        [
          0.2266854303702126,
          0.9576378082212549,
          -0.17760502223490837
        ]
      ],
      "tx": -0.0231517240825809,
      "ty": -0.05193260716032832,
      "tz": 0.0
    },
    {
      "R": [
        [
          -0.6656831929584714,
          0.5491761347927385,
          -0.5052439604653596
        ],
        [
          -0.7390827989547722,
          -0.5787123146819928,
          0.34474435909031154
        ],
        [
          -0.10306552722318837,
          0.6029076461693929,
          0.7911256962636775
        ]
      ],
      "tx": 0.05213389448295461,
      "ty": -0.04613501213523963,
      "tz": 0.0
    },
    {
      "R": [
        [
          -0.20977001435254383,
          -0.552141906764932,
          0.8069298952650837
        ],
        [
          0.3862299140127316,
          -0.8049668339255205,
          -0.4503941049810065
        ],
        [
          0.898233262911284,
          0.21718128619636892,
          0.3821116254785233
        ]
      ],
      "tx": 0.0012613257005454764,
      "ty": 0.02004474777369404,
      "tz": 0.0
    },
    {
      "R": [
        [
          0.4451206655146758,
          -0.6043771401847026,
          0.6607540128927955
        ],
        [
          -0.8890259610771151,
          -0.2098939111072069,
          0.40691201335304905
        ],
        [
          -0.10724007489126464,
          -0.7685524175372038,
          -0.6307350853052616
        ]
      ],
      "tx": -0.07990087776583889,
      "ty": 0.041940516039314646,
      "tz": 0.0
    },
    {
      "R": [
        [
          -0.8269310115390538,
          0.012237692859453614,
          -0.5621702064575053
        ],
        [
          0.32516742870198523,
          -0.8052396535367345,
          -0.4958379207799441
        ],
        [
          -0.4587496544590914,
          -0.5928231939166319,
          0.6618983421101368
        ]
      ],
      "tx": 0.09881813386517599,
      "ty": 0.013635250667426324,
      "tz": 0.0
    },
    {
      "R": [
        [
          0.9455726608933231,
          -0.16715894876095105,
          0.2791956819513051
        ],
        [
          -0.26293708451263387,
          0.11301311833091165,
          0.9581712397442951
        ],
        [
          -0.19171967181047594,
          -0.9794314273772601,
          0.06290982837861092
        ]
      ],
      "tx": -0.0813704760345143,
      "ty": -0.07998620797695213,
      "tz": 0.0
    },
    {
      "R": [
        [
          -0.04670873731608394,
          0.8759490751709691,
          0.48013697167106506
        ],
        [
          0.43273293071821756,
          0.45096166579642916,
          -0.7806252536615326
        ],
        [
          -0.900311337555159,
          0.17130905898181187,
          -0.4001158604459547
        ]
      ],
      "tx": 0.050137704270450445,
      "ty": 0.07165150054309583,
      "tz": 0.0
    },
    {
      "R": [
        [
          0.048687375996414706,
          0.7398942345921513,
          -0.6709590606258166
        ],
        [
          0.921955342755413,
          0.22511997390710647,
          0.31514971571114037
        ],
        [
          0.38422374390884884,
          -0.6339381034181161,
          -0.6711889418422425
        ]
      ],
      "tx": 0.0977911169909095,
      "ty": -0.0873619086784806,
      "tz": 0.0
    },
    {
      "R": [
        [
          -0.8447902629370148,
          -0.28157255012969895,
          -0.45502341770536103
        ],
        [
          0.10106103161453903,
          -0.9190092360707607,
          0.3810625826627984
        ],
        [
          -0.5254674866590838,
          0.2759328234010863,
          0.8048260665722069
        ]
      ],
      "tx": -0.08891455693713946,
      "ty": -0.022880593520823223,
      "tz": 0.0
    },
    {
      "R": [
        [
          -0.6362329611735364,
          0.2539397688160354,
          0.7285068379432078
        ],
        [
          -0.7713490255597446,
          -0.19088372351600413,
          -0.6071112623438126
        ],
        [
          -0.015109595771729378,
          -0.9481972357639119,
          0.31732270987953415
        ]
      ],
      "tx": 0.013594661326696497,
      "ty": -0.09817926036407072,
      "tz": 0.0
    },
    {
      "R": [
        [
          0.33390119723135314,
          0.941071401957059,
          0.053801551149056825
        ],
        [
          -0.14355418796359976,
          -0.005643055875239833,
          0.9896263694134773
        ],
        [
          0.9316126800369242,
          -0.33816086754526226,
          0.13321051781092597
        ]
      ],
      "tx": -0.09730743602787874,
      "ty": 0.09837694410498382,
      "tz": 0.0
    }
  ],
  "points_N": 30471
}