{
  "type": "scene",
  "distance_m": 0.4,
  "num_objects": 13,
  "intrinsics": {
    "width": 640,
    "height": 480,
    "fx": 554.2562584220408,
    "fy": 554.2562584220408,
    "cx": -0.09646671300757911,
    "cy": -0.0944578577367224
  },
  "T_wc": [
    [
      0.999999999999,
      0.0,
      0.0,
      0.0
    ],
    [
      -0.0,
      0.9999999999965001,
      0.0,
      0.0
    ],
    [
      0.0,
      0.0,
      -0.9999999999975001,
      0.41501416601240637
    ],
    [
      0.0,
      0.0,
      0.0,
      1.0
    ]
  ],
  "bin_size": {
    "w": 0.25,
    "d": 0.25
  },
  "z_floor": 0.0,
  "piece_aabb": {
    "w": 0.0300283320248127,
    "d": 0.0300283320248127,
    "h": 0.0300283320248127
  },
  "poses": [
    {
      "R": [
        [
          -0.8043515661680978,
          0.4183970148764391,
          0.42185601328582806
        ],
        [
          0.031307672711692575,
          0.7388713885444993,
          -0.6731187865597729
        ],
        [
          -0.5933282292562065,
          -0.5282168201911107,
          -0.6074113953778659
        ]
      ],
      "tx": -0.08581473634212623,
      "ty": -0.02690708821491876,
      "tz": 0.0
    },
    {
      "R": [
        [
          0.11659746037381202,
          -0.9563449257889002,
          -0.2679727880815516
        ],
        [
          0.12689968581085675,
          0.28194691428954965,
          -0.9510007398859934
        ],
        [
          0.9850388327246205,
          0.07687860847091477,
          0.15423416477581298
        ]
      ],
      "tx": 0.02121987720562478,
      "ty": 0.06460032171818478,
      "tz": 0.0
    },
    {
      "R": [
        [
          -0.930566293516998,
          -0.14819486263091367,
          -0.3347904659034378
        ],
        [
          -0.14534284536106198,
          -0.689753376405041,
          0.7093065183968046
        ],
        [
          -0.336038436302139,
          0.7087161367061221,
          0.620322179919405
        ]
      ],
      "tx": -0.03701401172613672,
      "ty": -0.07218815566698893,
      "tz": 0.0
    },
    {
      "R": [
        [
          -0.6425297248695316,
          -0.6292767191738725,
          -0.4372257578927061
        ],
        [
          0.7661915755235095,
          -0.5352848273991611,
          -0.3555567790846529
        ],
        [
          -0.010296710925644853,
          -0.5634544917400318,
          0.826082933779712
        ]
      ],
      "tx": 0.032840431349556554,
      "ty": -0.07269691401771175,
      "tz": 0.0
    },
    {
      "R": [
        [
          0.31556120598204884,
          0.42918935386048745,
          0.8462964160458037
        ],
        [
          0.4504165641498485,
          -0.8527371891821742,
          0.26450747612332226
        ],
        [
          0.8351922198024837,
          0.2977176258109381,
          -0.46240476993960367
        ]
      ],
      "tx": -0.08225887941233809,
      "ty": 0.09742425934693841,
      "tz": 0.0
    },
    {
      "R": [
        [
          -0.3962516958983049,
          0.16913290575796924,
          0.9024293067534891
        ],
        [
          0.7168776423072217,
          0.6710924024659098,
          0.18900114632608
        ],
        [
          -0.5736471384551275,
          0.7218234185328148,
          -0.38716910129792703
        ]
      ],
      "tx": 0.09035628259195544,
      "ty": -0.017152418212540724,
      "tz": 0.0
    },
    {
      "R": [
        [
          0.1524897373781694,
          0.20479245785089184,
          -0.9668541406032906
        ],
        [
          0.933907836048253,
          0.2902278959566741,
          0.20876762722278386
        ],
        [
          0.32336207842294395,
          -0.9347875788733784,
          -0.14700050551627752
        ]
      ],
      "tx": -0.03836094064766593,
      "ty": 0.054029715560493075,
      "tz": 0.0
    },
    {
      "R": [
        [
          0.5918963486713408,
          0.7389946189541856,
          -0.32178512331413434
        ],
        [
          0.7785379026003001,
          -0.4208307852706328,
          0.4655965897461326
        ],
        [
          0.20865628829311697,
          -0.5261068364175292,
          -0.8244235258836803
        ]
      ],
      "tx": -0.02768935694485644,
      "ty": -0.0033961640148761074,
      "tz": 0.0
    },
    {
      "R": [
        [
          0.7851755919476613,
          -0.11599609839844513,
          0.6083125799833322
        ],
        [
          -0.5225150949423321,
          -0.6513204631937393,
          0.550235976452375
        ],
        [
          0.33238120489438827,
          -0.7498843640064987,
          -0.5720106426033726
        ]
      ],
      "tx": 0.08008036299800997,
      "ty": 0.09228468858945404,
      "tz": 0.0
    },
    {
      "R": [
        [
          -0.43013228740485143,
          -0.7414585745648717,
          -0.5150003859572324
        ],
        [
          0.8066722054567955,
          -0.059558943078248605,
          -0.5879903785291654
        ],
        [
          0.40529762924959134,
          -0.6683501436400161,
          0.6237322480207597
        ]
      ],
      "tx": 0.0900692704810972,
      "ty": -0.0748774308674732,
      "tz": 0.0
    },
    {
      "R": [
        [
          0.7150623298138976,
          0.31024633671337787,
          0.6264447900949053
        ],
        [
          -0.6904000264712806,
          0.1727947031330741,
          0.7024882874593766
        ],
        [
          0.10969807623461592,
          -0.9348204111619954,
          0.3377530620813707
        ]
      ],
      "tx": 0.03306573941868729,
      "ty": 0.0036831017210630923,
      "tz": 0.0
    },
    {
      "R": [
        [
          0.3495625514593773,
          0.9363991601024235,
          -0.031026369054177383
        ],
        [
          0.8965196731109923,
          -0.34392709597486504,
          -0.27922504969872536
        ],
        [
          -0.2721369110248915,
          0.06979087056178579,
          -0.9597243021014206
        ]
      ],
      "tx": -0.09893622864864586,
      "ty": 0.03555346912973703,
      "tz": 0.0
    },
    {
      "R": [
        [
          -0.5835602609730861,
          -0.014344012400801742,
          0.8119431452517285
        ],
        [
          0.799965960917113,
          0.16183006898397967,
          0.5778109467175233
        ],
        [
          -0.13968494259219189,
          0.9867143852609458,
          -0.08296287562596949
        ]
      ],
      "tx": -0.09646671300757911,
      "ty": -0.0944578577367224,
      "tz": 0.0
    }
  ],
  "points_N": 35770
}