{
  "type": "scene",
  "distance_m": 0.4,
  "num_objects": 11,
  "intrinsics": {
    "width": 640,
    "height": 480,
    "fx": 554.2562584220408,
    "fy": 554.2562584220408,
    "cx": -0.09077416249517635,
    "cy": -0.03326941235282242
  },
  "T_wc": [
    [
      0.999999999999,
      0.0,
      0.0,
      0.0
    ],
    [
      -0.0,
      0.9999999999965001,
      0.0,
      0.0
    ],
    [
      0.0,
      0.0,
      -0.9999999999975001,
      0.41501416601240637
    ],
    [
      0.0,
      0.0,
      0.0,
      1.0
    ]
  ],
  "bin_size": {
    "w": 0.25,
    "d": 0.25
  },
  "z_floor": 0.0,
  "piece_aabb": {
    "w": 0.0300283320248127,
    "d": 0.0300283320248127,
    "h": 0.0300283320248127
  },
  "poses": [
    {
      "R": [
        [
          0.24960787086794645,
          0.7740049538275029,
          -0.5819039802675827
        ],
        [
          -0.1574025881306813,
          0.6253635369965289,
          0.7642937078407449
        ],
        [
          0.9554686473404208,
          -0.0991805325942341,
          0.2779260439465694
        ]
      ],
      "tx": -0.07580384310156167,
      "ty": -0.08861393220940932,
      "tz": 0.0
    },
    {
      "R": [
        [
          -0.6260785201849963,
          0.09120079683543286,
          -0.7744082264668596
        ],
        [
          0.6732404704445978,
          0.5642898229352824,
          -0.47783288363946275
        ],
        [
          0.3934119412505185,
          -0.8205238633874397,
          -0.4146898046651841
        ]
      ],
      "tx": 0.08650321186511195,
      "ty": 0.005974601300514457,
      "tz": 0.0
    },
    {
      "R": [
        [
          -0.060268151420150406,
          -0.7781152784101768,
          -0.6252234507990332
        ],
        [
          0.44758833574577667,
          -0.5809284114355264,
          0.6798432631800669
        ],
        [
          -0.8922064960695612,
          -0.23886982708506532,
          0.3832868039466363
        ]
      ],
      "tx": 0.03175112118762122,
      "ty": -0.07888473034801774,
      "tz": 0.0
    },
    {
      "R": [
        [
          0.2311518713218721,
          0.9703619706780475,
          -0.0704731029983256
        ],
        [
          0.7618103544578045,
          -0.2255747624427069,
          -0.6072569558183671
        ],
        [
          -0.6051560098233106,
          0.08668144213574319,
          -0.7913738252962357
        ]
      ],
      "tx": -0.02062101134934201,
      "ty": -0.022441175289082974,
      "tz": 0.0
    },
    {
      "R": [
        [
          -0.3121210793327933,
          -0.7029805645777025,
          -0.6390608403447567
        ],
        [
          0.3256239853800933,
          0.5527624405843843,
          -0.7670871556898732
        ],
        [
          0.8924961915780464,
          -0.44751760870965696,
          0.05637852351271244
        ]
      ],
      "tx": 0.09526074858844233,
      "ty": 0.07264320769572077,
      "tz": 0.0
    },
    {
      "R": [
        [
          -0.3296720467638474,
          0.19127307602967242,
          0.9245166044851132
        ],
        [
          -0.889450839828785,
          -0.39124947555863376,
          -0.23622246168170263
        ],
        [
          0.31653363977688853,
          -0.900188012729142,
          0.2991120135139236
        ]
      ],
      "tx": 0.010320849383376893,
      "ty": 0.03617876401398243,
      "tz": 0.0
    },
    {
      "R": [
        [
          -0.12000200075478218,
          -0.3149236130532545,
          0.9415002059247429
        ],
        [
          0.9215157662092763,
          0.31747517857149365,
          0.22364749857471855
        ],
        [
          -0.36933482430252884,
          0.8944454309416994,
          0.25210941796160247
        ]
      ],
      "tx": -0.08629839492453685,
      "ty": 0.08479821970338808,
      "tz": 0.0
    },
    {
      "R": [
        [
          0.9399086739816913,
          -0.13808784301696836,
          0.3122553957658694
        ],
        [
          -0.04035362005191526,
          -0.9530816197647998,
          -0.3000116854644358
        ],
        [
          0.33903284490250246,
          0.2693829498639938,
          -0.9013820257803509
        ]
      ],
      "tx": 0.08871577456435434,
      "ty": -0.06045665938385681,
      "tz": 0.0
    },
    {
      "R": [
        [
          0.10282852775731244,
          -0.5632630946599282,
          -0.8198542431880098
        ],
        [
          -0.904835631978478,
          0.28938077185998856,
          -0.31229993272465695
        ],
        [
          0.4131570802750107,
          0.7739466745660439,
          -0.479903919495132
        ]
      ],
      "tx": 0.0037635168755767584,
      "ty": 0.09475944449944698,
      "tz": 0.0
    },
    {
      "R": [
        [
          -0.34835501719814843,
          -0.6330536614639618,
          0.6912972180617751
        ],
        [
          -0.04968275887625262,
          -0.7239854732397055,
          -0.6880237336083137
        ],
        [
          0.9360450873025945,
          -0.2740220725506457,
          0.22075211956338425
        ]
      ],
      "tx": -0.06796342492394591,
      "ty": 0.02286918777029623,
      "tz": 0.0
    },
    {
      "R": [
        [
          0.7666884097351263,
          0.19110461898711908,
          -0.6129175368510932
        ],
        [
          0.12130800947576972,
          -0.9805955176438856,
          -0.154002589633248
        ],
        [
          -0.6304547955364045,
          0.04372019417280831,
          -0.7749937389467365
        ]
      ],
      "tx": -0.09077416249517635,
      "ty": -0.03326941235282242,
      "tz": 0.0
    }
  ],
  "points_N": 29817
}