{
  "type": "scene",
  "distance_m": 0.4,
  "num_objects": 10,
  "intrinsics": {
    "width": 640,
    "height": 480,
    "fx": 554.2562584220408,
    "fy": 554.2562584220408,
    "cx": 0.09799890505490541,
    "cy": -0.05396459858591283
  },
  "T_wc": [
    [
      0.999999999999,
      0.0,
      0.0,
      0.0
    ],
    [
      -0.0,
      0.9999999999965001,
      0.0,
      0.0
    ],
    [
      0.0,
      0.0,
      -0.9999999999975001,
      0.41501416601240637
    ],
    [
      0.0,
      0.0,
      0.0,
      1.0
    ]
  ],
  "bin_size": {
    "w": 0.25,
    "d": 0.25
  },
  "z_floor": 0.0,
  "piece_aabb": {
    "w": 0.0300283320248127,
    "d": 0.0300283320248127,
    "h": 0.0300283320248127
  },
  "poses": [
    {
      "R": [
        [
          0.9380549443319343,
          0.18725526071374288,
          -0.29152768093174275
        ],
        [
          0.2516226619447163,
          0.21026360478494477,
          0.9447090835271437
        ],
        [
          0.23819940682181984,
          -0.9595439978645424,
          0.15012114691762934
        ]
      ],
      "tx": -0.054459600214437964,
      "ty": 0.06191717407947672,
      "tz": 0.0
    },
    {
      "R": [
        [
          -0.49980381771694216,
          -0.8458213287288349,
          0.18650046558375727
        ],
        [
          -0.24148666538111507,
          0.34286643799876293,
          0.907814296063435
        ],
        [
          -0.8317934444552202,
          0.4086916754246761,
          -0.3756205268617414
        ]
      ],
      "tx": 0.033201629893912704,
      "ty": -0.06400406831302625,
      "tz": 0.0
    },
    {
      "R": [
        [
          0.525617896857743,
          0.7481953059513351,
          0.4048822182502353
        ],
        [
          -0.6353161392881952,
          0.02870703653989315,
          0.7717184131618476
        ],
        [
          0.5657731256102447,
          -0.6628572170577051,
          0.4904294853816691
        ]
      ],
      "tx": 0.0901400414058148,
      "ty": 0.03503218721442228,
      "tz": 0.0
    },
    {
      "R": [
        [
          0.33796968192664656,
          0.549323507251547,
          -0.7642121292411296
        ],
        [
          0.3300347943825095,
          -0.8296039622641431,
          -0.45037129159453376
        ],
        [
          -0.8813929478928771,
          -0.1000047507696184,
          -0.4616768580167414
        ]
      ],
      "tx": 0.013119062449015464,
      "ty": 0.018364644713825345,
      "tz": 0.0
    },
    {
      "R": [
        [
          -0.9037014782224848,
          -0.07597210744577004,
          -0.4213690510096156
        ],
        [
          -0.10519684533330356,
          -0.9145690638199055,
          0.3905087082710228
        ],
        [
          -0.41503886804782114,
          0.39722999181057583,
          0.8185053888739848
        ]
      ],
      "tx": -0.09067121786466917,
      "ty": -0.01532453519637221,
      "tz": 0.0
    },
    {
      "R": [
        [
          -0.5592769557874713,
          -0.7668022631527451,
          -0.3149977395933611
        ],
        [
          0.5742073269134864,
          -0.6324006331258099,
          0.5199570991350566
        ],
        [
          -0.5979090503111383,
          0.10992601350864459,
          0.7939905787288222
        ]
      ],
      "tx": -0.03433884731399703,
      "ty": -0.09261472754746208,
      "tz": 0.0
    },
    {
      "R": [
        [
          -0.4163279438307479,
          0.8176557476061367,
          0.3976306346250397
        ],
        [
          -0.9050525872460619,
          -0.4144865021343098,
          -0.09529298960403537
        ],
        [
          0.08689567023086703,
          -0.3995497690590185,
          0.9125837630267226
        ]
      ],
      "tx": 0.045687221566320324,
      "ty": 0.08469961541652882,
      "tz": 0.0
    },
    {
      "R": [
        [
          -0.9109948768383731,
          -0.2232571485753101,
          -0.3467630026174353
        ],
        [
          -0.10090558086194473,
          0.9359102612573029,
          -0.337475994145066
        ],
        [
          0.3998829805394961,
          -0.27244857952154755,
          -0.8751373454444393
        ]
      ],
      "tx": -0.09674024896863771,
      "ty": -0.08809030437133393,
      "tz": 0.0
    },
    {
      "R": [
        [
          0.31721817551339937,
          -0.3927374123064892,
          -0.8632091021871543
        ],
        [
          -0.7276306994216087,
          -0.6845527050525892,
          0.04405858899696147
        ],
        [
          -0.6082155821607752,
          0.6141212575542271,
          -0.5029203581451478
        ]
      ],
      "tx": -0.018681856494009302,
      "ty": -0.030606589430502568,
      "tz": 0.0
    },
    {
      "R": [
        [
          -0.07968127500298094,
          0.7809102976365915,
          -0.6195401532257854
        ],
        [
          -0.9334547679992963,
          -0.2765123936877636,
          -0.2284799602513167
        ],
        [
          -0.3497328845179979,
          0.5601071354501687,
          0.750977300791793
        ]
      ],
      "tx": 0.09799890505490541,
      "ty": -0.05396459858591283,
      "tz": 0.0
    }
  ],
  "points_N": 27325
}