{
  "type": "scene",
  "distance_m": 0.4,
  "num_objects": 11,
  "intrinsics": {
    "width": 640,
    "height": 480,
    "fx": 554.2562584220408,
    "fy": 554.2562584220408,
    "cx": -0.08959413930612095,
    "cy": -0.0981799920299213
  },
  "T_wc": [
    [
      0.999999999999,
      0.0,
      0.0,
      0.0
    ],
    [
      -0.0,
      0.9999999999965001,
      0.0,
      0.0
    ],
    [
      0.0,
      0.0,
      -0.9999999999975001,
      0.41501416601240637
    ],
    [
      0.0,
      0.0,
      0.0,
      1.0
    ]
  ],
  "bin_size": {
    "w": 0.25,
    "d": 0.25
  },
  "z_floor": 0.0,
  "piece_aabb": {
    "w": 0.0300283320248127,
    "d": 0.0300283320248127,
    "h": 0.0300283320248127
  },
  "poses": [
    {
      "R": [
        [
          -0.18802860705511248,
          -0.8645960427247744,
          -0.46596021915349567
        ],
        [
          -0.14778203069949047,
          -0.44411576548246146,
          0.883697718822597
        ],
        [
          -0.9709818300726583,
          0.23502099853967656,
          -0.044265290173728156
        ]
      ],
      "tx": -0.07462083344081916,
      "ty": 0.018497117221515827,
      "tz": 0.0
    },
    {
      "R": [
        [
          -0.3388932122469428,
          0.292256168069124,
          -0.8942805616351617
        ],
        [
          -0.007105117059835381,
          -0.9512961331862853,
          -0.3081966649663605
        ],
        [
          -0.9407980165819412,
          -0.09809178971949156,
          0.32446431665918596
        ]
      ],
      "tx": 0.06368453852023592,
      "ty": 0.08088563059496404,
      "tz": 0.0
    },
    {
      "R": [
        [
          -0.11592334577477503,
          0.3915777003151785,
          -0.9128136077646182
        ],
        [
          0.9770785165978091,
          -0.1202442941213091,
          -0.17566696369634432
        ],
        [
          -0.17854789359554657,
          -0.9122544679787237,
          -0.3686630376718678
        ]
      ],
      "tx": -0.0037782816486882226,
      "ty": 0.08027163540886259,
      "tz": 0.0
    },
    {
      "R": [
        [
          -0.3258368852832889,
          0.943888062257359,
          -0.05390408256275733
        ],
        [
          0.8644705482768008,
          0.32053557885671624,
          0.3872306984847625
        ],
        [
          0.3827806099463398,
          0.07957555287296264,
          -0.9204057453286949
        ]
      ],
      "tx": 0.059383680467859745,
      "ty": -0.08052348746819761,
      "tz": 0.0
    },
    {
      "R": [
        [
          0.6893208049876053,
          0.37074537750778963,
          0.6224023560911753
        ],
        [
          -0.5012063234050232,
          0.8643934213038794,
          0.04020242014348446
        ],
        [
          -0.5230956405764235,
          -0.33966436119083876,
          0.7816642965792671
        ]
      ],
      "tx": 0.09269736329009765,
      "ty": -0.013320175611633595,
      "tz": 0.0
    },
    {
      "R": [
        [
          0.45393663336906287,
          0.834624806403907,
          0.31199834201611
        ],
        [
          0.7144752316239644,
          -0.5501712436290189,
          0.4322461637534579
        ],
        [
          0.5324158865787566,
          0.026702719317315687,
          -0.8460616339839653
        ]
      ],
      "tx": -0.03754660098778555,
      "ty": -0.07322967328747565,
      "tz": 0.0
    },
    {
      "R": [
        [
          -0.5224918141617871,
          -0.41122989705783436,
          -0.746921867332673
        ],
        [
          -0.8508852580278037,
          0.3077185696807614,
          0.42579755699696575
        ],
        [
          0.05474104314755396,
          0.8580205438329721,
          -0.5106898907905739
        ]
      ],
      "tx": -0.00966509111435461,
      "ty": -0.018878682409346273,
      "tz": 0.0
    },
    {
      "R": [
        [
          0.8283187169862936,
          -0.5101153738619036,
          -0.23166874722307879
        ],
        [
          0.531151863118363,
          0.5834616484955063,
          0.6143697608450451
        ],
        [
          -0.17822963108325218,
          -0.6319452587721792,
          0.754240935324576
        ]
      ],
      "tx": 0.04741252447036878,
      "ty": 0.023693191222381768,
      "tz": 0.0
    },
    {
      "R": [
        [
          -0.14693008540917174,
          0.9466631109773019,
          0.2867760525504701
        ],
        [
          0.6006596326844574,
          0.31573780198658996,
          -0.7345186492254975
        ],
        [
          -0.7858877500413313,
          0.06433191052233234,
          -0.6150136987283459
        ]
      ],
      "tx": -0.05981078854084081,
      "ty": 0.09197899402329124,
      "tz": 0.0
    },
    {
      "R": [
        [
          0.8492684782481918,
          -0.49450825166261037,
          -0.1849449671972418
        ],
        [
          0.449359300854137,
          0.4931339581734885,
          0.7449128257937497
        ],
        [
          -0.27716289540607997,
          -0.7157377231456622,
          0.6410150084642183
        ]
      ],
      "tx": -0.08576812594787563,
      "ty": -0.04078539585623415,
      "tz": 0.0
    },
    {
      "R": [
        [
          -0.44735867135760277,
          0.6641513592032241,
          0.5989767868871635
        ],
        [
          -0.8836360703402667,
          -0.22485199170895998,
          -0.41064446546632627
        ],
        [
          -0.13804895636973,
          -0.7129828566613813,
          0.6874575854205149
        ]
      ],
      "tx": -0.08959413930612095,
      "ty": -0.0981799920299213,
      "tz": 0.0
    }
  ],
  "points_N": 29472
}