{
  "type": "scene",
  "distance_m": 0.4,
  "num_objects": 6,
  "intrinsics": {
    "width": 640,
    "height": 480,
    "fx": 554.2562584220408,
    "fy": 554.2562584220408,
    "cx": -0.004889207011622182,
    "cy": -0.08728976521331579
  },
  "T_wc": [
    [
      0.999999999999,
      0.0,
      0.0,
      0.0
    ],
    [
      -0.0,
      0.9999999999965001,
      0.0,
      0.0
    ],
    [
      0.0,
      0.0,
      -0.9999999999975001,
      0.41501416601240637
    ],
    [
      0.0,
      0.0,
      0.0,
      1.0
    ]
  ],
  "bin_size": {
    "w": 0.25,
    "d": 0.25
  },
  "z_floor": 0.0,
  "piece_aabb": {
    "w": 0.0300283320248127,
    "d": 0.0300283320248127,
    "h": 0.0300283320248127
  },
  "poses": [
    {
      "R": [
        [
          -0.5947712871978601,
          -0.4704348078818006,
          -0.6518728460813611
        ],
        [
          -0.32369826116009115,
          0.8823991842414644,
          -0.3414544118501497
        ],
        [
          0.7358441082504731,
          0.007922826718514603,
          -0.6771046279341579
        ]
      ],
      "tx": -0.09864937222848875,
      "ty": 0.09077751061782693,
      "tz": 0.0
    },
    {
      "R": [
        [
          0.9927525088908862,
          -0.08604740363145887,
          0.083894579199944
        ],
        [
          -0.10275280304578134,
          -0.9697936902866355,
          0.2212285238084461
        ],
        [
          0.06232429347442094,
          -0.22824557522220257,
          -0.9716067310565526
        ]
      ],
      "tx": -0.09808365271354506,
      "ty": -0.075339635423895,
      "tz": 0.0
    },
    {
      "R": [
        [
          0.9920033032371669,
          0.10434502781426012,
          -0.07100395437573095
        ],
        [
          0.024656029693009743,
          0.3915214343402097,
          0.9198385981529381
        ],
        [
          0.12378015416991137,
          -0.9142336034201687,
          0.3858178220495352
        ]
      ],
      "tx": -0.01768502986506336,
      "ty": 0.0075474331498944225,
      "tz": 0.0
    },
    {
      "R": [
        [
          -0.36921025013858344,
          0.2122854225395811,
          0.904775491804346
        ],
        [
          0.44610350478813693,
          0.8945481066632757,
          -0.027845069238366382
        ],
        [
          -0.8152763054378223,
          0.3933428329617056,
          -0.42497760123248196
        ]
      ],
      "tx": 0.04855303192392099,
      "ty": 0.011457387183737358,
      "tz": 0.0
    },
    {
      "R": [
        [
          0.7026451272680587,
          0.6185405645521067,
          0.35170640473271814
        ],
        [
          0.3917725051895144,
          0.07630837153722325,
          -0.9168922164632378
        ],
        [
          -0.593973172208969,
          0.7820387474012385,
          -0.188709481105525
        ]
      ],
      "tx": 0.08084934142513142,
      "ty": 0.08887130227720913,
      "tz": 0.0
    },
    {
      "R": [
        [
          0.08373108193385947,
          -0.8247016216457711,
          0.5593356248023371
        ],
        [
          0.8185567112202529,
          0.3770323451181202,
          0.4333722663611671
        ],
        [
          -0.5682904331716918,
          0.42156120076397696,
          0.7066343733331721
        ]
      ],
      "tx": -0.004889207011622182,
      "ty": -0.08728976521331579,
      "tz": 0.0
    }
  ],
  "points_N": 16862
}