{
  "type": "scene",
  "distance_m": 0.4,
  "num_objects": 8,
  "intrinsics": {
    "width": 640,
    "height": 480,
    "fx": 554.2562584220408,
    "fy": 554.2562584220408,
    "cx": 0.005587121408280618,
    "cy": 0.07716990637224372
  },
  "T_wc": [
    [
      0.999999999999,
      0.0,
      0.0,
      0.0
    ],
    [
      -0.0,
      0.9999999999965001,
      0.0,
      0.0
    ],
    [
      0.0,
      0.0,
      -0.9999999999975001,
      0.41501416601240637
    ],
    [
      0.0,
      0.0,
      0.0,
      1.0
    ]
  ],
  "bin_size": {
    "w": 0.25,
    "d": 0.25
  },
  "z_floor": 0.0,
  "piece_aabb": {
    "w": 0.0300283320248127,
    "d": 0.0300283320248127,
    "h": 0.0300283320248127
  },
  "poses": [
    {
      "R": [
        [
          0.9583328929226125,
          -0.27331689361668915,
          0.08304180878509314
        ],
        [
          -0.04841909406657281,
          0.13107672977700546,
          0.9901891143820651
        ],
        [
          -0.2815202615662839,
          -0.9529516076772679,
          0.11238138526002328
        ]
      ],
      "tx": -0.05215638590870266,
      "ty": 0.08346329669789135,
      "tz": 0.0
    },
    {
      "R": [
        [
          -0.006527483648254728,
          0.8918245902723498,
          0.45233427036073337
        ],
        [
          -0.7162776270548978,
          0.311475573126643,
          -0.624443214652889
        ],
        [
          -0.6977848901615931,
          -0.32807296068250513,
          0.6367608495590704
        ]
      ],
      "tx": -0.0925278327335636,
      "ty": 0.012729801562313736,
      "tz": 0.0
    },
    {
      "R": [
        [
          -0.864333541310051,
          -0.47862489058760654,
          0.15442067049598154
        ],
        [
          0.4701713744286256,
          -0.8780056952131341,
          -0.08969324300747816
        ],
        [
          0.1785116467750044,
          -0.004920699472951005,
          0.9839254944772866
        ]
      ],
      "tx": 0.07644396504652717,
      "ty": 0.08200881356722081,
      "tz": 0.0
    },
    {
      "R": [
        [
          0.14391012610846055,
          0.7510660848814821,
          -0.6443520867850506
        ],
        [
          -0.7689083029312584,
          -0.3250238344180949,
          -0.5505810828057307
        ],
        [
          -0.6229525642348855,
          0.5746818625996137,
          0.5307267277160814
        ]
      ],
      "tx": -0.0036648792132310537,
      "ty": 0.005144054140385157,
      "tz": 0.0
    },
    {
      "R": [
        [
          0.11010189670727777,
          0.9237292623157402,
          0.3668812100436303
        ],
        [
          0.8704562920761826,
          0.08856462208371452,
          -0.48421291938583394
        ],
        [
          -0.4797743385451573,
          0.37266681856155,
          -0.7943148156850461
        ]
      ],
      "tx": 0.004752472180079875,
      "ty": -0.06623996842495358,
      "tz": 0.0
    },
    {
      "R": [
        [
          -0.28780965012100923,
          0.2357711244274378,
          -0.9282120351425336
        ],
        [
          -0.8478088402775046,
          -0.5134954748950304,
          0.1324483582746116
        ],
        [
          -0.4454051814298247,
          0.8250662846999317,
          0.3476777965400094
        ]
      ],
      "tx": 0.08408045351943932,
      "ty": -0.016581030960169094,
      "tz": 0.0
    },
    {
      "R": [
        [
          0.061464845673389834,
          -0.3514937599349056,
          0.9341703321521024
        ],
        [
          0.9507927587796271,
          0.3053741880133307,
          0.05234247937788994
        ],
        [
          -0.3036695615279416,
          0.8849851648598535,
          0.35296749904120883
        ]
      ],
      "tx": -0.09181556400996352,
      "ty": -0.09574736648210273,
      "tz": 0.0
    },
    {
      "R": [
        [
          0.2433944179200852,
          0.7886660981514895,
          0.5645927230773065
        ],
        [
          -0.2733136013594446,
          0.6142776354412869,
          -0.7402450012722761
        ],
        [
          -0.9306228197488355,
          0.0258606307573242,
          0.36506491907544303
        ]
      ],
      "tx": 0.005587121408280618,
      "ty": 0.07716990637224372,
      "tz": 0.0
    }
  ],
  "points_N": 21520
}