{
  "type": "scene",
  "distance_m": 0.4,
  "num_objects": 10,
  "intrinsics": {
    "width": 640,
    "height": 480,
    "fx": 554.2562584220408,
    "fy": 554.2562584220408,
    "cx": 0.02347577401072022,
    "cy": 0.09535001692178793
  },
  "T_wc": [
    [
      0.999999999999,
      0.0,
      0.0,
      0.0
    ],
    [
      -0.0,
      0.9999999999965001,
      0.0,
      0.0
    ],
    [
      0.0,
      0.0,
      -0.9999999999975001,
      0.41501416601240637
    ],
    [
      0.0,
      0.0,
      0.0,
      1.0
    ]
  ],
  "bin_size": {
    "w": 0.25,
    "d": 0.25
  },
  "z_floor": 0.0,
  "piece_aabb": {
    "w": 0.0300283320248127,
    "d": 0.0300283320248127,
    "h": 0.0300283320248127
  },
  "poses": [
    {
      "R": [
        [
          0.7155379806803757,
          0.5236916014180133,
          -0.4623337591049208
        ],
        [
          0.0827130758349281,
          -0.7206819818231982,
          -0.6883139023449348
        ],
        [
          -0.6936598195728045,
          0.4542736924802312,
          -0.5589914731287056
        ]
      ],
      "tx": -0.012625674381668325,
      "ty": 0.046696338619865274,
      "tz": 0.0
    },
    {
      "R": [
        [
          0.9896187542130479,
          -0.12638223147622055,
          -0.06842698938946536
        ],
        [
          -0.1222823386049066,
          -0.49029768042579347,
          -0.8629340729362828
        ],
        [
          0.0755099395783758,
          0.8623431545134325,
          -0.5006620945195397
        ]
      ],
      "tx": 0.00489299325395344,
      "ty": -0.02109151064221547,
      "tz": 0.0
    },
    {
      "R": [
        [
          0.08576448903881806,
          -0.9362635956210189,
          0.34066836063055794
        ],
        [
          0.8043287855860449,
          -0.13671966958183823,
          -0.5782412443151314
        ],
        [
          0.5879622922412533,
          0.32360193365342316,
          0.7413380682510353
        ]
      ],
      "tx": -0.08794694919670623,
      "ty": 0.07249255540162333,
      "tz": 0.0
    },
    {
      "R": [
        [
          0.7329634441439519,
          0.6106586458422174,
          -0.29976758965369354
        ],
        [
          -0.13976614598949616,
          0.5664431504057554,
          0.8121622878425503
        ],
        [
          0.6657552207710269,
          -0.5533879070024497,
          0.5005315278776845
        ]
      ],
      "tx": 0.04471198678144778,
      "ty": -0.06910176658401365,
      "tz": 0.0
    },
    {
      "R": [
        [
          0.0978206375643843,
          0.6603822515671727,
          -0.7445309964545255
        ],
        [
          0.5385734611627075,
          0.5939761901088954,
          0.5976043109909288
        ],
        [
          0.8368809651304769,
          -0.45944267041579057,
          -0.297561225302438
        ]
      ],
      "tx": -0.06920041156404458,
      "ty": -0.0711779472788242,
      "tz": 0.0
    },
    {
      "R": [
        [
          -0.8679995668956821,
          0.49654215026558607,
          -0.004758663524165152
        ],
        [
          -0.42007104209990725,
          -0.729143592133543,
          0.5402683977799289
        ],
        [
          0.2647962829384243,
          0.4709517120260013,
          0.8414793006852708
        ]
      ],
      "tx": 0.08783068667036878,
      "ty": 0.09351097790181939,
      "tz": 0.0
    },
    {
      "R": [
        [
          0.868339693453992,
          0.3070941306262833,
          -0.38946035960944003
        ],
        [
          -0.07188697976459343,
          -0.6990285043037834,
          -0.7114713011156109
        ],
        [
          -0.4907325533450497,
          0.6457959005023974,
          -0.5849181275885929
        ]
      ],
      "tx": -0.0724710109721286,
      "ty": 0.01713559049006362,
      "tz": 0.0
    },
    {
      "R": [
        [
          -0.9488811154039745,
          -0.15657391182786362,
          -0.2740606483328638
        ],
        [
          -0.28061837857070987,
          0.020997756140745505,
          0.9595897143286809
        ],
        [
          -0.14449205666075562,
          0.9874430132275858,
          -0.06386189153141952
        ]
      ],
      "tx": 0.0851025903182224,
      "ty": 0.011220063744935796,
      "tz": 0.0
    },
    {
      "R": [
        [
          -0.7362496372526119,
          -0.015671806706745478,
          0.6765285405065656
        ],
        [
          -0.25378497579892323,
          0.9331594721976405,
          -0.25457137605504854
        ],
        [
          -0.627319422387142,
          -0.3591208625551674,
          -0.6910155919901484
        ]
      ],
      "tx": -0.014131950099927626,
      "ty": -0.095650311677652,
      "tz": 0.0
    },
    {
      "R": [
        [
          -0.9822548998719602,
          0.14219776584131977,
          0.12229107517420625
        ],
        [
          -0.14667853583712526,
          -0.1760887332024954,
          -0.9733849008299944
        ],
        [
          -0.11687907769230267,
          -0.974049564154144,
          0.19382138109331215
        ]
      ],
      "tx": 0.02347577401072022,
      "ty": 0.09535001692178793,
      "tz": 0.0
    }
  ],
  "points_N": 27268
}