{
  "type": "scene",
  "distance_m": 0.4,
  "num_objects": 4,
  "intrinsics": {
    "width": 640,
    "height": 480,
    "fx": 554.2562584220408,
    "fy": 554.2562584220408,
    "cx": 0.03463615154452418,
    "cy": 0.04433890756121367
  },
  "T_wc": [
    [
      0.999999999999,
      0.0,
      0.0,
      0.0
    ],
    [
      -0.0,
      0.9999999999965001,
      0.0,
      0.0
    ],
    [
      0.0,
      0.0,
      -0.9999999999975001,
      0.41501416601240637
    ],
    [
      0.0,
      0.0,
      0.0,
      1.0
    ]
  ],
  "bin_size": {
    "w": 0.25,
    "d": 0.25
  },
  "z_floor": 0.0,
  "piece_aabb": {
    "w": 0.0300283320248127,
    "d": 0.0300283320248127,
    "h": 0.0300283320248127
  },
  "poses": [
    {
      "R": [
        [
          -0.27260247309753893,
          -0.5184943916389918,
          -0.8104637299102392
        ],
        [
          0.7720832130820362,
          0.38473864829134385,
          -0.5058296991951625
        ],
        [
          0.5740865820919562,
          -0.7636358676423347,
          0.29544010884122396
        ]
      ],
      "tx": -0.08436011268296237,
      "ty": 0.08665812386942373,
      "tz": 0.0
    },
    {
      "R": [
        [
          -0.5107346844619522,
          0.7664877340849842,
          0.3894183298007641
        ],
        [
          -0.23307166318781258,
          0.31254745253106664,
          -0.9208646424612075
        ],
        [
          -0.8275431601472016,
          -0.5610798904020775,
          0.019017746448403816
        ]
      ],
      "tx": -0.05884903894615741,
      "ty": -0.07779952859862754,
      "tz": 0.0
    },
    {
      "R": [
        [
          0.7617232548114665,
          0.6474025482571942,
          0.025448449648593052
        ],
        [
          0.5528621004326778,
          -0.629005178577309,
          -0.5465308621002979
        ],
        [
          -0.3378182662092052,
          0.4303747504594321,
          -0.837052204574116
        ]
      ],
      "tx": 0.06927459991519364,
      "ty": -0.09673422084865677,
      "tz": 0.0
    },
    {
      "R": [
        [
          -0.2179551444638972,
          -0.4917369481565034,
          -0.8430245125851621
        ],
        [
          0.01095370848736224,
          0.8625041592988989,
          -0.5059314098397861
        ],
        [
          0.9758973159467628,
          -0.11950459827901219,
          -0.18260087545813208
        ]
      ],
      "tx": 0.03463615154452418,
      "ty": 0.04433890756121367,
      "tz": 0.0
    }
  ],
  "points_N": 10000
}