{
  "type": "scene",
  "distance_m": 0.4,
  "num_objects": 13,
  "intrinsics": {
    "width": 640,
    "height": 480,
    "fx": 554.2562584220408,
    "fy": 554.2562584220408,
    "cx": 0.02669423789148101,
    "cy": -0.021869493363743164
  },
  "T_wc": [
    [
      0.999999999999,
      0.0,
      0.0,
      0.0
    ],
    [
      -0.0,
      0.9999999999965001,
      0.0,
      0.0
    ],
    [
      0.0,
      0.0,
      -0.9999999999975001,
      0.41501416601240637
    ],
    [
      0.0,
      0.0,
      0.0,
      1.0
    ]
  ],
  "bin_size": {
    "w": 0.25,
    "d": 0.25
  },
  "z_floor": 0.0,
  "piece_aabb": {
    "w": 0.0300283320248127,
    "d": 0.0300283320248127,
    "h": 0.0300283320248127
  },
  "poses": [
    {
      "R": [
        [
          0.7273854472856665,
          0.5807794981218447,
          -0.36552097838341535
        ],
        [
          0.18050022761138473,
          0.35196977041339816,
          0.9184426757002193
        ],
        [
          0.6620650110897489,
          -0.7340384562653908,
          0.15118685728016423
        ]
      ],
      "tx": -0.021552301478235336,
      "ty": -0.08151956024542559,
      "tz": 0.0
    },
    {
      "R": [
        [
          -0.7687551065351896,
          0.07909647801542596,
          -0.6346332274169266
        ],
        [
          0.6110634732426531,
          -0.20198437665917401,
          -0.7653781700925564
        ],
        [
          -0.18872471445122047,
          -0.9761895608697935,
          0.10694355241969977
        ]
      ],
      "tx": 0.03591487783986422,
      "ty": -0.08650264597659849,
      "tz": 0.0
    },
    {
      "R": [
        [
          -0.43102854282146064,
          0.7988154447480917,
          -0.4196525711884973
        ],
        [
          -0.638304401633073,
          0.05880035183914156,
          0.7675350216631407
        ],
        [
          0.637794548525662,
          0.5986955852981559,
          0.48454278450457344
        ]
      ],
      "tx": 0.06849811221726329,
      "ty": 0.03636514601848917,
      "tz": 0.0
    },
    {
      "R": [
        [
          -0.9252185954570797,
          0.2671923972699834,
          -0.2694044792900603
        ],
        [
          0.04902665357048336,
          -0.6198803709576926,
          -0.7831632734883791
        ],
        [
          -0.3762538210571541,
          -0.737805223986977,
          0.560425297071267
        ]
      ],
      "tx": -0.06185489575356768,
      "ty": 0.09706181902281008,
      "tz": 0.0
    },
    {
      "R": [
        [
          -0.7829220854316734,
          0.610040840798844,
          0.12199664217001255
        ],
        [
          -0.15295610574000404,
          -0.37883305740649,
          0.9127376097942405
        ],
        [
          0.6030235798541972,
          0.6959423016123462,
          0.38990623868609564
        ]
      ],
      "tx": 0.09677203239841958,
      "ty": 0.09806195202525703,
      "tz": 0.0
    },
    {
      "R": [
        [
          0.6776303659813862,
          0.36914530449389044,
          0.6360415326612293
        ],
        [
          0.15155165258637376,
          0.7762269516337533,
          -0.6119671691812476
        ],
        [
          -0.7196173870177621,
          0.5110806822092611,
          0.47005037237964675
        ]
      ],
      "tx": 0.00637836510585002,
      "ty": 0.03658794622872441,
      "tz": 0.0
    },
    {
      "R": [
        [
          0.9281278114782869,
          -0.009781176947636236,
          0.37213316721040124
        ],
        [
          -0.23628064635510182,
          -0.787956827507222,
          0.5685907967446968
        ],
        [
          0.287663382651565,
          -0.6156527970879957,
          -0.7336357486649532
        ]
      ],
      "tx": -0.09750640573308934,
      "ty": -0.0010620860751805877,
      "tz": 0.0
    },
    {
      "R": [
        [
          -0.9263898864154556,
          0.3453424056572333,
          0.15013461027369293
        ],
        [
          -0.2079763066044936,
          -0.13684900691307877,
          -0.9685133995965454
        ],
        [
          -0.31392297500869926,
          -0.9284454599823184,
          0.19859857401277736
        ]
      ],
      "tx": 0.08401401563910241,
      "ty": -0.02298806117470044,
      "tz": 0.0
    },
    {
      "R": [
        [
          -0.9982536390324621,
          -0.04413803835433987,
          0.03926201381332721
        ],
        [
          -0.04973466962411563,
          0.9865990517397375,
          -0.15539875721391966
        ],
        [
          -0.03187686929149637,
          -0.15708005817570064,
          -0.9870712844205791
        ]
      ],
      "tx": -0.030630271383288957,
      "ty": -0.007336570460801037,
      "tz": 0.0
    },
    {
      "R": [
        [
          0.10182604127257888,
          -0.5643136552078097,
          -0.8192567093803726
        ],
        [
          0.7216361247871724,
          0.6087586371592999,
          -0.329627403421051
        ],
        [
          0.6847428427672009,
          -0.557640583377818,
          0.46921660142107013
        ]
      ],
      "tx": -0.08476426085950341,
      "ty": -0.09855493562624197,
      "tz": 0.0
    },
    {
      "R": [
        [
          0.9164041449388327,
          0.375964454594478,
          -0.13731049493903785
        ],
        [
          -0.28075965917803203,
          0.8483078423101404,
          0.44894077388153225
        ],
        [
          0.28526734288586586,
          -0.3728599382564322,
          0.8829484750121308
        ]
      ],
      "tx": 0.09773419968653113,
      "ty": -0.09632798258496666,
      "tz": 0.0
    },
    {
      "R": [
        [
          0.08138692451649643,
          0.8543151926325869,
          0.5133436667135302
        ],
        [
          0.9627741067668436,
          0.06581561043473816,
          -0.2621723188332612
        ],
        [
          -0.2577638218545273,
          0.5155713889077327,
          -0.8171560163657237
        ]
      ],
      "tx": 0.022174125314560644,
      "ty": 0.09654333998596451,
      "tz": 0.0
    },
    {
      "R": [
        [
          -0.46228469667033356,
          0.5497781249941973,
          -0.6957275849801291
        ],
        [
          -0.23519312061356018,
          0.6804745791988054,
          0.6940018321879734
        ],
        [
          0.8549719616691961,
          0.4844567682900854,
          -0.18526895157433554
        ]
      ],
      "tx": 0.02669423789148101,
      "ty": -0.021869493363743164,
      "tz": 0.0
    }
  ],
  "points_N": 34780
}