{
  "type": "scene",
  "distance_m": 0.4,
  "num_objects": 11,
  "intrinsics": {
    "width": 640,
    "height": 480,
    "fx": 554.2562584220408,
    "fy": 554.2562584220408,
    "cx": 0.09539513854227402,
    "cy": -0.0070670769889926155
  },
  "T_wc": [
    [
      0.999999999999,
      0.0,
      0.0,
      0.0
    ],
    [
      -0.0,
      0.9999999999965001,
      0.0,
      0.0
    ],
    [
      0.0,
      0.0,
      -0.9999999999975001,
      0.41501416601240637
    ],
    [
      0.0,
      0.0,
      0.0,
      1.0
    ]
  ],
  "bin_size": {
    "w": 0.25,
    "d": 0.25
  },
  "z_floor": 0.0,
  "piece_aabb": {
    "w": 0.0300283320248127,
    "d": 0.0300283320248127,
    "h": 0.0300283320248127
  },
  "poses": [
    {
      "R": [
        [
          -0.42015888456547223,
          0.7932363218874791,
          -0.4407296783280223
        ],
        [
          -0.9048931363986711,
          -0.32980402914270224,
          0.26906823309304967
        ],
        [
          0.0680802718801447,
          0.5118646696145996,
          0.8563641962279029
        ]
      ],
      "tx": 0.03329912031600338,
      "ty": 0.022058775456979443,
      "tz": 0.0
    },
    {
      "R": [
        [
          0.9453717030017131,
          0.2479425004409234,
          0.21165268634898876
        ],
        [
          0.19003145884244446,
          0.10839314016471724,
          -0.9757760869253991
        ],
        [
          -0.26487806216040816,
          0.962691769799833,
          0.05535493244338996
        ]
      ],
      "tx": 0.08384731386652786,
      "ty": -0.0652327022138697,
      "tz": 0.0
    },
    {
      "R": [
        [
          -0.7548246696373346,
          0.6377985164359044,
          0.15314297417462172
        ],
        [
          -0.6018113133731959,
          -0.7662725877388259,
          0.22505435871378532
        ],
        [
          0.2608885992198936,
          0.07771340754466864,
          0.9622358157358715
        ]
      ],
      "tx": -0.031550195138851295,
      "ty": 0.08857228767932612,
      "tz": 0.0
    },
    {
      "R": [
        [
          0.44935664900477656,
          -0.18189105841298592,
          -0.8746394942286804
        ],
        [
          0.706681217956151,
          0.6713182692208725,
          0.22345791012694813
        ],
        [
          0.5465164756740726,
          -0.7185036007423317,
          0.43020032256739993
        ]
      ],
      "tx": 0.005582931454327783,
      "ty": -0.0304851049177777,
      "tz": 0.0
    },
    {
      "R": [
        [
          0.04042477379519305,
          0.0827403787372612,
          0.9957509062963599
        ],
        [
          0.801187509712687,
          -0.5981667831710293,
          0.01717771204805707
        ],
        [
          0.5970464068596264,
          0.79708878378587,
          -0.09047131489467808
        ]
      ],
      "tx": -0.06839348349573242,
      "ty": 0.010860393904359417,
      "tz": 0.0
    },
    {
      "R": [
        [
          -0.6553516876165246,
          -0.7408176281901928,
          0.14732076330521393
        ],
        [
          -0.0978115587720399,
          0.2766365595784168,
          0.9559838455095363
        ],
        [
          -0.7489639941337349,
          0.6120959529904396,
          -0.25375476315523304
        ]
      ],
      "tx": -0.0868616715709404,
      "ty": 0.07254059359980358,
      "tz": 0.0
    },
    {
      "R": [
        [
          -0.025954756612926122,
          0.029480530853087716,
          0.9992283267150627
        ],
        [
          0.6464405843998335,
          -0.7619529752923824,
          0.03927129083552716
        ],
        [
          0.7625227350380878,
          0.6469610202660644,
          0.0007188924311211098
        ]
      ],
      "tx": 0.09679399662154486,
      "ty": 0.08415328694315932,
      "tz": 0.0
    },
    {
      "R": [
        [
          0.08587249419431386,
          -0.7091857344562851,
          0.6997724692959469
        ],
        [
          0.4896135470509528,
          -0.5816650592961716,
          -0.6495724234742156
        ],
        [
          0.867700691070966,
          0.3983984849841685,
          0.2972779135376311
        ]
      ],
      "tx": -0.04452164407143276,
      "ty": -0.06610794984287893,
      "tz": 0.0
    },
    {
      "R": [
        [
          -0.5169177571544794,
          -0.148023406752067,
          -0.8431400259695274
        ],
        [
          0.8385062204738165,
          -0.28585225458201746,
          -0.4638920206008001
        ],
        [
          -0.17234660009729957,
          -0.9467721793567287,
          0.2718806536534216
        ]
      ],
      "tx": 0.011598338270659245,
      "ty": -0.09346680759044981,
      "tz": 0.0
    },
    {
      "R": [
        [
          -0.6102307979055377,
          -0.7632201107470099,
          0.2123992369075105
        ],
        [
          0.4483083119340724,
          -0.11163050421546195,
          0.8868812141315341
        ],
        [
          -0.6531753445579473,
          0.6364225743010092,
          0.4102782911411267
        ]
      ],
      "tx": 0.03134210734172596,
      "ty": 0.09684258080149141,
      "tz": 0.0
    },
    {
      "R": [
        [
          0.8999245180670402,
          -0.06190519214400933,
          0.4316290177541574
        ],
        [
          0.3371294047142823,
          0.7265766026338649,
          -0.5986904082929877
        ],
        [
          -0.2765495005578551,
          0.684291010967296,
          0.6747341595403014
        ]
      ],
      "tx": 0.09539513854227402,
      "ty": -0.0070670769889926155,
      "tz": 0.0
    }
  ],
  "points_N": 29956
}