{
  "type": "scene",
  "distance_m": 0.4,
  "num_objects": 12,
  "intrinsics": {
    "width": 640,
    "height": 480,
    "fx": 554.2562584220408,
    "fy": 554.2562584220408,
    "cx": 0.08803085934256771,
    "cy": -0.08776163592980678
  },
  "T_wc": [
    [
      0.999999999999,
      0.0,
      0.0,
      0.0
    ],
    [
      -0.0,
      0.9999999999965001,
      0.0,
      0.0
    ],
    [
      0.0,
      0.0,
      -0.9999999999975001,
      0.41501416601240637
    ],
    [
      0.0,
      0.0,
      0.0,
      1.0
    ]
  ],
  "bin_size": {
    "w": 0.25,
    "d": 0.25
  },
  "z_floor": 0.0,
  "piece_aabb": {
    "w": 0.0300283320248127,
    "d": 0.0300283320248127,
    "h": 0.0300283320248127
  },
  "poses": [
    {
      "R": [
        [
          -0.7811034159511745,
          -0.281217164084847,
          0.5574893364123509
        ],
        [
          0.1644170849436608,
          -0.953962006773323,
          -0.25084559356632996
        ],
        [
          0.6023657325645576,
          -0.10427557843086566,
          0.791379888533233
        ]
      ],
      "tx": -0.028683026702829448,
      "ty": 0.08403770575283931,
      "tz": 0.0
    },
    {
      "R": [
        [
          0.3538435000509291,
          -0.27063859676017066,
          -0.8952929841205023
        ],
        [
          0.4103986420479031,
          -0.8152241553741784,
          0.4086349606919291
        ],
        [
          -0.8404568591408753,
          -0.512019849652475,
          -0.1773920558675377
        ]
      ],
      "tx": 0.08727819205222018,
      "ty": -0.026417659389391876,
      "tz": 0.0
    },
    {
      "R": [
        [
          -0.39215354344151443,
          0.8074419213469577,
          0.4407415819023639
        ],
        [
          -0.5211877752142438,
          -0.5898212941419776,
          0.6168258619285594
        ],
        [
          0.7580098293119237,
          0.012181322925551241,
          0.652129369096571
        ]
      ],
      "tx": -0.04444148886549161,
      "ty": -0.06255166219720149,
      "tz": 0.0
    },
    {
      "R": [
        [
          -0.16122028095631458,
          0.4970318941164689,
          -0.8526237841154575
        ],
        [
          0.6167925026262728,
          -0.6236800337754502,
          -0.4801981092985191
        ],
        [
          -0.7704382062906708,
          -0.6033096316990542,
          -0.20601567558505174
        ]
      ],
      "tx": -0.07264184500933718,
      "ty": -0.007953002496333808,
      "tz": 0.0
    },
    {
      "R": [
        [
          0.0028412671438438064,
          0.6268969333160997,
          -0.7790970171935503
        ],
        [
          0.4419594914577182,
          -0.6996666527513653,
          -0.5613718757990429
        ],
        [
          -0.8970305095767104,
          -0.34273431404890065,
          -0.27905098971689246
        ]
      ],
      "tx": 0.030696218670069914,
      "ty": 0.005332578921034364,
      "tz": 0.0
    },
    {
      "R": [
        [
          -0.9458207191840879,
          -0.16058902184379237,
          0.2821955584791313
        ],
        [
          -0.010458370873350789,
          0.8837417217494233,
          0.4678580892942221
        ],
        [
          -0.3245208616418524,
          0.4395585686829673,
          -0.8375407303866547
        ]
      ],
      "tx": 0.03240958432032545,
      "ty": 0.07331958728370935,
      "tz": 0.0
    },
    {
      "R": [
        [
          -0.8534354139702094,
          0.5139084407891776,
          0.08686834099448101
        ],
        [
          -0.5204307948233029,
          -0.8312148734495899,
          -0.19553419638459002
        ],
        [
          -0.02828041691846616,
          -0.21208476758555428,
          0.9768419879269621
        ]
      ],
      "tx": 0.030453297826794262,
      "ty": -0.05542549591998189,
      "tz": 0.0
    },
    {
      "R": [
        [
          -0.2639283331702782,
          0.937725742171335,
          -0.22585895470221556
        ],
        [
          -0.3728833465030185,
          0.11676044139981434,
          0.9205025851266417
        ],
        [
          0.8895503610536439,
          0.3271657558384425,
          0.31884592416399526
        ]
      ],
      "tx": 0.0978935401610119,
      "ty": 0.0812581213296523,
      "tz": 0.0
    },
    {
      "R": [
        [
          -0.6323731601573108,
          -0.5694324401518218,
          0.525215082052485
        ],
        [
          0.008008704854118587,
          0.673149020117595,
          0.7394634929198881
        ],
        [
          -0.7746225190111737,
          0.4718231584158027,
          -0.42112095676102435
        ]
      ],
      "tx": -0.08672828864289225,
      "ty": 0.08989769075942497,
      "tz": 0.0
    },
    {
      "R": [
        [
          -0.5798898329286748,
          -0.11734668111496988,
          0.8061994406455857
        ],
        [
          -0.8132777610281803,
          0.14172278511021197,
          -0.5643526695228747
        ],
        [
          -0.04803191733570472,
          -0.9829264512728846,
          -0.17761904826101782
        ]
      ],
      "tx": -0.023601636343494423,
      "ty": 0.02600416559029986,
      "tz": 0.0
    },
    {
      "R": [
        [
          -0.33109407404578217,
          -0.7382209833126718,
          -0.5877129349679467
        ],
        [
          -0.09258215301633138,
          -0.5944223615997988,
          0.7988057341888443
        ],
        [
          -0.9390448653150852,
          0.31889157377859634,
          0.1284636333690723
        ]
      ],
      "tx": -0.09507028968984635,
      "ty": -0.0927622292116224,
      "tz": 0.0
    },
    {
      "R": [
        [
          -0.5182410054189548,
          0.7893055251463256,
          0.32927655287893504
        ],
        [
          -0.6984481447994856,
          -0.6127980890506981,
          0.36966023735583114
        ],
        [
          0.49355491014527225,
          -0.03840950441356655,
          0.8688660775068828
        ]
      ],
      "tx": 0.08803085934256771,
      "ty": -0.08776163592980678,
      "tz": 0.0
    }
  ],
  "points_N": 30310
}