{
  "type": "scene",
  "distance_m": 0.4,
  "num_objects": 3,
  "intrinsics": {
    "width": 640,
    "height": 480,
    "fx": 554.2562584220408,
    "fy": 554.2562584220408,
    "cx": 0.06317039514231279,
    "cy": 0.09335090471990773
  },
  "T_wc": [
    [
      0.999999999999,
      0.0,
      0.0,
      0.0
    ],
    [
      -0.0,
      0.9999999999965001,
      0.0,
      0.0
    ],
    [
      0.0,
      0.0,
      -0.9999999999975001,
      0.41501416601240637
    ],
    [
      0.0,
      0.0,
      0.0,
      1.0
    ]
  ],
  "bin_size": {
    "w": 0.25,
    "d": 0.25
  },
  "z_floor": 0.0,
  "piece_aabb": {
    "w": 0.0300283320248127,
    "d": 0.0300283320248127,
    "h": 0.0300283320248127
  },
  "poses": [
    {
      "R": [
        [
          -0.16994746775661862,
          -0.8527049658189878,
          0.4939758085885906
        ],
        [
          -0.7977239008340045,
          -0.17526416684344537,
          -0.5769913776295555
        ],
        [
          0.5785796714725575,
          -0.4921145324904678,
          -0.6504374302501323
        ]
      ],
      "tx": 0.004929310900759251,
      "ty": -0.08176589223310564,
      "tz": 0.0
    },
    {
      "R": [
        [
          -0.7420214156129783,
          0.6158110908467774,
          0.2649168155512474
        ],
        [
          0.5024199435835911,
          0.24922383802799675,
          0.8279261312750406
        ],
        [
          0.44382250851119837,
          0.7474384114752846,
          -0.49432519861942126
        ]
      ],
      "tx": -0.07106296384827603,
      "ty": -0.08480726485468854,
      "tz": 0.0
    },
    {
      "R": [
        [
          -0.8435186460575228,
          -0.23720783666366452,
          0.4818804166788972
        ],
        [
          0.41186483825436515,
          -0.861532711433797,
          0.2968648550085295
        ],
        [
          0.3447370719301725,
          0.4488806404322578,
          0.8244164735630513
        ]
      ],
      "tx": 0.06317039514231279,
      "ty": 0.09335090471990773,
      "tz": 0.0
    }
  ],
  "points_N": 8881
}