{
  "type": "scene",
  "distance_m": 0.4,
  "num_objects": 6,
  "intrinsics": {
    "width": 640,
    "height": 480,
    "fx": 554.2562584220408,
    "fy": 554.2562584220408,
    "cx": 0.08320427682097292,
    "cy": -0.009934671662664998
  },
  "T_wc": [
    [
      0.999999999999,
      0.0,
      0.0,
      0.0
    ],
    [
      -0.0,
      0.9999999999965001,
      0.0,
      0.0
    ],
    [
      0.0,
      0.0,
      -0.9999999999975001,
      0.41501416601240637
    ],
    [
      0.0,
      0.0,
      0.0,
      1.0
    ]
  ],
  "bin_size": {
    "w": 0.25,
    "d": 0.25
  },
  "z_floor": 0.0,
  "piece_aabb": {
    "w": 0.0300283320248127,
    "d": 0.0300283320248127,
    "h": 0.0300283320248127
  },
  "poses": [
    {
      "R": [
        [
          0.4763324333719665,
          -0.4481612313023178,
          0.7564779730273259
        ],
        [
          -0.8395494684304021,
          0.02383403528872552,
          0.5427601945796
        ],
        [
          -0.261273999808956,
          -0.8936349643559424,
          -0.36490059948482356
        ]
      ],
      "tx": 0.011919815017128493,
      "ty": -0.020602380601336595,
      "tz": 0.0
    },
    {
      "R": [
        [
          -0.7186162404733858,
          0.31513428496918133,
          -0.6199040904566282
        ],
        [
          -0.28359457590007303,
          -0.946735995065223,
          -0.15252892239807894
        ],
        [
          -0.6349526088204964,
          0.06619167685460367,
          0.7697102353920086
        ]
      ],
      "tx": 0.04508893603316283,
      "ty": 0.056181380310692086,
      "tz": 0.0
    },
    {
      "R": [
        [
          -0.3643058022273433,
          -0.35549502600285077,
          0.8607581361513372
        ],
        [
          -0.28290606033260934,
          0.9228406916907398,
          0.2613985822204073
        ],
        [
          -0.8872685295278839,
          -0.1482846730009189,
          -0.4367679157887363
        ]
      ],
      "tx": -0.0726422454157987,
      "ty": -0.023689902816644154,
      "tz": 0.0
    },
    {
      "R": [
        [
          0.2628869775132233,
          -0.567373030893805,
          0.7803706048207733
        ],
        [
          0.8641233435639211,
          -0.22131310789913572,
          -0.4520081364089979
        ],
        [
          0.4291634702090472,
          0.7931635090486722,
          0.43209994648428895
        ]
      ],
      "tx": -0.017408604859293547,
      "ty": 0.062274863560153576,
      "tz": 0.0
    },
    {
      "R": [
        [
          -0.4148361415528665,
          0.8887888108801059,
          0.19484718452124866
        ],
        [
          -0.9026675072955499,
          -0.42893300250632627,
          0.03475414556202082
        ],
        [
          0.11446548359382598,
          -0.16146494670743616,
          0.9802176921737316
        ]
      ],
      "tx": -0.08802299537163506,
      "ty": 0.09315550570389469,
      "tz": 0.0
    },
    {
      "R": [
        [
          -0.7713547025210559,
          -0.5955908290674461,
          0.22423979849572964
        ],
        [
          -0.6174403475373522,
          0.6149951300834599,
          -0.4904573449410071
        ],
        [
          0.1542055126498628,
          -0.5167712785211466,
          -0.8421211941068889
        ]
      ],
      "tx": 0.08320427682097292,
      "ty": -0.009934671662664998,
      "tz": 0.0
    }
  ],
  "points_N": 15793
}