{
  "type": "scene",
  "distance_m": 0.4,
  "num_objects": 12,
  "intrinsics": {
    "width": 640,
    "height": 480,
    "fx": 554.2562584220408,
    "fy": 554.2562584220408,
    "cx": -0.09219811195039608,
    "cy": 0.09767914459519675
  },
  "T_wc": [
    [
      0.999999999999,
      0.0,
      0.0,
      0.0
    ],
    [
      -0.0,
      0.9999999999965001,
      0.0,
      0.0
    ],
    [
      0.0,
      0.0,
      -0.9999999999975001,
      0.41501416601240637
    ],
    [
      0.0,
      0.0,
      0.0,
      1.0
    ]
  ],
  "bin_size": {
    "w": 0.25,
    "d": 0.25
  },
  "z_floor": 0.0,
  "piece_aabb": {
    "w": 0.0300283320248127,
    "d": 0.0300283320248127,
    "h": 0.0300283320248127
  },
  "poses": [
    {
      "R": [
        [
          -0.8337333752554057,
          0.2591345156021245,
          0.48758379978100275
        ],
        [
          0.5489892323419024,
          0.48362683569366904,
          0.6817007456131887
        ],
        [
          -0.05915641772350108,
          0.8360349194983312,
          -0.5454778928806754
        ]
      ],
      "tx": 0.0411877522283747,
      "ty": 0.03764981146696056,
      "tz": 0.0
    },
    {
      "R": [
        [
          -0.3932369689840949,
          -0.5666390938404292,
          -0.7240751504891593
        ],
        [
          0.4485559537620206,
          0.5692122055093876,
          -0.6890537144836987
        ],
        [
          0.8025971857469009,
          -0.5957496138738453,
          0.030334056773177798
        ]
      ],
      "tx": -0.0019388020068303036,
      "ty": -0.08187414747790914,
      "tz": 0.0
    },
    {
      "R": [
        [
          0.4042168089672179,
          -0.484912578066797,
          -0.7755440432244788
        ],
        [
          0.1392131564700725,
          -0.8054063517353236,
          0.5761426087784473
        ],
        [
          -0.9040068962203766,
          -0.34085246106931416,
          -0.2580525748156619
        ]
      ],
      "tx": 0.08400632942594097,
      "ty": -0.06463684288877913,
      "tz": 0.0
    },
    {
      "R": [
        [
          0.46418410309429703,
          -0.28703360447031323,
          0.8379408262755329
        ],
        [
          -0.8682990865188291,
          0.039343536007744095,
          0.49447829327987125
        ],
        [
          -0.17489944192338036,
          -0.9571122170775939,
          -0.23096837258746694
        ]
      ],
      "tx": -0.03251291353980609,
      "ty": 0.08151437425039068,
      "tz": 0.0
    },
    {
      "R": [
        [
          -0.8791341482929091,
          0.36757602458637445,
          -0.303333175657689
        ],
        [
          -0.45380744013567215,
          -0.45129735644448443,
          0.7683680780353439
        ],
        [
          0.14554022324707935,
          0.8131534678125016,
          0.5635596518574526
        ]
      ],
      "tx": -0.072739587567925,
      "ty": -0.030688575061438503,
      "tz": 0.0
    },
    {
      "R": [
        [
          -0.2500506504022031,
          0.006758011459768176,
          -0.9682091723974448
        ],
        [
          -0.7822850750264346,
          -0.5906447935261849,
          0.1979110640446765
        ],
        [
          -0.5705302214820184,
          0.8069033753563807,
          0.1529778062797318
        ]
      ],
      "tx": -0.072916367131753,
      "ty": 0.03447810534624013,
      "tz": 0.0
    },
    {
      "R": [
        [
          0.9604910177343414,
          0.22751479277615924,
          -0.1602935554527077
        ],
        [
          0.2544678424819467,
          -0.4846744548860513,
          0.8368612728066057
        ],
        [
          0.11270812745419964,
          -0.8445872908402839,
          -0.5234206588938171
        ]
      ],
      "tx": -0.015035522996298234,
      "ty": 0.01572394814895875,
      "tz": 0.0
    },
    {
      "R": [
        [
          -0.8096182333289201,
          -0.1655288810374655,
          -0.5631327603716932
        ],
        [
          0.3339710536564529,
          0.6590555164407983,
          -0.6738762212517604
        ],
        [
          0.48268172907305795,
          -0.7336525170620198,
          -0.47830150807582217
        ]
      ],
      "tx": 0.06383447731943201,
      "ty": 0.09819764385023616,
      "tz": 0.0
    },
    {
      "R": [
        [
          0.08896404137053793,
          -0.1030746328600286,
          -0.9906871450684072
        ],
        [
          -0.5152907366413738,
          0.8464211526390557,
          -0.13433796595438943
        ],
        [
          0.8523853917534083,
          0.5224431571242394,
          0.022187642944796027
        ]
      ],
      "tx": -0.09395922436021091,
      "ty": -0.097435096236055,
      "tz": 0.0
    },
    {
      "R": [
        [
          -0.041036511847319934,
          -0.9860855102038901,
          -0.16109429307501322
        ],
        [
          0.1375299204853464,
          -0.16527004392984157,
          0.9766121715147329
        ],
        [
          -0.9896471723127889,
          0.017921471629351704,
          0.14239836792582738
        ]
      ],
      "tx": 0.0442907931941445,
      "ty": -0.021733977824381925,
      "tz": 0.0
    },
    {
      "R": [
        [
          0.32396738981021933,
          -0.9212495500705319,
          -0.2152774879879364
        ],
        [
          0.0630131152195531,
          0.2480562079454226,
          -0.966694090708154
        ],
        [
          0.9439674134470324,
          0.29961205615692443,
          0.13841292625885537
        ]
      ],
      "tx": 0.09770685301543389,
      "ty": 0.012935031696851881,
      "tz": 0.0
    },
    {
      "R": [
        [
          0.29604961650898165,
          -0.9405710398759806,
          -0.16637530920031884
        ],
        [
          0.37698856033862765,
          0.27510197444380236,
          -0.8844198827654941
        ],
        [
          0.8776299048794394,
          0.19911057883432082,
          0.43602835625400316
        ]
      ],
      "tx": -0.09219811195039608,
      "ty": 0.09767914459519675,
      "tz": 0.0
    }
  ],
  "points_N": 31206
}