{
  "type": "scene",
  "distance_m": 0.4,
  "num_objects": 6,
  "intrinsics": {
    "width": 640,
    "height": 480,
    "fx": 554.2562584220408,
    "fy": 554.2562584220408,
    "cx": -0.07520100543074654,
    "cy": 0.019028168383564345
  },
  "T_wc": [
    [
      0.999999999999,
      0.0,
      0.0,
      0.0
    ],
    [
      -0.0,
      0.9999999999965001,
      0.0,
      0.0
    ],
    [
      0.0,
      0.0,
      -0.9999999999975001,
      0.41501416601240637
    ],
    [
      0.0,
      0.0,
      0.0,
      1.0
    ]
  ],
  "bin_size": {
    "w": 0.25,
    "d": 0.25
  },
  "z_floor": 0.0,
  "piece_aabb": {
    "w": 0.0300283320248127,
    "d": 0.0300283320248127,
    "h": 0.0300283320248127
  },
  "poses": [
    {
      "R": [
        [
          -0.2231396672687782,
          -0.7360097860192676,
          0.6391387046448138
        ],
        [
          -0.7651764670613663,
          -0.27395920617696023,
          -0.5826245168256956
        ],
        [
          0.6039152781199233,
          -0.6190605368094153,
          -0.5020462016772698
        ]
      ],
      "tx": 0.06754721894955831,
      "ty": -0.0010222732690727682,
      "tz": 0.0
    },
    {
      "R": [
        [
          0.2795847495500836,
          -0.3871218928852677,
          -0.8786176687660819
        ],
        [
          -0.5513826774993749,
          0.6844227340816776,
          -0.4770143226631478
        ],
        [
          0.7860085945920933,
          0.61782049263608,
          -0.022098147123095657
        ]
      ],
      "tx": 0.008387783747354174,
      "ty": 0.0720233420441268,
      "tz": 0.0
    },
    {
      "R": [
        [
          0.2463024019797636,
          0.8876961570556838,
          0.38901241564707145
        ],
        [
          0.956612837029001,
          -0.15820292538588765,
          -0.2446706243721818
        ],
        [
          -0.15565027083280294,
          0.4323972330484068,
          -0.8881472997435487
        ]
      ],
      "tx": -0.017316936991693566,
      "ty": -0.037257941609110834,
      "tz": 0.0
    },
    {
      "R": [
        [
          -0.5812897126503727,
          0.7905090884886138,
          0.19286692558276536
        ],
        [
          -0.31707813121214234,
          -0.0017706239387491607,
          -0.9483977665504505
        ],
        [
          -0.749375559165004,
          -0.6124477495327812,
          0.25168238996475123
        ]
      ],
      "tx": 0.08157254474132611,
      "ty": 0.07420678119458504,
      "tz": 0.0
    },
    {
      "R": [
        [
          -0.0941308783287309,
          -0.1953724184802063,
          0.9762013090762873
        ],
        [
          0.5203333359760725,
          0.8263124947164399,
          0.21554786138467094
        ],
        [
          -0.8487594460252408,
          0.528239793249892,
          0.023877261363855706
        ]
      ],
      "tx": -0.0949300871198653,
      "ty": -0.0859414391140741,
      "tz": 0.0
    },
    {
      "R": [
        [
          0.5455744817758231,
          0.6366274185772849,
          0.5450266183872715
        ],
        [
          0.37666428668359186,
          -0.7672238876046682,
          0.519125727956071
        ],
        [
          0.7486471131128357,
          -0.07792968756771856,
          -0.6583725873875788
        ]
      ],
      "tx": -0.07520100543074654,
      "ty": 0.019028168383564345,
      "tz": 0.0
    }
  ],
  "points_N": 16520
}