{
  "type": "scene",
  "distance_m": 0.4,
  "num_objects": 11,
  "intrinsics": {
    "width": 640,
    "height": 480,
    "fx": 554.2562584220408,
    "fy": 554.2562584220408,
    "cx": 0.09484309484818831,
    "cy": -0.0986928482275631
  },
  "T_wc": [
    [
      0.999999999999,
      0.0,
      0.0,
      0.0
    ],
    [
      -0.0,
      0.9999999999965001,
      0.0,
      0.0
    ],
    [
      0.0,
      0.0,
      -0.9999999999975001,
      0.41501416601240637
    ],
    [
      0.0,
      0.0,
      0.0,
      1.0
    ]
  ],
  "bin_size": {
    "w": 0.25,
    "d": 0.25
  },
  "z_floor": 0.0,
  "piece_aabb": {
    "w": 0.0300283320248127,
    "d": 0.0300283320248127,
    "h": 0.0300283320248127
  },
  "poses": [
    {
      "R": [
        [
          -0.07332395215222531,
          -0.4302316221673515,
          -0.8997357108218098
        ],
        [
          0.43328433303390385,
          0.7988315718174258,
          -0.41729223167351914
        ],
        [
          0.8982696058467876,
          -0.4204389029989377,
          0.12783913351124754
        ]
      ],
      "tx": -0.09208832211234781,
      "ty": -0.09312885486547097,
      "tz": 0.0
    },
    {
      "R": [
        [
          -0.3085905685371728,
          0.9505229152469634,
          -0.0357498055983321
        ],
        [
          0.7869667963055407,
          0.2340198647129873,
          -0.5708922529096966
        ],
        [
          -0.5342800038579943,
          -0.20430587487913596,
          -0.8202462965276789
        ]
      ],
      "tx": 0.00855932364325214,
      "ty": -0.008406540651349506,
      "tz": 0.0
    },
    {
      "R": [
        [
          -0.24086370639734223,
          -0.9694673460859677,
          -0.046018907131367554
        ],
        [
          0.8168710326762856,
          -0.1768898338793028,
          -0.5490279616235694
        ],
        [
          0.5241244040444156,
          -0.16983242194346487,
          0.8345361331553613
        ]
      ],
      "tx": -0.059287844898642854,
      "ty": 0.007862774793071778,
      "tz": 0.0
    },
    {
      "R": [
        [
          0.9224028442045125,
          -0.3727186189431233,
          0.1012611677621616
        ],
        [
          0.07702873150009434,
          0.4344388431781201,
          0.8974015077219021
        ],
        [
          -0.37847003517704303,
          -0.8199656838131627,
          0.42943766700407193
        ]
      ],
      "tx": 0.005272615134725073,
      "ty": -0.0918544755696227,
      "tz": 0.0
    },
    {
      "R": [
        [
          -0.6963560285939914,
          0.06582563333922992,
          0.7146714401991265
        ],
        [
          -0.6399588587862763,
          -0.5076998823913579,
          -0.5767958811232687
        ],
        [
          0.32487065195516057,
          -0.8590156083653488,
          0.39566557101034006
        ]
      ],
      "tx": 0.027628125037791468,
      "ty": 0.06816478606788182,
      "tz": 0.0
    },
    {
      "R": [
        [
          0.7312628864175637,
          0.6753607609976581,
          -0.09561607319335741
        ],
        [
          -0.1747280373112181,
          0.3209757802001849,
          0.9308300927141603
        ],
        [
          0.6593365634678718,
          -0.6639746915580041,
          0.3527221357454481
        ]
      ],
      "tx": 0.07720899627718739,
      "ty": -0.04383990530607595,
      "tz": 0.0
    },
    {
      "R": [
        [
          -0.9887441697804888,
          0.09042376806341844,
          -0.11919945005873646
        ],
        [
          -0.07074270936578526,
          0.4194701117103691,
          0.9050084499347387
        ],
        [
          0.1318348808042854,
          0.903254320527117,
          -0.40835180500692836
        ]
      ],
      "tx": 0.09212929615941348,
      "ty": 0.058244473009944064,
      "tz": 0.0
    },
    {
      "R": [
        [
          0.3254248179455822,
          0.4832214909512107,
          0.8127703725825479
        ],
        [
          0.9163955640491912,
          -0.37303611553647986,
          -0.14513175633340525
        ],
        [
          0.2330619189315351,
          0.7920486394081762,
          -0.564217240746512
        ]
      ],
      "tx": -0.0989478253890401,
      "ty": 0.05652173496658852,
      "tz": 0.0
    },
    {
      "R": [
        [
          -0.9705814301393041,
          -0.07398858466814712,
          -0.22912306040105937
        ],
        [
          0.23880471581716467,
          -0.17438407249329302,
          -0.9552813737135971
        ],
        [
          0.030724504426048876,
          -0.9818940292106161,
          0.18692276540944763
        ]
      ],
      "tx": -0.023798149292375947,
      "ty": 0.09480481197283855,
      "tz": 0.0
    },
    {
      "R": [
        [
          0.5714538872470062,
          0.3814356390450876,
          0.7265998266009644
        ],
        [
          0.8036951234467203,
          -0.08116352527259774,
          -0.5894799663375213
        ],
        [
          -0.16587526427483668,
          0.9208253555542386,
          -0.35293917502901695
        ]
      ],
      "tx": -0.04219245184335813,
      "ty": -0.056874275597434604,
      "tz": 0.0
    },
    {
      "R": [
        [
          0.2073955609527124,
          0.33478236113772397,
          0.9191886922542944
        ],
        [
          0.9702490557217621,
          0.049586985250556936,
          -0.23697658273506628
        ],
        [
          -0.12491537602768704,
          0.9409898519988467,
          -0.31453814914418543
        ]
      ],
      "tx": 0.09484309484818831,
      "ty": -0.0986928482275631,
      "tz": 0.0
    }
  ],
  "points_N": 30225
}