{
  "type": "scene",
  "distance_m": 0.4,
  "num_objects": 7,
  "intrinsics": {
    "width": 640,
    "height": 480,
    "fx": 554.2562584220408,
    "fy": 554.2562584220408,
    "cx": 0.09844550600592433,
    "cy": 0.08137363957787216
  },
  "T_wc": [
    [
      0.999999999999,
      0.0,
      0.0,
      0.0
    ],
    [
      -0.0,
      0.9999999999965001,
      0.0,
      0.0
    ],
    [
      0.0,
      0.0,
      -0.9999999999975001,
      0.41501416601240637
    ],
    [
      0.0,
      0.0,
      0.0,
      1.0
    ]
  ],
  "bin_size": {
    "w": 0.25,
    "d": 0.25
  },
  "z_floor": 0.0,
  "piece_aabb": {
    "w": 0.0300283320248127,
    "d": 0.0300283320248127,
    "h": 0.0300283320248127
  },
  "poses": [
    {
      "R": [
        [
          0.7333308018165453,
          0.06949274990662371,
          -0.6763110917451512
        ],
        [
          -0.5116508432523493,
          -0.5986535878950152,
          -0.6163013031785554
        ],
        [
          -0.44770453393534304,
          0.7979878692128353,
          -0.4034550915317545
        ]
      ],
      "tx": -0.03953459092846277,
      "ty": 0.021976351817056372,
      "tz": 0.0
    },
    {
      "R": [
        [
          -0.7346871734923437,
          0.042036043286156205,
          -0.6771024502766739
        ],
        [
          0.18906712489228855,
          0.9712218347201986,
          -0.1448508544941827
        ],
        [
          0.6515277272616992,
          -0.2344378783976163,
          -0.7214918584305923
        ]
      ],
      "tx": -0.06343399595121414,
      "ty": -0.08340940790298756,
      "tz": 0.0
    },
    {
      "R": [
        [
          -0.21475653219999513,
          0.9272933687075379,
          0.30660502316247007
        ],
        [
          -0.9756042764161527,
          -0.2183228636360539,
          -0.02305261486834892
        ],
        [
          0.045562349763240334,
          -0.30407587139524794,
          0.9515576370978653
        ]
      ],
      "tx": 0.0036617183934200964,
      "ty": -0.05555764918549544,
      "tz": 0.0
    },
    {
      "R": [
        [
          -0.3813809790458389,
          0.40089860967305163,
          0.832963896927263
        ],
        [
          -0.06598734959268532,
          0.8869634816480338,
          -0.4571011397016318
        ],
        [
          -0.9220597694920707,
          -0.2292947600470018,
          -0.31181676430111605
        ]
      ],
      "tx": 0.06420550268256256,
      "ty": -0.03662779011625616,
      "tz": 0.0
    },
    {
      "R": [
        [
          0.7559401342946863,
          -0.07732079243561855,
          0.6500584653857371
        ],
        [
          0.09396959095634087,
          0.9955331329492076,
          0.009137678908417764
        ],
        [
          -0.6478612732198379,
          0.054178189868833354,
          0.759829253454029
        ]
      ],
      "tx": 0.09019450389349865,
      "ty": 0.016198572452848906,
      "tz": 0.0
    },
    {
      "R": [
        [
          -0.9798111643626988,
          -0.18547352760803082,
          -0.07463010616933013
        ],
        [
          -0.1853792513369682,
          0.7030679909798228,
          0.6865347283519903
        ],
        [
          -0.074863979081783,
          0.6865092647708615,
          -0.7232568105588866
        ]
      ],
      "tx": 0.02170689092739339,
      "ty": 0.07070227889335393,
      "tz": 0.0
    },
    {
      "R": [
        [
          0.45406776362552714,
          0.7538592969504337,
          0.4748880146281964
        ],
        [
          0.8905308983361754,
          -0.4006821948683672,
          -0.21542631646117893
        ],
        [
          0.027878040545860988,
          0.5207205960175432,
          -0.8532718650807947
        ]
      ],
      "tx": 0.09844550600592433,
      "ty": 0.08137363957787216,
      "tz": 0.0
    }
  ],
  "points_N": 18525
}