{
  "type": "scene",
  "distance_m": 0.4,
  "num_objects": 10,
  "intrinsics": {
    "width": 640,
    "height": 480,
    "fx": 554.2562584220408,
    "fy": 554.2562584220408,
    "cx": -0.03991525320965561,
    "cy": 0.09898829008197282
  },
  "T_wc": [
    [
      0.999999999999,
      0.0,
      0.0,
      0.0
    ],
    [
      -0.0,
      0.9999999999965001,
      0.0,
      0.0
    ],
    [
      0.0,
      0.0,
      -0.9999999999975001,
      0.41501416601240637
    ],
    [
      0.0,
      0.0,
      0.0,
      1.0
    ]
  ],
  "bin_size": {
    "w": 0.25,
    "d": 0.25
  },
  "z_floor": 0.0,
  "piece_aabb": {
    "w": 0.0300283320248127,
    "d": 0.0300283320248127,
    "h": 0.0300283320248127
  },
  "poses": [
    {
      "R": [
        [
          0.699903099210438,
          -0.4755802685983167,
          0.5328780909697608
        ],
        [
          -0.5573024154871934,
          0.10298856714540672,
          0.8238976712732448
        ],
        [
          -0.4467098268538128,
          -0.8736227808140588,
          -0.1929600151195776
        ]
      ],
      "tx": 0.06362887637505876,
      "ty": -0.08190730115703722,
      "tz": 0.0
    },
    {
      "R": [
        [
          -0.06494857242202512,
          0.3629205216719903,
          -0.9295538595959201
        ],
        [
          -0.23814033593566622,
          -0.9102433251520554,
          -0.33874218724064775
        ],
        [
          -0.9690566873722037,
          0.19936344691407315,
          0.14554501947421816
        ]
      ],
      "tx": 0.019564233161936603,
      "ty": 0.06361017815034845,
      "tz": 0.0
    },
    {
      "R": [
        [
          0.36293820545175604,
          -0.9208430106008856,
          0.1425622981399926
        ],
        [
          0.026844796122616588,
          -0.14259813554555856,
          -0.9894165597260163
        ],
        [
          0.9314264415103288,
          0.36292412645955024,
          -0.02703446853515401
        ]
      ],
      "tx": -0.02696070179053918,
      "ty": -0.017254405070415674,
      "tz": 0.0
    },
    {
      "R": [
        [
          -0.7955632769880174,
          -0.30046365062069297,
          -0.526118491372213
        ],
        [
          -0.6054157594773357,
          0.42787828423364194,
          0.671112458577365
        ],
        [
          0.023469778110750905,
          0.8524328528024719,
          -0.5223096791927861
        ]
      ],
      "tx": -0.08045288626862311,
      "ty": -0.075605090694105,
      "tz": 0.0
    },
    {
      "R": [
        [
          -0.858933357842822,
          -0.28322214869028006,
          0.4266364978246891
        ],
        [
          -0.5052440855196971,
          0.6044533036368486,
          -0.6159258216456466
        ],
        [
          -0.08343800592188227,
          -0.7445948013609555,
          -0.6622814212659294
        ]
      ],
      "tx": 0.05855996277139572,
      "ty": 0.008456152531024996,
      "tz": 0.0
    },
    {
      "R": [
        [
          0.6150520700509314,
          -0.7856489649234708,
          0.06683303854190041
        ],
        [
          -0.748637823836646,
          -0.5552618789324799,
          0.36225081714953195
        ],
        [
          -0.24749214098066874,
          -0.2728368554998601,
          -0.9296814994576121
        ]
      ],
      "tx": -0.08641716700855907,
      "ty": -0.011633382870829004,
      "tz": 0.0
    },
    {
      "R": [
        [
          0.5380565174097078,
          -0.09707647756472815,
          0.8373000307993317
        ],
        [
          -0.775532273166168,
          0.33214110334916946,
          0.5368724063906736
        ],
        [
          -0.33021943817808946,
          -0.9382208934838432,
          0.10342474403993385
        ]
      ],
      "tx": -1.8819005568188052e-05,
      "ty": -0.09082778130131121,
      "tz": 0.0
    },
    {
      "R": [
        [
          -0.9613804256158707,
          0.06517161338472151,
          0.26739547126209884
        ],
        [
          -0.1341057469801905,
          -0.9593454620046358,
          -0.24833834411543745
        ],
        [
          0.24034002136459223,
          -0.2746068923751636,
          0.9310358364695328
        ]
      ],
      "tx": 0.08451300132777811,
      "ty": 0.06318588987605989,
      "tz": 0.0
    },
    {
      "R": [
        [
          -0.8941835155999653,
          -0.353881726429232,
          -0.27423268245917215
        ],
        [
          -0.41199660399871063,
          0.4107298288920165,
          0.8133632681353791
        ],
        [
          -0.17519885479881575,
          0.840278960439806,
          -0.51306591186648
        ]
      ],
      "tx": -0.08756474401959778,
      "ty": 0.06322969890288635,
      "tz": 0.0
    },
    {
      "R": [
        [
          0.8911429614191217,
          0.33455291820205396,
          -0.3064939921689291
        ],
        [
          0.4427620549398416,
          -0.4936315643151896,
          0.748524977149853
        ],
        [
          0.09912610664505311,
          -0.8027466746329313,
          -0.588023631623054
        ]
      ],
      "tx": -0.03991525320965561,
      "ty": 0.09898829008197282,
      "tz": 0.0
    }
  ],
  "points_N": 26681
}