{
  "type": "scene",
  "distance_m": 0.4,
  "num_objects": 3,
  "intrinsics": {
    "width": 640,
    "height": 480,
    "fx": 554.2562584220408,
    "fy": 554.2562584220408,
    "cx": -0.042489481561347735,
    "cy": -0.08350328191436829
  },
  "T_wc": [
    [
      0.999999999999,
      0.0,
      0.0,
      0.0
    ],
    [
      -0.0,
      0.9999999999965001,
      0.0,
      0.0
    ],
    [
      0.0,
      0.0,
      -0.9999999999975001,
      0.41501416601240637
    ],
    [
      0.0,
      0.0,
      0.0,
      1.0
    ]
  ],
  "bin_size": {
    "w": 0.25,
    "d": 0.25
  },
  "z_floor": 0.0,
  "piece_aabb": {
    "w": 0.0300283320248127,
    "d": 0.0300283320248127,
    "h": 0.0300283320248127
  },
  "poses": [
    {
      "R": [
        [
          0.25373124493593635,
          -0.8140944268377204,
          0.5223702896748849
        ],
        [
          -0.35825811828457604,
          0.42254160028354804,
          0.8325321115206386
        ],
        [
          -0.8984829302921978,
          -0.3983828061319687,
          -0.18444393118767488
        ]
      ],
      "tx": 0.02741261430721209,
      "ty": -0.0735987590821319,
      "tz": 0.0
    },
    {
      "R": [
        [
          -0.052669329009198185,
          -0.928346108562381,
          0.36796663503476057
        ],
        [
          0.9883184459721448,
          -0.1012288564471231,
          -0.1139270291617062
        ],
        [
          0.14301255585760755,
          0.35766775272519546,
          0.922833239284099
        ]
      ],
      "tx": -0.015501444361240763,
      "ty": -0.003759629884863419,
      "tz": 0.0
    },
    {
      "R": [
        [
          0.9313097305959986,
          0.19112252311997183,
          -0.3100554254540053
        ],
        [
          -0.16897342379148303,
          -0.5274036101877015,
          -0.8326424286650077
        ],
        [
          -0.32266107256592363,
          0.8278391227268945,
          -0.458881487024017
        ]
      ],
      "tx": -0.042489481561347735,
      "ty": -0.08350328191436829,
      "tz": 0.0
    }
  ],
  "points_N": 7737
}