{
  "type": "scene",
  "distance_m": 0.4,
  "num_objects": 11,
  "intrinsics": {
    "width": 640,
    "height": 480,
    "fx": 554.2562584220408,
    "fy": 554.2562584220408,
    "cx": 0.09888790563196878,
    "cy": -0.05864563342892637
  },
  "T_wc": [
    [
      0.999999999999,
      0.0,
      0.0,
      0.0
    ],
    [
      -0.0,
      0.9999999999965001,
      0.0,
      0.0
    ],
    [
      0.0,
      0.0,
      -0.9999999999975001,
      0.41501416601240637
    ],
    [
      0.0,
      0.0,
      0.0,
      1.0
    ]
  ],
  "bin_size": {
    "w": 0.25,
    "d": 0.25
  },
  "z_floor": 0.0,
  "piece_aabb": {
    "w": 0.0300283320248127,
    "d": 0.0300283320248127,
    "h": 0.0300283320248127
  },
  "poses": [
    {
      "R": [
        [
          0.05470188259312814,
          0.961937710176497,
          0.2677378303138448
        ],
        [
          0.8391746188826321,
          0.10101911706665812,
          -0.5343978826775624
        ],
        [
          -0.54110411480967,
          0.2539113619503277,
          -0.8017077754447519
        ]
      ],
      "tx": -0.0020321529821642342,
      "ty": 0.07691545583410825,
      "tz": 0.0
    },
    {
      "R": [
        [
          -0.1641699699984671,
          -0.6032797445917102,
          0.7804497233749674
        ],
        [
          0.7642944080142047,
          -0.5779778596723735,
          -0.28599939092025795
        ],
        [
          0.6236203002059175,
          0.5495408478847619,
          0.5559699431418736
        ]
      ],
      "tx": 0.05471036690826239,
      "ty": -0.09516870671234766,
      "tz": 0.0
    },
    {
      "R": [
        [
          -0.7155520697746396,
          -0.6671023991660454,
          0.2072670366173463
        ],
        [
          -0.2793786376434955,
          0.0013435481013281958,
          -0.9601800725421062
        ],
        [
          0.6402599567907512,
          -0.7449648205824259,
          -0.1873355380724646
        ]
      ],
      "tx": -0.08201515615275867,
      "ty": 0.024822446848640364,
      "tz": 0.0
    },
    {
      "R": [
        [
          -0.3620041658837909,
          -0.23995794259824407,
          -0.9007625489921294
        ],
        [
          0.49022556426103603,
          0.7728813494182823,
          -0.40290608814750334
        ],
        [
          0.7928630903426703,
          -0.587430511214214,
          -0.16215275041416244
        ]
      ],
      "tx": 0.04557382915367736,
      "ty": -0.031802316378240825,
      "tz": 0.0
    },
    {
      "R": [
        [
          -0.8810623337087578,
          0.4371128860908675,
          -0.1807248984865948
        ],
        [
          -0.410347426100761,
          -0.8963992839244821,
          -0.16758076760820748
        ],
        [
          -0.23525338257325484,
          -0.07348910526729677,
          0.9691517927522262
        ]
      ],
      "tx": 0.05305545494369582,
      "ty": 0.09624081856725974,
      "tz": 0.0
    },
    {
      "R": [
        [
          0.452391755885304,
          0.6501801392105611,
          0.6104158302199797
        ],
        [
          0.1625032255741532,
          0.612904975940266,
          -0.7732659258920297
        ],
        [
          -0.8768890470777974,
          0.449013671332842,
          0.17161678843048878
        ]
      ],
      "tx": -0.07850578896611808,
      "ty": -0.06692347787982213,
      "tz": 0.0
    },
    {
      "R": [
        [
          0.0610035920458849,
          0.7809184542121437,
          -0.6216469493437695
        ],
        [
          0.8008753520818135,
          -0.41000343471773015,
          -0.436458307227042
        ],
        [
          -0.595715731020535,
          -0.4712361949071608,
          -0.6504300242332679
        ]
      ],
      "tx": 0.0758561749048717,
      "ty": 0.021484893377351072,
      "tz": 0.0
    },
    {
      "R": [
        [
          -0.14361420199932762,
          -0.6821829969801135,
          0.7169388534703126
        ],
        [
          0.49537701362200737,
          -0.6767087666567044,
          -0.5446713316348705
        ],
        [
          0.8567243286839924,
          0.2769324895370563,
          0.4351227652970716
        ]
      ],
      "tx": -0.016337085531242343,
      "ty": -0.011477555371263923,
      "tz": 0.0
    },
    {
      "R": [
        [
          0.2542213259321262,
          -0.889328934301581,
          0.380086258703634
        ],
        [
          0.13683079351544658,
          0.42211776034204074,
          0.896155081640311
        ],
        [
          -0.9574178039848877,
          -0.1758142287126771,
          0.22899892051038495
        ]
      ],
      "tx": -0.09609690429916122,
      "ty": 0.09007697635816855,
      "tz": 0.0
    },
    {
      "R": [
        [
          0.9960984852318107,
          0.06405217763603147,
          -0.06070524078672654
        ],
        [
          -0.03525675022735991,
          -0.3417621300657012,
          -0.9391249160875038
        ],
        [
          -0.08089974834508284,
          0.9376011758701231,
          -0.33817046843960985
        ]
      ],
      "tx": -0.015306483854652192,
      "ty": -0.07896067235476817,
      "tz": 0.0
    },
    {
      "R": [
        [
          0.33051907442421335,
          -0.1524154128142952,
          0.9314111247877648
        ],
        [
          0.41712826665634783,
          -0.8616665108400414,
          -0.2890239319728029
        ],
        [
          0.8466174759583174,
          0.48404583050925726,
          -0.22122044066625324
        ]
      ],
      "tx": 0.09888790563196878,
      "ty": -0.05864563342892637,
      "tz": 0.0
    }
  ],
  "points_N": 29715
}