{
  "type": "scene",
  "distance_m": 0.4,
  "num_objects": 11,
  "intrinsics": {
    "width": 640,
    "height": 480,
    "fx": 554.2562584220408,
    "fy": 554.2562584220408,
    "cx": -0.09845040429380016,
    "cy": 0.09760892032609136
  },
  "T_wc": [
    [
      0.999999999999,
      0.0,
      0.0,
      0.0
    ],
    [
      -0.0,
      0.9999999999965001,
      0.0,
      0.0
    ],
    [
      0.0,
      0.0,
      -0.9999999999975001,
      0.41501416601240637
    ],
    [
      0.0,
      0.0,
      0.0,
      1.0
    ]
  ],
  "bin_size": {
    "w": 0.25,
    "d": 0.25
  },
  "z_floor": 0.0,
  "piece_aabb": {
    "w": 0.0300283320248127,
    "d": 0.0300283320248127,
    "h": 0.0300283320248127
  },
  "poses": [
    {
      "R": [
        [
          -0.9381819775839777,
          0.04623749158717955,
          0.34304033481260204
        ],
        [
          0.2298751627709888,
          -0.6577115230692845,
          0.7173374115176855
        ],
        [
          0.25878946361401195,
          0.7518494841346953,
          0.6064242464881863
        ]
      ],
      "tx": -0.0450745304449172,
      "ty": 0.07247384887286182,
      "tz": 0.0
    },
    {
      "R": [
        [
          -0.40701486664200726,
          0.11803855368852462,
          -0.9057625506585656
        ],
        [
          -0.7741765493740531,
          -0.5708340487883947,
          0.27349434938062817
        ],
        [
          -0.48475722659045895,
          0.8125363921615882,
          0.32372062443001115
        ]
      ],
      "tx": 0.08754319694426635,
      "ty": -0.04746539331714045,
      "tz": 0.0
    },
    {
      "R": [
        [
          -0.7354478963288911,
          0.5331967684905148,
          0.4181119441688804
        ],
        [
          0.5672651198874745,
          0.1470305809117458,
          0.8103038269907182
        ],
        [
          0.3705761400096582,
          0.8331165670829185,
          -0.41059726022894405
        ]
      ],
      "tx": 0.01622327597266955,
      "ty": 0.0014165570599259103,
      "tz": 0.0
    },
    {
      "R": [
        [
          0.8200083238659018,
          -0.19700402767320657,
          0.5373786019848285
        ],
        [
          -0.5675767177984424,
          -0.1588682421429377,
          0.8078474800675929
        ],
        [
          -0.07377681345640716,
          -0.967445241199184,
          -0.24208818037498459
        ]
      ],
      "tx": -0.06367618259579086,
      "ty": -0.04640620746492781,
      "tz": 0.0
    },
    {
      "R": [
        [
          0.5742731491157296,
          -0.5793859824089052,
          -0.578378970565814
        ],
        [
          0.2986348821974397,
          0.806066111235666,
          -0.5109546275867675
        ],
        [
          0.762251636495209,
          0.12070338729910945,
          0.6359269886983072
        ]
      ],
      "tx": 0.08954472124893118,
      "ty": 0.028151663444217018,
      "tz": 0.0
    },
    {
      "R": [
        [
          0.0980920051401919,
          -0.942644564276162,
          0.31905984386660335
        ],
        [
          0.3078643976329897,
          0.3336225988819349,
          0.8910193455730016
        ],
        [
          -0.9463601170789336,
          0.01082529241491026,
          0.3229324106473036
        ]
      ],
      "tx": -0.07067688534413734,
      "ty": 0.01865930404590102,
      "tz": 0.0
    },
    {
      "R": [
        [
          0.5283991800056785,
          0.5647952357749936,
          0.6338774709793652
        ],
        [
          0.1936352751198538,
          -0.8071143550930817,
          0.5577381088216384
        ],
        [
          0.82661943287016,
          -0.1719673208739052,
          -0.5358428442676701
        ]
      ],
      "tx": 0.008219045799662816,
      "ty": -0.07535148559238736,
      "tz": 0.0
    },
    {
      "R": [
        [
          0.3022796087371964,
          -0.8976030440127228,
          -0.32083611629737296
        ],
        [
          0.6472159660065785,
          0.44037054300856604,
          -0.622242137914584
        ],
        [
          0.6998132118557487,
          -0.019559146950586137,
          0.7140580566611558
        ]
      ],
      "tx": 0.03805269256518898,
      "ty": 0.058734963133879936,
      "tz": 0.0
    },
    {
      "R": [
        [
          0.16540620505716253,
          0.3514320193441368,
          0.9214859321271757
        ],
        [
          -0.0818613952674346,
          -0.9262395010693667,
          0.3679389876374056
        ],
        [
          0.9828222114367667,
          -0.13629351576092055,
          -0.12443704540076017
        ]
      ],
      "tx": -0.09323230642894671,
      "ty": -0.09599686840954119,
      "tz": 0.0
    },
    {
      "R": [
        [
          -0.5660611636774449,
          0.8242921698818579,
          0.010824862474665464
        ],
        [
          -0.4540482027839994,
          -0.30079211628843194,
          -0.8386681896479362
        ],
        [
          -0.688051588563501,
          -0.4796525007233725,
          0.5445351136750116
        ]
      ],
      "tx": 0.0884374059630274,
      "ty": 0.08992100953007207,
      "tz": 0.0
    },
    {
      "R": [
        [
          -0.019773851865150238,
          0.14874195748890146,
          -0.9886783222387274
        ],
        [
          0.9210761294705898,
          0.38733787984950285,
          0.03985135572561388
        ],
        [
          0.3888801338483267,
          -0.90985998753438,
          -0.14466182835166186
        ]
      ],
      "tx": -0.09845040429380016,
      "ty": 0.09760892032609136,
      "tz": 0.0
    }
  ],
  "points_N": 29292
}