{
  "type": "scene",
  "distance_m": 0.4,
  "num_objects": 10,
  "intrinsics": {
    "width": 640,
    "height": 480,
    "fx": 554.2562584220408,
    "fy": 554.2562584220408,
    "cx": -0.0028774677653511105,
    "cy": -0.08838267152049453
  },
  "T_wc": [
    [
      0.999999999999,
      0.0,
      0.0,
      0.0
    ],
    [
      -0.0,
      0.9999999999965001,
      0.0,
      0.0
    ],
    [
      0.0,
      0.0,
      -0.9999999999975001,
      0.41501416601240637
    ],
    [
      0.0,
      0.0,
      0.0,
      1.0
    ]
  ],
  "bin_size": {
    "w": 0.25,
    "d": 0.25
  },
  "z_floor": 0.0,
  "piece_aabb": {
    "w": 0.0300283320248127,
    "d": 0.0300283320248127,
    "h": 0.0300283320248127
  },
  "poses": [
    {
      "R": [
        [
          0.3662574187028935,
          0.1906175607089654,
          -0.9107801319717386
        ],
        [
          -0.5617302048871062,
          -0.7350286211748172,
          -0.3797263527480511
        ],
        [
          -0.7418319756943503,
          0.6506903039105559,
          -0.16213404403210796
        ]
      ],
      "tx": 0.055136108796509514,
      "ty": -0.08594120298916265,
      "tz": 0.0
    },
    {
      "R": [
        [
          -0.1925995933226088,
          0.17724736288901294,
          -0.9651366581996854
        ],
        [
          0.29046757717133054,
          -0.9291754559908039,
          -0.22860787081047557
        ],
        [
          -0.9373014367129622,
          -0.32437068969494226,
          0.12747420289079903
        ]
      ],
      "tx": -0.003230465791588158,
      "ty": 0.06429650816029372,
      "tz": 0.0
    },
    {
      "R": [
        [
          0.22233054035979805,
          -0.9419114702301109,
          -0.2517377863418027
        ],
        [
          -0.8785524396625816,
          -0.3055053670796981,
          0.3671676476058652
        ],
        [
          -0.42274666360155483,
          0.13953226485100056,
          -0.8954417934624808
        ]
      ],
      "tx": 0.09147135821046057,
      "ty": -0.035391112492253504,
      "tz": 0.0
    },
    {
      "R": [
        [
          -0.7883878682296426,
          -0.4149207619429249,
          -0.45418644909004313
        ],
        [
          0.17366547137697014,
          -0.8583828861159373,
          0.48272054532067377
        ],
        [
          -0.5901566514746186,
          0.30169451790176194,
          0.7487960634166615
        ]
      ],
      "tx": -0.0052197790970442415,
      "ty": -0.02700079975848306,
      "tz": 0.0
    },
    {
      "R": [
        [
          -0.26441168674035476,
          -0.9492134947820086,
          0.1705291800216201
        ],
        [
          -0.3108980024194934,
          0.25127794406271287,
          0.9166252379894331
        ],
        [
          -0.912923267315873,
          0.18934924386260943,
          -0.36154940442762307
        ]
      ],
      "tx": -0.061247810311319296,
      "ty": -0.07901460617158165,
      "tz": 0.0
    },
    {
      "R": [
        [
          -0.7263752724522072,
          -0.22487262067078012,
          -0.64946999010165
        ],
        [
          0.08115615284795902,
          0.9102873449932682,
          -0.405944119799789
        ],
        [
          0.6824900310077068,
          -0.34757625640679507,
          -0.6429604214548026
        ]
      ],
      "tx": -0.06222842569809726,
      "ty": -0.008206000996830581,
      "tz": 0.0
    },
    {
      "R": [
        [
          -0.42399975477750673,
          -0.4649815456334906,
          0.7771849008883949
        ],
        [
          -0.5791049079408624,
          0.7989781399660497,
          0.16208466138162703
        ],
        [
          -0.6963201228942184,
          -0.38134773380299714,
          -0.6080396305964761
        ]
      ],
      "tx": 0.06134101148962873,
      "ty": 0.061114801274796765,
      "tz": 0.0
    },
    {
      "R": [
        [
          -0.03754301203026156,
          -0.7133051305181012,
          -0.6998473498015481
        ],
        [
          -0.311486293650472,
          0.6738023569290702,
          -0.6700497538725925
        ],
        [
          0.9495087209265578,
          0.19283717114027707,
          -0.24748134133915634
        ]
      ],
      "tx": -0.07193701265234598,
      "ty": 0.055113021516459915,
      "tz": 0.0
    },
    {
      "R": [
        [
          0.4919872465305213,
          0.16560201709145583,
          0.8547072722204705
        ],
        [
          0.6568659461116184,
          -0.7149306106980029,
          -0.23958578990806087
        ],
        [
          0.5713805020213802,
          0.6793012541002866,
          -0.46051506825246613
        ]
      ],
      "tx": 0.04692522045103223,
      "ty": 0.0041997772716116655,
      "tz": 0.0
    },
    {
      "R": [
        [
          -0.5407530798655305,
          -0.8231953976197568,
          -0.17301862314095925
        ],
        [
          0.819107279112609,
          -0.5621147751404623,
          0.11441260801819768
        ],
        [
          -0.19144025679224633,
          -0.07985184347551293,
          0.9782506382174667
        ]
      ],
      "tx": -0.0028774677653511105,
      "ty": -0.08838267152049453,
      "tz": 0.0
    }
  ],
  "points_N": 26310
}