{
  "type": "scene",
  "distance_m": 0.4,
  "num_objects": 10,
  "intrinsics": {
    "width": 640,
    "height": 480,
    "fx": 554.2562584220408,
    "fy": 554.2562584220408,
    "cx": -0.08887859212504126,
    "cy": 0.027298715053053174
  },
  "T_wc": [
    [
      0.999999999999,
      0.0,
      0.0,
      0.0
    ],
    [
      -0.0,
      0.9999999999965001,
      0.0,
      0.0
    ],
    [
      0.0,
      0.0,
      -0.9999999999975001,
      0.41501416601240637
    ],
    [
      0.0,
      0.0,
      0.0,
      1.0
    ]
  ],
  "bin_size": {
    "w": 0.25,
    "d": 0.25
  },
  "z_floor": 0.0,
  "piece_aabb": {
    "w": 0.0300283320248127,
    "d": 0.0300283320248127,
    "h": 0.0300283320248127
  },
  "poses": [
    {
      "R": [
        [
          0.12194868071213416,
          -0.8322572479838919,
          -0.5408108656922942
        ],
        [
          -0.16422096248286427,
          -0.55428650210207,
          0.8159644288010685
        ],
        [
          -0.9788564730100996,
          -0.01069330471514085,
          -0.20426859396514563
        ]
      ],
      "tx": 0.0018328911820539723,
      "ty": 0.0725301394185679,
      "tz": 0.0
    },
    {
      "R": [
        [
          0.8021576923620422,
          0.5527966340028482,
          0.225740820454619
        ],
        [
          0.49753447291567515,
          -0.8278138472980066,
          0.259198152929748
        ],
        [
          0.330155243552067,
          -0.09560395209818942,
          -0.9390726273820793
        ]
      ],
      "tx": 0.09481582567231758,
      "ty": 0.08235300368413356,
      "tz": 0.0
    },
    {
      "R": [
        [
          0.1603524395190834,
          0.945978109785213,
          -0.2818022550432734
        ],
        [
          0.02533975276993994,
          0.2814573104232765,
          0.9592391147877852
        ],
        [
          0.9867345094146839,
          -0.16095713161115555,
          0.021161514919119995
        ]
      ],
      "tx": 0.04035058690194945,
      "ty": 0.01992328369564167,
      "tz": 0.0
    },
    {
      "R": [
        [
          -0.07851954184266607,
          -0.29308606836721457,
          -0.9528563575260787
        ],
        [
          0.3087996945590274,
          0.9016464898922413,
          -0.3027810362378261
        ],
        [
          0.9478804936219909,
          -0.31801598040672224,
          0.01970801910091524
        ]
      ],
      "tx": 0.01348782072986228,
      "ty": -0.07156207733410566,
      "tz": 0.0
    },
    {
      "R": [
        [
          -0.747525748783858,
          0.6030598196448625,
          0.27843151552049294
        ],
        [
          0.5541102517211608,
          0.7973173729344722,
          -0.23926310989031213
        ],
        [
          -0.3662882523950838,
          -0.024573578224945422,
          -0.9301768946875524
        ]
      ],
      "tx": -0.031754482704896045,
      "ty": -0.016527522122249255,
      "tz": 0.0
    },
    {
      "R": [
        [
          0.8679140995781169,
          -0.11411290619013592,
          0.4834287542072231
        ],
        [
          0.4039606482952933,
          0.7284864558652822,
          -0.5532840845801429
        ],
        [
          -0.2890344449755995,
          0.6754892510334133,
          0.6783607899605972
        ]
      ],
      "tx": 0.09148822078108412,
      "ty": -0.06152369164670048,
      "tz": 0.0
    },
    {
      "R": [
        [
          0.9087094905075607,
          -0.1758388860956012,
          0.37858651322801734
        ],
        [
          0.3485108035609027,
          -0.17959999024443163,
          -0.9199369887690863
        ],
        [
          0.22975482946572306,
          0.9678969623058324,
          -0.10192246413974826
        ]
      ],
      "tx": -0.07038827616010748,
      "ty": -0.0860575851505293,
      "tz": 0.0
    },
    {
      "R": [
        [
          0.10459590616548686,
          -0.4372355120015073,
          -0.8932439775661523
        ],
        [
          0.9802402408852589,
          0.19695541482013035,
          0.018374839379988184
        ],
        [
          0.1678951058328702,
          -0.8775156247143467,
          0.4491965736952577
        ]
      ],
      "tx": -0.09128611125081698,
      "ty": 0.08474797734521258,
      "tz": 0.0
    },
    {
      "R": [
        [
          0.4282923021615177,
          0.8700740974712131,
          0.24400157544335865
        ],
        [
          0.3089763014773312,
          -0.39474961881192083,
          0.8652782116598293
        ],
        [
          0.8491756879672054,
          -0.29520129294685826,
          -0.43790049966622147
        ]
      ],
      "tx": 0.09838798685382905,
      "ty": -0.002567428084657264,
      "tz": 0.0
    },
    {
      "R": [
        [
          -0.8437313469494814,
          -0.18623985917127076,
          -0.5034204296914053
        ],
        [
          -0.20174229926758738,
          -0.7590852374585759,
          0.6189423615803692
        ],
        [
          -0.49741075466966045,
          0.6237822674045187,
          0.6028915524459073
        ]
      ],
      "tx": -0.08887859212504126,
      "ty": 0.027298715053053174,
      "tz": 0.0
    }
  ],
  "points_N": 25370
}