{
  "type": "scene",
  "distance_m": 0.4,
  "num_objects": 10,
  "intrinsics": {
    "width": 640,
    "height": 480,
    "fx": 554.2562584220408,
    "fy": 554.2562584220408,
    "cx": -0.07475050351676008,
    "cy": -0.0987715926241577
  },
  "T_wc": [
    [
      0.999999999999,
      0.0,
      0.0,
      0.0
    ],
    [
      -0.0,
      0.9999999999965001,
      0.0,
      0.0
    ],
    [
      0.0,
      0.0,
      -0.9999999999975001,
      0.41501416601240637
    ],
    [
      0.0,
      0.0,
      0.0,
      1.0
    ]
  ],
  "bin_size": {
    "w": 0.25,
    "d": 0.25
  },
  "z_floor": 0.0,
  "piece_aabb": {
    "w": 0.0300283320248127,
    "d": 0.0300283320248127,
    "h": 0.0300283320248127
  },
  "poses": [
    {
      "R": [
        [
          0.9152441168489014,
          0.40276611666453677,
          -0.010376022380623268
        ],
        [
          0.06250321082399404,
          -0.16737942428947683,
          -0.9839092828920839
        ],
        [
          -0.39802205367311727,
          0.8998686479656306,
          -0.17836720886514468
        ]
      ],
      "tx": 0.06263358495849983,
      "ty": 0.000888259491096749,
      "tz": 0.0
    },
    {
      "R": [
        [
          0.15835649027487464,
          -0.9103547034248672,
          -0.38233170930495053
        ],
        [
          -0.8270030528109394,
          0.0892598842229142,
          -0.5550663237036617
        ],
        [
          0.5394341226036872,
          0.40408784567310796,
          -0.7387312368852803
        ]
      ],
      "tx": -0.013694722287024938,
      "ty": 0.07853724003016685,
      "tz": 0.0
    },
    {
      "R": [
        [
          0.5405334088293143,
          -0.418455731168479,
          -0.7298756298107334
        ],
        [
          -0.16306613480306661,
          -0.9031912727141604,
          0.39705788063374703
        ],
        [
          -0.8253684447686072,
          -0.09560505188131205,
          -0.556441016132907
        ]
      ],
      "tx": 0.021098451122184364,
      "ty": -0.04028453786205522,
      "tz": 0.0
    },
    {
      "R": [
        [
          -0.7935016874639096,
          -0.3002851737672319,
          -0.5293239900169945
        ],
        [
          -0.28027738311825473,
          0.9523735918756319,
          -0.12012131372196395
        ],
        [
          0.5401848392025742,
          0.05304107760491629,
          -0.8398731949420688
        ]
      ],
      "tx": -0.07947685098695881,
      "ty": 0.058155961881709906,
      "tz": 0.0
    },
    {
      "R": [
        [
          0.6038701106254862,
          -0.5837432492064629,
          0.5427565831006054
        ],
        [
          -0.6289370308864912,
          -0.767267558103633,
          -0.1254539973909662
        ],
        [
          0.4896724422232148,
          -0.2656017945864997,
          -0.8304676911473337
        ]
      ],
      "tx": -0.013907533562471819,
      "ty": 0.010085264140385089,
      "tz": 0.0
    },
    {
      "R": [
        [
          -0.589393638703618,
          -0.76335845909054,
          0.26438419315576567
        ],
        [
          0.5992283008699775,
          -0.632602091251506,
          -0.49065266490736675
        ],
        [
          0.541793855716534,
          -0.13076106866777054,
          0.830277640809792
        ]
      ],
      "tx": 0.09671269609611968,
      "ty": -0.06540112204757789,
      "tz": 0.0
    },
    {
      "R": [
        [
          0.8491164858883719,
          -0.33139001316553895,
          0.41131721647254965
        ],
        [
          -0.42895105255933197,
          -0.8870210424140583,
          0.17086446331206195
        ],
        [
          0.30822424937182286,
          -0.3215187855924154,
          -0.8953342853986745
        ]
      ],
      "tx": 0.052749139426000236,
      "ty": 0.07678570849697383,
      "tz": 0.0
    },
    {
      "R": [
        [
          -0.9804863585669077,
          -0.14900680039624503,
          -0.12823211025277217
        ],
        [
          0.19174170730423035,
          -0.5809295236585625,
          -0.7910474108559452
        ],
        [
          0.043377624926503024,
          -0.800198639075017,
          0.5981642915439088
        ]
      ],
      "tx": 0.0016515338630458398,
      "ty": -0.0958825693170498,
      "tz": 0.0
    },
    {
      "R": [
        [
          0.9690902085022601,
          0.24616432362666132,
          -0.016349114914093493
        ],
        [
          -0.15860327150896128,
          0.6724012672964226,
          0.7229948395423162
        ],
        [
          0.1889687012489121,
          -0.6980541966864702,
          0.6906599513774534
        ]
      ],
      "tx": -0.06942998389689055,
      "ty": -0.033502372409995554,
      "tz": 0.0
    },
    {
      "R": [
        [
          0.6670406232017924,
          0.18228658384329877,
          0.7223769157090394
        ],
        [
          0.3260939694674261,
          -0.9432292830412516,
          -0.06309708939772272
        ],
        [
          0.6698653074130216,
          0.27765107772927305,
          -0.6886148044881344
        ]
      ],
      "tx": -0.07475050351676008,
      "ty": -0.0987715926241577,
      "tz": 0.0
    }
  ],
  "points_N": 26929
}