{
  "type": "scene",
  "distance_m": 0.4,
  "num_objects": 7,
  "intrinsics": {
    "width": 640,
    "height": 480,
    "fx": 554.2562584220408,
    "fy": 554.2562584220408,
    "cx": -0.037407911697390384,
    "cy": 0.026858194139176922
  },
  "T_wc": [
    [
      0.999999999999,
      0.0,
      0.0,
      0.0
    ],
    [
      -0.0,
      0.9999999999965001,
      0.0,
      0.0
    ],
    [
      0.0,
      0.0,
      -0.9999999999975001,
      0.41501416601240637
    ],
    [
      0.0,
      0.0,
      0.0,
      1.0
    ]
  ],
  "bin_size": {
    "w": 0.25,
    "d": 0.25
  },
  "z_floor": 0.0,
  "piece_aabb": {
    "w": 0.0300283320248127,
    "d": 0.0300283320248127,
    "h": 0.0300283320248127
  },
  "poses": [
    {
      "R": [
        [
          -0.8979163856885997,
          -0.39589890441238407,
          0.19238040907794335
        ],
        [
          0.43653782667744145,
          -0.8569583757292825,
          0.2739654506450897
        ],
        [
          0.05639938112833308,
          0.32997939292098977,
          0.9423018147365716
        ]
      ],
      "tx": -0.0027299477934667887,
      "ty": -0.04035656795189393,
      "tz": 0.0
    },
    {
      "R": [
        [
          -0.4684603037953421,
          -0.8688742169886727,
          -0.16000793361673313
        ],
        [
          -0.7327797090195665,
          0.4832975113027167,
          -0.4790171329063295
        ],
        [
          0.4935370723838034,
          -0.10714994456798102,
          -0.8630990948679667
        ]
      ],
      "tx": 0.06684671303107534,
      "ty": -0.04593347664096993,
      "tz": 0.0
    },
    {
      "R": [
        [
          -0.5503893712780137,
          -0.8189023204616613,
          -0.1626976629417266
        ],
        [
          0.27811291244176417,
          0.003916569593059527,
          -0.9605404043640136
        ],
        [
          0.7872259827504126,
          -0.5739195501332304,
          0.22559167107302058
        ]
      ],
      "tx": 0.05663771437347706,
      "ty": 0.03953664004538951,
      "tz": 0.0
    },
    {
      "R": [
        [
          0.2950949762964641,
          -0.9388822214395689,
          0.17725441949155984
        ],
        [
          -0.8475620243177113,
          -0.1715820032160038,
          0.5021934200154825
        ],
        [
          -0.4410868054012189,
          -0.29842886997923634,
          -0.8463939033711572
        ]
      ],
      "tx": 0.08107639946770973,
      "ty": 0.0964957963577471,
      "tz": 0.0
    },
    {
      "R": [
        [
          0.019148566080951168,
          -0.22521609107220025,
          0.9741206520442947
        ],
        [
          -0.8107804405055485,
          -0.573603587788527,
          -0.11667905283193836
        ],
        [
          0.5850371011403226,
          -0.7875637348166104,
          -0.19358448773349557
        ]
      ],
      "tx": -0.0756964894537504,
      "ty": 0.06947270767824551,
      "tz": 0.0
    },
    {
      "R": [
        [
          -0.6029343867831984,
          -0.34709816032206525,
          0.7183265220882531
        ],
        [
          -0.4290940434125215,
          -0.617977347863663,
          -0.6587733293290534
        ],
        [
          0.6725685296995845,
          -0.7054267252014417,
          0.22366204020644298
        ]
      ],
      "tx": -0.08661620770273383,
      "ty": -0.03279068350292595,
      "tz": 0.0
    },
    {
      "R": [
        [
          0.27233477380639404,
          -0.7718233304364639,
          0.5745628926147124
        ],
        [
          -0.9596735991161882,
          -0.17461189222109086,
          0.22031175695897842
        ],
        [
          -0.06971624011090921,
          -0.6113913915724816,
          -0.7882513635737416
        ]
      ],
      "tx": -0.037407911697390384,
      "ty": 0.026858194139176922,
      "tz": 0.0
    }
  ],
  "points_N": 18112
}