{
  "type": "scene",
  "distance_m": 0.4,
  "num_objects": 11,
  "intrinsics": {
    "width": 640,
    "height": 480,
    "fx": 554.2562584220408,
    "fy": 554.2562584220408,
    "cx": 0.0540293241716171,
    "cy": 0.022639562135547506
  },
  "T_wc": [
    [
      0.999999999999,
      0.0,
      0.0,
      0.0
    ],
    [
      -0.0,
      0.9999999999965001,
      0.0,
      0.0
    ],
    [
      0.0,
      0.0,
      -0.9999999999975001,
      0.41501416601240637
    ],
    [
      0.0,
      0.0,
      0.0,
      1.0
    ]
  ],
  "bin_size": {
    "w": 0.25,
    "d": 0.25
  },
  "z_floor": 0.0,
  "piece_aabb": {
    "w": 0.0300283320248127,
    "d": 0.0300283320248127,
    "h": 0.0300283320248127
  },
  "poses": [
    {
      "R": [
        [
          0.5844977304831451,
          0.1898353764904367,
          0.7888757398302897
        ],
        [
          0.027345233630592103,
          -0.9763022208008685,
          0.2146769942424681
        ],
        [
          0.8109344247580941,
          -0.10390622451050036,
          -0.5758375250452445
        ]
      ],
      "tx": 0.024235134462874744,
      "ty": -0.03177476501041472,
      "tz": 0.0
    },
    {
      "R": [
        [
          0.9761404175949858,
          0.014747542042015505,
          0.21663885879778283
        ],
        [
          0.21574397794758116,
          -0.17883057288646853,
          -0.9599344572315607
        ],
        [
          0.024584977462676474,
          0.9837693511208898,
          -0.17774544348124155
        ]
      ],
      "tx": -0.04783006492232854,
      "ty": 0.05432687967367017,
      "tz": 0.0
    },
    {
      "R": [
        [
          -0.46817184365037323,
          0.752418043139422,
          -0.4633381197044478
        ],
        [
          -0.8534463390586352,
          -0.2491343527751595,
          0.4577787900446188
        ],
        [
          0.22900757882747738,
          0.609753362127299,
          0.758786113614391
        ]
      ],
      "tx": -0.03330187867509536,
      "ty": -0.022895890640638808,
      "tz": 0.0
    },
    {
      "R": [
        [
          -0.8754610356050976,
          -0.20126983250511848,
          -0.43938414816719573
        ],
        [
          0.3190161772653329,
          0.44227505047789084,
          -0.8382251835681107
        ],
        [
          0.36303808860815745,
          -0.8740041385760944,
          -0.3229862411490545
        ]
      ],
      "tx": -0.024146473734843535,
      "ty": -0.08583516360333,
      "tz": 0.0
    },
    {
      "R": [
        [
          -0.30150128682283706,
          -0.5801832091470067,
          0.7566270004883873
        ],
        [
          0.916511495290788,
          -0.39513997500558085,
          0.06221799701398811
        ],
        [
          0.2628757368872545,
          0.7122161497582525,
          0.6508797914972575
        ]
      ],
      "tx": 0.07091675235140216,
      "ty": 0.08666726178187498,
      "tz": 0.0
    },
    {
      "R": [
        [
          0.6449019263247836,
          -0.21351737451937033,
          -0.7338336570374367
        ],
        [
          0.6308390172846127,
          0.6907583789779816,
          0.3534048615159321
        ],
        [
          0.4314436692014004,
          -0.6908423790200381,
          0.5801664999428755
        ]
      ],
      "tx": 0.09844145157867654,
      "ty": -0.01396861710335967,
      "tz": 0.0
    },
    {
      "R": [
        [
          0.22960171602879886,
          0.36599416195998297,
          0.9018488373379656
        ],
        [
          -0.8752310502241871,
          -0.32767818605570476,
          0.35580558610947804
        ],
        [
          0.42573895842417014,
          -0.8710196781901385,
          0.24509398092456336
        ]
      ],
      "tx": 0.07182298288716163,
      "ty": -0.07192892732564295,
      "tz": 0.0
    },
    {
      "R": [
        [
          0.40713297449219443,
          0.571393331204286,
          -0.7125674719887285
        ],
        [
          -0.8905761933425134,
          0.07514384907463667,
          -0.44858382248784523
        ],
        [
          -0.20277274208506546,
          0.8172288926619747,
          0.5394628365937604
        ]
      ],
      "tx": -0.09815607974042148,
      "ty": 0.01791191210803454,
      "tz": 0.0
    },
    {
      "R": [
        [
          -0.9320722148350549,
          0.20787914435739252,
          -0.2966945359687535
        ],
        [
          -0.30541931754568574,
          -0.8913639441104035,
          0.3349468011638167
        ],
        [
          -0.1948343573459342,
          0.4028108495077859,
          0.8943058720127095
        ]
      ],
      "tx": 0.008040233357841708,
      "ty": 0.09174143978063076,
      "tz": 0.0
    },
    {
      "R": [
        [
          0.04943268311097038,
          -0.052123537572736356,
          0.9974164359340352
        ],
        [
          -0.939018200152347,
          0.3378226411087982,
          0.06419254580496442
        ],
        [
          -0.34029579724571474,
          -0.9397653962480101,
          -0.03224547087148166
        ]
      ],
      "tx": -0.09572597253871505,
      "ty": -0.07961333895331979,
      "tz": 0.0
    },
    {
      "R": [
        [
          -0.6879851047072238,
          -0.5823395667411588,
          0.433078658800811
        ],
        [
          -0.7244704159723616,
          0.5861734408847667,
          -0.36268900394435205
        ],
        [
          -0.04265105018429474,
          -0.5632773084449898,
          -0.8251663842578321
        ]
      ],
      "tx": 0.0540293241716171,
      "ty": 0.022639562135547506,
      "tz": 0.0
    }
  ],
  "points_N": 28758
}