{
  "type": "scene",
  "distance_m": 0.4,
  "num_objects": 6,
  "intrinsics": {
    "width": 640,
    "height": 480,
    "fx": 554.2562584220408,
    "fy": 554.2562584220408,
    "cx": 0.08247320307587772,
    "cy": 0.0485548754846733
  },
  "T_wc": [
    [
      0.999999999999,
      0.0,
      0.0,
      0.0
    ],
    [
      -0.0,
      0.9999999999965001,
      0.0,
      0.0
    ],
    [
      0.0,
      0.0,
      -0.9999999999975001,
      0.41501416601240637
    ],
    [
      0.0,
      0.0,
      0.0,
      1.0
    ]
  ],
  "bin_size": {
    "w": 0.25,
    "d": 0.25
  },
  "z_floor": 0.0,
  "piece_aabb": {
    "w": 0.0300283320248127,
    "d": 0.0300283320248127,
    "h": 0.0300283320248127
  },
  "poses": [
    {
      "R": [
        [
          -0.6155133967159623,
          -0.7835548510716696,
          -0.08476469680964949
        ],
        [
          0.17896621768094734,
          -0.03421632070037961,
          -0.9832600552888866
        ],
        [
          0.7675378501364958,
          -0.6203797536668829,
          0.16129045181926815
        ]
      ],
      "tx": 0.021962481112617102,
      "ty": 0.0236669798620482,
      "tz": 0.0
    },
    {
      "R": [
        [
          0.7708264047620095,
          -0.0732678371378398,
          0.6328178867279415
        ],
        [
          -0.6338173129411556,
          0.011668419818813391,
          0.7733947645251973
        ],
        [
          -0.06404894642168618,
          -0.9972440383477232,
          -0.037444097561526224
        ]
      ],
      "tx": 0.08853777002648472,
      "ty": -0.01937466956274861,
      "tz": 0.0
    },
    {
      "R": [
        [
          -0.9440847491063593,
          -0.23256052150408807,
          0.23370834461466877
        ],
        [
          -0.19358854228345512,
          0.9647933102901409,
          0.17803748121100438
        ],
        [
          -0.2668847369209208,
          0.12283921302718614,
          -0.9558677026354183
        ]
      ],
      "tx": -0.060028480908373386,
      "ty": 0.008003253138628513,
      "tz": 0.0
    },
    {
      "R": [
        [
          0.09891369107916059,
          -0.8801286028534347,
          0.4643164052199293
        ],
        [
          0.7420203000228665,
          -0.24566600584181897,
          -0.6237420042996166
        ],
        [
          0.663039935502434,
          0.4062288222332195,
          0.6287735585375227
        ]
      ],
      "tx": -0.04656612230781023,
      "ty": -0.0787712753021961,
      "tz": 0.0
    },
    {
      "R": [
        [
          0.16504409271245746,
          0.9829521726605519,
          -0.08102761086581661
        ],
        [
          0.10570030166801064,
          -0.0993090944820354,
          -0.9894266774149814
        ],
        [
          -0.9806058809164941,
          0.15473438536750178,
          -0.1202887205723302
        ]
      ],
      "tx": 0.05938137788798678,
      "ty": -0.07547965169614781,
      "tz": 0.0
    },
    {
      "R": [
        [
          -0.2798163440560508,
          0.9485247653944339,
          -0.14833604765039346
        ],
        [
          0.8458008227404562,
          0.31665825944942905,
          0.4293582594687395
        ],
        [
          0.4542287769953298,
          -0.005321292689958318,
          -0.8908691834346019
        ]
      ],
      "tx": 0.08247320307587772,
      "ty": 0.0485548754846733,
      "tz": 0.0
    }
  ],
  "points_N": 15476
}