{
  "type": "scene",
  "distance_m": 0.4,
  "num_objects": 10,
  "intrinsics": {
    "width": 640,
    "height": 480,
    "fx": 554.2562584220408,
    "fy": 554.2562584220408,
    "cx": 0.09734309817553119,
    "cy": -0.07849920896951387
  },
  "T_wc": [
    [
      0.999999999999,
      0.0,
      0.0,
      0.0
    ],
    [
      -0.0,
      0.9999999999965001,
      0.0,
      0.0
    ],
    [
      0.0,
      0.0,
      -0.9999999999975001,
      0.41501416601240637
    ],
    [
      0.0,
      0.0,
      0.0,
      1.0
    ]
  ],
  "bin_size": {
    "w": 0.25,
    "d": 0.25
  },
  "z_floor": 0.0,
  "piece_aabb": {
    "w": 0.0300283320248127,
    "d": 0.0300283320248127,
    "h": 0.0300283320248127
  },
  "poses": [
    {
      "R": [
        [
          -0.8713907535901728,
          0.20482322739757808,
          -0.4457864960673337
        ],
        [
          -0.22686171871798722,
          -0.9739186464290222,
          -0.0040287365491956315
        ],
        [
          -0.4349849596685749,
          0.09762128690148472,
          0.895130252648086
        ]
      ],
      "tx": -0.09009548609893611,
      "ty": 0.07061724602352734,
      "tz": 0.0
    },
    {
      "R": [
        [
          0.8202621682111761,
          0.5411418391779317,
          0.18529836829455806
        ],
        [
          -0.25377808648973804,
          0.053981675963774234,
          0.9657549696883516
        ],
        [
          0.5126077040184893,
          -0.8391969307327498,
          0.18160906703583157
        ]
      ],
      "tx": -0.025202523478892458,
      "ty": -0.04218715479822057,
      "tz": 0.0
    },
    {
      "R": [
        [
          -0.9558805092153668,
          0.2912375900656835,
          -0.03838122242586987
        ],
        [
          -0.24631736141388927,
          -0.723452164736518,
          0.6449377666132955
        ],
        [
          0.1600631424415711,
          0.6259374021983181,
          0.7632706983508213
        ]
      ],
      "tx": -0.08259985566297878,
      "ty": -0.061114750358255046,
      "tz": 0.0
    },
    {
      "R": [
        [
          -0.2730212805979928,
          -0.28823055496975086,
          -0.9178139939674387
        ],
        [
          0.8267308065726564,
          0.4175482998400917,
          -0.37705383006193416
        ],
        [
          0.49191010744276953,
          -0.861728823054259,
          0.12428950765517
        ]
      ],
      "tx": 0.021117965369934003,
      "ty": 0.0123193384955929,
      "tz": 0.0
    },
    {
      "R": [
        [
          -0.9369791124519051,
          0.3465409794066889,
          -0.044491487058680806
        ],
        [
          0.2873046866999032,
          0.6917569749814987,
          -0.6625166447454106
        ],
        [
          -0.19881187044316645,
          -0.6335468705283761,
          -0.7477246839676959
        ]
      ],
      "tx": 0.037685629697285394,
      "ty": -0.0849921332089233,
      "tz": 0.0
    },
    {
      "R": [
        [
          0.9418008177322692,
          0.31933122075249704,
          -0.1050656517209554
        ],
        [
          0.3360342396939558,
          -0.903184574792719,
          0.26709289322219026
        ],
        [
          -0.009602576327952667,
          -0.2868539616411377,
          -0.9579261950790625
        ]
      ],
      "tx": 0.07054983804798354,
      "ty": -0.019993428543245678,
      "tz": 0.0
    },
    {
      "R": [
        [
          0.1935303948709285,
          0.4187292480450436,
          -0.8872495720442668
        ],
        [
          -0.03598161106410669,
          0.9067677941794334,
          0.4200922411854283
        ],
        [
          0.9804342455903576,
          -0.04937594830073727,
          0.1905536822081092
        ]
      ],
      "tx": -0.04507923197216908,
      "ty": 0.013593303079497368,
      "tz": 0.0
    },
    {
      "R": [
        [
          0.02597832160397895,
          0.07687128574301072,
          -0.9967025294614521
        ],
        [
          0.6625874172767461,
          0.7452454270764872,
          0.0747473604090167
        ],
        [
          0.7485339279372522,
          -0.6623443657568173,
          -0.031573721304716695
        ]
      ],
      "tx": -0.01302932370932472,
      "ty": 0.06536031999048264,
      "tz": 0.0
    },
    {
      "R": [
        [
          0.38014537964510187,
          0.6394678197966082,
          -0.6682592294753993
        ],
        [
          -0.6520475106727839,
          0.6977039716386558,
          0.29672076399381214
        ],
        [
          0.6559904985286809,
          0.32293973958653427,
          0.6821923412322028
        ]
      ],
      "tx": 0.05717029310321936,
      "ty": 0.06476448627755552,
      "tz": 0.0
    },
    {
      "R": [
        [
          -0.5001711419711516,
          -0.8422242797083219,
          -0.20121404376701013
        ],
        [
          -0.4110472946593158,
          0.02640796764876141,
          0.9112314419498044
        ],
        [
          -0.7621475908854739,
          0.5384801592579436,
          -0.359402515006515
        ]
      ],
      "tx": 0.09734309817553119,
      "ty": -0.07849920896951387,
      "tz": 0.0
    }
  ],
  "points_N": 26237
}