{
  "type": "scene",
  "distance_m": 0.4,
  "num_objects": 13,
  "intrinsics": {
    "width": 640,
    "height": 480,
    "fx": 554.2562584220408,
    "fy": 554.2562584220408,
    "cx": -0.09688047679888644,
    "cy": 0.09852455879588706
  },
  "T_wc": [
    [
      0.999999999999,
      0.0,
      0.0,
      0.0
    ],
    [
      -0.0,
      0.9999999999965001,
      0.0,
      0.0
    ],
    [
      0.0,
      0.0,
      -0.9999999999975001,
      0.41501416601240637
    ],
    [
      0.0,
      0.0,
      0.0,
      1.0
    ]
  ],
  "bin_size": {
    "w": 0.25,
    "d": 0.25
  },
  "z_floor": 0.0,
  "piece_aabb": {
    "w": 0.0300283320248127,
    "d": 0.0300283320248127,
    "h": 0.0300283320248127
  },
  "poses": [
    {
      "R": [
        [
          -0.6704433840129453,
          -0.24396939356806635,
          0.7007029355121186
        ],
        [
          0.6776209162450835,
          -0.5860098229840045,
          0.44432238434882987
        ],
        [
          0.3022177405455277,
          0.7727039681328715,
          0.5582051727915736
        ]
      ],
      "tx": -0.09722711409291866,
      "ty": -0.03085455104217423,
      "tz": 0.0
    },
    {
      "R": [
        [
          0.8665946113440696,
          0.29556982391701836,
          0.40206001887663956
        ],
        [
          -0.4949595792968101,
          0.6116064274349039,
          0.617213571450465
        ],
        [
          -0.06347278512674345,
          -0.7338774128626497,
          0.6763099499772851
        ]
      ],
      "tx": 0.09466147809513833,
      "ty": 0.03626372397045427,
      "tz": 0.0
    },
    {
      "R": [
        [
          -0.2815707776136638,
          0.4387784807636754,
          0.853341281090255
        ],
        [
          -0.5724895917614294,
          0.6368770123862388,
          -0.5163751915214465
        ],
        [
          -0.7700477676864395,
          -0.6339251658616336,
          0.07187015770423644
        ]
      ],
      "tx": 0.026024787921769016,
      "ty": 0.09645666100708783,
      "tz": 0.0
    },
    {
      "R": [
        [
          -0.6627282926861553,
          0.7205878237460867,
          -0.20382443018973995
        ],
        [
          0.6182394398027186,
          0.37288599952254997,
          -0.6919075273708832
        ],
        [
          -0.4225768630033053,
          -0.5845589958498179,
          -0.6926179143115909
        ]
      ],
      "tx": 0.08550076535372972,
      "ty": 0.09658208674993976,
      "tz": 0.0
    },
    {
      "R": [
        [
          0.3228092423341674,
          -0.7790115302225942,
          0.537526956388136
        ],
        [
          0.9151697547130759,
          0.4017457259145981,
          0.03262961488833563
        ],
        [
          -0.2413680035175525,
          0.48139527156963735,
          0.8426150244259509
        ]
      ],
      "tx": -0.06395283974758924,
      "ty": 0.04500094265263724,
      "tz": 0.0
    },
    {
      "R": [
        [
          -0.18517753666563808,
          0.2542365319450056,
          0.949248684876109
        ],
        [
          0.5299480794279073,
          0.8392946532275164,
          -0.12140641735252466
        ],
        [
          -0.8275652923033436,
          0.48057077614881993,
          -0.29015067824597995
        ]
      ],
      "tx": -0.03772364311286395,
      "ty": -0.01448388873321034,
      "tz": 0.0
    },
    {
      "R": [
        [
          -0.1848312616509895,
          0.09144232292572779,
          -0.9785068759566538
        ],
        [
          0.9161785592908329,
          0.37630114838818685,
          -0.13789232472297203
        ],
        [
          0.3556040666419285,
          -0.9219738322206756,
          -0.153329711693605
        ]
      ],
      "tx": -0.044952525487963094,
      "ty": -0.09030820692506518,
      "tz": 0.0
    },
    {
      "R": [
        [
          -0.37733014671926535,
          -0.9200090960022277,
          0.10585472899205478
        ],
        [
          0.6831315989361385,
          -0.3536921914453215,
          -0.6389311795847505
        ],
        [
          0.6252624880094539,
          -0.16877528546493323,
          0.7619460112793148
        ]
      ],
      "tx": 0.014127912589992977,
      "ty": 0.0156936900831178,
      "tz": 0.0
    },
    {
      "R": [
        [
          0.1478755396534286,
          -0.5706296446866848,
          0.8077837788523333
        ],
        [
          -0.9889949696958971,
          -0.08917288775787169,
          0.11805569027003227
        ],
        [
          0.00466633565219865,
          -0.8163516427947396,
          -0.5775363370541382
        ]
      ],
      "tx": 0.03760833442858924,
      "ty": -0.08643066483489305,
      "tz": 0.0
    },
    {
      "R": [
        [
          0.6170325383922396,
          0.21352130811652814,
          -0.7574163303926289
        ],
        [
          0.039294693586852766,
          -0.9696450972850421,
          -0.2413385844969607
        ],
        [
          -0.7859559616296226,
          0.11915131678369287,
          -0.6066928300940826
        ]
      ],
      "tx": 0.09325487771491711,
      "ty": -0.025677970903758562,
      "tz": 0.0
    },
    {
      "R": [
        [
          0.5489386766712356,
          -0.3025643628607159,
          0.779179783863212
        ],
        [
          0.2888665724969211,
          0.9434203058654811,
          0.16283190650042464
        ],
        [
          -0.7843611620601276,
          0.13569426224926032,
          0.6052806247058593
        ]
      ],
      "tx": 0.09726300652365696,
      "ty": -0.08553863512181563,
      "tz": 0.0
    },
    {
      "R": [
        [
          0.8445781928148093,
          0.39717742340671947,
          -0.3590790589238954
        ],
        [
          -0.19200014224589057,
          0.850689274129124,
          0.48935028789122204
        ],
        [
          0.4998235904789095,
          -0.34435135140966655,
          0.7947317315818638
        ]
      ],
      "tx": -0.0367390788754258,
      "ty": 0.09682600165567912,
      "tz": 0.0
    },
    {
      "R": [
        [
          0.5111790681306679,
          -0.8314799290804725,
          0.21757088004003267
        ],
        [
          -0.17473315500206132,
          0.14731852510581755,
          0.9735325247282045
        ],
        [
          -0.8415249757720134,
          -0.5356662950914299,
          -0.06998096494714501
        ]
      ],
      "tx": -0.09688047679888644,
      "ty": 0.09852455879588706,
      "tz": 0.0
    }
  ],
  "points_N": 36842
}